disp_order,item_id,start_date,end_date,id,item_num,item_text,mission_text
1,98,2021-02-24 00:00:00,2021-09-30 04:59:59,100000,100,好友积分,【日常任务①】\n在养成的赛事中赢得胜利
2,110,2021-02-24 00:00:00,2021-09-30 04:59:59,100001,300,协助积分,【日常任务②】\n参与日常赛事
4,59,2021-02-24 00:00:00,2021-09-30 04:59:59,100002,1000,金币,【日常任务④】\n参与团队竞技场
7,43,2021-02-24 00:00:00,2021-09-30 04:59:59,100005,10,宝石,【日常任务⑤】\n完成1次养成
8,43,2021-02-24 00:00:00,2021-09-30 04:59:59,100006,20,宝石,完成\n日常任务①-⑤
3,110,2021-02-24 00:00:00,2021-09-30 04:59:59,100007,500,协助积分,【日常任务③】参与3次日常赛事
1,98,2021-09-30 05:00:00,2025-09-22 04:59:59,100010,100,好友积分,【日常任务①】\n在养成的赛事中赢得胜利
2,110,2021-09-30 05:00:00,2025-09-22 04:59:59,100011,500,协助积分,【日常任务②】\n参与日常赛事
4,59,2021-09-30 05:00:00,2025-09-22 04:59:59,100012,2400,金币,【日常任务④】\n参与团队竞技场
7,43,2021-09-30 05:00:00,2025-09-22 04:59:59,100015,20,宝石,【日常任务⑤】\n完成1次养成
8,43,2021-09-30 05:00:00,2025-09-22 04:59:59,100016,30,宝石,完成\n日常任务①-⑤
3,110,2021-09-30 05:00:00,2025-09-22 04:59:59,100017,700,协助积分,【日常任务③】参与3次日常赛事
20,43,2017-07-01 01:00:00,2050-01-01 04:59:59,301000,30,宝石,完成1次养成
20,43,2017-07-01 01:00:00,2050-01-01 04:59:59,301001,30,宝石,完成2次养成
20,43,2017-07-01 01:00:00,2050-01-01 04:59:59,301002,30,宝石,完成3次养成
20,43,2017-07-01 01:00:00,2050-01-01 04:59:59,301003,30,宝石,完成4次养成
20,43,2017-07-01 01:00:00,2050-01-01 04:59:59,301004,30,宝石,完成5次养成
20,43,2017-07-01 01:00:00,2050-01-01 04:59:59,301005,30,宝石,完成10次养成
20,43,2017-07-01 01:00:00,2050-01-01 04:59:59,301006,30,宝石,完成15次养成
20,43,2017-07-01 01:00:00,2050-01-01 04:59:59,301007,30,宝石,完成20次养成
20,43,2017-07-01 01:00:00,2050-01-01 04:59:59,301008,30,宝石,完成25次养成
20,43,2017-07-01 01:00:00,2050-01-01 04:59:59,301009,30,宝石,完成30次养成
20,43,2017-07-01 01:00:00,2050-01-01 04:59:59,301010,30,宝石,完成35次养成
20,43,2017-07-01 01:00:00,2050-01-01 04:59:59,301011,30,宝石,完成40次养成
20,43,2017-07-01 01:00:00,2050-01-01 04:59:59,301012,30,宝石,完成45次养成
20,43,2017-07-01 01:00:00,2050-01-01 04:59:59,301013,50,宝石,完成50次养成
20,43,2017-07-01 01:00:00,2050-01-01 04:59:59,301014,50,宝石,完成60次养成
20,43,2017-07-01 01:00:00,2050-01-01 04:59:59,301015,50,宝石,完成70次养成
20,43,2017-07-01 01:00:00,2050-01-01 04:59:59,301016,50,宝石,完成80次养成
20,43,2017-07-01 01:00:00,2050-01-01 04:59:59,301017,50,宝石,完成90次养成
20,43,2017-07-01 01:00:00,2050-01-01 04:59:59,301018,100,宝石,完成100次养成
20,43,2017-07-01 01:00:00,2050-01-01 04:59:59,301019,100,宝石,完成150次养成
20,43,2017-07-01 01:00:00,2050-01-01 04:59:59,301020,100,宝石,完成200次养成
20,43,2017-07-01 01:00:00,2050-01-01 04:59:59,301021,100,宝石,完成250次养成
20,43,2017-07-01 01:00:00,2050-01-01 04:59:59,301022,100,宝石,完成300次养成
20,43,2017-07-01 01:00:00,2050-01-01 04:59:59,301023,100,宝石,完成350次养成
20,43,2017-07-01 01:00:00,2050-01-01 04:59:59,301024,100,宝石,完成400次养成
20,43,2017-07-01 01:00:00,2050-01-01 04:59:59,301025,100,宝石,完成450次养成
20,43,2017-07-01 01:00:00,2050-01-01 04:59:59,301026,100,宝石,完成500次养成
20,43,2017-07-01 01:00:00,2050-01-01 04:59:59,301027,100,宝石,完成550次养成
20,43,2017-07-01 01:00:00,2050-01-01 04:59:59,301028,100,宝石,完成600次养成
20,43,2017-07-01 01:00:00,2050-01-01 04:59:59,301029,100,宝石,完成650次养成
20,43,2017-07-01 01:00:00,2050-01-01 04:59:59,301030,100,宝石,完成700次养成
20,43,2017-07-01 01:00:00,2050-01-01 04:59:59,301031,100,宝石,完成750次养成
20,43,2017-07-01 01:00:00,2050-01-01 04:59:59,301032,100,宝石,完成800次养成
20,43,2017-07-01 01:00:00,2050-01-01 04:59:59,301033,100,宝石,完成850次养成
20,43,2017-07-01 01:00:00,2050-01-01 04:59:59,301034,100,宝石,完成900次养成
20,43,2017-07-01 01:00:00,2050-01-01 04:59:59,301035,100,宝石,完成950次养成
20,43,2017-07-01 01:00:00,2050-01-01 04:59:59,301036,500,宝石,完成1000次养成
20,43,2017-07-01 01:00:00,2050-01-01 04:59:59,301037,100,宝石,完成1050次养成
20,43,2017-07-01 01:00:00,2050-01-01 04:59:59,301038,100,宝石,完成1100次养成
20,43,2017-07-01 01:00:00,2050-01-01 04:59:59,301039,100,宝石,完成1150次养成
20,43,2017-07-01 01:00:00,2050-01-01 04:59:59,301040,100,宝石,完成1200次养成
20,43,2017-07-01 01:00:00,2050-01-01 04:59:59,301041,100,宝石,完成1250次养成
20,43,2017-07-01 01:00:00,2050-01-01 04:59:59,301042,100,宝石,完成1300次养成
20,43,2017-07-01 01:00:00,2050-01-01 04:59:59,301043,100,宝石,完成1350次养成
20,43,2017-07-01 01:00:00,2050-01-01 04:59:59,301044,100,宝石,完成1400次养成
20,43,2017-07-01 01:00:00,2050-01-01 04:59:59,301045,100,宝石,完成1450次养成
20,43,2017-07-01 01:00:00,2050-01-01 04:59:59,301046,100,宝石,完成1500次养成
20,43,2017-07-01 01:00:00,2050-01-01 04:59:59,301047,100,宝石,完成1550次养成
20,43,2017-07-01 01:00:00,2050-01-01 04:59:59,301048,100,宝石,完成1600次养成
20,43,2017-07-01 01:00:00,2050-01-01 04:59:59,301049,100,宝石,完成1650次养成
20,43,2017-07-01 01:00:00,2050-01-01 04:59:59,301050,100,宝石,完成1700次养成
20,43,2017-07-01 01:00:00,2050-01-01 04:59:59,301051,100,宝石,完成1750次养成
20,43,2017-07-01 01:00:00,2050-01-01 04:59:59,301052,100,宝石,完成1800次养成
20,43,2017-07-01 01:00:00,2050-01-01 04:59:59,301053,100,宝石,完成1850次养成
20,43,2017-07-01 01:00:00,2050-01-01 04:59:59,301054,100,宝石,完成1900次养成
20,43,2017-07-01 01:00:00,2050-01-01 04:59:59,301055,100,宝石,完成1950次养成
20,43,2017-07-01 01:00:00,2050-01-01 04:59:59,301056,500,宝石,完成2000次养成
30,59,2017-07-01 01:00:00,2050-01-01 04:59:59,301100,1000,金币,在养成中获得\n1次一级赛事的胜利
30,59,2017-07-01 01:00:00,2050-01-01 04:59:59,301101,2000,金币,在养成中获得\n5次一级赛事的胜利
30,59,2017-07-01 01:00:00,2050-01-01 04:59:59,301102,3000,金币,在养成中获得\n10次一级赛事的胜利
30,59,2017-07-01 01:00:00,2050-01-01 04:59:59,301103,3000,金币,在养成中获得\n20次一级赛事的胜利
30,59,2017-07-01 01:00:00,2050-01-01 04:59:59,301104,3000,金币,在养成中获得\n30次一级赛事的胜利
30,59,2017-07-01 01:00:00,2050-01-01 04:59:59,301105,4000,金币,在养成中获得\n40次一级赛事的胜利
30,59,2017-07-01 01:00:00,2050-01-01 04:59:59,301106,4000,金币,在养成中获得\n50次一级赛事的胜利
30,59,2017-07-01 01:00:00,2050-01-01 04:59:59,301107,5000,金币,在养成中获得\n60次一级赛事的胜利
30,59,2017-07-01 01:00:00,2050-01-01 04:59:59,301108,5000,金币,在养成中获得\n70次一级赛事的胜利
30,59,2017-07-01 01:00:00,2050-01-01 04:59:59,301109,5000,金币,在养成中获得\n80次一级赛事的胜利
30,59,2017-07-01 01:00:00,2050-01-01 04:59:59,301110,5000,金币,在养成中获得\n90次一级赛事的胜利
30,59,2017-07-01 01:00:00,2050-01-01 04:59:59,301111,10000,金币,在养成中获得\n100次一级赛事的胜利
40,59,2017-07-01 01:00:00,2050-01-01 04:59:59,301200,1000,金币,在养成中获得\n1次二级赛事的胜利
40,59,2017-07-01 01:00:00,2050-01-01 04:59:59,301201,2000,金币,在养成中获得\n5次二级赛事的胜利
40,59,2017-07-01 01:00:00,2050-01-01 04:59:59,301202,3000,金币,在养成中获得\n10次二级赛事的胜利
40,59,2017-07-01 01:00:00,2050-01-01 04:59:59,301203,3000,金币,在养成中获得\n20次二级赛事的胜利
40,59,2017-07-01 01:00:00,2050-01-01 04:59:59,301204,3000,金币,在养成中获得\n30次二级赛事的胜利
40,59,2017-07-01 01:00:00,2050-01-01 04:59:59,301205,4000,金币,在养成中获得\n40次二级赛事的胜利
40,59,2017-07-01 01:00:00,2050-01-01 04:59:59,301206,4000,金币,在养成中获得\n50次二级赛事的胜利
40,59,2017-07-01 01:00:00,2050-01-01 04:59:59,301207,5000,金币,在养成中获得\n60次二级赛事的胜利
40,59,2017-07-01 01:00:00,2050-01-01 04:59:59,301208,5000,金币,在养成中获得\n70次二级赛事的胜利
40,59,2017-07-01 01:00:00,2050-01-01 04:59:59,301209,5000,金币,在养成中获得\n80次二级赛事的胜利
40,59,2017-07-01 01:00:00,2050-01-01 04:59:59,301210,5000,金币,在养成中获得\n90次二级赛事的胜利
40,59,2017-07-01 01:00:00,2050-01-01 04:59:59,301211,10000,金币,在养成中获得\n100次二级赛事的胜利
50,32,2017-07-01 01:00:00,2050-01-01 04:59:59,301300,2,能量饮料30,在养成中获得\n1次三级赛事的胜利
50,32,2017-07-01 01:00:00,2050-01-01 04:59:59,301301,2,能量饮料30,在养成中获得\n5次三级赛事的胜利
50,32,2017-07-01 01:00:00,2050-01-01 04:59:59,301302,2,能量饮料30,在养成中获得\n10次三级赛事的胜利
50,32,2017-07-01 01:00:00,2050-01-01 04:59:59,301303,2,能量饮料30,在养成中获得\n20次三级赛事的胜利
50,32,2017-07-01 01:00:00,2050-01-01 04:59:59,301304,2,能量饮料30,在养成中获得\n30次三级赛事的胜利
50,32,2017-07-01 01:00:00,2050-01-01 04:59:59,301305,2,能量饮料30,在养成中获得\n40次三级赛事的胜利
50,32,2017-07-01 01:00:00,2050-01-01 04:59:59,301306,2,能量饮料30,在养成中获得\n50次三级赛事的胜利
50,32,2017-07-01 01:00:00,2050-01-01 04:59:59,301307,2,能量饮料30,在养成中获得\n60次三级赛事的胜利
50,32,2017-07-01 01:00:00,2050-01-01 04:59:59,301308,2,能量饮料30,在养成中获得\n70次三级赛事的胜利
50,32,2017-07-01 01:00:00,2050-01-01 04:59:59,301309,2,能量饮料30,在养成中获得\n80次三级赛事的胜利
50,32,2017-07-01 01:00:00,2050-01-01 04:59:59,301310,2,能量饮料30,在养成中获得\n90次三级赛事的胜利
50,32,2017-07-01 01:00:00,2050-01-01 04:59:59,301311,2,能量饮料30,在养成中获得\n100次三级赛事的胜利
60,43,2017-07-01 01:00:00,2050-01-01 04:59:59,301400,30,宝石,在养成中获得\n3种[一级赛事]奖杯
60,43,2017-07-01 01:00:00,2050-01-01 04:59:59,301401,50,宝石,在养成中获得\n5种[一级赛事]奖杯
60,43,2017-07-01 01:00:00,2050-01-01 04:59:59,301402,100,宝石,在养成中获得\n10种[一级赛事]奖杯
60,43,2017-07-01 01:00:00,2050-01-01 04:59:59,301403,150,宝石,在养成中获得\n15种[一级赛事]奖杯
60,43,2017-07-01 01:00:00,2050-01-01 04:59:59,301404,300,宝石,在养成中获得\n20种[一级赛事]奖杯
70,43,2017-07-01 01:00:00,2050-01-01 04:59:59,301500,30,宝石,在养成中获得\n10种奖杯
70,43,2017-07-01 01:00:00,2050-01-01 04:59:59,301501,30,宝石,在养成中获得\n15种奖杯
70,43,2017-07-01 01:00:00,2050-01-01 04:59:59,301502,50,宝石,在养成中获得\n20种奖杯
70,43,2017-07-01 01:00:00,2050-01-01 04:59:59,301503,50,宝石,在养成中获得\n25种奖杯
70,43,2017-07-01 01:00:00,2050-01-01 04:59:59,301504,50,宝石,在养成中获得\n30种奖杯
70,43,2017-07-01 01:00:00,2050-01-01 04:59:59,301505,50,宝石,在养成中获得\n35种奖杯
70,43,2017-07-01 01:00:00,2050-01-01 04:59:59,301506,50,宝石,在养成中获得\n40种奖杯
70,43,2017-07-01 01:00:00,2050-01-01 04:59:59,301507,50,宝石,在养成中获得\n45种奖杯
70,43,2017-07-01 01:00:00,2050-01-01 04:59:59,301508,100,宝石,在养成中获得\n50种奖杯
70,43,2017-07-01 01:00:00,2050-01-01 04:59:59,301509,100,宝石,在养成中获得\n55种奖杯
70,43,2017-07-01 01:00:00,2050-01-01 04:59:59,301510,100,宝石,在养成中获得\n60种奖杯
70,43,2017-07-01 01:00:00,2050-01-01 04:59:59,301511,100,宝石,在养成中获得\n65种奖杯
70,43,2017-07-01 01:00:00,2050-01-01 04:59:59,301512,100,宝石,在养成中获得\n70种奖杯
70,43,2017-07-01 01:00:00,2050-01-01 04:59:59,301513,100,宝石,在养成中获得\n75种奖杯
70,43,2017-07-01 01:00:00,2050-01-01 04:59:59,301514,150,宝石,在养成中获得\n80种奖杯
70,43,2017-07-01 01:00:00,2050-01-01 04:59:59,301515,150,宝石,在养成中获得\n85种奖杯
70,43,2017-07-01 01:00:00,2050-01-01 04:59:59,301516,150,宝石,在养成中获得\n90种奖杯
70,43,2017-07-01 01:00:00,2050-01-01 04:59:59,301517,150,宝石,在养成中获得\n95种奖杯
70,43,2017-07-01 01:00:00,2050-01-01 04:59:59,301518,300,宝石,在养成中获得\n100种奖杯
140,110,2017-07-01 01:00:00,2050-01-01 04:59:59,302700,1000,协助积分,完成1次抓娃娃
140,110,2017-07-01 01:00:00,2050-01-01 04:59:59,302701,2000,协助积分,完成5次抓娃娃
140,110,2017-07-01 01:00:00,2050-01-01 04:59:59,302702,3000,协助积分,完成10次抓娃娃
140,110,2017-07-01 01:00:00,2050-01-01 04:59:59,302703,5000,协助积分,完成30次抓娃娃
151,43,2017-07-01 01:00:00,2050-01-01 04:59:59,303000,30,宝石,以至少5胜的战绩\n完成养成
152,43,2017-07-01 01:00:00,2050-01-01 04:59:59,303001,30,宝石,以至少10胜的战绩\n完成养成
153,43,2017-07-01 01:00:00,2050-01-01 04:59:59,303002,30,宝石,以至少15胜的战绩\n完成养成
154,43,2017-07-01 01:00:00,2050-01-01 04:59:59,303003,30,宝石,以至少20胜的战绩\n完成养成
155,43,2017-07-01 01:00:00,2050-01-01 04:59:59,303004,50,宝石,以至少21胜的战绩\n完成养成
156,43,2017-07-01 01:00:00,2050-01-01 04:59:59,303005,50,宝石,以至少22胜的战绩\n完成养成
157,43,2017-07-01 01:00:00,2050-01-01 04:59:59,303006,50,宝石,以至少23胜的战绩\n完成养成
158,43,2017-07-01 01:00:00,2050-01-01 04:59:59,303007,50,宝石,以至少24胜的战绩\n完成养成
159,43,2017-07-01 01:00:00,2050-01-01 04:59:59,303008,50,宝石,以至少25胜的战绩\n完成养成
160,43,2017-07-01 01:00:00,2050-01-01 04:59:59,303009,50,宝石,以至少26胜的战绩\n完成养成
161,43,2017-07-01 01:00:00,2050-01-01 04:59:59,303010,50,宝石,以至少27胜的战绩\n完成养成
162,43,2017-07-01 01:00:00,2050-01-01 04:59:59,303011,50,宝石,以至少28胜的战绩\n完成养成
163,43,2017-07-01 01:00:00,2050-01-01 04:59:59,303012,50,宝石,以至少29胜的战绩\n完成养成
164,43,2017-07-01 01:00:00,2050-01-01 04:59:59,303013,50,宝石,以至少30胜的战绩\n完成养成
171,43,2017-07-01 01:00:00,2050-01-01 04:59:59,303100,30,宝石,以至少为[F]的养成等级\n完成养成
172,43,2017-07-01 01:00:00,2050-01-01 04:59:59,303101,30,宝石,以至少为[F+]的养成等级\n完成养成
173,43,2017-07-01 01:00:00,2050-01-01 04:59:59,303102,30,宝石,以至少为[E]的养成等级\n完成养成
174,43,2017-07-01 01:00:00,2050-01-01 04:59:59,303103,30,宝石,以至少为[E+]的养成等级\n完成养成
175,43,2017-07-01 01:00:00,2050-01-01 04:59:59,303104,30,宝石,以至少为[D]的养成等级\n完成养成
176,43,2017-07-01 01:00:00,2050-01-01 04:59:59,303105,30,宝石,以至少为[D+]的养成等级\n完成养成
177,43,2017-07-01 01:00:00,2050-01-01 04:59:59,303106,50,宝石,以至少为[C]的养成等级\n完成养成
178,43,2017-07-01 01:00:00,2050-01-01 04:59:59,303107,50,宝石,以至少为[C+]的养成等级\n完成养成
179,43,2017-07-01 01:00:00,2050-01-01 04:59:59,303108,100,宝石,以至少为[B]的养成等级\n完成养成
180,43,2017-07-01 01:00:00,2050-01-01 04:59:59,303109,100,宝石,以至少为[B+]的养成等级\n完成养成
181,43,2017-07-01 01:00:00,2050-01-01 04:59:59,303110,150,宝石,以至少为[A]的养成等级\n完成养成
182,43,2017-07-01 01:00:00,2050-01-01 04:59:59,303111,150,宝石,以至少为[A+]的养成等级\n完成养成
183,43,2017-07-01 01:00:00,2050-01-01 04:59:59,303112,300,宝石,以至少为[S]的养成等级\n完成养成
184,43,2017-07-01 01:00:00,2050-01-01 04:59:59,303113,300,宝石,以至少为[S+]的养成等级\n完成养成
185,43,2017-07-01 01:00:00,2050-01-01 04:59:59,303114,300,宝石,以至少为[SS]的养成等级\n完成养成
210,43,2017-07-01 01:00:00,2050-01-01 04:59:59,303200,150,宝石,称霸经典三冠\n并完成养成
220,43,2017-07-01 01:00:00,2050-01-01 04:59:59,303201,150,宝石,称霸秋季高级三冠\n并完成养成
230,43,2017-07-01 01:00:00,2050-01-01 04:59:59,303202,150,宝石,称霸三后冠\n并完成养成
240,43,2017-07-01 01:00:00,2050-01-01 04:59:59,303203,150,宝石,称霸春季高级三冠\n并完成养成
250,43,2017-07-01 01:00:00,2050-01-01 04:59:59,303204,150,宝石,达成天王奖春秋连霸\n并完成养成
260,43,2017-07-01 01:00:00,2050-01-01 04:59:59,303205,150,宝石,称霸春秋大奖赛\n并完成养成
270,43,2017-07-01 01:00:00,2050-01-01 04:59:59,303206,150,宝石,称霸春秋英里赛\n并完成养成
280,43,2017-07-01 01:00:00,2050-01-01 04:59:59,303207,150,宝石,称霸春秋短距离赛\n并完成养成
290,43,2017-07-01 01:00:00,2050-01-01 04:59:59,303208,150,宝石,称霸春秋泥地赛\n并完成养成
300,59,2017-07-01 01:00:00,2050-01-01 04:59:59,303300,10000,金币,在养成中获得二月锦标赛的\n胜利
310,59,2017-07-01 01:00:00,2050-01-01 04:59:59,303301,10000,金币,在养成中获得中京短途赛的\n胜利
320,59,2017-07-01 01:00:00,2050-01-01 04:59:59,303302,10000,金币,在养成中获得大阪杯的\n胜利
330,59,2017-07-01 01:00:00,2050-01-01 04:59:59,303303,10000,金币,在养成中获得樱花奖的\n胜利
340,59,2017-07-01 01:00:00,2050-01-01 04:59:59,303304,10000,金币,在养成中获得皋月奖的\n胜利
350,59,2017-07-01 01:00:00,2050-01-01 04:59:59,303305,10000,金币,在养成中获得天王奖（春）的\n胜利
360,59,2017-07-01 01:00:00,2050-01-01 04:59:59,303306,10000,金币,在养成中获得广播协会英里杯的\n胜利
370,59,2017-07-01 01:00:00,2050-01-01 04:59:59,303307,10000,金币,在养成中获得维多利亚英里赛的\n胜利
380,59,2017-07-01 01:00:00,2050-01-01 04:59:59,303308,10000,金币,在养成中获得奥克斯的\n胜利
390,59,2017-07-01 01:00:00,2050-01-01 04:59:59,303309,10000,金币,在养成中获得全国德比的\n胜利
400,59,2017-07-01 01:00:00,2050-01-01 04:59:59,303310,10000,金币,在养成中获得东京英里赛的\n胜利
410,59,2017-07-01 01:00:00,2050-01-01 04:59:59,303311,10000,金币,在养成中获得宝冢纪念的\n胜利
420,59,2017-07-01 01:00:00,2050-01-01 04:59:59,303312,10000,金币,在养成中获得短途者锦标赛的\n胜利
430,59,2017-07-01 01:00:00,2050-01-01 04:59:59,303313,10000,金币,在养成中获得秋华奖的\n胜利
440,59,2017-07-01 01:00:00,2050-01-01 04:59:59,303314,10000,金币,在养成中获得菊花奖的\n胜利
450,59,2017-07-01 01:00:00,2050-01-01 04:59:59,303315,10000,金币,在养成中获得天王奖（秋）的\n胜利
460,59,2017-07-01 01:00:00,2050-01-01 04:59:59,303316,10000,金币,在养成中获得伊丽莎白女王杯的\n胜利
470,59,2017-07-01 01:00:00,2050-01-01 04:59:59,303317,10000,金币,在养成中获得英里冠军赛的\n胜利
480,59,2017-07-01 01:00:00,2050-01-01 04:59:59,303318,10000,金币,在养成中获得全国杯的\n胜利
490,59,2017-07-01 01:00:00,2050-01-01 04:59:59,303319,10000,金币,在养成中获得全国冠军杯的\n胜利
500,59,2017-07-01 01:00:00,2050-01-01 04:59:59,303320,10000,金币,在养成中获得阪神初级少女杯赛的\n胜利
510,59,2017-07-01 01:00:00,2050-01-01 04:59:59,303321,10000,金币,在养成中获得朝日杯未来锦标赛的\n胜利
520,59,2017-07-01 01:00:00,2050-01-01 04:59:59,303322,10000,金币,在养成中获得中山大奖赛的\n胜利
530,59,2017-07-01 01:00:00,2050-01-01 04:59:59,303323,10000,金币,在养成中获得希望锦标赛的\n胜利
540,59,2017-07-01 01:00:00,2050-01-01 04:59:59,303325,10000,金币,在养成中获得帝王奖的\n胜利
550,59,2017-07-01 01:00:00,2050-01-01 04:59:59,303326,10000,金币,在养成中获得全国泥地德比的\n胜利
560,59,2017-07-01 01:00:00,2050-01-01 04:59:59,303327,10000,金币,在养成中获得全国育成杯女士经典赛\n的胜利
570,59,2017-07-01 01:00:00,2050-01-01 04:59:59,303328,10000,金币,在养成中获得全国育成杯短途赛的\n胜利
580,59,2017-07-01 01:00:00,2050-01-01 04:59:59,303329,10000,金币,在养成中获得全国育成杯经典赛的\n胜利
590,59,2017-07-01 01:00:00,2050-01-01 04:59:59,303330,10000,金币,在养成中获得东京大奖赛的\n胜利
821,43,2017-07-01 01:00:00,2050-01-01 04:59:59,304000,50,宝石,观看1名养成优俊少女的\n好结局
821,43,2017-07-01 01:00:00,2050-01-01 04:59:59,304001,50,宝石,观看2名养成优俊少女的\n好结局
821,43,2017-07-01 01:00:00,2050-01-01 04:59:59,304002,50,宝石,观看3名养成优俊少女的\n好结局
821,43,2017-07-01 01:00:00,2050-01-01 04:59:59,304003,50,宝石,观看4名养成优俊少女的\n好结局
821,43,2017-07-01 01:00:00,2050-01-01 04:59:59,304004,50,宝石,观看5名养成优俊少女的\n好结局
821,43,2017-07-01 01:00:00,2050-01-01 04:59:59,304005,50,宝石,观看6名养成优俊少女的\n好结局
821,43,2017-07-01 01:00:00,2050-01-01 04:59:59,304006,50,宝石,观看7名养成优俊少女的\n好结局
821,43,2017-07-01 01:00:00,2050-01-01 04:59:59,304007,50,宝石,观看8名养成优俊少女的\n好结局
821,43,2017-07-01 01:00:00,2050-01-01 04:59:59,304008,50,宝石,观看9名养成优俊少女的\n好结局
821,43,2017-07-01 01:00:00,2050-01-01 04:59:59,304009,50,宝石,观看10名养成优俊少女的\n好结局
821,43,2017-07-01 01:00:00,2050-01-01 04:59:59,304010,50,宝石,观看11名养成优俊少女的\n好结局
821,43,2017-07-01 01:00:00,2050-01-01 04:59:59,304011,50,宝石,观看12名养成优俊少女的\n好结局
821,43,2017-07-01 01:00:00,2050-01-01 04:59:59,304012,50,宝石,观看13名养成优俊少女的\n好结局
821,43,2017-07-01 01:00:00,2050-01-01 04:59:59,304013,50,宝石,观看14名养成优俊少女的\n好结局
821,43,2017-07-01 01:00:00,2050-01-01 04:59:59,304014,50,宝石,观看15名养成优俊少女的\n好结局
821,43,2017-07-01 01:00:00,2050-01-01 04:59:59,304015,50,宝石,观看16名养成优俊少女的\n好结局
821,43,2017-07-01 01:00:00,2050-01-01 04:59:59,304016,50,宝石,观看17名养成优俊少女的\n好结局
821,43,2017-07-01 01:00:00,2050-01-01 04:59:59,304017,50,宝石,观看18名养成优俊少女的\n好结局
821,43,2017-07-01 01:00:00,2050-01-01 04:59:59,304018,50,宝石,观看19名养成优俊少女的\n好结局
821,43,2017-07-01 01:00:00,2050-01-01 04:59:59,304019,50,宝石,观看20名养成优俊少女的\n好结局
821,43,2017-07-01 01:00:00,2050-01-01 04:59:59,304020,50,宝石,观看21名养成优俊少女的\n好结局
821,43,2017-07-01 01:00:00,2050-01-01 04:59:59,304021,50,宝石,观看22名养成优俊少女的\n好结局
821,43,2017-07-01 01:00:00,2050-01-01 04:59:59,304022,50,宝石,观看23名养成优俊少女的\n好结局
821,43,2017-07-01 01:00:00,2050-01-01 04:59:59,304023,50,宝石,观看24名养成优俊少女的\n好结局
821,43,2017-07-01 01:00:00,2050-01-01 04:59:59,304024,50,宝石,观看25名养成优俊少女的\n好结局
821,43,2017-07-01 01:00:00,2050-01-01 04:59:59,304025,50,宝石,观看26名养成优俊少女的\n好结局
821,43,2017-07-01 01:00:00,2050-01-01 04:59:59,304026,50,宝石,观看27名养成优俊少女的\n好结局
821,43,2017-07-01 01:00:00,2050-01-01 04:59:59,304027,50,宝石,观看28名养成优俊少女的\n好结局
821,43,2017-07-01 01:00:00,2050-01-01 04:59:59,304028,50,宝石,观看29名养成优俊少女的\n好结局
821,43,2017-07-01 01:00:00,2050-01-01 04:59:59,304029,50,宝石,观看30名养成优俊少女的\n好结局
821,43,2017-07-01 01:00:00,2050-01-01 04:59:59,304030,50,宝石,观看31名养成优俊少女的\n好结局
821,43,2017-07-01 01:00:00,2050-01-01 04:59:59,304031,50,宝石,观看32名养成优俊少女的\n好结局
821,43,2017-07-01 01:00:00,2050-01-01 04:59:59,304032,50,宝石,观看33名养成优俊少女的\n好结局
821,43,2017-07-01 01:00:00,2050-01-01 04:59:59,304033,50,宝石,观看34名养成优俊少女的\n好结局
821,43,2017-07-01 01:00:00,2050-01-01 04:59:59,304034,50,宝石,观看35名养成优俊少女的\n好结局
821,43,2017-07-01 01:00:00,2050-01-01 04:59:59,304035,50,宝石,观看36名养成优俊少女的\n好结局
821,43,2017-07-01 01:00:00,2050-01-01 04:59:59,304036,50,宝石,观看37名养成优俊少女的\n好结局
821,43,2017-07-01 01:00:00,2050-01-01 04:59:59,304037,50,宝石,观看38名养成优俊少女的\n好结局
821,43,2017-07-01 01:00:00,2050-01-01 04:59:59,304038,50,宝石,观看39名养成优俊少女的\n好结局
821,43,2017-07-01 01:00:00,2050-01-01 04:59:59,304039,50,宝石,观看40名养成优俊少女的\n好结局
821,43,2017-07-01 01:00:00,2050-01-01 04:59:59,304040,50,宝石,观看41名养成优俊少女的\n好结局
821,43,2017-07-01 01:00:00,2050-01-01 04:59:59,304041,50,宝石,观看42名养成优俊少女的\n好结局
821,43,2017-07-01 01:00:00,2050-01-01 04:59:59,304042,50,宝石,观看43名养成优俊少女的\n好结局
821,43,2017-07-01 01:00:00,2050-01-01 04:59:59,304043,50,宝石,观看44名养成优俊少女的\n好结局
821,43,2017-07-01 01:00:00,2050-01-01 04:59:59,304044,50,宝石,观看45名养成优俊少女的\n好结局
821,43,2017-07-01 01:00:00,2050-01-01 04:59:59,304045,50,宝石,观看46名养成优俊少女的\n好结局
821,43,2017-07-01 01:00:00,2050-01-01 04:59:59,304046,50,宝石,观看47名养成优俊少女的\n好结局
821,43,2017-07-01 01:00:00,2050-01-01 04:59:59,304047,50,宝石,观看48名养成优俊少女的\n好结局
821,43,2017-07-01 01:00:00,2050-01-01 04:59:59,304048,50,宝石,观看49名养成优俊少女的\n好结局
821,43,2017-07-01 01:00:00,2050-01-01 04:59:59,304049,50,宝石,观看50名养成优俊少女的\n好结局
821,43,2022-02-24 12:00:00,2050-01-01 04:59:59,304050,50,宝石,观看51名养成优俊少女的\n好结局
821,43,2022-02-24 12:00:00,2050-01-01 04:59:59,304051,50,宝石,观看52名养成优俊少女的\n好结局
821,43,2022-02-24 12:00:00,2050-01-01 04:59:59,304052,50,宝石,观看53名养成优俊少女的\n好结局
821,43,2022-02-24 12:00:00,2050-01-01 04:59:59,304053,50,宝石,观看54名养成优俊少女的\n好结局
821,43,2022-02-24 12:00:00,2050-01-01 04:59:59,304054,50,宝石,观看55名养成优俊少女的\n好结局
821,43,2022-02-24 12:00:00,2050-01-01 04:59:59,304055,50,宝石,观看56名养成优俊少女的\n好结局
821,43,2022-02-24 12:00:00,2050-01-01 04:59:59,304056,50,宝石,观看57名养成优俊少女的\n好结局
821,43,2022-02-24 12:00:00,2050-01-01 04:59:59,304057,50,宝石,观看58名养成优俊少女的\n好结局
821,43,2022-02-24 12:00:00,2050-01-01 04:59:59,304058,50,宝石,观看59名养成优俊少女的\n好结局
821,43,2022-02-24 12:00:00,2050-01-01 04:59:59,304059,50,宝石,观看60名养成优俊少女的\n好结局
821,43,2022-02-24 12:00:00,2050-01-01 04:59:59,304060,50,宝石,观看61名养成优俊少女的\n好结局
821,43,2022-02-24 12:00:00,2050-01-01 04:59:59,304061,50,宝石,观看62名养成优俊少女的\n好结局
821,43,2022-02-24 12:00:00,2050-01-01 04:59:59,304062,50,宝石,观看63名养成优俊少女的\n好结局
821,43,2022-02-24 12:00:00,2050-01-01 04:59:59,304063,50,宝石,观看64名养成优俊少女的\n好结局
821,43,2022-02-24 12:00:00,2050-01-01 04:59:59,304064,50,宝石,观看65名养成优俊少女的\n好结局
821,43,2022-02-24 12:00:00,2050-01-01 04:59:59,304065,50,宝石,观看66名养成优俊少女的\n好结局
821,43,2022-02-24 12:00:00,2050-01-01 04:59:59,304066,50,宝石,观看67名养成优俊少女的\n好结局
821,43,2022-02-24 12:00:00,2050-01-01 04:59:59,304067,50,宝石,观看68名养成优俊少女的\n好结局
821,43,2022-02-24 12:00:00,2050-01-01 04:59:59,304068,50,宝石,观看69名养成优俊少女的\n好结局
821,43,2022-02-24 12:00:00,2050-01-01 04:59:59,304069,50,宝石,观看70名养成优俊少女的\n好结局
821,43,2022-02-24 12:00:00,2050-01-01 04:59:59,304070,50,宝石,观看71名养成优俊少女的\n好结局
821,43,2022-02-24 12:00:00,2050-01-01 04:59:59,304071,50,宝石,观看72名养成优俊少女的\n好结局
821,43,2022-02-24 12:00:00,2050-01-01 04:59:59,304072,50,宝石,观看73名养成优俊少女的\n好结局
821,43,2022-02-24 12:00:00,2050-01-01 04:59:59,304073,50,宝石,观看74名养成优俊少女的\n好结局
821,43,2022-02-24 12:00:00,2050-01-01 04:59:59,304074,50,宝石,观看75名养成优俊少女的\n好结局
821,43,2022-02-24 12:00:00,2050-01-01 04:59:59,304075,50,宝石,观看76名养成优俊少女的\n好结局
821,43,2022-02-24 12:00:00,2050-01-01 04:59:59,304076,50,宝石,观看77名养成优俊少女的\n好结局
821,43,2022-02-24 12:00:00,2050-01-01 04:59:59,304077,50,宝石,观看78名养成优俊少女的\n好结局
821,43,2022-02-24 12:00:00,2050-01-01 04:59:59,304078,50,宝石,观看79名养成优俊少女的\n好结局
821,43,2022-02-24 12:00:00,2050-01-01 04:59:59,304079,50,宝石,观看80名养成优俊少女的\n好结局
821,43,2022-02-24 12:00:00,2050-01-01 04:59:59,304080,50,宝石,观看81名养成优俊少女的\n好结局
821,43,2022-02-24 12:00:00,2050-01-01 04:59:59,304081,50,宝石,观看82名养成优俊少女的\n好结局
821,43,2022-02-24 12:00:00,2050-01-01 04:59:59,304082,50,宝石,观看83名养成优俊少女的\n好结局
821,43,2022-02-24 12:00:00,2050-01-01 04:59:59,304083,50,宝石,观看84名养成优俊少女的\n好结局
821,43,2022-02-24 12:00:00,2050-01-01 04:59:59,304084,50,宝石,观看85名养成优俊少女的\n好结局
821,43,2022-02-24 12:00:00,2050-01-01 04:59:59,304085,50,宝石,观看86名养成优俊少女的\n好结局
821,43,2022-02-24 12:00:00,2050-01-01 04:59:59,304086,50,宝石,观看87名养成优俊少女的\n好结局
821,43,2022-02-24 12:00:00,2050-01-01 04:59:59,304087,50,宝石,观看88名养成优俊少女的\n好结局
821,43,2022-02-24 12:00:00,2050-01-01 04:59:59,304088,50,宝石,观看89名养成优俊少女的\n好结局
821,43,2022-02-24 12:00:00,2050-01-01 04:59:59,304089,50,宝石,观看90名养成优俊少女的\n好结局
821,43,2022-02-24 12:00:00,2050-01-01 04:59:59,304090,50,宝石,观看91名养成优俊少女的\n好结局
821,43,2022-02-24 12:00:00,2050-01-01 04:59:59,304091,50,宝石,观看92名养成优俊少女的\n好结局
821,43,2022-02-24 12:00:00,2050-01-01 04:59:59,304092,50,宝石,观看93名养成优俊少女的\n好结局
821,43,2022-02-24 12:00:00,2050-01-01 04:59:59,304093,50,宝石,观看94名养成优俊少女的\n好结局
821,43,2022-02-24 12:00:00,2050-01-01 04:59:59,304094,50,宝石,观看95名养成优俊少女的\n好结局
821,43,2022-02-24 12:00:00,2050-01-01 04:59:59,304095,50,宝石,观看96名养成优俊少女的\n好结局
821,43,2022-02-24 12:00:00,2050-01-01 04:59:59,304096,50,宝石,观看97名养成优俊少女的\n好结局
821,43,2022-02-24 12:00:00,2050-01-01 04:59:59,304097,50,宝石,观看98名养成优俊少女的\n好结局
821,43,2022-02-24 12:00:00,2050-01-01 04:59:59,304098,50,宝石,观看99名养成优俊少女的\n好结局
821,43,2022-02-24 12:00:00,2050-01-01 04:59:59,304099,50,宝石,观看100名养成优俊少女的\n好结局
821,43,2022-02-24 12:00:00,2050-01-01 04:59:59,304100,50,宝石,观看101名养成优俊少女的\n好结局
821,43,2022-02-24 12:00:00,2050-01-01 04:59:59,304101,50,宝石,观看102名养成优俊少女的\n好结局
821,43,2022-02-24 12:00:00,2050-01-01 04:59:59,304102,50,宝石,观看103名养成优俊少女的\n好结局
821,43,2022-02-24 12:00:00,2050-01-01 04:59:59,304103,50,宝石,观看104名养成优俊少女的\n好结局
821,43,2022-02-24 12:00:00,2050-01-01 04:59:59,304104,50,宝石,观看105名养成优俊少女的\n好结局
821,43,2022-02-24 12:00:00,2050-01-01 04:59:59,304105,50,宝石,观看106名养成优俊少女的\n好结局
821,43,2022-02-24 12:00:00,2050-01-01 04:59:59,304106,50,宝石,观看107名养成优俊少女的\n好结局
821,43,2022-02-24 12:00:00,2050-01-01 04:59:59,304107,50,宝石,观看108名养成优俊少女的\n好结局
821,43,2022-02-24 12:00:00,2050-01-01 04:59:59,304108,50,宝石,观看109名养成优俊少女的\n好结局
821,43,2022-02-24 12:00:00,2050-01-01 04:59:59,304109,50,宝石,观看110名养成优俊少女的\n好结局
821,43,2022-02-24 12:00:00,2050-01-01 04:59:59,304110,50,宝石,观看111名养成优俊少女的\n好结局
821,43,2022-02-24 12:00:00,2050-01-01 04:59:59,304111,50,宝石,观看112名养成优俊少女的\n好结局
821,43,2022-02-24 12:00:00,2050-01-01 04:59:59,304112,50,宝石,观看113名养成优俊少女的\n好结局
821,43,2022-02-24 12:00:00,2050-01-01 04:59:59,304113,50,宝石,观看114名养成优俊少女的\n好结局
821,43,2022-02-24 12:00:00,2050-01-01 04:59:59,304114,50,宝石,观看115名养成优俊少女的\n好结局
821,43,2022-02-24 12:00:00,2050-01-01 04:59:59,304115,50,宝石,观看116名养成优俊少女的\n好结局
821,43,2022-02-24 12:00:00,2050-01-01 04:59:59,304116,50,宝石,观看117名养成优俊少女的\n好结局
821,43,2022-02-24 12:00:00,2050-01-01 04:59:59,304117,50,宝石,观看118名养成优俊少女的\n好结局
821,43,2022-02-24 12:00:00,2050-01-01 04:59:59,304118,50,宝石,观看119名养成优俊少女的\n好结局
821,43,2022-02-24 12:00:00,2050-01-01 04:59:59,304119,50,宝石,观看120名养成优俊少女的\n好结局
821,43,2022-02-24 12:00:00,2050-01-01 04:59:59,304120,50,宝石,观看121名养成优俊少女的\n好结局
821,43,2022-02-24 12:00:00,2050-01-01 04:59:59,304121,50,宝石,观看122名养成优俊少女的\n好结局
821,43,2022-02-24 12:00:00,2050-01-01 04:59:59,304122,50,宝石,观看123名养成优俊少女的\n好结局
821,43,2022-02-24 12:00:00,2050-01-01 04:59:59,304123,50,宝石,观看124名养成优俊少女的\n好结局
821,43,2022-02-24 12:00:00,2050-01-01 04:59:59,304124,50,宝石,观看125名养成优俊少女的\n好结局
821,43,2022-02-24 12:00:00,2050-01-01 04:59:59,304125,50,宝石,观看126名养成优俊少女的\n好结局
821,43,2022-02-24 12:00:00,2050-01-01 04:59:59,304126,50,宝石,观看127名养成优俊少女的\n好结局
821,43,2022-02-24 12:00:00,2050-01-01 04:59:59,304127,50,宝石,观看128名养成优俊少女的\n好结局
821,43,2022-02-24 12:00:00,2050-01-01 04:59:59,304128,50,宝石,观看129名养成优俊少女的\n好结局
821,43,2022-02-24 12:00:00,2050-01-01 04:59:59,304129,50,宝石,观看130名养成优俊少女的\n好结局
821,43,2022-02-24 12:00:00,2050-01-01 04:59:59,304130,50,宝石,观看131名养成优俊少女的\n好结局
821,43,2022-02-24 12:00:00,2050-01-01 04:59:59,304131,50,宝石,观看132名养成优俊少女的\n好结局
821,43,2022-02-24 12:00:00,2050-01-01 04:59:59,304132,50,宝石,观看133名养成优俊少女的\n好结局
821,43,2022-02-24 12:00:00,2050-01-01 04:59:59,304133,50,宝石,观看134名养成优俊少女的\n好结局
821,43,2022-02-24 12:00:00,2050-01-01 04:59:59,304134,50,宝石,观看135名养成优俊少女的\n好结局
821,43,2022-02-24 12:00:00,2050-01-01 04:59:59,304135,50,宝石,观看136名养成优俊少女的\n好结局
821,43,2022-02-24 12:00:00,2050-01-01 04:59:59,304136,50,宝石,观看137名养成优俊少女的\n好结局
821,43,2022-02-24 12:00:00,2050-01-01 04:59:59,304137,50,宝石,观看138名养成优俊少女的\n好结局
821,43,2022-02-24 12:00:00,2050-01-01 04:59:59,304138,50,宝石,观看139名养成优俊少女的\n好结局
821,43,2022-02-24 12:00:00,2050-01-01 04:59:59,304139,50,宝石,观看140名养成优俊少女的\n好结局
821,43,2022-02-24 12:00:00,2050-01-01 04:59:59,304140,50,宝石,观看141名养成优俊少女的\n好结局
821,43,2022-02-24 12:00:00,2050-01-01 04:59:59,304141,50,宝石,观看142名养成优俊少女的\n好结局
821,43,2022-02-24 12:00:00,2050-01-01 04:59:59,304142,50,宝石,观看143名养成优俊少女的\n好结局
821,43,2022-02-24 12:00:00,2050-01-01 04:59:59,304143,50,宝石,观看144名养成优俊少女的\n好结局
821,43,2022-02-24 12:00:00,2050-01-01 04:59:59,304144,50,宝石,观看145名养成优俊少女的\n好结局
821,43,2022-02-24 12:00:00,2050-01-01 04:59:59,304145,50,宝石,观看146名养成优俊少女的\n好结局
821,43,2022-02-24 12:00:00,2050-01-01 04:59:59,304146,50,宝石,观看147名养成优俊少女的\n好结局
821,43,2022-02-24 12:00:00,2050-01-01 04:59:59,304147,50,宝石,观看148名养成优俊少女的\n好结局
821,43,2022-02-24 12:00:00,2050-01-01 04:59:59,304148,50,宝石,观看149名养成优俊少女的\n好结局
821,43,2022-02-24 12:00:00,2050-01-01 04:59:59,304149,50,宝石,观看150名养成优俊少女的\n好结局
821,43,2022-02-24 12:00:00,2050-01-01 04:59:59,304150,50,宝石,观看151名养成优俊少女的\n好结局
821,43,2022-02-24 12:00:00,2050-01-01 04:59:59,304151,50,宝石,观看152名养成优俊少女的\n好结局
821,43,2022-02-24 12:00:00,2050-01-01 04:59:59,304152,50,宝石,观看153名养成优俊少女的\n好结局
821,43,2022-02-24 12:00:00,2050-01-01 04:59:59,304153,50,宝石,观看154名养成优俊少女的\n好结局
821,43,2022-02-24 12:00:00,2050-01-01 04:59:59,304154,50,宝石,观看155名养成优俊少女的\n好结局
821,43,2022-02-24 12:00:00,2050-01-01 04:59:59,304155,50,宝石,观看156名养成优俊少女的\n好结局
821,43,2022-02-24 12:00:00,2050-01-01 04:59:59,304156,50,宝石,观看157名养成优俊少女的\n好结局
821,43,2022-02-24 12:00:00,2050-01-01 04:59:59,304157,50,宝石,观看158名养成优俊少女的\n好结局
821,43,2022-02-24 12:00:00,2050-01-01 04:59:59,304158,50,宝石,观看159名养成优俊少女的\n好结局
821,43,2022-02-24 12:00:00,2050-01-01 04:59:59,304159,50,宝石,观看160名养成优俊少女的\n好结局
821,43,2022-02-24 12:00:00,2050-01-01 04:59:59,304160,50,宝石,观看161名养成优俊少女的\n好结局
821,43,2022-02-24 12:00:00,2050-01-01 04:59:59,304161,50,宝石,观看162名养成优俊少女的\n好结局
821,43,2022-02-24 12:00:00,2050-01-01 04:59:59,304162,50,宝石,观看163名养成优俊少女的\n好结局
821,43,2022-02-24 12:00:00,2050-01-01 04:59:59,304163,50,宝石,观看164名养成优俊少女的\n好结局
821,43,2022-02-24 12:00:00,2050-01-01 04:59:59,304164,50,宝石,观看165名养成优俊少女的\n好结局
821,43,2022-02-24 12:00:00,2050-01-01 04:59:59,304165,50,宝石,观看166名养成优俊少女的\n好结局
821,43,2022-02-24 12:00:00,2050-01-01 04:59:59,304166,50,宝石,观看167名养成优俊少女的\n好结局
821,43,2022-02-24 12:00:00,2050-01-01 04:59:59,304167,50,宝石,观看168名养成优俊少女的\n好结局
821,43,2022-02-24 12:00:00,2050-01-01 04:59:59,304168,50,宝石,观看169名养成优俊少女的\n好结局
821,43,2022-02-24 12:00:00,2050-01-01 04:59:59,304169,50,宝石,观看170名养成优俊少女的\n好结局
821,43,2022-02-24 12:00:00,2050-01-01 04:59:59,304170,50,宝石,观看171名养成优俊少女的\n好结局
821,43,2022-02-24 12:00:00,2050-01-01 04:59:59,304171,50,宝石,观看172名养成优俊少女的\n好结局
821,43,2022-02-24 12:00:00,2050-01-01 04:59:59,304172,50,宝石,观看173名养成优俊少女的\n好结局
821,43,2022-02-24 12:00:00,2050-01-01 04:59:59,304173,50,宝石,观看174名养成优俊少女的\n好结局
821,43,2022-02-24 12:00:00,2050-01-01 04:59:59,304174,50,宝石,观看175名养成优俊少女的\n好结局
821,43,2022-02-24 12:00:00,2050-01-01 04:59:59,304175,50,宝石,观看176名养成优俊少女的\n好结局
821,43,2022-02-24 12:00:00,2050-01-01 04:59:59,304176,50,宝石,观看177名养成优俊少女的\n好结局
821,43,2022-02-24 12:00:00,2050-01-01 04:59:59,304177,50,宝石,观看178名养成优俊少女的\n好结局
821,43,2022-02-24 12:00:00,2050-01-01 04:59:59,304178,50,宝石,观看179名养成优俊少女的\n好结局
821,43,2022-02-24 12:00:00,2050-01-01 04:59:59,304179,50,宝石,观看180名养成优俊少女的\n好结局
821,43,2022-02-24 12:00:00,2050-01-01 04:59:59,304180,50,宝石,观看181名养成优俊少女的\n好结局
821,43,2022-02-24 12:00:00,2050-01-01 04:59:59,304181,50,宝石,观看182名养成优俊少女的\n好结局
821,43,2022-02-24 12:00:00,2050-01-01 04:59:59,304182,50,宝石,观看183名养成优俊少女的\n好结局
821,43,2022-02-24 12:00:00,2050-01-01 04:59:59,304183,50,宝石,观看184名养成优俊少女的\n好结局
821,43,2022-02-24 12:00:00,2050-01-01 04:59:59,304184,50,宝石,观看185名养成优俊少女的\n好结局
821,43,2022-02-24 12:00:00,2050-01-01 04:59:59,304185,50,宝石,观看186名养成优俊少女的\n好结局
821,43,2022-02-24 12:00:00,2050-01-01 04:59:59,304186,50,宝石,观看187名养成优俊少女的\n好结局
821,43,2022-02-24 12:00:00,2050-01-01 04:59:59,304187,50,宝石,观看188名养成优俊少女的\n好结局
821,43,2022-02-24 12:00:00,2050-01-01 04:59:59,304188,50,宝石,观看189名养成优俊少女的\n好结局
821,43,2022-02-24 12:00:00,2050-01-01 04:59:59,304189,50,宝石,观看190名养成优俊少女的\n好结局
821,43,2022-02-24 12:00:00,2050-01-01 04:59:59,304190,50,宝石,观看191名养成优俊少女的\n好结局
821,43,2022-02-24 12:00:00,2050-01-01 04:59:59,304191,50,宝石,观看192名养成优俊少女的\n好结局
821,43,2022-02-24 12:00:00,2050-01-01 04:59:59,304192,50,宝石,观看193名养成优俊少女的\n好结局
821,43,2022-02-24 12:00:00,2050-01-01 04:59:59,304193,50,宝石,观看194名养成优俊少女的\n好结局
821,43,2022-02-24 12:00:00,2050-01-01 04:59:59,304194,50,宝石,观看195名养成优俊少女的\n好结局
821,43,2022-02-24 12:00:00,2050-01-01 04:59:59,304195,50,宝石,观看196名养成优俊少女的\n好结局
821,43,2022-02-24 12:00:00,2050-01-01 04:59:59,304196,50,宝石,观看197名养成优俊少女的\n好结局
821,43,2022-02-24 12:00:00,2050-01-01 04:59:59,304197,50,宝石,观看198名养成优俊少女的\n好结局
821,43,2022-02-24 12:00:00,2050-01-01 04:59:59,304198,50,宝石,观看199名养成优俊少女的\n好结局
821,43,2022-02-24 12:00:00,2050-01-01 04:59:59,304199,50,宝石,观看200名养成优俊少女的\n好结局
600,110,2017-07-01 01:00:00,2050-01-01 04:59:59,310200,2000,协助积分,在日常赛事中获胜\n1次
600,110,2017-07-01 01:00:00,2050-01-01 04:59:59,310201,4000,协助积分,在日常赛事中获胜\n3次
600,110,2017-07-01 01:00:00,2050-01-01 04:59:59,310202,5000,协助积分,在日常赛事中获胜\n5次
600,110,2017-07-01 01:00:00,2050-01-01 04:59:59,310203,6000,协助积分,在日常赛事中获胜\n10次
900,43,2017-07-01 01:00:00,2050-01-01 04:59:59,311000,30,宝石,参与团队竞技场\n1次
900,43,2017-07-01 01:00:00,2050-01-01 04:59:59,311001,30,宝石,参与团队竞技场\n3次
900,43,2017-07-01 01:00:00,2050-01-01 04:59:59,311002,30,宝石,参与团队竞技场\n5次
900,43,2017-07-01 01:00:00,2050-01-01 04:59:59,311003,30,宝石,参与团队竞技场\n10次
900,43,2017-07-01 01:00:00,2050-01-01 04:59:59,311004,30,宝石,参与团队竞技场\n15次
900,43,2017-07-01 01:00:00,2050-01-01 04:59:59,311005,30,宝石,参与团队竞技场\n20次
900,43,2017-07-01 01:00:00,2050-01-01 04:59:59,311006,30,宝石,参与团队竞技场\n25次
900,43,2017-07-01 01:00:00,2050-01-01 04:59:59,311007,30,宝石,参与团队竞技场\n30次
900,43,2017-07-01 01:00:00,2050-01-01 04:59:59,311008,30,宝石,参与团队竞技场\n35次
900,43,2017-07-01 01:00:00,2050-01-01 04:59:59,311009,30,宝石,参与团队竞技场\n40次
900,43,2017-07-01 01:00:00,2050-01-01 04:59:59,311010,30,宝石,参与团队竞技场\n45次
900,43,2017-07-01 01:00:00,2050-01-01 04:59:59,311011,30,宝石,参与团队竞技场\n50次
900,43,2017-07-01 01:00:00,2050-01-01 04:59:59,311012,30,宝石,参与团队竞技场\n60次
900,43,2017-07-01 01:00:00,2050-01-01 04:59:59,311013,30,宝石,参与团队竞技场\n70次
900,43,2017-07-01 01:00:00,2050-01-01 04:59:59,311014,30,宝石,参与团队竞技场\n80次
900,43,2017-07-01 01:00:00,2050-01-01 04:59:59,311015,30,宝石,参与团队竞技场\n90次
900,43,2017-07-01 01:00:00,2050-01-01 04:59:59,311016,30,宝石,参与团队竞技场\n100次
900,43,2017-07-01 01:00:00,2050-01-01 04:59:59,311017,30,宝石,参与团队竞技场\n150次
900,43,2017-07-01 01:00:00,2050-01-01 04:59:59,311018,30,宝石,参与团队竞技场\n200次
900,43,2017-07-01 01:00:00,2050-01-01 04:59:59,311019,30,宝石,参与团队竞技场\n250次
900,43,2017-07-01 01:00:00,2050-01-01 04:59:59,311020,30,宝石,参与团队竞技场\n300次
900,43,2017-07-01 01:00:00,2050-01-01 04:59:59,311021,30,宝石,参与团队竞技场\n350次
900,43,2017-07-01 01:00:00,2050-01-01 04:59:59,311022,30,宝石,参与团队竞技场\n400次
900,43,2017-07-01 01:00:00,2050-01-01 04:59:59,311023,30,宝石,参与团队竞技场\n450次
900,43,2017-07-01 01:00:00,2050-01-01 04:59:59,311024,30,宝石,参与团队竞技场\n500次
900,43,2017-07-01 01:00:00,2050-01-01 04:59:59,311025,30,宝石,参与团队竞技场\n600次
900,43,2017-07-01 01:00:00,2050-01-01 04:59:59,311026,30,宝石,参与团队竞技场\n700次
900,43,2017-07-01 01:00:00,2050-01-01 04:59:59,311027,30,宝石,参与团队竞技场\n800次
900,43,2017-07-01 01:00:00,2050-01-01 04:59:59,311028,30,宝石,参与团队竞技场\n900次
900,43,2017-07-01 01:00:00,2050-01-01 04:59:59,311029,30,宝石,参与团队竞技场\n1000次
900,43,2017-07-01 01:00:00,2050-01-01 04:59:59,311030,30,宝石,参与团队竞技场\n1200次
900,43,2017-07-01 01:00:00,2050-01-01 04:59:59,311031,30,宝石,参与团队竞技场\n1400次
900,43,2017-07-01 01:00:00,2050-01-01 04:59:59,311032,30,宝石,参与团队竞技场\n1600次
900,43,2017-07-01 01:00:00,2050-01-01 04:59:59,311033,30,宝石,参与团队竞技场\n1800次
900,43,2017-07-01 01:00:00,2050-01-01 04:59:59,311034,30,宝石,参与团队竞技场\n2000次
900,43,2017-07-01 01:00:00,2050-01-01 04:59:59,311035,30,宝石,参与团队竞技场\n2200次
900,43,2017-07-01 01:00:00,2050-01-01 04:59:59,311036,30,宝石,参与团队竞技场\n2400次
900,43,2017-07-01 01:00:00,2050-01-01 04:59:59,311037,30,宝石,参与团队竞技场\n2600次
900,43,2017-07-01 01:00:00,2050-01-01 04:59:59,311038,30,宝石,参与团队竞技场\n2800次
900,43,2017-07-01 01:00:00,2050-01-01 04:59:59,311039,30,宝石,参与团队竞技场\n3000次
900,43,2017-07-01 01:00:00,2050-01-01 04:59:59,311040,30,宝石,参与团队竞技场\n3200次
900,43,2017-07-01 01:00:00,2050-01-01 04:59:59,311041,30,宝石,参与团队竞技场\n3400次
900,43,2017-07-01 01:00:00,2050-01-01 04:59:59,311042,30,宝石,参与团队竞技场\n3600次
900,43,2017-07-01 01:00:00,2050-01-01 04:59:59,311043,30,宝石,参与团队竞技场\n3800次
900,43,2017-07-01 01:00:00,2050-01-01 04:59:59,311044,30,宝石,参与团队竞技场\n4000次
900,43,2017-07-01 01:00:00,2050-01-01 04:59:59,311045,30,宝石,参与团队竞技场\n4200次
900,43,2017-07-01 01:00:00,2050-01-01 04:59:59,311046,30,宝石,参与团队竞技场\n4400次
900,43,2017-07-01 01:00:00,2050-01-01 04:59:59,311047,30,宝石,参与团队竞技场\n4600次
900,43,2017-07-01 01:00:00,2050-01-01 04:59:59,311048,30,宝石,参与团队竞技场\n4800次
900,43,2017-07-01 01:00:00,2050-01-01 04:59:59,311049,30,宝石,参与团队竞技场\n5000次
900,43,2017-07-01 01:00:00,2050-01-01 04:59:59,311050,30,宝石,参与团队竞技场\n5200次
900,43,2017-07-01 01:00:00,2050-01-01 04:59:59,311051,30,宝石,参与团队竞技场\n5400次
900,43,2017-07-01 01:00:00,2050-01-01 04:59:59,311052,30,宝石,参与团队竞技场\n5600次
900,43,2017-07-01 01:00:00,2050-01-01 04:59:59,311053,30,宝石,参与团队竞技场\n5800次
900,43,2017-07-01 01:00:00,2050-01-01 04:59:59,311054,30,宝石,参与团队竞技场\n6000次
900,43,2017-07-01 01:00:00,2050-01-01 04:59:59,311055,30,宝石,参与团队竞技场\n6200次
900,43,2017-07-01 01:00:00,2050-01-01 04:59:59,311056,30,宝石,参与团队竞技场\n6400次
900,43,2017-07-01 01:00:00,2050-01-01 04:59:59,311057,30,宝石,参与团队竞技场\n6600次
900,43,2017-07-01 01:00:00,2050-01-01 04:59:59,311058,30,宝石,参与团队竞技场\n6800次
900,43,2017-07-01 01:00:00,2050-01-01 04:59:59,311059,30,宝石,参与团队竞技场\n7000次
900,43,2017-07-01 01:00:00,2050-01-01 04:59:59,311060,30,宝石,参与团队竞技场\n7200次
900,43,2017-07-01 01:00:00,2050-01-01 04:59:59,311061,30,宝石,参与团队竞技场\n7400次
900,43,2017-07-01 01:00:00,2050-01-01 04:59:59,311062,30,宝石,参与团队竞技场\n7600次
900,43,2017-07-01 01:00:00,2050-01-01 04:59:59,311063,30,宝石,参与团队竞技场\n7800次
900,43,2017-07-01 01:00:00,2050-01-01 04:59:59,311064,30,宝石,参与团队竞技场\n8000次
900,43,2017-07-01 01:00:00,2050-01-01 04:59:59,311065,30,宝石,参与团队竞技场\n8200次
900,43,2017-07-01 01:00:00,2050-01-01 04:59:59,311066,30,宝石,参与团队竞技场\n8400次
900,43,2017-07-01 01:00:00,2050-01-01 04:59:59,311067,30,宝石,参与团队竞技场\n8600次
900,43,2017-07-01 01:00:00,2050-01-01 04:59:59,311068,30,宝石,参与团队竞技场\n8800次
900,43,2017-07-01 01:00:00,2050-01-01 04:59:59,311069,30,宝石,参与团队竞技场\n9000次
900,43,2017-07-01 01:00:00,2050-01-01 04:59:59,311070,30,宝石,参与团队竞技场\n9200次
900,43,2017-07-01 01:00:00,2050-01-01 04:59:59,311071,30,宝石,参与团队竞技场\n9400次
900,43,2017-07-01 01:00:00,2050-01-01 04:59:59,311072,30,宝石,参与团队竞技场\n9600次
900,43,2017-07-01 01:00:00,2050-01-01 04:59:59,311073,30,宝石,参与团队竞技场\n9800次
900,43,2017-07-01 01:00:00,2050-01-01 04:59:59,311074,30,宝石,参与团队竞技场\n10000次
900,43,2017-07-01 01:00:00,2050-01-01 04:59:59,311075,30,宝石,参与团队竞技场\n10200次
900,43,2017-07-01 01:00:00,2050-01-01 04:59:59,311076,30,宝石,参与团队竞技场\n10400次
900,43,2017-07-01 01:00:00,2050-01-01 04:59:59,311077,30,宝石,参与团队竞技场\n10600次
900,43,2017-07-01 01:00:00,2050-01-01 04:59:59,311078,30,宝石,参与团队竞技场\n10800次
900,43,2017-07-01 01:00:00,2050-01-01 04:59:59,311079,30,宝石,参与团队竞技场\n11000次
900,43,2017-07-01 01:00:00,2050-01-01 04:59:59,311080,30,宝石,参与团队竞技场\n11200次
900,43,2017-07-01 01:00:00,2050-01-01 04:59:59,311081,30,宝石,参与团队竞技场\n11400次
900,43,2017-07-01 01:00:00,2050-01-01 04:59:59,311082,30,宝石,参与团队竞技场\n11600次
900,43,2017-07-01 01:00:00,2050-01-01 04:59:59,311083,30,宝石,参与团队竞技场\n11800次
900,43,2017-07-01 01:00:00,2050-01-01 04:59:59,311084,30,宝石,参与团队竞技场\n12000次
900,43,2022-02-24 12:00:00,2050-01-01 04:59:59,311085,30,宝石,参与团队竞技场\n12200次
900,43,2022-02-24 12:00:00,2050-01-01 04:59:59,311086,30,宝石,参与团队竞技场\n12400次
900,43,2022-02-24 12:00:00,2050-01-01 04:59:59,311087,30,宝石,参与团队竞技场\n12600次
900,43,2022-02-24 12:00:00,2050-01-01 04:59:59,311088,30,宝石,参与团队竞技场\n12800次
900,43,2022-02-24 12:00:00,2050-01-01 04:59:59,311089,30,宝石,参与团队竞技场\n13000次
900,43,2022-02-24 12:00:00,2050-01-01 04:59:59,311090,30,宝石,参与团队竞技场\n13200次
900,43,2022-02-24 12:00:00,2050-01-01 04:59:59,311091,30,宝石,参与团队竞技场\n13400次
900,43,2022-02-24 12:00:00,2050-01-01 04:59:59,311092,30,宝石,参与团队竞技场\n13600次
900,43,2022-02-24 12:00:00,2050-01-01 04:59:59,311093,30,宝石,参与团队竞技场\n13800次
900,43,2022-02-24 12:00:00,2050-01-01 04:59:59,311094,30,宝石,参与团队竞技场\n14000次
900,43,2022-02-24 12:00:00,2050-01-01 04:59:59,311095,30,宝石,参与团队竞技场\n14200次
900,43,2022-02-24 12:00:00,2050-01-01 04:59:59,311096,30,宝石,参与团队竞技场\n14400次
900,43,2022-02-24 12:00:00,2050-01-01 04:59:59,311097,30,宝石,参与团队竞技场\n14600次
900,43,2022-02-24 12:00:00,2050-01-01 04:59:59,311098,30,宝石,参与团队竞技场\n14800次
900,43,2022-02-24 12:00:00,2050-01-01 04:59:59,311099,30,宝石,参与团队竞技场\n15000次
900,43,2022-02-24 12:00:00,2050-01-01 04:59:59,311100,30,宝石,参与团队竞技场\n15200次
900,43,2022-02-24 12:00:00,2050-01-01 04:59:59,311101,30,宝石,参与团队竞技场\n15400次
900,43,2022-02-24 12:00:00,2050-01-01 04:59:59,311102,30,宝石,参与团队竞技场\n15600次
900,43,2022-02-24 12:00:00,2050-01-01 04:59:59,311103,30,宝石,参与团队竞技场\n15800次
900,43,2022-02-24 12:00:00,2050-01-01 04:59:59,311104,30,宝石,参与团队竞技场\n16000次
900,43,2022-02-24 12:00:00,2050-01-01 04:59:59,311105,30,宝石,参与团队竞技场\n16200次
900,43,2022-02-24 12:00:00,2050-01-01 04:59:59,311106,30,宝石,参与团队竞技场\n16400次
900,43,2022-02-24 12:00:00,2050-01-01 04:59:59,311107,30,宝石,参与团队竞技场\n16600次
900,43,2022-02-24 12:00:00,2050-01-01 04:59:59,311108,30,宝石,参与团队竞技场\n16800次
900,43,2022-02-24 12:00:00,2050-01-01 04:59:59,311109,30,宝石,参与团队竞技场\n17000次
900,43,2022-02-24 12:00:00,2050-01-01 04:59:59,311110,30,宝石,参与团队竞技场\n17200次
900,43,2022-02-24 12:00:00,2050-01-01 04:59:59,311111,30,宝石,参与团队竞技场\n17400次
900,43,2022-02-24 12:00:00,2050-01-01 04:59:59,311112,30,宝石,参与团队竞技场\n17600次
900,43,2022-02-24 12:00:00,2050-01-01 04:59:59,311113,30,宝石,参与团队竞技场\n17800次
900,43,2022-02-24 12:00:00,2050-01-01 04:59:59,311114,30,宝石,参与团队竞技场\n18000次
900,43,2022-02-24 12:00:00,2050-01-01 04:59:59,311115,30,宝石,参与团队竞技场\n18200次
900,43,2022-02-24 12:00:00,2050-01-01 04:59:59,311116,30,宝石,参与团队竞技场\n18400次
900,43,2022-02-24 12:00:00,2050-01-01 04:59:59,311117,30,宝石,参与团队竞技场\n18600次
900,43,2022-02-24 12:00:00,2050-01-01 04:59:59,311118,30,宝石,参与团队竞技场\n18800次
900,43,2022-02-24 12:00:00,2050-01-01 04:59:59,311119,30,宝石,参与团队竞技场\n19000次
900,43,2022-02-24 12:00:00,2050-01-01 04:59:59,311120,30,宝石,参与团队竞技场\n19200次
900,43,2022-02-24 12:00:00,2050-01-01 04:59:59,311121,30,宝石,参与团队竞技场\n19400次
900,43,2022-02-24 12:00:00,2050-01-01 04:59:59,311122,30,宝石,参与团队竞技场\n19600次
900,43,2022-02-24 12:00:00,2050-01-01 04:59:59,311123,30,宝石,参与团队竞技场\n19800次
900,43,2022-02-24 12:00:00,2050-01-01 04:59:59,311124,30,宝石,参与团队竞技场\n20000次
900,43,2022-02-24 12:00:00,2050-01-01 04:59:59,311125,30,宝石,参与团队竞技场\n20200次
900,43,2022-02-24 12:00:00,2050-01-01 04:59:59,311126,30,宝石,参与团队竞技场\n20400次
900,43,2022-02-24 12:00:00,2050-01-01 04:59:59,311127,30,宝石,参与团队竞技场\n20600次
900,43,2022-02-24 12:00:00,2050-01-01 04:59:59,311128,30,宝石,参与团队竞技场\n20800次
900,43,2022-02-24 12:00:00,2050-01-01 04:59:59,311129,30,宝石,参与团队竞技场\n21000次
900,43,2022-02-24 12:00:00,2050-01-01 04:59:59,311130,30,宝石,参与团队竞技场\n21200次
900,43,2022-02-24 12:00:00,2050-01-01 04:59:59,311131,30,宝石,参与团队竞技场\n21400次
900,43,2022-02-24 12:00:00,2050-01-01 04:59:59,311132,30,宝石,参与团队竞技场\n21600次
900,43,2022-02-24 12:00:00,2050-01-01 04:59:59,311133,30,宝石,参与团队竞技场\n21800次
900,43,2022-02-24 12:00:00,2050-01-01 04:59:59,311134,30,宝石,参与团队竞技场\n22000次
900,43,2022-02-24 12:00:00,2050-01-01 04:59:59,311135,30,宝石,参与团队竞技场\n22200次
900,43,2022-02-24 12:00:00,2050-01-01 04:59:59,311136,30,宝石,参与团队竞技场\n22400次
900,43,2022-02-24 12:00:00,2050-01-01 04:59:59,311137,30,宝石,参与团队竞技场\n22600次
900,43,2022-02-24 12:00:00,2050-01-01 04:59:59,311138,30,宝石,参与团队竞技场\n22800次
900,43,2022-02-24 12:00:00,2050-01-01 04:59:59,311139,30,宝石,参与团队竞技场\n23000次
900,43,2022-02-24 12:00:00,2050-01-01 04:59:59,311140,30,宝石,参与团队竞技场\n23200次
900,43,2022-02-24 12:00:00,2050-01-01 04:59:59,311141,30,宝石,参与团队竞技场\n23400次
900,43,2022-02-24 12:00:00,2050-01-01 04:59:59,311142,30,宝石,参与团队竞技场\n23600次
900,43,2022-02-24 12:00:00,2050-01-01 04:59:59,311143,30,宝石,参与团队竞技场\n23800次
900,43,2022-02-24 12:00:00,2050-01-01 04:59:59,311144,30,宝石,参与团队竞技场\n24000次
900,43,2022-02-24 12:00:00,2050-01-01 04:59:59,311145,30,宝石,参与团队竞技场\n24200次
900,43,2022-02-24 12:00:00,2050-01-01 04:59:59,311146,30,宝石,参与团队竞技场\n24400次
900,43,2022-02-24 12:00:00,2050-01-01 04:59:59,311147,30,宝石,参与团队竞技场\n24600次
900,43,2022-02-24 12:00:00,2050-01-01 04:59:59,311148,30,宝石,参与团队竞技场\n24800次
900,43,2022-02-24 12:00:00,2050-01-01 04:59:59,311149,30,宝石,参与团队竞技场\n25000次
900,43,2022-02-24 12:00:00,2050-01-01 04:59:59,311150,30,宝石,参与团队竞技场\n25200次
900,43,2022-02-24 12:00:00,2050-01-01 04:59:59,311151,30,宝石,参与团队竞技场\n25400次
900,43,2022-02-24 12:00:00,2050-01-01 04:59:59,311152,30,宝石,参与团队竞技场\n25600次
900,43,2022-02-24 12:00:00,2050-01-01 04:59:59,311153,30,宝石,参与团队竞技场\n25800次
900,43,2022-02-24 12:00:00,2050-01-01 04:59:59,311154,30,宝石,参与团队竞技场\n26000次
900,43,2022-02-24 12:00:00,2050-01-01 04:59:59,311155,30,宝石,参与团队竞技场\n26200次
900,43,2022-02-24 12:00:00,2050-01-01 04:59:59,311156,30,宝石,参与团队竞技场\n26400次
900,43,2022-02-24 12:00:00,2050-01-01 04:59:59,311157,30,宝石,参与团队竞技场\n26600次
900,43,2022-02-24 12:00:00,2050-01-01 04:59:59,311158,30,宝石,参与团队竞技场\n26800次
900,43,2022-02-24 12:00:00,2050-01-01 04:59:59,311159,30,宝石,参与团队竞技场\n27000次
900,43,2022-02-24 12:00:00,2050-01-01 04:59:59,311160,30,宝石,参与团队竞技场\n27200次
900,43,2022-02-24 12:00:00,2050-01-01 04:59:59,311161,30,宝石,参与团队竞技场\n27400次
900,43,2022-02-24 12:00:00,2050-01-01 04:59:59,311162,30,宝石,参与团队竞技场\n27600次
900,43,2022-02-24 12:00:00,2050-01-01 04:59:59,311163,30,宝石,参与团队竞技场\n27800次
900,43,2022-02-24 12:00:00,2050-01-01 04:59:59,311164,30,宝石,参与团队竞技场\n28000次
900,43,2022-02-24 12:00:00,2050-01-01 04:59:59,311165,30,宝石,参与团队竞技场\n28200次
900,43,2022-02-24 12:00:00,2050-01-01 04:59:59,311166,30,宝石,参与团队竞技场\n28400次
900,43,2022-02-24 12:00:00,2050-01-01 04:59:59,311167,30,宝石,参与团队竞技场\n28600次
900,43,2022-02-24 12:00:00,2050-01-01 04:59:59,311168,30,宝石,参与团队竞技场\n28800次
900,43,2022-02-24 12:00:00,2050-01-01 04:59:59,311169,30,宝石,参与团队竞技场\n29000次
900,43,2022-02-24 12:00:00,2050-01-01 04:59:59,311170,30,宝石,参与团队竞技场\n29200次
900,43,2022-02-24 12:00:00,2050-01-01 04:59:59,311171,30,宝石,参与团队竞技场\n29400次
900,43,2022-02-24 12:00:00,2050-01-01 04:59:59,311172,30,宝石,参与团队竞技场\n29600次
900,43,2022-02-24 12:00:00,2050-01-01 04:59:59,311173,30,宝石,参与团队竞技场\n29800次
900,43,2022-02-24 12:00:00,2050-01-01 04:59:59,311174,30,宝石,参与团队竞技场\n30000次
12,43,2022-02-14 12:00:00,2050-01-01 04:59:59,312000,30,宝石,参与1次\n自定义对战
13,43,2022-02-14 12:00:00,2050-01-01 04:59:59,313000,30,宝石,进行1次练习
14,110,2022-02-14 12:00:00,2050-01-01 04:59:59,314000,2000,协助积分,设置1人\n为练习搭档
700,32,2017-07-01 01:00:00,2050-01-01 04:59:59,320000,2,能量饮料30,提高1次养成优俊少女的\n觉醒等级
700,43,2017-07-01 01:00:00,2050-01-01 04:59:59,320001,30,宝石,提高3次养成优俊少女的\n觉醒等级
700,43,2017-07-01 01:00:00,2050-01-01 04:59:59,320002,30,宝石,提高5次养成优俊少女的\n觉醒等级
700,43,2017-07-01 01:00:00,2050-01-01 04:59:59,320003,30,宝石,提高10次养成优俊少女的\n觉醒等级
700,43,2017-07-01 01:00:00,2050-01-01 04:59:59,320004,30,宝石,提高15次养成优俊少女的\n觉醒等级
700,43,2017-07-01 01:00:00,2050-01-01 04:59:59,320005,30,宝石,提高20次养成优俊少女的\n觉醒等级
700,43,2017-07-01 01:00:00,2050-01-01 04:59:59,320006,30,宝石,提高25次养成优俊少女的\n觉醒等级
700,43,2017-07-01 01:00:00,2050-01-01 04:59:59,320007,30,宝石,提高30次养成优俊少女的\n觉醒等级
700,43,2017-07-01 01:00:00,2050-01-01 04:59:59,320008,30,宝石,提高35次养成优俊少女的\n觉醒等级
700,43,2017-07-01 01:00:00,2050-01-01 04:59:59,320009,30,宝石,提高40次养成优俊少女的\n觉醒等级
700,43,2017-07-01 01:00:00,2050-01-01 04:59:59,320010,50,宝石,提高45次养成优俊少女的\n觉醒等级
700,43,2017-07-01 01:00:00,2050-01-01 04:59:59,320011,50,宝石,提高50次养成优俊少女的\n觉醒等级
700,43,2017-07-01 01:00:00,2050-01-01 04:59:59,320012,50,宝石,提高55次养成优俊少女的\n觉醒等级
700,43,2017-07-01 01:00:00,2050-01-01 04:59:59,320013,50,宝石,提高60次养成优俊少女的\n觉醒等级
700,43,2017-07-01 01:00:00,2050-01-01 04:59:59,320014,50,宝石,提高65次养成优俊少女的\n觉醒等级
700,43,2017-07-01 01:00:00,2050-01-01 04:59:59,320015,50,宝石,提高70次养成优俊少女的\n觉醒等级
700,43,2017-07-01 01:00:00,2050-01-01 04:59:59,320016,50,宝石,提高75次养成优俊少女的\n觉醒等级
700,43,2017-07-01 01:00:00,2050-01-01 04:59:59,320017,50,宝石,提高80次养成优俊少女的\n觉醒等级
700,43,2017-07-01 01:00:00,2050-01-01 04:59:59,320018,50,宝石,提高85次养成优俊少女的\n觉醒等级
700,43,2017-07-01 01:00:00,2050-01-01 04:59:59,320019,50,宝石,提高90次养成优俊少女的\n觉醒等级
700,43,2017-07-01 01:00:00,2050-01-01 04:59:59,320020,50,宝石,提高95次养成优俊少女的\n觉醒等级
700,43,2017-07-01 01:00:00,2050-01-01 04:59:59,320021,50,宝石,提高100次养成优俊少女的\n觉醒等级
700,43,2017-07-01 01:00:00,2050-01-01 04:59:59,320022,50,宝石,提高105次养成优俊少女的\n觉醒等级
700,43,2017-07-01 01:00:00,2050-01-01 04:59:59,320023,50,宝石,提高110次养成优俊少女的\n觉醒等级
700,43,2017-07-01 01:00:00,2050-01-01 04:59:59,320024,50,宝石,提高115次养成优俊少女的\n觉醒等级
700,43,2017-07-01 01:00:00,2050-01-01 04:59:59,320025,50,宝石,提高120次养成优俊少女的\n觉醒等级
700,43,2017-07-01 01:00:00,2050-01-01 04:59:59,320026,50,宝石,提高125次养成优俊少女的\n觉醒等级
700,43,2017-07-01 01:00:00,2050-01-01 04:59:59,320027,50,宝石,提高130次养成优俊少女的\n觉醒等级
700,43,2017-07-01 01:00:00,2050-01-01 04:59:59,320028,50,宝石,提高135次养成优俊少女的\n觉醒等级
700,43,2017-07-01 01:00:00,2050-01-01 04:59:59,320029,50,宝石,提高140次养成优俊少女的\n觉醒等级
700,43,2017-07-01 01:00:00,2050-01-01 04:59:59,320030,50,宝石,提高145次养成优俊少女的\n觉醒等级
700,43,2017-07-01 01:00:00,2050-01-01 04:59:59,320031,50,宝石,提高150次养成优俊少女的\n觉醒等级
700,43,2017-07-01 01:00:00,2050-01-01 04:59:59,320032,50,宝石,提高155次养成优俊少女的\n觉醒等级
700,43,2017-07-01 01:00:00,2050-01-01 04:59:59,320033,50,宝石,提高160次养成优俊少女的\n觉醒等级
700,43,2017-07-01 01:00:00,2050-01-01 04:59:59,320034,50,宝石,提高165次养成优俊少女的\n觉醒等级
700,43,2017-07-01 01:00:00,2050-01-01 04:59:59,320035,50,宝石,提高170次养成优俊少女的\n觉醒等级
700,43,2017-07-01 01:00:00,2050-01-01 04:59:59,320036,50,宝石,提高175次养成优俊少女的\n觉醒等级
700,43,2017-07-01 01:00:00,2050-01-01 04:59:59,320037,50,宝石,提高180次养成优俊少女的\n觉醒等级
700,43,2017-07-01 01:00:00,2050-01-01 04:59:59,320038,50,宝石,提高185次养成优俊少女的\n觉醒等级
700,43,2017-07-01 01:00:00,2050-01-01 04:59:59,320039,50,宝石,提高190次养成优俊少女的\n觉醒等级
700,43,2017-07-01 01:00:00,2050-01-01 04:59:59,320040,50,宝石,提高195次养成优俊少女的\n觉醒等级
700,43,2017-07-01 01:00:00,2050-01-01 04:59:59,320041,50,宝石,提高200次养成优俊少女的\n觉醒等级
700,43,2017-07-01 01:00:00,2050-01-01 04:59:59,320042,50,宝石,提高205次养成优俊少女的\n觉醒等级
700,43,2017-07-01 01:00:00,2050-01-01 04:59:59,320043,50,宝石,提高210次养成优俊少女的\n觉醒等级
700,43,2017-07-01 01:00:00,2050-01-01 04:59:59,320044,50,宝石,提高215次养成优俊少女的\n觉醒等级
700,43,2017-07-01 01:00:00,2050-01-01 04:59:59,320045,50,宝石,提高220次养成优俊少女的\n觉醒等级
700,43,2017-07-01 01:00:00,2050-01-01 04:59:59,320046,50,宝石,提高225次养成优俊少女的\n觉醒等级
700,43,2017-07-01 01:00:00,2050-01-01 04:59:59,320047,50,宝石,提高230次养成优俊少女的\n觉醒等级
700,43,2017-07-01 01:00:00,2050-01-01 04:59:59,320048,50,宝石,提高235次养成优俊少女的\n觉醒等级
700,43,2017-07-01 01:00:00,2050-01-01 04:59:59,320049,50,宝石,提高240次养成优俊少女的\n觉醒等级
700,43,2017-07-01 01:00:00,2050-01-01 04:59:59,320050,50,宝石,提高245次养成优俊少女的\n觉醒等级
700,43,2017-07-01 01:00:00,2050-01-01 04:59:59,320051,50,宝石,提高250次养成优俊少女的\n觉醒等级
700,43,2017-07-01 01:00:00,2050-01-01 04:59:59,320052,50,宝石,提高255次养成优俊少女的\n觉醒等级
700,43,2017-07-01 01:00:00,2050-01-01 04:59:59,320053,50,宝石,提高260次养成优俊少女的\n觉醒等级
700,43,2017-07-01 01:00:00,2050-01-01 04:59:59,320054,50,宝石,提高265次养成优俊少女的\n觉醒等级
700,43,2017-07-01 01:00:00,2050-01-01 04:59:59,320055,50,宝石,提高270次养成优俊少女的\n觉醒等级
700,43,2017-07-01 01:00:00,2050-01-01 04:59:59,320056,50,宝石,提高275次养成优俊少女的\n觉醒等级
700,43,2017-07-01 01:00:00,2050-01-01 04:59:59,320057,50,宝石,提高280次养成优俊少女的\n觉醒等级
700,43,2017-07-01 01:00:00,2050-01-01 04:59:59,320058,50,宝石,提高285次养成优俊少女的\n觉醒等级
700,43,2017-07-01 01:00:00,2050-01-01 04:59:59,320059,50,宝石,提高290次养成优俊少女的\n觉醒等级
700,43,2017-07-01 01:00:00,2050-01-01 04:59:59,320060,50,宝石,提高295次养成优俊少女的\n觉醒等级
700,43,2017-07-01 01:00:00,2050-01-01 04:59:59,320061,50,宝石,提高300次养成优俊少女的\n觉醒等级
700,43,2017-07-01 01:00:00,2050-01-01 04:59:59,320062,50,宝石,提高305次养成优俊少女的\n觉醒等级
700,43,2017-07-01 01:00:00,2050-01-01 04:59:59,320063,50,宝石,提高310次养成优俊少女的\n觉醒等级
700,43,2017-07-01 01:00:00,2050-01-01 04:59:59,320064,50,宝石,提高315次养成优俊少女的\n觉醒等级
700,43,2017-07-01 01:00:00,2050-01-01 04:59:59,320065,50,宝石,提高320次养成优俊少女的\n觉醒等级
700,43,2017-07-01 01:00:00,2050-01-01 04:59:59,320066,50,宝石,提高325次养成优俊少女的\n觉醒等级
700,43,2017-07-01 01:00:00,2050-01-01 04:59:59,320067,50,宝石,提高330次养成优俊少女的\n觉醒等级
700,43,2017-07-01 01:00:00,2050-01-01 04:59:59,320068,50,宝石,提高335次养成优俊少女的\n觉醒等级
700,43,2017-07-01 01:00:00,2050-01-01 04:59:59,320069,50,宝石,提高340次养成优俊少女的\n觉醒等级
700,43,2017-07-01 01:00:00,2050-01-01 04:59:59,320070,50,宝石,提高345次养成优俊少女的\n觉醒等级
700,43,2017-07-01 01:00:00,2050-01-01 04:59:59,320071,50,宝石,提高350次养成优俊少女的\n觉醒等级
700,43,2022-02-24 12:00:00,2050-01-01 04:59:59,320072,50,宝石,提高355次养成优俊少女的\n觉醒等级
700,43,2022-02-24 12:00:00,2050-01-01 04:59:59,320073,50,宝石,提高360次养成优俊少女的\n觉醒等级
700,43,2022-02-24 12:00:00,2050-01-01 04:59:59,320074,50,宝石,提高365次养成优俊少女的\n觉醒等级
700,43,2022-02-24 12:00:00,2050-01-01 04:59:59,320075,50,宝石,提高370次养成优俊少女的\n觉醒等级
700,43,2022-02-24 12:00:00,2050-01-01 04:59:59,320076,50,宝石,提高375次养成优俊少女的\n觉醒等级
700,43,2022-02-24 12:00:00,2050-01-01 04:59:59,320077,50,宝石,提高380次养成优俊少女的\n觉醒等级
700,43,2022-02-24 12:00:00,2050-01-01 04:59:59,320078,50,宝石,提高385次养成优俊少女的\n觉醒等级
700,43,2022-02-24 12:00:00,2050-01-01 04:59:59,320079,50,宝石,提高390次养成优俊少女的\n觉醒等级
700,43,2022-02-24 12:00:00,2050-01-01 04:59:59,320080,50,宝石,提高395次养成优俊少女的\n觉醒等级
700,43,2022-02-24 12:00:00,2050-01-01 04:59:59,320081,50,宝石,提高400次养成优俊少女的\n觉醒等级
700,43,2022-02-24 12:00:00,2050-01-01 04:59:59,320082,50,宝石,提高405次养成优俊少女的\n觉醒等级
700,43,2022-02-24 12:00:00,2050-01-01 04:59:59,320083,50,宝石,提高410次养成优俊少女的\n觉醒等级
700,43,2022-02-24 12:00:00,2050-01-01 04:59:59,320084,50,宝石,提高415次养成优俊少女的\n觉醒等级
700,43,2022-02-24 12:00:00,2050-01-01 04:59:59,320085,50,宝石,提高420次养成优俊少女的\n觉醒等级
700,43,2022-02-24 12:00:00,2050-01-01 04:59:59,320086,50,宝石,提高425次养成优俊少女的\n觉醒等级
700,43,2022-02-24 12:00:00,2050-01-01 04:59:59,320087,50,宝石,提高430次养成优俊少女的\n觉醒等级
700,43,2022-02-24 12:00:00,2050-01-01 04:59:59,320088,50,宝石,提高435次养成优俊少女的\n觉醒等级
700,43,2022-02-24 12:00:00,2050-01-01 04:59:59,320089,50,宝石,提高440次养成优俊少女的\n觉醒等级
700,43,2022-02-24 12:00:00,2050-01-01 04:59:59,320090,50,宝石,提高445次养成优俊少女的\n觉醒等级
700,43,2022-02-24 12:00:00,2050-01-01 04:59:59,320091,50,宝石,提高450次养成优俊少女的\n觉醒等级
700,43,2022-02-24 12:00:00,2050-01-01 04:59:59,320092,50,宝石,提高455次养成优俊少女的\n觉醒等级
700,43,2022-02-24 12:00:00,2050-01-01 04:59:59,320093,50,宝石,提高460次养成优俊少女的\n觉醒等级
700,43,2022-02-24 12:00:00,2050-01-01 04:59:59,320094,50,宝石,提高465次养成优俊少女的\n觉醒等级
700,43,2022-02-24 12:00:00,2050-01-01 04:59:59,320095,50,宝石,提高470次养成优俊少女的\n觉醒等级
700,43,2022-02-24 12:00:00,2050-01-01 04:59:59,320096,50,宝石,提高475次养成优俊少女的\n觉醒等级
700,43,2022-02-24 12:00:00,2050-01-01 04:59:59,320097,50,宝石,提高480次养成优俊少女的\n觉醒等级
700,43,2022-02-24 12:00:00,2050-01-01 04:59:59,320098,50,宝石,提高485次养成优俊少女的\n觉醒等级
700,43,2022-02-24 12:00:00,2050-01-01 04:59:59,320099,50,宝石,提高490次养成优俊少女的\n觉醒等级
710,32,2017-07-01 01:00:00,2050-01-01 04:59:59,320100,2,能量饮料30,通过才能开花\n提高养成优俊少女★数1次
710,43,2017-07-01 01:00:00,2050-01-01 04:59:59,320101,30,宝石,通过才能开花\n提高养成优俊少女★数3次
710,43,2017-07-01 01:00:00,2050-01-01 04:59:59,320102,30,宝石,通过才能开花\n提高养成优俊少女★数5次
710,43,2017-07-01 01:00:00,2050-01-01 04:59:59,320103,30,宝石,通过才能开花\n提高养成优俊少女★数10次
710,43,2017-07-01 01:00:00,2050-01-01 04:59:59,320104,30,宝石,通过才能开花\n提高养成优俊少女★数15次
710,43,2017-07-01 01:00:00,2050-01-01 04:59:59,320105,50,宝石,通过才能开花\n提高养成优俊少女★数20次
710,43,2017-07-01 01:00:00,2050-01-01 04:59:59,320106,50,宝石,通过才能开花\n提高养成优俊少女★数25次
710,43,2017-07-01 01:00:00,2050-01-01 04:59:59,320107,50,宝石,通过才能开花\n提高养成优俊少女★数30次
710,43,2017-07-01 01:00:00,2050-01-01 04:59:59,320108,50,宝石,通过才能开花\n提高养成优俊少女★数35次
710,43,2017-07-01 01:00:00,2050-01-01 04:59:59,320109,50,宝石,通过才能开花\n提高养成优俊少女★数40次
710,43,2017-07-01 01:00:00,2050-01-01 04:59:59,320110,50,宝石,通过才能开花\n提高养成优俊少女★数45次
710,43,2017-07-01 01:00:00,2050-01-01 04:59:59,320111,50,宝石,通过才能开花\n提高养成优俊少女★数50次
710,43,2017-07-01 01:00:00,2050-01-01 04:59:59,320112,50,宝石,通过才能开花\n提高养成优俊少女★数55次
710,43,2017-07-01 01:00:00,2050-01-01 04:59:59,320113,50,宝石,通过才能开花\n提高养成优俊少女★数60次
710,43,2017-07-01 01:00:00,2050-01-01 04:59:59,320114,50,宝石,通过才能开花\n提高养成优俊少女★数65次
710,43,2017-07-01 01:00:00,2050-01-01 04:59:59,320115,50,宝石,通过才能开花\n提高养成优俊少女★数70次
710,43,2017-07-01 01:00:00,2050-01-01 04:59:59,320116,50,宝石,通过才能开花\n提高养成优俊少女★数75次
710,43,2017-07-01 01:00:00,2050-01-01 04:59:59,320117,50,宝石,通过才能开花\n提高养成优俊少女★数80次
710,43,2017-07-01 01:00:00,2050-01-01 04:59:59,320118,50,宝石,通过才能开花\n提高养成优俊少女★数85次
710,43,2017-07-01 01:00:00,2050-01-01 04:59:59,320119,50,宝石,通过才能开花\n提高养成优俊少女★数90次
710,43,2017-07-01 01:00:00,2050-01-01 04:59:59,320120,50,宝石,通过才能开花\n提高养成优俊少女★数95次
710,43,2017-07-01 01:00:00,2050-01-01 04:59:59,320121,50,宝石,通过才能开花\n提高养成优俊少女★数100次
710,43,2017-07-01 01:00:00,2050-01-01 04:59:59,320122,50,宝石,通过才能开花\n提高养成优俊少女★数105次
710,43,2017-07-01 01:00:00,2050-01-01 04:59:59,320123,50,宝石,通过才能开花\n提高养成优俊少女★数110次
710,43,2017-07-01 01:00:00,2050-01-01 04:59:59,320124,50,宝石,通过才能开花\n提高养成优俊少女★数115次
710,43,2017-07-01 01:00:00,2050-01-01 04:59:59,320125,50,宝石,通过才能开花\n提高养成优俊少女★数120次
710,43,2017-07-01 01:00:00,2050-01-01 04:59:59,320126,50,宝石,通过才能开花\n提高养成优俊少女★数125次
710,43,2017-07-01 01:00:00,2050-01-01 04:59:59,320127,50,宝石,通过才能开花\n提高养成优俊少女★数130次
710,43,2017-07-01 01:00:00,2050-01-01 04:59:59,320128,50,宝石,通过才能开花\n提高养成优俊少女★数135次
710,43,2017-07-01 01:00:00,2050-01-01 04:59:59,320129,50,宝石,通过才能开花\n提高养成优俊少女★数140次
710,43,2017-07-01 01:00:00,2050-01-01 04:59:59,320130,50,宝石,通过才能开花\n提高养成优俊少女★数145次
710,43,2017-07-01 01:00:00,2050-01-01 04:59:59,320131,50,宝石,通过才能开花\n提高养成优俊少女★数150次
710,43,2017-07-01 01:00:00,2050-01-01 04:59:59,320132,50,宝石,通过才能开花\n提高养成优俊少女★数155次
710,43,2017-07-01 01:00:00,2050-01-01 04:59:59,320133,50,宝石,通过才能开花\n提高养成优俊少女★数160次
710,43,2017-07-01 01:00:00,2050-01-01 04:59:59,320134,50,宝石,通过才能开花\n提高养成优俊少女★数165次
710,43,2017-07-01 01:00:00,2050-01-01 04:59:59,320135,50,宝石,通过才能开花\n提高养成优俊少女★数170次
710,43,2017-07-01 01:00:00,2050-01-01 04:59:59,320136,50,宝石,通过才能开花\n提高养成优俊少女★数175次
710,43,2017-07-01 01:00:00,2050-01-01 04:59:59,320137,50,宝石,通过才能开花\n提高养成优俊少女★数180次
710,43,2017-07-01 01:00:00,2050-01-01 04:59:59,320138,50,宝石,通过才能开花\n提高养成优俊少女★数185次
710,43,2017-07-01 01:00:00,2050-01-01 04:59:59,320139,50,宝石,通过才能开花\n提高养成优俊少女★数190次
710,43,2017-07-01 01:00:00,2050-01-01 04:59:59,320140,50,宝石,通过才能开花\n提高养成优俊少女★数195次
710,43,2017-07-01 01:00:00,2050-01-01 04:59:59,320141,50,宝石,通过才能开花\n提高养成优俊少女★数200次
710,43,2017-07-01 01:00:00,2050-01-01 04:59:59,320142,50,宝石,通过才能开花\n提高养成优俊少女★数205次
710,43,2017-07-01 01:00:00,2050-01-01 04:59:59,320143,50,宝石,通过才能开花\n提高养成优俊少女★数210次
710,43,2017-07-01 01:00:00,2050-01-01 04:59:59,320144,50,宝石,通过才能开花\n提高养成优俊少女★数215次
710,43,2017-07-01 01:00:00,2050-01-01 04:59:59,320145,50,宝石,通过才能开花\n提高养成优俊少女★数220次
710,43,2017-07-01 01:00:00,2050-01-01 04:59:59,320146,50,宝石,通过才能开花\n提高养成优俊少女★数225次
710,43,2017-07-01 01:00:00,2050-01-01 04:59:59,320147,50,宝石,通过才能开花\n提高养成优俊少女★数230次
710,43,2017-07-01 01:00:00,2050-01-01 04:59:59,320148,50,宝石,通过才能开花\n提高养成优俊少女★数235次
710,43,2017-07-01 01:00:00,2050-01-01 04:59:59,320149,50,宝石,通过才能开花\n提高养成优俊少女★数240次
710,43,2017-07-01 01:00:00,2050-01-01 04:59:59,320150,50,宝石,通过才能开花\n提高养成优俊少女★数245次
710,43,2017-07-01 01:00:00,2050-01-01 04:59:59,320151,50,宝石,通过才能开花\n提高养成优俊少女★数250次
710,43,2017-07-01 01:00:00,2050-01-01 04:59:59,320152,50,宝石,通过才能开花\n提高养成优俊少女★数255次
710,43,2017-07-01 01:00:00,2050-01-01 04:59:59,320153,50,宝石,通过才能开花\n提高养成优俊少女★数260次
710,43,2017-07-01 01:00:00,2050-01-01 04:59:59,320154,50,宝石,通过才能开花\n提高养成优俊少女★数265次
710,43,2017-07-01 01:00:00,2050-01-01 04:59:59,320155,50,宝石,通过才能开花\n提高养成优俊少女★数270次
710,43,2017-07-01 01:00:00,2050-01-01 04:59:59,320156,50,宝石,通过才能开花\n提高养成优俊少女★数275次
710,43,2017-07-01 01:00:00,2050-01-01 04:59:59,320157,50,宝石,通过才能开花\n提高养成优俊少女★数280次
710,43,2017-07-01 01:00:00,2050-01-01 04:59:59,320158,50,宝石,通过才能开花\n提高养成优俊少女★数285次
710,43,2017-07-01 01:00:00,2050-01-01 04:59:59,320159,50,宝石,通过才能开花\n提高养成优俊少女★数290次
710,43,2017-07-01 01:00:00,2050-01-01 04:59:59,320160,50,宝石,通过才能开花\n提高养成优俊少女★数295次
710,43,2017-07-01 01:00:00,2050-01-01 04:59:59,320161,50,宝石,通过才能开花\n提高养成优俊少女★数300次
710,43,2017-07-01 01:00:00,2050-01-01 04:59:59,320162,50,宝石,通过才能开花\n提高养成优俊少女★数305次
710,43,2017-07-01 01:00:00,2050-01-01 04:59:59,320163,50,宝石,通过才能开花\n提高养成优俊少女★数310次
710,43,2017-07-01 01:00:00,2050-01-01 04:59:59,320164,50,宝石,通过才能开花\n提高养成优俊少女★数315次
710,43,2017-07-01 01:00:00,2050-01-01 04:59:59,320165,50,宝石,通过才能开花\n提高养成优俊少女★数320次
710,43,2017-07-01 01:00:00,2050-01-01 04:59:59,320166,50,宝石,通过才能开花\n提高养成优俊少女★数325次
710,43,2017-07-01 01:00:00,2050-01-01 04:59:59,320167,50,宝石,通过才能开花\n提高养成优俊少女★数330次
710,43,2017-07-01 01:00:00,2050-01-01 04:59:59,320168,50,宝石,通过才能开花\n提高养成优俊少女★数335次
710,43,2017-07-01 01:00:00,2050-01-01 04:59:59,320169,50,宝石,通过才能开花\n提高养成优俊少女★数340次
710,43,2017-07-01 01:00:00,2050-01-01 04:59:59,320170,50,宝石,通过才能开花\n提高养成优俊少女★数345次
710,43,2017-07-01 01:00:00,2050-01-01 04:59:59,320171,50,宝石,通过才能开花\n提高养成优俊少女★数350次
710,43,2022-02-24 12:00:00,2050-01-01 04:59:59,320172,50,宝石,通过才能开花\n提高养成优俊少女★数355次
710,43,2022-02-24 12:00:00,2050-01-01 04:59:59,320173,50,宝石,通过才能开花\n提高养成优俊少女★数360次
710,43,2022-02-24 12:00:00,2050-01-01 04:59:59,320174,50,宝石,通过才能开花\n提高养成优俊少女★数365次
710,43,2022-02-24 12:00:00,2050-01-01 04:59:59,320175,50,宝石,通过才能开花\n提高养成优俊少女★数370次
710,43,2022-02-24 12:00:00,2050-01-01 04:59:59,320176,50,宝石,通过才能开花\n提高养成优俊少女★数375次
710,43,2022-02-24 12:00:00,2050-01-01 04:59:59,320177,50,宝石,通过才能开花\n提高养成优俊少女★数380次
710,43,2022-02-24 12:00:00,2050-01-01 04:59:59,320178,50,宝石,通过才能开花\n提高养成优俊少女★数385次
710,43,2022-02-24 12:00:00,2050-01-01 04:59:59,320179,50,宝石,通过才能开花\n提高养成优俊少女★数390次
710,43,2022-02-24 12:00:00,2050-01-01 04:59:59,320180,50,宝石,通过才能开花\n提高养成优俊少女★数395次
710,43,2022-02-24 12:00:00,2050-01-01 04:59:59,320181,50,宝石,通过才能开花\n提高养成优俊少女★数400次
710,43,2022-02-24 12:00:00,2050-01-01 04:59:59,320182,50,宝石,通过才能开花\n提高养成优俊少女★数405次
710,43,2022-02-24 12:00:00,2050-01-01 04:59:59,320183,50,宝石,通过才能开花\n提高养成优俊少女★数410次
710,43,2022-02-24 12:00:00,2050-01-01 04:59:59,320184,50,宝石,通过才能开花\n提高养成优俊少女★数415次
710,43,2022-02-24 12:00:00,2050-01-01 04:59:59,320185,50,宝石,通过才能开花\n提高养成优俊少女★数420次
710,43,2022-02-24 12:00:00,2050-01-01 04:59:59,320186,50,宝石,通过才能开花\n提高养成优俊少女★数425次
710,43,2022-02-24 12:00:00,2050-01-01 04:59:59,320187,50,宝石,通过才能开花\n提高养成优俊少女★数430次
710,43,2022-02-24 12:00:00,2050-01-01 04:59:59,320188,50,宝石,通过才能开花\n提高养成优俊少女★数435次
710,43,2022-02-24 12:00:00,2050-01-01 04:59:59,320189,50,宝石,通过才能开花\n提高养成优俊少女★数440次
710,43,2022-02-24 12:00:00,2050-01-01 04:59:59,320190,50,宝石,通过才能开花\n提高养成优俊少女★数445次
710,43,2022-02-24 12:00:00,2050-01-01 04:59:59,320191,50,宝石,通过才能开花\n提高养成优俊少女★数450次
710,43,2022-02-24 12:00:00,2050-01-01 04:59:59,320192,50,宝石,通过才能开花\n提高养成优俊少女★数455次
710,43,2022-02-24 12:00:00,2050-01-01 04:59:59,320193,50,宝石,通过才能开花\n提高养成优俊少女★数460次
710,43,2022-02-24 12:00:00,2050-01-01 04:59:59,320194,50,宝石,通过才能开花\n提高养成优俊少女★数465次
710,43,2022-02-24 12:00:00,2050-01-01 04:59:59,320195,50,宝石,通过才能开花\n提高养成优俊少女★数470次
710,43,2022-02-24 12:00:00,2050-01-01 04:59:59,320196,50,宝石,通过才能开花\n提高养成优俊少女★数475次
710,43,2022-02-24 12:00:00,2050-01-01 04:59:59,320197,50,宝石,通过才能开花\n提高养成优俊少女★数480次
710,43,2022-02-24 12:00:00,2050-01-01 04:59:59,320198,50,宝石,通过才能开花\n提高养成优俊少女★数485次
710,43,2022-02-24 12:00:00,2050-01-01 04:59:59,320199,50,宝石,通过才能开花\n提高养成优俊少女★数490次
710,43,2022-02-24 12:00:00,2050-01-01 04:59:59,320200,50,宝石,通过才能开花\n提高养成优俊少女★数495次
710,43,2022-02-24 12:00:00,2050-01-01 04:59:59,320201,50,宝石,通过才能开花\n提高养成优俊少女★数500次
730,43,2017-07-01 01:00:00,2050-01-01 04:59:59,320300,10,宝石,进行1次\n协助卡上限解锁
730,43,2017-07-01 01:00:00,2050-01-01 04:59:59,320301,10,宝石,进行3次\n协助卡上限解锁
730,43,2017-07-01 01:00:00,2050-01-01 04:59:59,320302,10,宝石,进行5次\n协助卡上限解锁
730,43,2017-07-01 01:00:00,2050-01-01 04:59:59,320303,30,宝石,进行10次\n协助卡上限解锁
730,43,2017-07-01 01:00:00,2050-01-01 04:59:59,320304,30,宝石,进行15次\n协助卡上限解锁
730,43,2017-07-01 01:00:00,2050-01-01 04:59:59,320305,30,宝石,进行20次\n协助卡上限解锁
730,43,2017-07-01 01:00:00,2050-01-01 04:59:59,320306,30,宝石,进行25次\n协助卡上限解锁
730,43,2017-07-01 01:00:00,2050-01-01 04:59:59,320307,30,宝石,进行30次\n协助卡上限解锁
730,43,2017-07-01 01:00:00,2050-01-01 04:59:59,320308,30,宝石,进行35次\n协助卡上限解锁
730,43,2017-07-01 01:00:00,2050-01-01 04:59:59,320309,30,宝石,进行40次\n协助卡上限解锁
730,43,2017-07-01 01:00:00,2050-01-01 04:59:59,320310,30,宝石,进行45次\n协助卡上限解锁
730,43,2017-07-01 01:00:00,2050-01-01 04:59:59,320311,30,宝石,进行50次\n协助卡上限解锁
730,43,2017-07-01 01:00:00,2050-01-01 04:59:59,320312,30,宝石,进行60次\n协助卡上限解锁
730,43,2017-07-01 01:00:00,2050-01-01 04:59:59,320313,30,宝石,进行70次\n协助卡上限解锁
730,43,2017-07-01 01:00:00,2050-01-01 04:59:59,320314,30,宝石,进行80次\n协助卡上限解锁
730,43,2017-07-01 01:00:00,2050-01-01 04:59:59,320315,30,宝石,进行90次\n协助卡上限解锁
730,43,2017-07-01 01:00:00,2050-01-01 04:59:59,320316,30,宝石,进行100次\n协助卡上限解锁
730,43,2017-07-01 01:00:00,2050-01-01 04:59:59,320317,30,宝石,进行120次\n协助卡上限解锁
730,43,2017-07-01 01:00:00,2050-01-01 04:59:59,320318,50,宝石,进行140次\n协助卡上限解锁
730,43,2017-07-01 01:00:00,2050-01-01 04:59:59,320319,50,宝石,进行160次\n协助卡上限解锁
730,43,2017-07-01 01:00:00,2050-01-01 04:59:59,320320,50,宝石,进行180次\n协助卡上限解锁
730,43,2017-07-01 01:00:00,2050-01-01 04:59:59,320321,50,宝石,进行200次\n协助卡上限解锁
730,43,2017-07-01 01:00:00,2050-01-01 04:59:59,320322,50,宝石,进行220次\n协助卡上限解锁
730,43,2017-07-01 01:00:00,2050-01-01 04:59:59,320323,50,宝石,进行240次\n协助卡上限解锁
730,43,2017-07-01 01:00:00,2050-01-01 04:59:59,320324,50,宝石,进行260次\n协助卡上限解锁
730,43,2017-07-01 01:00:00,2050-01-01 04:59:59,320325,50,宝石,进行280次\n协助卡上限解锁
730,43,2017-07-01 01:00:00,2050-01-01 04:59:59,320326,50,宝石,进行300次\n协助卡上限解锁
730,43,2017-07-01 01:00:00,2050-01-01 04:59:59,320327,50,宝石,进行320次\n协助卡上限解锁
730,43,2017-07-01 01:00:00,2050-01-01 04:59:59,320328,50,宝石,进行340次\n协助卡上限解锁
730,43,2017-07-01 01:00:00,2050-01-01 04:59:59,320329,50,宝石,进行360次\n协助卡上限解锁
730,43,2017-07-01 01:00:00,2050-01-01 04:59:59,320330,50,宝石,进行380次\n协助卡上限解锁
730,43,2017-07-01 01:00:00,2050-01-01 04:59:59,320331,50,宝石,进行400次\n协助卡上限解锁
730,43,2017-07-01 01:00:00,2050-01-01 04:59:59,320332,50,宝石,进行420次\n协助卡上限解锁
730,43,2017-07-01 01:00:00,2050-01-01 04:59:59,320333,50,宝石,进行440次\n协助卡上限解锁
730,43,2017-07-01 01:00:00,2050-01-01 04:59:59,320334,50,宝石,进行460次\n协助卡上限解锁
730,43,2017-07-01 01:00:00,2050-01-01 04:59:59,320335,50,宝石,进行480次\n协助卡上限解锁
730,43,2017-07-01 01:00:00,2050-01-01 04:59:59,320336,50,宝石,进行500次\n协助卡上限解锁
730,43,2017-07-01 01:00:00,2050-01-01 04:59:59,320337,50,宝石,进行520次\n协助卡上限解锁
730,43,2017-07-01 01:00:00,2050-01-01 04:59:59,320338,50,宝石,进行540次\n协助卡上限解锁
730,43,2017-07-01 01:00:00,2050-01-01 04:59:59,320339,50,宝石,进行560次\n协助卡上限解锁
730,43,2017-07-01 01:00:00,2050-01-01 04:59:59,320340,50,宝石,进行580次\n协助卡上限解锁
730,43,2017-07-01 01:00:00,2050-01-01 04:59:59,320341,50,宝石,进行600次\n协助卡上限解锁
730,43,2017-07-01 01:00:00,2050-01-01 04:59:59,320342,50,宝石,进行620次\n协助卡上限解锁
730,43,2017-07-01 01:00:00,2050-01-01 04:59:59,320343,50,宝石,进行640次\n协助卡上限解锁
730,43,2017-07-01 01:00:00,2050-01-01 04:59:59,320344,50,宝石,进行660次\n协助卡上限解锁
730,43,2017-07-01 01:00:00,2050-01-01 04:59:59,320345,50,宝石,进行680次\n协助卡上限解锁
730,43,2017-07-01 01:00:00,2050-01-01 04:59:59,320346,50,宝石,进行700次\n协助卡上限解锁
730,43,2017-07-01 01:00:00,2050-01-01 04:59:59,320347,50,宝石,进行720次\n协助卡上限解锁
730,43,2017-07-01 01:00:00,2050-01-01 04:59:59,320348,50,宝石,进行740次\n协助卡上限解锁
730,43,2017-07-01 01:00:00,2050-01-01 04:59:59,320349,50,宝石,进行760次\n协助卡上限解锁
730,43,2017-07-01 01:00:00,2050-01-01 04:59:59,320350,50,宝石,进行780次\n协助卡上限解锁
730,43,2017-07-01 01:00:00,2050-01-01 04:59:59,320351,50,宝石,进行800次\n协助卡上限解锁
730,43,2017-07-01 01:00:00,2050-01-01 04:59:59,320352,50,宝石,进行820次\n协助卡上限解锁
730,43,2017-07-01 01:00:00,2050-01-01 04:59:59,320353,50,宝石,进行840次\n协助卡上限解锁
730,43,2017-07-01 01:00:00,2050-01-01 04:59:59,320354,50,宝石,进行860次\n协助卡上限解锁
730,43,2017-07-01 01:00:00,2050-01-01 04:59:59,320355,50,宝石,进行880次\n协助卡上限解锁
730,43,2017-07-01 01:00:00,2050-01-01 04:59:59,320356,50,宝石,进行900次\n协助卡上限解锁
730,43,2017-07-01 01:00:00,2050-01-01 04:59:59,320357,50,宝石,进行920次\n协助卡上限解锁
730,43,2017-07-01 01:00:00,2050-01-01 04:59:59,320358,50,宝石,进行940次\n协助卡上限解锁
730,43,2017-07-01 01:00:00,2050-01-01 04:59:59,320359,50,宝石,进行960次\n协助卡上限解锁
730,43,2017-07-01 01:00:00,2050-01-01 04:59:59,320360,50,宝石,进行980次\n协助卡上限解锁
730,43,2017-07-01 01:00:00,2050-01-01 04:59:59,320361,50,宝石,进行1000次\n协助卡上限解锁
730,43,2022-02-24 12:00:00,2050-01-01 04:59:59,320362,50,宝石,进行1020次\n协助卡上限解锁
730,43,2022-02-24 12:00:00,2050-01-01 04:59:59,320363,50,宝石,进行1040次\n协助卡上限解锁
730,43,2022-02-24 12:00:00,2050-01-01 04:59:59,320364,50,宝石,进行1060次\n协助卡上限解锁
730,43,2022-02-24 12:00:00,2050-01-01 04:59:59,320365,50,宝石,进行1080次\n协助卡上限解锁
730,43,2022-02-24 12:00:00,2050-01-01 04:59:59,320366,50,宝石,进行1100次\n协助卡上限解锁
730,43,2022-02-24 12:00:00,2050-01-01 04:59:59,320367,50,宝石,进行1120次\n协助卡上限解锁
730,43,2022-02-24 12:00:00,2050-01-01 04:59:59,320368,50,宝石,进行1140次\n协助卡上限解锁
730,43,2022-02-24 12:00:00,2050-01-01 04:59:59,320369,50,宝石,进行1160次\n协助卡上限解锁
730,43,2022-02-24 12:00:00,2050-01-01 04:59:59,320370,50,宝石,进行1180次\n协助卡上限解锁
730,43,2022-02-24 12:00:00,2050-01-01 04:59:59,320371,50,宝石,进行1200次\n协助卡上限解锁
1200,43,2017-07-01 01:00:00,2050-01-01 04:59:59,321000,50,宝石,通过才能开花将\n1位养成优俊少女提升至5★
1200,43,2017-07-01 01:00:00,2050-01-01 04:59:59,321001,50,宝石,通过才能开花将\n2位养成优俊少女提升至5★
1200,43,2017-07-01 01:00:00,2050-01-01 04:59:59,321002,50,宝石,通过才能开花将\n3位养成优俊少女提升至5★
1200,43,2017-07-01 01:00:00,2050-01-01 04:59:59,321003,50,宝石,通过才能开花将\n4位养成优俊少女提升至5★
1200,43,2017-07-01 01:00:00,2050-01-01 04:59:59,321004,50,宝石,通过才能开花将\n5位养成优俊少女提升至5★
1200,43,2017-07-01 01:00:00,2050-01-01 04:59:59,321005,50,宝石,通过才能开花将\n6位养成优俊少女提升至5★
1200,43,2017-07-01 01:00:00,2050-01-01 04:59:59,321006,50,宝石,通过才能开花将\n7位养成优俊少女提升至5★
1200,43,2017-07-01 01:00:00,2050-01-01 04:59:59,321007,50,宝石,通过才能开花将\n8位养成优俊少女提升至5★
1200,43,2017-07-01 01:00:00,2050-01-01 04:59:59,321008,50,宝石,通过才能开花将\n9位养成优俊少女提升至5★
1200,43,2017-07-01 01:00:00,2050-01-01 04:59:59,321009,50,宝石,通过才能开花将\n10位养成优俊少女提升至5★
1200,43,2017-07-01 01:00:00,2050-01-01 04:59:59,321010,50,宝石,通过才能开花将\n11位养成优俊少女提升至5★
1200,43,2017-07-01 01:00:00,2050-01-01 04:59:59,321011,50,宝石,通过才能开花将\n12位养成优俊少女提升至5★
1200,43,2017-07-01 01:00:00,2050-01-01 04:59:59,321012,50,宝石,通过才能开花将\n13位养成优俊少女提升至5★
1200,43,2017-07-01 01:00:00,2050-01-01 04:59:59,321013,50,宝石,通过才能开花将\n14位养成优俊少女提升至5★
1200,43,2017-07-01 01:00:00,2050-01-01 04:59:59,321014,50,宝石,通过才能开花将\n15位养成优俊少女提升至5★
1200,43,2017-07-01 01:00:00,2050-01-01 04:59:59,321015,50,宝石,通过才能开花将\n16位养成优俊少女提升至5★
1200,43,2017-07-01 01:00:00,2050-01-01 04:59:59,321016,50,宝石,通过才能开花将\n17位养成优俊少女提升至5★
1200,43,2017-07-01 01:00:00,2050-01-01 04:59:59,321017,50,宝石,通过才能开花将\n18位养成优俊少女提升至5★
1200,43,2017-07-01 01:00:00,2050-01-01 04:59:59,321018,50,宝石,通过才能开花将\n19位养成优俊少女提升至5★
1200,43,2017-07-01 01:00:00,2050-01-01 04:59:59,321019,50,宝石,通过才能开花将\n20位养成优俊少女提升至5★
1200,43,2017-07-01 01:00:00,2050-01-01 04:59:59,321020,50,宝石,通过才能开花将\n21位养成优俊少女提升至5★
1200,43,2017-07-01 01:00:00,2050-01-01 04:59:59,321021,50,宝石,通过才能开花将\n22位养成优俊少女提升至5★
1200,43,2017-07-01 01:00:00,2050-01-01 04:59:59,321022,50,宝石,通过才能开花将\n23位养成优俊少女提升至5★
1200,43,2017-07-01 01:00:00,2050-01-01 04:59:59,321023,50,宝石,通过才能开花将\n24位养成优俊少女提升至5★
1200,43,2017-07-01 01:00:00,2050-01-01 04:59:59,321024,50,宝石,通过才能开花将\n25位养成优俊少女提升至5★
1200,43,2017-07-01 01:00:00,2050-01-01 04:59:59,321025,50,宝石,通过才能开花将\n26位养成优俊少女提升至5★
1200,43,2017-07-01 01:00:00,2050-01-01 04:59:59,321026,50,宝石,通过才能开花将\n27位养成优俊少女提升至5★
1200,43,2017-07-01 01:00:00,2050-01-01 04:59:59,321027,50,宝石,通过才能开花将\n28位养成优俊少女提升至5★
1200,43,2017-07-01 01:00:00,2050-01-01 04:59:59,321028,50,宝石,通过才能开花将\n29位养成优俊少女提升至5★
1200,43,2017-07-01 01:00:00,2050-01-01 04:59:59,321029,50,宝石,通过才能开花将\n30位养成优俊少女提升至5★
1200,43,2017-07-01 01:00:00,2050-01-01 04:59:59,321030,50,宝石,通过才能开花将\n32位养成优俊少女提升至5★
1200,43,2017-07-01 01:00:00,2050-01-01 04:59:59,321031,50,宝石,通过才能开花将\n34位养成优俊少女提升至5★
1200,43,2017-07-01 01:00:00,2050-01-01 04:59:59,321032,50,宝石,通过才能开花将\n36位养成优俊少女提升至5★
1200,43,2017-07-01 01:00:00,2050-01-01 04:59:59,321033,50,宝石,通过才能开花将\n38位养成优俊少女提升至5★
1200,43,2017-07-01 01:00:00,2050-01-01 04:59:59,321034,50,宝石,通过才能开花将\n40位养成优俊少女提升至5★
1200,43,2017-07-01 01:00:00,2050-01-01 04:59:59,321035,50,宝石,通过才能开花将\n42位养成优俊少女提升至5★
1200,43,2017-07-01 01:00:00,2050-01-01 04:59:59,321036,50,宝石,通过才能开花将\n44位养成优俊少女提升至5★
1200,43,2017-07-01 01:00:00,2050-01-01 04:59:59,321037,50,宝石,通过才能开花将\n46位养成优俊少女提升至5★
1200,43,2017-07-01 01:00:00,2050-01-01 04:59:59,321038,50,宝石,通过才能开花将\n48位养成优俊少女提升至5★
1200,43,2017-07-01 01:00:00,2050-01-01 04:59:59,321039,50,宝石,通过才能开花将\n50位养成优俊少女提升至5★
1200,43,2017-07-01 01:00:00,2050-01-01 04:59:59,321040,50,宝石,通过才能开花将\n52位养成优俊少女提升至5★
1200,43,2017-07-01 01:00:00,2050-01-01 04:59:59,321041,50,宝石,通过才能开花将\n54位养成优俊少女提升至5★
1200,43,2017-07-01 01:00:00,2050-01-01 04:59:59,321042,50,宝石,通过才能开花将\n56位养成优俊少女提升至5★
1200,43,2017-07-01 01:00:00,2050-01-01 04:59:59,321043,50,宝石,通过才能开花将\n58位养成优俊少女提升至5★
1200,43,2017-07-01 01:00:00,2050-01-01 04:59:59,321044,50,宝石,通过才能开花将\n60位养成优俊少女提升至5★
1200,43,2017-07-01 01:00:00,2050-01-01 04:59:59,321045,50,宝石,通过才能开花将\n62位养成优俊少女提升至5★
1200,43,2017-07-01 01:00:00,2050-01-01 04:59:59,321046,50,宝石,通过才能开花将\n64位养成优俊少女提升至5★
1200,43,2017-07-01 01:00:00,2050-01-01 04:59:59,321047,50,宝石,通过才能开花将\n66位养成优俊少女提升至5★
1200,43,2017-07-01 01:00:00,2050-01-01 04:59:59,321048,50,宝石,通过才能开花将\n68位养成优俊少女提升至5★
1200,43,2017-07-01 01:00:00,2050-01-01 04:59:59,321049,50,宝石,通过才能开花将\n70位养成优俊少女提升至5★
1200,43,2017-07-01 01:00:00,2050-01-01 04:59:59,321050,50,宝石,通过才能开花将\n72位养成优俊少女提升至5★
1200,43,2017-07-01 01:00:00,2050-01-01 04:59:59,321051,50,宝石,通过才能开花将\n74位养成优俊少女提升至5★
1200,43,2017-07-01 01:00:00,2050-01-01 04:59:59,321052,50,宝石,通过才能开花将\n76位养成优俊少女提升至5★
1200,43,2017-07-01 01:00:00,2050-01-01 04:59:59,321053,50,宝石,通过才能开花将\n78位养成优俊少女提升至5★
1200,43,2017-07-01 01:00:00,2050-01-01 04:59:59,321054,50,宝石,通过才能开花将\n80位养成优俊少女提升至5★
1200,43,2017-07-01 01:00:00,2050-01-01 04:59:59,321055,50,宝石,通过才能开花将\n82位养成优俊少女提升至5★
1200,43,2017-07-01 01:00:00,2050-01-01 04:59:59,321056,50,宝石,通过才能开花将\n84位养成优俊少女提升至5★
1200,43,2017-07-01 01:00:00,2050-01-01 04:59:59,321057,50,宝石,通过才能开花将\n86位养成优俊少女提升至5★
1200,43,2017-07-01 01:00:00,2050-01-01 04:59:59,321058,50,宝石,通过才能开花将\n88位养成优俊少女提升至5★
1200,43,2017-07-01 01:00:00,2050-01-01 04:59:59,321059,50,宝石,通过才能开花将\n90位养成优俊少女提升至5★
1200,43,2017-07-01 01:00:00,2050-01-01 04:59:59,321060,50,宝石,通过才能开花将\n92位养成优俊少女提升至5★
1200,43,2017-07-01 01:00:00,2050-01-01 04:59:59,321061,50,宝石,通过才能开花将\n94位养成优俊少女提升至5★
1200,43,2017-07-01 01:00:00,2050-01-01 04:59:59,321062,50,宝石,通过才能开花将\n96位养成优俊少女提升至5★
1200,43,2017-07-01 01:00:00,2050-01-01 04:59:59,321063,50,宝石,通过才能开花将\n98位养成优俊少女提升至5★
1200,43,2017-07-01 01:00:00,2050-01-01 04:59:59,321064,50,宝石,通过才能开花将\n100位养成优俊少女提升至5★
1200,43,2017-07-01 01:00:00,2050-01-01 04:59:59,321065,50,宝石,通过才能开花将\n102位养成优俊少女提升至5★
1200,43,2017-07-01 01:00:00,2050-01-01 04:59:59,321066,50,宝石,通过才能开花将\n104位养成优俊少女提升至5★
1200,43,2017-07-01 01:00:00,2050-01-01 04:59:59,321067,50,宝石,通过才能开花将\n106位养成优俊少女提升至5★
1200,43,2017-07-01 01:00:00,2050-01-01 04:59:59,321068,50,宝石,通过才能开花将\n108位养成优俊少女提升至5★
1200,43,2017-07-01 01:00:00,2050-01-01 04:59:59,321069,50,宝石,通过才能开花将\n110位养成优俊少女提升至5★
1200,43,2017-07-01 01:00:00,2050-01-01 04:59:59,321070,50,宝石,通过才能开花将\n112位养成优俊少女提升至5★
1200,43,2017-07-01 01:00:00,2050-01-01 04:59:59,321071,50,宝石,通过才能开花将\n114位养成优俊少女提升至5★
1200,43,2017-07-01 01:00:00,2050-01-01 04:59:59,321072,50,宝石,通过才能开花将\n116位养成优俊少女提升至5★
1200,43,2017-07-01 01:00:00,2050-01-01 04:59:59,321073,50,宝石,通过才能开花将\n118位养成优俊少女提升至5★
1200,43,2017-07-01 01:00:00,2050-01-01 04:59:59,321074,50,宝石,通过才能开花将\n120位养成优俊少女提升至5★
1200,43,2017-07-01 01:00:00,2050-01-01 04:59:59,321075,50,宝石,通过才能开花将\n122位养成优俊少女提升至5★
1200,43,2017-07-01 01:00:00,2050-01-01 04:59:59,321076,50,宝石,通过才能开花将\n124位养成优俊少女提升至5★
1200,43,2017-07-01 01:00:00,2050-01-01 04:59:59,321077,50,宝石,通过才能开花将\n126位养成优俊少女提升至5★
1200,43,2017-07-01 01:00:00,2050-01-01 04:59:59,321078,50,宝石,通过才能开花将\n128位养成优俊少女提升至5★
1200,43,2017-07-01 01:00:00,2050-01-01 04:59:59,321079,50,宝石,通过才能开花将\n130位养成优俊少女提升至5★
1200,43,2017-07-01 01:00:00,2050-01-01 04:59:59,321080,50,宝石,通过才能开花将\n132位养成优俊少女提升至5★
1200,43,2017-07-01 01:00:00,2050-01-01 04:59:59,321081,50,宝石,通过才能开花将\n134位养成优俊少女提升至5★
1200,43,2017-07-01 01:00:00,2050-01-01 04:59:59,321082,50,宝石,通过才能开花将\n136位养成优俊少女提升至5★
1200,43,2017-07-01 01:00:00,2050-01-01 04:59:59,321083,50,宝石,通过才能开花将\n138位养成优俊少女提升至5★
1200,43,2017-07-01 01:00:00,2050-01-01 04:59:59,321084,50,宝石,通过才能开花将\n140位养成优俊少女提升至5★
1200,43,2017-07-01 01:00:00,2050-01-01 04:59:59,321085,50,宝石,通过才能开花将\n142位养成优俊少女提升至5★
1200,43,2017-07-01 01:00:00,2050-01-01 04:59:59,321086,50,宝石,通过才能开花将\n144位养成优俊少女提升至5★
1200,43,2017-07-01 01:00:00,2050-01-01 04:59:59,321087,50,宝石,通过才能开花将\n146位养成优俊少女提升至5★
1200,43,2017-07-01 01:00:00,2050-01-01 04:59:59,321088,50,宝石,通过才能开花将\n148位养成优俊少女提升至5★
1200,43,2017-07-01 01:00:00,2050-01-01 04:59:59,321089,50,宝石,通过才能开花将\n150位养成优俊少女提升至5★
1200,43,2017-07-01 01:00:00,2050-01-01 04:59:59,321090,50,宝石,通过才能开花将\n152位养成优俊少女提升至5★
1200,43,2017-07-01 01:00:00,2050-01-01 04:59:59,321091,50,宝石,通过才能开花将\n154位养成优俊少女提升至5★
1200,43,2017-07-01 01:00:00,2050-01-01 04:59:59,321092,50,宝石,通过才能开花将\n156位养成优俊少女提升至5★
1200,43,2017-07-01 01:00:00,2050-01-01 04:59:59,321093,50,宝石,通过才能开花将\n158位养成优俊少女提升至5★
1200,43,2017-07-01 01:00:00,2050-01-01 04:59:59,321094,50,宝石,通过才能开花将\n160位养成优俊少女提升至5★
1200,43,2017-07-01 01:00:00,2050-01-01 04:59:59,321095,50,宝石,通过才能开花将\n162位养成优俊少女提升至5★
1200,43,2017-07-01 01:00:00,2050-01-01 04:59:59,321096,50,宝石,通过才能开花将\n164位养成优俊少女提升至5★
1200,43,2017-07-01 01:00:00,2050-01-01 04:59:59,321097,50,宝石,通过才能开花将\n166位养成优俊少女提升至5★
1200,43,2017-07-01 01:00:00,2050-01-01 04:59:59,321098,50,宝石,通过才能开花将\n168位养成优俊少女提升至5★
1200,43,2017-07-01 01:00:00,2050-01-01 04:59:59,321099,50,宝石,通过才能开花将\n170位养成优俊少女提升至5★
1200,43,2017-07-01 01:00:00,2050-01-01 04:59:59,321100,50,宝石,通过才能开花将\n172位养成优俊少女提升至5★
1200,43,2017-07-01 01:00:00,2050-01-01 04:59:59,321101,50,宝石,通过才能开花将\n174位养成优俊少女提升至5★
1200,43,2017-07-01 01:00:00,2050-01-01 04:59:59,321102,50,宝石,通过才能开花将\n176位养成优俊少女提升至5★
1200,43,2017-07-01 01:00:00,2050-01-01 04:59:59,321103,50,宝石,通过才能开花将\n178位养成优俊少女提升至5★
1200,43,2017-07-01 01:00:00,2050-01-01 04:59:59,321104,50,宝石,通过才能开花将\n180位养成优俊少女提升至5★
1200,43,2017-07-01 01:00:00,2050-01-01 04:59:59,321105,50,宝石,通过才能开花将\n182位养成优俊少女提升至5★
1200,43,2017-07-01 01:00:00,2050-01-01 04:59:59,321106,50,宝石,通过才能开花将\n184位养成优俊少女提升至5★
1200,43,2017-07-01 01:00:00,2050-01-01 04:59:59,321107,50,宝石,通过才能开花将\n186位养成优俊少女提升至5★
1200,43,2017-07-01 01:00:00,2050-01-01 04:59:59,321108,50,宝石,通过才能开花将\n188位养成优俊少女提升至5★
1200,43,2017-07-01 01:00:00,2050-01-01 04:59:59,321109,50,宝石,通过才能开花将\n190位养成优俊少女提升至5★
1200,43,2017-07-01 01:00:00,2050-01-01 04:59:59,321110,50,宝石,通过才能开花将\n192位养成优俊少女提升至5★
1200,43,2017-07-01 01:00:00,2050-01-01 04:59:59,321111,50,宝石,通过才能开花将\n194位养成优俊少女提升至5★
1200,43,2017-07-01 01:00:00,2050-01-01 04:59:59,321112,50,宝石,通过才能开花将\n196位养成优俊少女提升至5★
1200,43,2017-07-01 01:00:00,2050-01-01 04:59:59,321113,50,宝石,通过才能开花将\n198位养成优俊少女提升至5★
1200,43,2017-07-01 01:00:00,2050-01-01 04:59:59,321114,50,宝石,通过才能开花将\n200位养成优俊少女提升至5★
700,43,2022-02-24 12:00:00,2050-01-01 04:59:59,322000,50,宝石,提高495次养成优俊少女的\n觉醒等级
700,43,2022-02-24 12:00:00,2050-01-01 04:59:59,322001,50,宝石,提高500次养成优俊少女的\n觉醒等级
700,43,2022-02-24 12:00:00,2050-01-01 04:59:59,322002,50,宝石,提高505次养成优俊少女的\n觉醒等级
700,43,2022-02-24 12:00:00,2050-01-01 04:59:59,322003,50,宝石,提高510次养成优俊少女的\n觉醒等级
700,43,2022-02-24 12:00:00,2050-01-01 04:59:59,322004,50,宝石,提高515次养成优俊少女的\n觉醒等级
700,43,2022-02-24 12:00:00,2050-01-01 04:59:59,322005,50,宝石,提高520次养成优俊少女的\n觉醒等级
700,43,2022-02-24 12:00:00,2050-01-01 04:59:59,322006,50,宝石,提高525次养成优俊少女的\n觉醒等级
700,43,2022-02-24 12:00:00,2050-01-01 04:59:59,322007,50,宝石,提高530次养成优俊少女的\n觉醒等级
700,43,2022-02-24 12:00:00,2050-01-01 04:59:59,322008,50,宝石,提高535次养成优俊少女的\n觉醒等级
700,43,2022-02-24 12:00:00,2050-01-01 04:59:59,322009,50,宝石,提高540次养成优俊少女的\n觉醒等级
700,43,2022-02-24 12:00:00,2050-01-01 04:59:59,322010,50,宝石,提高545次养成优俊少女的\n觉醒等级
700,43,2022-02-24 12:00:00,2050-01-01 04:59:59,322011,50,宝石,提高550次养成优俊少女的\n觉醒等级
700,43,2022-02-24 12:00:00,2050-01-01 04:59:59,322012,50,宝石,提高555次养成优俊少女的\n觉醒等级
700,43,2022-02-24 12:00:00,2050-01-01 04:59:59,322013,50,宝石,提高560次养成优俊少女的\n觉醒等级
700,43,2022-02-24 12:00:00,2050-01-01 04:59:59,322014,50,宝石,提高565次养成优俊少女的\n觉醒等级
700,43,2022-02-24 12:00:00,2050-01-01 04:59:59,322015,50,宝石,提高570次养成优俊少女的\n觉醒等级
700,43,2022-02-24 12:00:00,2050-01-01 04:59:59,322016,50,宝石,提高575次养成优俊少女的\n觉醒等级
700,43,2022-02-24 12:00:00,2050-01-01 04:59:59,322017,50,宝石,提高580次养成优俊少女的\n觉醒等级
700,43,2022-02-24 12:00:00,2050-01-01 04:59:59,322018,50,宝石,提高585次养成优俊少女的\n觉醒等级
700,43,2022-02-24 12:00:00,2050-01-01 04:59:59,322019,50,宝石,提高590次养成优俊少女的\n觉醒等级
700,43,2022-02-24 12:00:00,2050-01-01 04:59:59,322020,50,宝石,提高595次养成优俊少女的\n觉醒等级
700,43,2022-02-24 12:00:00,2050-01-01 04:59:59,322021,50,宝石,提高600次养成优俊少女的\n觉醒等级
700,43,2022-02-24 12:00:00,2050-01-01 04:59:59,322022,50,宝石,提高605次养成优俊少女的\n觉醒等级
700,43,2022-02-24 12:00:00,2050-01-01 04:59:59,322023,50,宝石,提高610次养成优俊少女的\n觉醒等级
700,43,2022-02-24 12:00:00,2050-01-01 04:59:59,322024,50,宝石,提高615次养成优俊少女的\n觉醒等级
700,43,2022-02-24 12:00:00,2050-01-01 04:59:59,322025,50,宝石,提高620次养成优俊少女的\n觉醒等级
700,43,2022-02-24 12:00:00,2050-01-01 04:59:59,322026,50,宝石,提高625次养成优俊少女的\n觉醒等级
700,43,2022-02-24 12:00:00,2050-01-01 04:59:59,322027,50,宝石,提高630次养成优俊少女的\n觉醒等级
700,43,2022-02-24 12:00:00,2050-01-01 04:59:59,322028,50,宝石,提高635次养成优俊少女的\n觉醒等级
700,43,2022-02-24 12:00:00,2050-01-01 04:59:59,322029,50,宝石,提高640次养成优俊少女的\n觉醒等级
700,43,2022-02-24 12:00:00,2050-01-01 04:59:59,322030,50,宝石,提高645次养成优俊少女的\n觉醒等级
700,43,2022-02-24 12:00:00,2050-01-01 04:59:59,322031,50,宝石,提高650次养成优俊少女的\n觉醒等级
700,43,2022-02-24 12:00:00,2050-01-01 04:59:59,322032,50,宝石,提高655次养成优俊少女的\n觉醒等级
700,43,2022-02-24 12:00:00,2050-01-01 04:59:59,322033,50,宝石,提高660次养成优俊少女的\n觉醒等级
700,43,2022-02-24 12:00:00,2050-01-01 04:59:59,322034,50,宝石,提高665次养成优俊少女的\n觉醒等级
700,43,2022-02-24 12:00:00,2050-01-01 04:59:59,322035,50,宝石,提高670次养成优俊少女的\n觉醒等级
700,43,2022-02-24 12:00:00,2050-01-01 04:59:59,322036,50,宝石,提高675次养成优俊少女的\n觉醒等级
700,43,2022-02-24 12:00:00,2050-01-01 04:59:59,322037,50,宝石,提高680次养成优俊少女的\n觉醒等级
700,43,2022-02-24 12:00:00,2050-01-01 04:59:59,322038,50,宝石,提高685次养成优俊少女的\n觉醒等级
700,43,2022-02-24 12:00:00,2050-01-01 04:59:59,322039,50,宝石,提高690次养成优俊少女的\n觉醒等级
700,43,2022-02-24 12:00:00,2050-01-01 04:59:59,322040,50,宝石,提高695次养成优俊少女的\n觉醒等级
700,43,2022-02-24 12:00:00,2050-01-01 04:59:59,322041,50,宝石,提高700次养成优俊少女的\n觉醒等级
700,43,2022-02-24 12:00:00,2050-01-01 04:59:59,322042,50,宝石,提高705次养成优俊少女的\n觉醒等级
700,43,2022-02-24 12:00:00,2050-01-01 04:59:59,322043,50,宝石,提高710次养成优俊少女的\n觉醒等级
700,43,2022-02-24 12:00:00,2050-01-01 04:59:59,322044,50,宝石,提高715次养成优俊少女的\n觉醒等级
700,43,2022-02-24 12:00:00,2050-01-01 04:59:59,322045,50,宝石,提高720次养成优俊少女的\n觉醒等级
700,43,2022-02-24 12:00:00,2050-01-01 04:59:59,322046,50,宝石,提高725次养成优俊少女的\n觉醒等级
700,43,2022-02-24 12:00:00,2050-01-01 04:59:59,322047,50,宝石,提高730次养成优俊少女的\n觉醒等级
700,43,2022-02-24 12:00:00,2050-01-01 04:59:59,322048,50,宝石,提高735次养成优俊少女的\n觉醒等级
700,43,2022-02-24 12:00:00,2050-01-01 04:59:59,322049,50,宝石,提高740次养成优俊少女的\n觉醒等级
700,43,2022-02-24 12:00:00,2050-01-01 04:59:59,322050,50,宝石,提高745次养成优俊少女的\n觉醒等级
700,43,2022-02-24 12:00:00,2050-01-01 04:59:59,322051,50,宝石,提高750次养成优俊少女的\n觉醒等级
700,43,2022-02-24 12:00:00,2050-01-01 04:59:59,322052,50,宝石,提高755次养成优俊少女的\n觉醒等级
700,43,2022-02-24 12:00:00,2050-01-01 04:59:59,322053,50,宝石,提高760次养成优俊少女的\n觉醒等级
700,43,2022-02-24 12:00:00,2050-01-01 04:59:59,322054,50,宝石,提高765次养成优俊少女的\n觉醒等级
700,43,2022-02-24 12:00:00,2050-01-01 04:59:59,322055,50,宝石,提高770次养成优俊少女的\n觉醒等级
700,43,2022-02-24 12:00:00,2050-01-01 04:59:59,322056,50,宝石,提高775次养成优俊少女的\n觉醒等级
700,43,2022-02-24 12:00:00,2050-01-01 04:59:59,322057,50,宝石,提高780次养成优俊少女的\n觉醒等级
700,43,2022-02-24 12:00:00,2050-01-01 04:59:59,322058,50,宝石,提高785次养成优俊少女的\n觉醒等级
700,43,2022-02-24 12:00:00,2050-01-01 04:59:59,322059,50,宝石,提高790次养成优俊少女的\n觉醒等级
700,43,2022-02-24 12:00:00,2050-01-01 04:59:59,322060,50,宝石,提高795次养成优俊少女的\n觉醒等级
700,43,2022-02-24 12:00:00,2050-01-01 04:59:59,322061,50,宝石,提高800次养成优俊少女的\n觉醒等级
800,43,2017-07-01 01:00:00,2050-01-01 04:59:59,330000,150,宝石,达成\n累计登录30天
800,43,2017-07-01 01:00:00,2050-01-01 04:59:59,330001,150,宝石,达成\n累计登录50天
800,43,2017-07-01 01:00:00,2050-01-01 04:59:59,330002,150,宝石,达成\n累计登录100天
800,43,2017-07-01 01:00:00,2050-01-01 04:59:59,330003,150,宝石,达成\n累计登录150天
800,43,2017-07-01 01:00:00,2050-01-01 04:59:59,330004,150,宝石,达成\n累计登录200天
800,43,2017-07-01 01:00:00,2050-01-01 04:59:59,330005,150,宝石,达成\n累计登录250天
800,43,2017-07-01 01:00:00,2050-01-01 04:59:59,330006,150,宝石,达成\n累计登录300天
800,43,2017-07-01 01:00:00,2050-01-01 04:59:59,330007,150,宝石,达成\n累计登录350天
800,43,2017-07-01 01:00:00,2050-01-01 04:59:59,330008,150,宝石,达成\n累计登录400天
800,43,2017-07-01 01:00:00,2050-01-01 04:59:59,330009,150,宝石,达成\n累计登录450天
800,43,2017-07-01 01:00:00,2050-01-01 04:59:59,330010,150,宝石,达成\n累计登录500天
800,43,2017-07-01 01:00:00,2050-01-01 04:59:59,330011,150,宝石,达成\n累计登录550天
800,43,2017-07-01 01:00:00,2050-01-01 04:59:59,330012,150,宝石,达成\n累计登录600天
800,43,2017-07-01 01:00:00,2050-01-01 04:59:59,330013,150,宝石,达成\n累计登录650天
800,43,2017-07-01 01:00:00,2050-01-01 04:59:59,330014,150,宝石,达成\n累计登录700天
800,43,2017-07-01 01:00:00,2050-01-01 04:59:59,330015,150,宝石,达成\n累计登录750天
800,43,2017-07-01 01:00:00,2050-01-01 04:59:59,330016,150,宝石,达成\n累计登录800天
800,43,2017-07-01 01:00:00,2050-01-01 04:59:59,330017,150,宝石,达成\n累计登录850天
800,43,2017-07-01 01:00:00,2050-01-01 04:59:59,330018,150,宝石,达成\n累计登录900天
800,43,2017-07-01 01:00:00,2050-01-01 04:59:59,330019,150,宝石,达成\n累计登录950天
800,43,2017-07-01 01:00:00,2050-01-01 04:59:59,330020,1500,宝石,达成\n累计登录1000天
3,43,2017-07-01 01:00:00,2050-01-01 04:59:59,330100,150,宝石,加入社团
9,43,2017-07-01 01:00:00,2050-01-01 04:59:59,330200,150,宝石,在养成中取得URA总决赛决赛\n的胜利
4,43,2017-07-01 01:00:00,2050-01-01 04:59:59,330300,30,宝石,在个人资料中设置生日
6,43,2017-07-01 01:00:00,2050-01-01 04:59:59,330400,30,宝石,变更称号
7,43,2017-01-01 00:00:00,2050-01-01 04:59:59,330410,30,宝石,观看主线剧情\n第1部第1章第1话
7,43,2017-01-01 00:00:00,2050-01-01 04:59:59,330411,30,宝石,观看主线剧情\n第1部第2章第1话
7,43,2023-10-30 12:00:00,2050-01-01 04:59:59,330412,30,宝石,观看主线剧情\n第1部第3章第1话
7,43,2024-01-23 12:00:00,2050-01-01 04:59:59,330413,30,宝石,观看主线剧情\n第1部第4章第1话
7,43,2025-07-21 12:00:00,2050-01-01 04:59:59,330414,30,宝石,观看主线剧情\n第1部第5章第1话
7,43,2025-09-27 12:00:00,2050-01-01 04:59:59,330415,30,宝石,观看主线剧情第1部\n最终章前篇第1话
7,43,2025-12-12 12:00:00,2050-01-01 04:59:59,330416,30,宝石,观看主线剧情第1部\n最终章后篇第14话
1,43,2017-07-01 01:00:00,2050-01-01 04:59:59,330500,30,宝石,变更主页设置
5,43,2017-07-01 01:00:00,2050-01-01 04:59:59,330600,30,宝石,个人资料中变更\n优俊少女设置
8,43,2049-07-01 01:00:00,2050-01-01 04:59:59,330700,1000,宝石,完成手机绑定\n重新登录游戏领取奖励吧
10,59,2022-02-14 12:00:00,2050-01-01 04:59:59,330900,3000,金币,在点唱机中\n点赞1次
11,43,2022-02-14 12:00:00,2050-01-01 04:59:59,330910,30,宝石,在点唱机\n点播1次歌曲
15,43,2022-04-22 12:00:00,2050-01-01 04:59:59,331000,30,宝石,编辑训练员名片1次
16,110,2022-04-22 12:00:00,2050-01-01 04:59:59,331100,2000,协助积分,在主线剧情中保存1次照片
17,59,2022-04-22 12:00:00,2050-01-01 04:59:59,331110,4000,金币,在照片一览中收藏1次照片
18,43,2022-05-30 12:00:00,2050-01-01 04:59:59,331200,30,宝石,更换服装1次
822,43,2017-07-01 01:00:00,2050-01-01 04:59:59,331500,30,宝石,提高亲密度等级1次
822,43,2017-07-01 01:00:00,2050-01-01 04:59:59,331501,30,宝石,提高亲密度等级3次
822,43,2017-07-01 01:00:00,2050-01-01 04:59:59,331502,60,宝石,提高亲密度等级5次
822,43,2017-07-01 01:00:00,2050-01-01 04:59:59,331503,80,宝石,提高亲密度等级10次
822,43,2017-07-01 01:00:00,2050-01-01 04:59:59,331504,80,宝石,提高亲密度等级15次
822,43,2017-07-01 01:00:00,2050-01-01 04:59:59,331505,80,宝石,提高亲密度等级20次
822,43,2017-07-01 01:00:00,2050-01-01 04:59:59,331506,80,宝石,提高亲密度等级25次
822,43,2017-07-01 01:00:00,2050-01-01 04:59:59,331507,80,宝石,提高亲密度等级30次
822,43,2017-07-01 01:00:00,2050-01-01 04:59:59,331508,80,宝石,提高亲密度等级35次
822,43,2017-07-01 01:00:00,2050-01-01 04:59:59,331509,80,宝石,提高亲密度等级40次
822,43,2017-07-01 01:00:00,2050-01-01 04:59:59,331510,80,宝石,提高亲密度等级45次
822,43,2017-07-01 01:00:00,2050-01-01 04:59:59,331511,80,宝石,提高亲密度等级50次
822,43,2017-07-01 01:00:00,2050-01-01 04:59:59,331512,80,宝石,提高亲密度等级60次
822,43,2017-07-01 01:00:00,2050-01-01 04:59:59,331513,80,宝石,提高亲密度等级70次
822,43,2017-07-01 01:00:00,2050-01-01 04:59:59,331514,80,宝石,提高亲密度等级80次
822,43,2017-07-01 01:00:00,2050-01-01 04:59:59,331515,80,宝石,提高亲密度等级90次
822,43,2017-07-01 01:00:00,2050-01-01 04:59:59,331516,100,宝石,提高亲密度等级100次
822,43,2017-07-01 01:00:00,2050-01-01 04:59:59,331517,100,宝石,提高亲密度等级120次
822,43,2017-07-01 01:00:00,2050-01-01 04:59:59,331518,100,宝石,提高亲密度等级140次
822,43,2017-07-01 01:00:00,2050-01-01 04:59:59,331519,100,宝石,提高亲密度等级160次
822,43,2017-07-01 01:00:00,2050-01-01 04:59:59,331520,100,宝石,提高亲密度等级180次
822,43,2017-07-01 01:00:00,2050-01-01 04:59:59,331521,200,宝石,提高亲密度等级200次
822,43,2017-07-01 01:00:00,2050-01-01 04:59:59,331522,200,宝石,提高亲密度等级220次
822,43,2017-07-01 01:00:00,2050-01-01 04:59:59,331523,200,宝石,提高亲密度等级240次
822,43,2017-07-01 01:00:00,2050-01-01 04:59:59,331524,200,宝石,提高亲密度等级260次
822,43,2017-07-01 01:00:00,2050-01-01 04:59:59,331525,200,宝石,提高亲密度等级280次
822,43,2017-07-01 01:00:00,2050-01-01 04:59:59,331526,300,宝石,提高亲密度等级300次
822,43,2017-07-01 01:00:00,2050-01-01 04:59:59,331527,300,宝石,提高亲密度等级350次
822,43,2017-07-01 01:00:00,2050-01-01 04:59:59,331528,300,宝石,提高亲密度等级400次
822,43,2017-07-01 01:00:00,2050-01-01 04:59:59,331529,300,宝石,提高亲密度等级450次
822,43,2017-07-01 01:00:00,2050-01-01 04:59:59,331530,500,宝石,提高亲密度等级500次
822,43,2017-07-01 01:00:00,2050-01-01 04:59:59,331531,500,宝石,提高亲密度等级550次
822,43,2017-07-01 01:00:00,2050-01-01 04:59:59,331532,500,宝石,提高亲密度等级600次
822,43,2017-07-01 01:00:00,2050-01-01 04:59:59,331533,500,宝石,提高亲密度等级650次
822,43,2017-07-01 01:00:00,2050-01-01 04:59:59,331534,500,宝石,提高亲密度等级700次
822,43,2017-07-01 01:00:00,2050-01-01 04:59:59,331535,500,宝石,提高亲密度等级750次
822,43,2017-07-01 01:00:00,2050-01-01 04:59:59,331536,500,宝石,提高亲密度等级800次
822,43,2017-07-01 01:00:00,2050-01-01 04:59:59,331537,500,宝石,提高亲密度等级850次
822,43,2017-07-01 01:00:00,2050-01-01 04:59:59,331538,500,宝石,提高亲密度等级900次
822,43,2017-07-01 01:00:00,2050-01-01 04:59:59,331539,500,宝石,提高亲密度等级950次
822,43,2017-07-01 01:00:00,2050-01-01 04:59:59,331540,1000,宝石,提高亲密度等级1000次
823,43,2017-07-01 01:00:00,2050-01-01 04:59:59,331600,30,宝石,1位优俊少女\n粉丝数达到至少100万人
823,43,2017-07-01 01:00:00,2050-01-01 04:59:59,331601,30,宝石,2位优俊少女\n粉丝数达到至少100万人
823,43,2017-07-01 01:00:00,2050-01-01 04:59:59,331602,30,宝石,3位优俊少女\n粉丝数达到至少100万人
823,43,2017-07-01 01:00:00,2050-01-01 04:59:59,331603,30,宝石,4位优俊少女\n粉丝数达到至少100万人
823,43,2017-07-01 01:00:00,2050-01-01 04:59:59,331604,30,宝石,5位优俊少女\n粉丝数达到至少100万人
823,43,2017-07-01 01:00:00,2050-01-01 04:59:59,331605,30,宝石,6位优俊少女\n粉丝数达到至少100万人
823,43,2017-07-01 01:00:00,2050-01-01 04:59:59,331606,30,宝石,7位优俊少女\n粉丝数达到至少100万人
823,43,2017-07-01 01:00:00,2050-01-01 04:59:59,331607,30,宝石,8位优俊少女\n粉丝数达到至少100万人
823,43,2017-07-01 01:00:00,2050-01-01 04:59:59,331608,30,宝石,9位优俊少女\n粉丝数达到至少100万人
823,43,2017-07-01 01:00:00,2050-01-01 04:59:59,331609,50,宝石,10位优俊少女\n粉丝数达到至少100万人
823,43,2017-07-01 01:00:00,2050-01-01 04:59:59,331610,50,宝石,15位优俊少女\n粉丝数达到至少100万人
823,43,2017-07-01 01:00:00,2050-01-01 04:59:59,331611,50,宝石,20位优俊少女\n粉丝数达到至少100万人
823,43,2017-07-01 01:00:00,2050-01-01 04:59:59,331612,50,宝石,25位优俊少女\n粉丝数达到至少100万人
823,43,2017-07-01 01:00:00,2050-01-01 04:59:59,331613,50,宝石,30位优俊少女\n粉丝数达到至少100万人
823,43,2017-07-01 01:00:00,2050-01-01 04:59:59,331614,50,宝石,35位优俊少女\n粉丝数达到至少100万人
823,43,2017-07-01 01:00:00,2050-01-01 04:59:59,331615,50,宝石,40位优俊少女\n粉丝数达到至少100万人
823,43,2017-07-01 01:00:00,2050-01-01 04:59:59,331616,50,宝石,45位优俊少女\n粉丝数达到至少100万人
823,43,2017-07-01 01:00:00,2050-01-01 04:59:59,331617,50,宝石,50位优俊少女\n粉丝数达到至少100万人
823,43,2017-07-01 01:00:00,2050-01-01 04:59:59,331618,50,宝石,55位优俊少女\n粉丝数达到至少100万人
823,43,2017-07-01 01:00:00,2050-01-01 04:59:59,331619,50,宝石,60位优俊少女\n粉丝数达到至少100万人
823,43,2017-07-01 01:00:00,2050-01-01 04:59:59,331620,50,宝石,65位优俊少女\n粉丝数达到至少100万人
823,43,2017-07-01 01:00:00,2050-01-01 04:59:59,331621,50,宝石,70位优俊少女\n粉丝数达到至少100万人
823,43,2017-07-01 01:00:00,2050-01-01 04:59:59,331622,50,宝石,75位优俊少女\n粉丝数达到至少100万人
823,43,2017-07-01 01:00:00,2050-01-01 04:59:59,331623,50,宝石,80位优俊少女\n粉丝数达到至少100万人
823,43,2017-07-01 01:00:00,2050-01-01 04:59:59,331624,50,宝石,85位优俊少女\n粉丝数达到至少100万人
823,43,2017-07-01 01:00:00,2050-01-01 04:59:59,331625,50,宝石,90位优俊少女\n粉丝数达到至少100万人
823,43,2017-07-01 01:00:00,2050-01-01 04:59:59,331626,50,宝石,95位优俊少女\n粉丝数达到至少100万人
823,43,2017-07-01 01:00:00,2050-01-01 04:59:59,331627,50,宝石,100位优俊少女\n粉丝数达到至少100万人
823,43,2017-07-01 01:00:00,2050-01-01 04:59:59,331628,50,宝石,110位优俊少女\n粉丝数达到至少100万人
823,43,2017-07-01 01:00:00,2050-01-01 04:59:59,331629,50,宝石,120位优俊少女\n粉丝数达到至少100万人
823,43,2017-07-01 01:00:00,2050-01-01 04:59:59,331630,50,宝石,130位优俊少女\n粉丝数达到至少100万人
823,43,2017-07-01 01:00:00,2050-01-01 04:59:59,331631,50,宝石,140位优俊少女\n粉丝数达到至少100万人
823,43,2017-07-01 01:00:00,2050-01-01 04:59:59,331632,50,宝石,150位优俊少女\n粉丝数达到至少100万人
823,43,2017-07-01 01:00:00,2050-01-01 04:59:59,331633,50,宝石,160位优俊少女\n粉丝数达到至少100万人
823,43,2017-07-01 01:00:00,2050-01-01 04:59:59,331634,50,宝石,170位优俊少女\n粉丝数达到至少100万人
823,43,2017-07-01 01:00:00,2050-01-01 04:59:59,331635,50,宝石,180位优俊少女\n粉丝数达到至少100万人
823,43,2017-07-01 01:00:00,2050-01-01 04:59:59,331636,50,宝石,190位优俊少女\n粉丝数达到至少100万人
823,43,2017-07-01 01:00:00,2050-01-01 04:59:59,331637,50,宝石,200位优俊少女\n粉丝数达到至少100万人
740,43,2017-07-01 01:00:00,2050-01-01 04:59:59,333000,10,宝石,获得\n10种协助卡
740,43,2017-07-01 01:00:00,2050-01-01 04:59:59,333001,10,宝石,获得\n15种协助卡
740,43,2017-07-01 01:00:00,2050-01-01 04:59:59,333002,10,宝石,获得\n20种协助卡
740,43,2017-07-01 01:00:00,2050-01-01 04:59:59,333003,10,宝石,获得\n25种协助卡
740,43,2017-07-01 01:00:00,2050-01-01 04:59:59,333004,10,宝石,获得\n30种协助卡
740,43,2017-07-01 01:00:00,2050-01-01 04:59:59,333005,10,宝石,获得\n35种协助卡
740,43,2017-07-01 01:00:00,2050-01-01 04:59:59,333006,30,宝石,获得\n40种协助卡
740,43,2017-07-01 01:00:00,2050-01-01 04:59:59,333007,30,宝石,获得\n45种协助卡
740,43,2017-07-01 01:00:00,2050-01-01 04:59:59,333008,30,宝石,获得\n50种协助卡
740,43,2017-07-01 01:00:00,2050-01-01 04:59:59,333009,30,宝石,获得\n55种协助卡
740,43,2017-07-01 01:00:00,2050-01-01 04:59:59,333010,50,宝石,获得\n60种协助卡
740,43,2017-07-01 01:00:00,2050-01-01 04:59:59,333011,50,宝石,获得\n65种协助卡
740,43,2017-07-01 01:00:00,2050-01-01 04:59:59,333012,50,宝石,获得\n70种协助卡
740,43,2017-07-01 01:00:00,2050-01-01 04:59:59,333013,50,宝石,获得\n75种协助卡
740,43,2017-07-01 01:00:00,2050-01-01 04:59:59,333014,50,宝石,获得\n80种协助卡
740,43,2017-07-01 01:00:00,2050-01-01 04:59:59,333015,50,宝石,获得\n85种协助卡
740,43,2017-07-01 01:00:00,2050-01-01 04:59:59,333016,50,宝石,获得\n90种协助卡
740,43,2017-07-01 01:00:00,2050-01-01 04:59:59,333017,50,宝石,获得\n95种协助卡
740,43,2017-07-01 01:00:00,2050-01-01 04:59:59,333018,50,宝石,获得\n100种协助卡
740,43,2017-07-01 01:00:00,2050-01-01 04:59:59,333019,50,宝石,获得\n105种协助卡
740,43,2017-07-01 01:00:00,2050-01-01 04:59:59,333020,50,宝石,获得\n110种协助卡
740,43,2017-07-01 01:00:00,2050-01-01 04:59:59,333021,50,宝石,获得\n115种协助卡
740,43,2017-07-01 01:00:00,2050-01-01 04:59:59,333022,50,宝石,获得\n120种协助卡
740,43,2017-07-01 01:00:00,2050-01-01 04:59:59,333023,50,宝石,获得\n125种协助卡
740,43,2017-07-01 01:00:00,2050-01-01 04:59:59,333024,50,宝石,获得\n130种协助卡
740,43,2017-07-01 01:00:00,2050-01-01 04:59:59,333025,50,宝石,获得\n135种协助卡
740,43,2017-07-01 01:00:00,2050-01-01 04:59:59,333026,50,宝石,获得\n140种协助卡
740,43,2017-07-01 01:00:00,2050-01-01 04:59:59,333027,50,宝石,获得\n145种协助卡
740,43,2017-07-01 01:00:00,2050-01-01 04:59:59,333028,50,宝石,获得\n150种协助卡
740,43,2017-07-01 01:00:00,2050-01-01 04:59:59,333029,50,宝石,获得\n155种协助卡
740,43,2017-07-01 01:00:00,2050-01-01 04:59:59,333030,50,宝石,获得\n160种协助卡
740,43,2017-07-01 01:00:00,2050-01-01 04:59:59,333031,50,宝石,获得\n165种协助卡
740,43,2017-07-01 01:00:00,2050-01-01 04:59:59,333032,50,宝石,获得\n170种协助卡
740,43,2017-07-01 01:00:00,2050-01-01 04:59:59,333033,50,宝石,获得\n175种协助卡
740,43,2017-07-01 01:00:00,2050-01-01 04:59:59,333034,50,宝石,获得\n180种协助卡
740,43,2017-07-01 01:00:00,2050-01-01 04:59:59,333035,50,宝石,获得\n185种协助卡
740,43,2017-07-01 01:00:00,2050-01-01 04:59:59,333036,50,宝石,获得\n190种协助卡
740,43,2017-07-01 01:00:00,2050-01-01 04:59:59,333037,50,宝石,获得\n195种协助卡
740,43,2017-07-01 01:00:00,2050-01-01 04:59:59,333038,50,宝石,获得\n200种协助卡
740,43,2017-07-01 01:00:00,2050-01-01 04:59:59,333039,50,宝石,获得\n205种协助卡
740,43,2017-07-01 01:00:00,2050-01-01 04:59:59,333040,50,宝石,获得\n210种协助卡
740,43,2017-07-01 01:00:00,2050-01-01 04:59:59,333041,50,宝石,获得\n215种协助卡
740,43,2017-07-01 01:00:00,2050-01-01 04:59:59,333042,50,宝石,获得\n220种协助卡
740,43,2017-07-01 01:00:00,2050-01-01 04:59:59,333043,50,宝石,获得\n225种协助卡
740,43,2017-07-01 01:00:00,2050-01-01 04:59:59,333044,50,宝石,获得\n230种协助卡
740,43,2017-07-01 01:00:00,2050-01-01 04:59:59,333045,50,宝石,获得\n235种协助卡
740,43,2017-07-01 01:00:00,2050-01-01 04:59:59,333046,50,宝石,获得\n240种协助卡
740,43,2017-07-01 01:00:00,2050-01-01 04:59:59,333047,50,宝石,获得\n245种协助卡
740,43,2017-07-01 01:00:00,2050-01-01 04:59:59,333048,50,宝石,获得\n250种协助卡
740,43,2017-07-01 01:00:00,2050-01-01 04:59:59,333049,50,宝石,获得\n255种协助卡
740,43,2017-07-01 01:00:00,2050-01-01 04:59:59,333050,50,宝石,获得\n260种协助卡
740,43,2017-07-01 01:00:00,2050-01-01 04:59:59,333051,50,宝石,获得\n265种协助卡
740,43,2017-07-01 01:00:00,2050-01-01 04:59:59,333052,50,宝石,获得\n270种协助卡
740,43,2017-07-01 01:00:00,2050-01-01 04:59:59,333053,50,宝石,获得\n275种协助卡
740,43,2017-07-01 01:00:00,2050-01-01 04:59:59,333054,50,宝石,获得\n280种协助卡
740,43,2017-07-01 01:00:00,2050-01-01 04:59:59,333055,50,宝石,获得\n285种协助卡
740,43,2017-07-01 01:00:00,2050-01-01 04:59:59,333056,50,宝石,获得\n290种协助卡
740,43,2017-07-01 01:00:00,2050-01-01 04:59:59,333057,50,宝石,获得\n295种协助卡
740,43,2017-07-01 01:00:00,2050-01-01 04:59:59,333058,50,宝石,获得\n300种协助卡
1100,43,2017-07-01 01:00:00,2050-01-01 04:59:59,334000,50,宝石,获得\n5位优俊少女（含不同服装）
1100,43,2017-07-01 01:00:00,2050-01-01 04:59:59,334001,50,宝石,获得\n10位优俊少女（含不同服装）
1100,43,2017-07-01 01:00:00,2050-01-01 04:59:59,334002,50,宝石,获得\n15位优俊少女（含不同服装）
1100,43,2017-07-01 01:00:00,2050-01-01 04:59:59,334003,50,宝石,获得\n20位优俊少女（含不同服装）
1100,43,2017-07-01 01:00:00,2050-01-01 04:59:59,334004,50,宝石,获得\n25位优俊少女（含不同服装）
1100,43,2017-07-01 01:00:00,2050-01-01 04:59:59,334005,50,宝石,获得\n30位优俊少女（含不同服装）
1100,43,2017-07-01 01:00:00,2050-01-01 04:59:59,334006,50,宝石,获得\n35位优俊少女（含不同服装）
1100,43,2017-07-01 01:00:00,2050-01-01 04:59:59,334007,50,宝石,获得\n40位优俊少女（含不同服装）
1100,43,2017-07-01 01:00:00,2050-01-01 04:59:59,334008,50,宝石,获得\n45位优俊少女（含不同服装）
1100,43,2017-07-01 01:00:00,2050-01-01 04:59:59,334009,50,宝石,获得\n50位优俊少女（含不同服装）
1100,43,2017-07-01 01:00:00,2050-01-01 04:59:59,334010,50,宝石,获得\n55位优俊少女（含不同服装）
1100,43,2017-07-01 01:00:00,2050-01-01 04:59:59,334011,50,宝石,获得\n60位优俊少女（含不同服装）
1100,43,2017-07-01 01:00:00,2050-01-01 04:59:59,334012,50,宝石,获得\n65位优俊少女（含不同服装）
1100,43,2017-07-01 01:00:00,2050-01-01 04:59:59,334013,50,宝石,获得\n70位优俊少女（含不同服装）
1100,43,2017-07-01 01:00:00,2050-01-01 04:59:59,334014,50,宝石,获得\n75位优俊少女（含不同服装）
1100,43,2017-07-01 01:00:00,2050-01-01 04:59:59,334015,50,宝石,获得\n80位优俊少女（含不同服装）
1100,43,2017-07-01 01:00:00,2050-01-01 04:59:59,334016,50,宝石,获得\n85位优俊少女（含不同服装）
1100,43,2017-07-01 01:00:00,2050-01-01 04:59:59,334017,50,宝石,获得\n90位优俊少女（含不同服装）
1100,43,2017-07-01 01:00:00,2050-01-01 04:59:59,334018,50,宝石,获得\n95位优俊少女（含不同服装）
1100,43,2017-07-01 01:00:00,2050-01-01 04:59:59,334019,50,宝石,获得\n100位优俊少女（含不同服装）
1100,43,2017-07-01 01:00:00,2050-01-01 04:59:59,334020,50,宝石,获得\n105位优俊少女（含不同服装）
1100,43,2017-07-01 01:00:00,2050-01-01 04:59:59,334021,50,宝石,获得\n110位优俊少女（含不同服装）
1100,43,2017-07-01 01:00:00,2050-01-01 04:59:59,334022,50,宝石,获得\n115位优俊少女（含不同服装）
1100,43,2017-07-01 01:00:00,2050-01-01 04:59:59,334023,50,宝石,获得\n120位优俊少女（含不同服装）
1100,43,2017-07-01 01:00:00,2050-01-01 04:59:59,334024,50,宝石,获得\n125位优俊少女（含不同服装）
1100,43,2017-07-01 01:00:00,2050-01-01 04:59:59,334025,50,宝石,获得\n130位优俊少女（含不同服装）
1100,43,2017-07-01 01:00:00,2050-01-01 04:59:59,334026,50,宝石,获得\n135位优俊少女（含不同服装）
1100,43,2017-07-01 01:00:00,2050-01-01 04:59:59,334027,50,宝石,获得\n140位优俊少女（含不同服装）
1100,43,2017-07-01 01:00:00,2050-01-01 04:59:59,334028,50,宝石,获得\n145位优俊少女（含不同服装）
1100,43,2017-07-01 01:00:00,2050-01-01 04:59:59,334029,50,宝石,获得\n150位优俊少女（含不同服装）
1100,43,2017-07-01 01:00:00,2050-01-01 04:59:59,334030,50,宝石,获得\n155位优俊少女（含不同服装）
1100,43,2017-07-01 01:00:00,2050-01-01 04:59:59,334031,50,宝石,获得\n160位优俊少女（含不同服装）
1100,43,2017-07-01 01:00:00,2050-01-01 04:59:59,334032,50,宝石,获得\n165位优俊少女（含不同服装）
1100,43,2017-07-01 01:00:00,2050-01-01 04:59:59,334033,50,宝石,获得\n170位优俊少女（含不同服装）
1100,43,2017-07-01 01:00:00,2050-01-01 04:59:59,334034,50,宝石,获得\n175位优俊少女（含不同服装）
1100,43,2017-07-01 01:00:00,2050-01-01 04:59:59,334035,50,宝石,获得\n180位优俊少女（含不同服装）
1100,43,2017-07-01 01:00:00,2050-01-01 04:59:59,334036,50,宝石,获得\n185位优俊少女（含不同服装）
1100,43,2017-07-01 01:00:00,2050-01-01 04:59:59,334037,50,宝石,获得\n190位优俊少女（含不同服装）
1100,43,2017-07-01 01:00:00,2050-01-01 04:59:59,334038,50,宝石,获得\n195位优俊少女（含不同服装）
1100,43,2017-07-01 01:00:00,2050-01-01 04:59:59,334039,50,宝石,获得\n200位优俊少女（含不同服装）
1500,43,2017-07-01 01:00:00,2050-01-01 04:59:59,340000,50,宝石,特别周的\n亲密度等级达到1级
1501,43,2017-07-01 01:00:00,2050-01-01 04:59:59,340001,50,宝石,无声铃鹿的\n亲密度等级达到1级
1502,43,2017-07-01 01:00:00,2050-01-01 04:59:59,340002,50,宝石,东海帝王的\n亲密度等级达到1级
1503,43,2017-07-01 01:00:00,2050-01-01 04:59:59,340003,50,宝石,丸善斯基的\n亲密度等级达到1级
1504,43,2024-01-15 12:00:00,2050-01-01 04:59:59,340004,50,宝石,富士奇石的\n亲密度等级达到1级
1505,43,2017-07-01 01:00:00,2050-01-01 04:59:59,340005,50,宝石,小栗帽的\n亲密度等级达到1级
1506,43,2017-07-01 01:00:00,2050-01-01 04:59:59,340006,50,宝石,黄金船的\n亲密度等级达到1级
1507,43,2017-07-01 01:00:00,2050-01-01 04:59:59,340007,50,宝石,伏特加的\n亲密度等级达到1级
1508,43,2017-07-01 01:00:00,2050-01-01 04:59:59,340008,50,宝石,大和赤骥的\n亲密度等级达到1级
1509,43,2017-07-01 01:00:00,2050-01-01 04:59:59,340009,50,宝石,大树快车的\n亲密度等级达到1级
1510,43,2017-07-01 01:00:00,2050-01-01 04:59:59,340010,50,宝石,草上飞的\n亲密度等级达到1级
1511,43,2023-12-25 12:00:00,2050-01-01 04:59:59,340011,50,宝石,菱亚马逊的\n亲密度等级达到1级
1512,43,2017-07-01 01:00:00,2050-01-01 04:59:59,340012,50,宝石,目白麦昆的\n亲密度等级达到1级
1513,43,2017-07-01 01:00:00,2050-01-01 04:59:59,340013,50,宝石,神鹰的\n亲密度等级达到1级
1514,43,2023-09-05 12:00:00,2050-01-01 04:59:59,340014,50,宝石,好歌剧的\n亲密度等级达到1级
1515,43,2017-07-01 01:00:00,2050-01-01 04:59:59,340015,50,宝石,鲁道夫象征的\n亲密度等级达到1级
1516,43,2017-07-01 01:00:00,2050-01-01 04:59:59,340016,50,宝石,气槽的\n亲密度等级达到1级
1517,43,2023-12-14 12:00:00,2050-01-01 04:59:59,340017,50,宝石,青云天空的\n亲密度等级达到1级
1518,43,2017-07-01 01:00:00,2050-01-01 04:59:59,340018,50,宝石,重炮的\n亲密度等级达到1级
1519,43,2017-07-01 01:00:00,2050-01-01 04:59:59,340019,50,宝石,目白莱恩的\n亲密度等级达到1级
1520,43,2017-07-01 01:00:00,2050-01-01 04:59:59,340020,50,宝石,米浴的\n亲密度等级达到1级
1521,43,2017-07-01 01:00:00,2050-01-01 04:59:59,340021,50,宝石,爱丽速子的\n亲密度等级达到1级
1522,43,2017-07-01 01:00:00,2050-01-01 04:59:59,340022,50,宝石,胜利奖券的\n亲密度等级达到1级
1523,43,2024-01-23 12:00:00,2050-01-01 04:59:59,340023,50,宝石,黄金城的\n亲密度等级达到1级
1524,43,2017-07-01 01:00:00,2050-01-01 04:59:59,340024,50,宝石,樱花进王的\n亲密度等级达到1级
1525,43,2017-07-01 01:00:00,2050-01-01 04:59:59,340025,50,宝石,超级溪流的\n亲密度等级达到1级
1526,43,2017-07-01 01:00:00,2050-01-01 04:59:59,340026,50,宝石,春乌菈菈的\n亲密度等级达到1级
1527,43,2017-07-01 01:00:00,2050-01-01 04:59:59,340027,50,宝石,待兼福来的\n亲密度等级达到1级
1528,43,2017-07-01 01:00:00,2050-01-01 04:59:59,340028,50,宝石,优秀素质的\n亲密度等级达到1级
1529,43,2017-07-01 01:00:00,2050-01-01 04:59:59,340029,50,宝石,帝王光辉的\n亲密度等级达到1级
1530,43,2023-09-12 12:00:00,2050-01-01 04:59:59,340030,50,宝石,美浦波旁的\n亲密度等级达到1级
1531,43,2023-09-21 12:00:00,2050-01-01 04:59:59,340031,50,宝石,琵琶晨光的\n亲密度等级达到1级
1532,43,2023-10-19 12:00:00,2050-01-01 04:59:59,340032,50,宝石,真机伶的\n亲密度等级达到1级
1533,43,2023-10-30 12:00:00,2050-01-01 04:59:59,340033,50,宝石,成田大进的\n亲密度等级达到1级
1534,43,2023-11-09 12:00:00,2050-01-01 04:59:59,340034,50,宝石,醒目飞鹰的\n亲密度等级达到1级
1535,43,2023-11-20 12:00:00,2050-01-01 04:59:59,340035,50,宝石,成田白仁的\n亲密度等级达到1级
1536,43,2024-02-14 12:00:00,2050-01-01 04:59:59,340036,50,宝石,名将怒涛的\n亲密度等级达到1级
1537,43,2024-02-23 12:00:00,2050-01-01 04:59:59,340037,50,宝石,荣进闪耀的\n亲密度等级达到1级
1538,43,2025-05-26 12:00:00,2050-01-01 04:59:59,340038,50,宝石,菱曙的\n亲密度等级达到1级
1539,43,2025-05-29 12:00:00,2050-01-01 04:59:59,340039,50,宝石,爱丽数码的\n亲密度等级达到1级
1540,43,2025-06-12 12:00:00,2050-01-01 04:59:59,340040,50,宝石,川上公主的\n亲密度等级达到1级
1541,43,2025-06-18 12:00:00,2050-01-01 04:59:59,340041,50,宝石,曼城茶座的\n亲密度等级达到1级
1542,43,2025-06-30 12:00:00,2050-01-01 04:59:59,340042,50,宝石,岛川乔丹的\n亲密度等级达到1级
1543,43,2025-07-04 12:00:00,2050-01-01 04:59:59,340043,50,宝石,目白多伯的\n亲密度等级达到1级
1544,43,2025-07-17 12:00:00,2050-01-01 04:59:59,340044,50,宝石,美妙姿势的\n亲密度等级达到1级
1545,43,2025-07-21 12:00:00,2050-01-01 04:59:59,340045,50,宝石,玉藻十字的\n亲密度等级达到1级
1546,43,2025-08-11 12:00:00,2050-01-01 04:59:59,340046,50,宝石,樱花千代王的\n亲密度等级达到1级
1547,43,2025-08-25 12:00:00,2050-01-01 04:59:59,340047,50,宝石,目白雅丹的\n亲密度等级达到1级
1548,43,2025-08-28 12:00:00,2050-01-01 04:59:59,340048,50,宝石,爱慕织姬的\n亲密度等级达到1级
1549,43,2025-09-05 12:00:00,2050-01-01 04:59:59,340049,50,宝石,北部玄驹的\n亲密度等级达到1级
1550,43,2025-09-05 12:00:00,2050-01-01 04:59:59,340050,50,宝石,待兼唐怀瑟的\n亲密度等级达到1级
1551,43,2025-09-16 12:00:00,2050-01-01 04:59:59,340051,50,宝石,里见光钻的\n亲密度等级达到1级
1552,43,2025-09-27 12:00:00,2050-01-01 04:59:59,340052,50,宝石,目白光明的\n亲密度等级达到1级
1553,43,2025-10-06 12:00:00,2050-01-01 04:59:59,340053,50,宝石,西野花的\n亲密度等级达到1级
1554,43,2025-10-13 12:00:00,2050-01-01 04:59:59,340054,50,宝石,八重无敌的\n亲密度等级达到1级
1555,43,2025-10-30 12:00:00,2050-01-01 04:59:59,340055,50,宝石,艾尼风神的\n亲密度等级达到1级
1556,43,2025-11-03 12:00:00,2050-01-01 04:59:59,340056,50,宝石,目白善信的\n亲密度等级达到1级
1557,43,2025-11-17 12:00:00,2050-01-01 04:59:59,340057,50,宝石,稻荷一的\n亲密度等级达到1级
1558,43,2025-11-23 12:00:00,2050-01-01 04:59:59,340058,50,宝石,东商变革的\n亲密度等级达到1级
1559,43,2025-12-05 12:00:00,2050-01-01 04:59:59,340059,50,宝石,空中神宫的\n亲密度等级达到1级
30,100102,2017-07-01 01:00:00,2050-01-01 04:59:59,600101,1,,团队等级达到[D]级
30,100103,2017-07-01 01:00:00,2050-01-01 04:59:59,600102,1,,团队等级达到[B]级
30,100104,2017-07-01 01:00:00,2050-01-01 04:59:59,600103,1,,团队等级达到[A]级
30,100105,2017-07-01 01:00:00,2050-01-01 04:59:59,600104,1,,团队等级达到[S]级
30,100106,2017-07-01 01:00:00,2050-01-01 04:59:59,600105,1,,团队等级达到[SS]级
40,100201,2017-07-01 01:00:00,2050-01-01 04:59:59,600201,1,,养成10次\n养成等级[S]或以上的优俊少女
40,100202,2017-07-01 01:00:00,2050-01-01 04:59:59,600202,1,,养成50次\n养成等级[S]或以上的优俊少女
40,100203,2017-07-01 01:00:00,2050-01-01 04:59:59,600203,1,,养成200次\n养成等级[S]或以上的优俊少女
40,100204,2017-07-01 01:00:00,2050-01-01 04:59:59,600204,1,,养成500次\n养成等级[S]或以上的优俊少女
41,100301,2017-07-01 01:00:00,2050-01-01 04:59:59,600301,1,,在一级赛事中取得100场胜利
41,100302,2017-07-01 01:00:00,2050-01-01 04:59:59,600302,1,,在一级赛事中取得500场胜利
41,100303,2017-07-01 01:00:00,2050-01-01 04:59:59,600303,1,,在一级赛事中取得1000场胜利
41,100304,2017-07-01 01:00:00,2050-01-01 04:59:59,600304,1,,在一级赛事中取得2000场胜利
42,100401,2017-07-01 01:00:00,2050-01-01 04:59:59,600401,1,,收集\n69个三级赛事奖杯
43,100402,2017-07-01 01:00:00,2050-01-01 04:59:59,600402,1,,收集\n36个二级赛事奖杯
44,100403,2017-07-01 01:00:00,2050-01-01 04:59:59,600403,1,,收集\n30个一级赛事奖杯
45,100150,2017-07-01 01:00:00,2050-01-01 04:59:59,600404,1,,在养成中取得URA总决赛决赛\n的胜利
46,100151,2017-07-01 01:00:00,2050-01-01 04:59:59,600405,1,,在养成中取得\n八大赛事的胜利
2000,502201,2021-08-30 12:00:00,2050-01-01 04:59:59,600406,1,,在青春杯取得优胜
2001,502202,2021-08-30 12:00:00,2050-01-01 04:59:59,600407,1,,在青春杯中＜胡萝卜＞队的\n综合实力达到S
2002,502203,2021-08-30 12:00:00,2050-01-01 04:59:59,600408,1,,在青春杯中HOP CHEERS的\n综合实力达到S
2003,502204,2021-08-30 12:00:00,2050-01-01 04:59:59,600409,1,,在青春杯中晴天跑者的\n综合实力达到S
2004,502205,2021-08-30 12:00:00,2050-01-01 04:59:59,600410,1,,在青春杯中胡萝卜布丁的\n综合实力达到S
2005,502206,2021-08-30 12:00:00,2050-01-01 04:59:59,600411,1,,在青春杯中花开的\n综合实力达到S
2006,502207,2021-08-30 12:00:00,2050-01-01 04:59:59,600413,1,,在青春杯URA总决赛决赛\n与那2个人竞争并取胜
2007,504102,2022-02-24 12:00:00,2050-01-01 04:59:59,600414,1,,在闪耀之星巅峰杯取得优胜
2008,504103,2022-02-24 12:00:00,2050-01-01 04:59:59,600415,1,,在特别商店中累计兑换1000个养成道具
49,100501,2017-07-01 01:00:00,2050-01-01 04:59:59,600501,1,,在养成中取得\n200场札幌赛场赛事的胜利
50,100502,2017-07-01 01:00:00,2050-01-01 04:59:59,600502,1,,在养成中取得\n200场函馆赛场赛事的胜利
51,100503,2017-07-01 01:00:00,2050-01-01 04:59:59,600503,1,,在养成中取得\n200场新潟赛场赛事的胜利
52,100504,2017-07-01 01:00:00,2050-01-01 04:59:59,600504,1,,在养成中取得\n200场松浪赛场赛事的胜利
53,100505,2017-07-01 01:00:00,2050-01-01 04:59:59,600505,1,,在养成中取得\n200场中山赛场赛事的胜利
54,100506,2017-07-01 01:00:00,2050-01-01 04:59:59,600506,1,,在养成中取得\n200场东京赛场赛事的胜利
55,100507,2017-07-01 01:00:00,2050-01-01 04:59:59,600507,1,,在养成中取得\n200场中京赛场赛事的胜利
56,100508,2017-07-01 01:00:00,2050-01-01 04:59:59,600508,1,,在养成中取得\n200场京都赛场赛事的胜利
57,100509,2017-07-01 01:00:00,2050-01-01 04:59:59,600509,1,,在养成中取得\n200场阪神赛场赛事的胜利
58,100510,2017-07-01 01:00:00,2050-01-01 04:59:59,600510,1,,在养成中取得\n200场小仓赛场赛事的胜利
59,100120,2017-07-01 01:00:00,2050-01-01 04:59:59,600520,1,,在养成中完成\n1000次养成目标
60,100130,2017-07-01 01:00:00,2050-01-01 04:59:59,600521,1,,在养成中触发\n100次良好状态
62,100530,2017-07-01 01:00:00,2050-01-01 04:59:59,600530,1,,在日常赛事中获胜\n100次
61,100540,2021-03-16 12:00:00,2050-01-01 04:59:59,600540,1,,在传奇赛事取得1次胜利
61,100541,2021-03-16 12:00:00,2050-01-01 04:59:59,600541,1,,在传奇赛事\n取得100次胜利
63,100550,2017-07-01 01:00:00,2050-01-01 04:59:59,600550,1,,参与团队竞技场\n100次
64,100551,2017-07-01 01:00:00,2050-01-01 04:59:59,600551,1,,在团队竞技场\n达到段位6
65,100552,2017-07-01 01:00:00,2050-01-01 04:59:59,600552,1,,在团队竞技场获得\n100次获胜奖励
65,100561,2022-04-28 12:00:00,2050-01-01 04:59:59,600553,1,,在团队竞技场累计获得\n100万或以上得分
66,101120,2017-07-01 01:00:00,2050-01-01 04:59:59,600580,1,,通过才能开花将\n10位优俊少女升至5★
67,100601,2017-07-01 01:00:00,2050-01-01 04:59:59,600601,1,,观看优俊蹦跳传说
68,100602,2017-07-01 01:00:00,2050-01-01 04:59:59,600602,1,,观看彩 Phantasia
69,100603,2017-07-01 01:00:00,2050-01-01 04:59:59,600603,1,,观看Make debut！
70,100604,2017-07-01 01:00:00,2050-01-01 04:59:59,600604,1,,观看ENDLESS DREAM！！
71,100605,2017-07-01 01:00:00,2050-01-01 04:59:59,600605,1,,观看NEXT FRONTIER
72,100606,2017-07-01 01:00:00,2050-01-01 04:59:59,600606,1,,观看UNLIMITED IMPACT
73,100607,2017-07-01 01:00:00,2050-01-01 04:59:59,600607,1,,观看Special Record！
74,100608,2017-07-01 01:00:00,2050-01-01 04:59:59,600608,1,,观看开始的信号
75,100609,2017-07-01 01:00:00,2050-01-01 04:59:59,600609,1,,观看小小的祈愿
76,100610,2017-07-01 01:00:00,2050-01-01 04:59:59,600610,1,,观看本能速度
77,100611,2017-07-01 01:00:00,2050-01-01 04:59:59,600611,1,,观看winning the soul
78,100612,2023-10-03 12:00:00,2050-01-01 04:59:59,600612,1,,观看追逐梦想！
78,100613,2021-03-30 12:00:00,2050-01-01 04:59:59,600613,1,,通过特定编成观看追逐梦想！
79,100614,2023-10-30 12:00:00,2050-01-01 04:59:59,600614,1,,观看带着闪烁的泪光迎接明天！
79,100616,2024-01-23 12:00:00,2050-01-01 04:59:59,600616,1,,观看BLAZE
79,100617,2024-03-04 12:00:00,2050-01-01 04:59:59,600617,1,,观看Never Looking Back
79,100618,2025-05-22 05:00:00,2050-01-01 04:59:59,600618,1,,观看WINnin’ 5 －胜利☆five－
79,100619,2025-07-17 12:00:00,2050-01-01 04:59:59,600619,1,,观看\n欢乐蹦跳♪晴空万里！
79,100620,2025-07-21 12:00:00,2050-01-01 04:59:59,600620,1,,观看\ntransforming
79,100621,2025-07-29 12:00:00,2050-01-01 04:59:59,600621,1,,观看\nGrow up Shine！
79,100622,2025-09-05 12:00:00,2050-01-01 04:59:59,600622,1,,观看\nBLOW my GALE
79,100623,2025-09-05 12:00:00,2050-01-01 04:59:59,600623,1,,观看\nWe are DREAMERS！！
79,100624,2025-12-12 12:00:00,2050-01-01 04:59:59,600624,1,,观看\n-笑颜的宝物 -Beyond The Future！-
80,100690,2022-04-28 12:00:00,2050-01-01 04:59:59,600690,1,,观看10种演出
90,100701,2017-07-01 01:00:00,2050-01-01 04:59:59,600701,1,,达成累计关注数25人
90,100702,2017-07-01 01:00:00,2050-01-01 04:59:59,600702,1,,达成累计关注数50人
91,100703,2017-07-01 01:00:00,2050-01-01 04:59:59,600703,1,,达成累计被关注数100人
91,100704,2017-07-01 01:00:00,2050-01-01 04:59:59,600704,1,,达成累计被关注数200人
92,100705,2017-07-01 01:00:00,2050-01-01 04:59:59,600705,1,,让其他训练员通过\n养成系统使用100次优俊少女代表
93,100801,2021-11-15 12:00:00,2050-01-01 04:59:59,600706,1,,通过社团聊天\n分享名人堂优俊少女
93,100802,2021-11-15 12:00:00,2050-01-01 04:59:59,600707,1,,让其他训练员通过\n练习功能使用10次名人堂优俊少女
93,100803,2021-11-15 12:00:00,2050-01-01 04:59:59,600708,1,,让其他训练员通过\n练习功能使用100次名人堂优俊少女
93,100804,2021-11-15 12:00:00,2050-01-01 04:59:59,600709,1,,让其他训练员通过\n练习功能使用500次名人堂优俊少女
102,100187,2021-07-29 12:00:00,2050-01-01 04:59:59,600801,1,,通过养成在URA总决赛决赛中\n以大差距取胜
103,100180,2021-07-29 12:00:00,2050-01-01 04:59:59,600802,1,,以至少100万粉丝数\n完成养成
104,100188,2021-07-29 12:00:00,2050-01-01 04:59:59,600803,1,,通过养成外出到河滩30次
105,100181,2021-07-29 12:00:00,2050-01-01 04:59:59,600804,1,,在养成中使短距离适应性[E]及以下的优俊少女进入短距离重赏的前2
106,100182,2021-07-29 12:00:00,2050-01-01 04:59:59,600805,1,,在养成中使英里适应性[E]及以下的优俊少女进入英里重赏的前2
107,100183,2021-07-29 12:00:00,2050-01-01 04:59:59,600806,1,,在养成中使中距离适应性[E]及以下的优俊少女进入中距离重赏的前2
108,100184,2021-07-29 12:00:00,2050-01-01 04:59:59,600807,1,,在养成中使长距离适应性[E]及以下的优俊少女进入长距离重赏的前2
109,100185,2021-07-29 12:00:00,2050-01-01 04:59:59,600808,1,,在养成中使泥地适应性[E]及以下的优俊少女进入泥地重赏的前2
110,100186,2021-07-29 12:00:00,2050-01-01 04:59:59,600809,1,,使场地适应性、距离适应性、跑法适应性各自拥有[S]的状态完成养成
110,100811,2022-04-28 12:00:00,2050-01-01 04:59:59,600901,1,,获得专心一意/打基础/\n先发制人/逃亡者并完成养成
110,100812,2022-04-28 12:00:00,2050-01-01 04:59:59,600902,1,,获得速度之星/兴奋起来了！/\n跟前直线◎并完成养成
110,100813,2022-04-28 12:00:00,2050-01-01 04:59:59,600903,1,,获得换乘能手/全神贯注/\n居中直线◎并完成养成
110,100814,2022-04-28 12:00:00,2050-01-01 04:59:59,600904,1,,获得强攻策略/兴奋起来了！/\n后追直线◎并完成养成
110,100815,2022-04-28 12:00:00,2050-01-01 04:59:59,600905,1,,获得弧线大师/\n曲线行家并完成养成
110,100816,2022-04-28 12:00:00,2050-01-01 04:59:59,600906,1,,获得一阵狂风/\n迅疾如风并完成养成
110,100831,2022-04-28 12:00:00,2050-01-01 04:59:59,600907,1,,获得大胃王/吞噬体力/\n大胃储备并完成养成
110,100832,2022-04-28 12:00:00,2050-01-01 04:59:59,600908,1,,获得紧盯八方/\n千里眼并完成养成
110,100833,2022-04-28 12:00:00,2050-01-01 04:59:59,600909,1,,获得不停步的女孩/竭尽全力/\n赛道的魔术师并完成养成
111,100941,2022-04-28 12:00:00,2050-01-01 04:59:59,601001,1,,与1位优俊少女的亲密度等级达到10级
111,100942,2022-04-28 12:00:00,2050-01-01 04:59:59,601002,1,,与3位优俊少女的亲密度等级达到10级
111,100901,2022-04-28 12:00:00,2050-01-01 04:59:59,601011,1,,档案等级达到100级
111,100911,2022-04-28 12:00:00,2050-01-01 04:59:59,601021,1,,连续7天\n完成所有日常任务
111,100921,2022-04-28 12:00:00,2050-01-01 04:59:59,601031,1,,获得100个称号
111,100931,2022-04-28 12:00:00,2050-01-01 04:59:59,601041,1,,在限时特卖中\n购买100次道具
94,101101,2017-07-01 01:00:00,2050-01-01 04:59:59,601101,1,,获得\n15位优俊少女（含不同服装）
94,101102,2017-07-01 01:00:00,2050-01-01 04:59:59,601102,1,,获得\n100位优俊少女（含不同服装）
95,101201,2017-07-01 01:00:00,2050-01-01 04:59:59,601201,1,,获得\n30种协助卡
95,101202,2017-07-01 01:00:00,2050-01-01 04:59:59,601202,1,,获得\n250种协助卡
96,101301,2017-07-01 01:00:00,2050-01-01 04:59:59,601301,1,,累计储存100万金币
96,101302,2017-07-01 01:00:00,2050-01-01 04:59:59,601302,1,,累计储存1000万金币
98,100170,2017-07-01 01:00:00,2050-01-01 04:59:59,601304,1,,在一次抓娃娃游戏中获得\n至少10个娃娃
111,100171,2021-07-29 12:00:00,2050-01-01 04:59:59,601305,1,,在抓娃娃游戏中获得\n300个娃娃
99,101400,2017-07-01 01:00:00,2050-01-01 04:59:59,601400,1,,观看\n100个剧情故事
100,101401,2017-01-01 00:00:00,2050-01-01 04:59:59,601401,1,,观看主线剧情\n第1部第1章所有剧情故事
100,101402,2017-01-01 00:00:00,2050-01-01 04:59:59,601402,1,,观看主线剧情\n第1部第2章所有剧情故事
100,101403,2023-10-30 12:00:00,2050-01-01 04:59:59,601403,1,,观看主线剧情\n第1部第3章所有剧情故事
100,101404,2024-01-23 12:00:00,2050-01-01 04:59:59,601404,1,,观看主线剧情\n第1部第4章所有剧情故事
100,101405,2025-07-21 12:00:00,2050-01-01 04:59:59,601405,1,,观看主线剧情\n第1部第5章所有剧情故事
100,101406,2025-09-27 12:00:00,2050-01-01 04:59:59,601406,1,,观看主线剧情第1部\n最终章前篇所有剧情故事
100,101407,2025-12-12 12:00:00,2050-01-01 04:59:59,601407,1,,观看主线剧情第1部\n最终章后篇所有剧情故事
100,101408,2025-12-12 12:00:00,2050-01-01 04:59:59,601408,1,,观看主线剧情第1部\n所有剧情故事
101,100190,2017-07-01 01:00:00,2050-01-01 04:59:59,601499,1,,度过那无可替代的\n珍贵时光吧
112,100191,2021-07-29 12:00:00,2050-01-01 04:59:59,601500,1,,与18名优俊少女度过\n那无可替代的珍贵时光吧
177,101501,2017-07-01 01:00:00,2050-01-01 04:59:59,601501,1,,观看特别周的\n角色剧情第4话
178,101502,2017-07-01 01:00:00,2050-01-01 04:59:59,601502,1,,特别周获得粉丝数\n累计达到1000万人
178,101503,2017-07-01 01:00:00,2050-01-01 04:59:59,601503,1,,特别周获得粉丝数\n累计达到5000万人
178,101504,2017-07-01 01:00:00,2050-01-01 04:59:59,601504,1,,特别周获得粉丝数\n累计达到1亿人
178,101505,2017-07-01 01:00:00,2050-01-01 04:59:59,601505,1,,让特别周获得\n一级～三级赛事的全部奖杯
180,101601,2017-07-01 01:00:00,2050-01-01 04:59:59,601601,1,,观看无声铃鹿的\n角色剧情第4话
181,101602,2017-07-01 01:00:00,2050-01-01 04:59:59,601602,1,,无声铃鹿获得粉丝数\n累计达到1000万人
181,101603,2017-07-01 01:00:00,2050-01-01 04:59:59,601603,1,,无声铃鹿获得粉丝数\n累计达到5000万人
181,101604,2017-07-01 01:00:00,2050-01-01 04:59:59,601604,1,,无声铃鹿获得粉丝数\n累计达到1亿人
181,101605,2017-07-01 01:00:00,2050-01-01 04:59:59,601605,1,,让无声铃鹿获得\n一级～三级赛事的全部奖杯
183,101701,2017-07-01 01:00:00,2050-01-01 04:59:59,601701,1,,观看东海帝王的\n角色剧情第4话
184,101702,2017-07-01 01:00:00,2050-01-01 04:59:59,601702,1,,东海帝王获得粉丝数\n累计达到1000万人
184,101703,2017-07-01 01:00:00,2050-01-01 04:59:59,601703,1,,东海帝王获得粉丝数\n累计达到5000万人
184,101704,2017-07-01 01:00:00,2050-01-01 04:59:59,601704,1,,东海帝王获得粉丝数\n累计达到1亿人
184,101705,2017-07-01 01:00:00,2050-01-01 04:59:59,601705,1,,让东海帝王获得\n一级～三级赛事的全部奖杯
186,101801,2017-07-01 01:00:00,2050-01-01 04:59:59,601801,1,,观看丸善斯基的\n角色剧情第4话
187,101802,2017-07-01 01:00:00,2050-01-01 04:59:59,601802,1,,丸善斯基获得粉丝数\n累计达到1000万人
187,101803,2017-07-01 01:00:00,2050-01-01 04:59:59,601803,1,,丸善斯基获得粉丝数\n累计达到5000万人
187,101804,2017-07-01 01:00:00,2050-01-01 04:59:59,601804,1,,丸善斯基获得粉丝数\n累计达到1亿人
187,101805,2017-07-01 01:00:00,2050-01-01 04:59:59,601805,1,,让丸善斯基获得\n一级～三级赛事的全部奖杯
189,101901,2024-01-15 12:00:00,2050-01-01 04:59:59,601901,1,,观看富士奇石的\n角色剧情第4话
190,101902,2024-01-15 12:00:00,2050-01-01 04:59:59,601902,1,,富士奇石获得粉丝数\n累计达到1000万人
190,101903,2024-01-15 12:00:00,2050-01-01 04:59:59,601903,1,,富士奇石获得粉丝数\n累计达到5000万人
190,101904,2024-01-15 12:00:00,2050-01-01 04:59:59,601904,1,,富士奇石获得粉丝数\n累计达到1亿人
190,101905,2024-01-15 12:00:00,2050-01-01 04:59:59,601905,1,,让富士奇石获得\n一级～三级赛事的全部奖杯
192,102001,2017-07-01 01:00:00,2050-01-01 04:59:59,602001,1,,观看小栗帽的\n角色剧情第4话
193,102002,2017-07-01 01:00:00,2050-01-01 04:59:59,602002,1,,小栗帽获得粉丝数\n累计达到1000万人
193,102003,2017-07-01 01:00:00,2050-01-01 04:59:59,602003,1,,小栗帽获得粉丝数\n累计达到5000万人
193,102004,2017-07-01 01:00:00,2050-01-01 04:59:59,602004,1,,小栗帽获得粉丝数\n累计达到1亿人
193,102005,2017-07-01 01:00:00,2050-01-01 04:59:59,602005,1,,让小栗帽获得\n一级～三级赛事的全部奖杯
195,102101,2017-07-01 01:00:00,2050-01-01 04:59:59,602101,1,,观看黄金船的\n角色剧情第4话
196,102102,2017-07-01 01:00:00,2050-01-01 04:59:59,602102,1,,黄金船获得粉丝数\n累计达到1000万人
196,102103,2017-07-01 01:00:00,2050-01-01 04:59:59,602103,1,,黄金船获得粉丝数\n累计达到5000万人
196,102104,2017-07-01 01:00:00,2050-01-01 04:59:59,602104,1,,黄金船获得粉丝数\n累计达到1亿人
196,102105,2017-07-01 01:00:00,2050-01-01 04:59:59,602105,1,,让黄金船获得\n一级～三级赛事的全部奖杯
198,102201,2017-07-01 01:00:00,2050-01-01 04:59:59,602201,1,,观看伏特加的\n角色剧情第4话
199,102202,2017-07-01 01:00:00,2050-01-01 04:59:59,602202,1,,伏特加获得粉丝数\n累计达到1000万人
199,102203,2017-07-01 01:00:00,2050-01-01 04:59:59,602203,1,,伏特加获得粉丝数\n累计达到5000万人
199,102204,2017-07-01 01:00:00,2050-01-01 04:59:59,602204,1,,伏特加获得粉丝数\n累计达到1亿人
199,102205,2017-07-01 01:00:00,2050-01-01 04:59:59,602205,1,,让伏特加获得\n一级～三级赛事的全部奖杯
201,102301,2017-07-01 01:00:00,2050-01-01 04:59:59,602301,1,,观看大和赤骥的\n角色剧情第4话
202,102302,2017-07-01 01:00:00,2050-01-01 04:59:59,602302,1,,大和赤骥获得粉丝数\n累计达到1000万人
202,102303,2017-07-01 01:00:00,2050-01-01 04:59:59,602303,1,,大和赤骥获得粉丝数\n累计达到5000万人
202,102304,2017-07-01 01:00:00,2050-01-01 04:59:59,602304,1,,大和赤骥获得粉丝数\n累计达到1亿人
202,102305,2017-07-01 01:00:00,2050-01-01 04:59:59,602305,1,,让大和赤骥获得\n一级～三级赛事的全部奖杯
204,102401,2017-07-01 01:00:00,2050-01-01 04:59:59,602401,1,,观看大树快车的\n角色剧情第4话
205,102402,2017-07-01 01:00:00,2050-01-01 04:59:59,602402,1,,大树快车获得粉丝数\n累计达到1000万人
205,102403,2017-07-01 01:00:00,2050-01-01 04:59:59,602403,1,,大树快车获得粉丝数\n累计达到5000万人
205,102404,2017-07-01 01:00:00,2050-01-01 04:59:59,602404,1,,大树快车获得粉丝数\n累计达到1亿人
205,102405,2017-07-01 01:00:00,2050-01-01 04:59:59,602405,1,,让大树快车获得\n一级～三级赛事的全部奖杯
207,102501,2017-07-01 01:00:00,2050-01-01 04:59:59,602501,1,,观看草上飞的\n角色剧情第4话
208,102502,2017-07-01 01:00:00,2050-01-01 04:59:59,602502,1,,草上飞获得粉丝数\n累计达到1000万人
208,102503,2017-07-01 01:00:00,2050-01-01 04:59:59,602503,1,,草上飞获得粉丝数\n累计达到5000万人
208,102504,2017-07-01 01:00:00,2050-01-01 04:59:59,602504,1,,草上飞获得粉丝数\n累计达到1亿人
208,102505,2017-07-01 01:00:00,2050-01-01 04:59:59,602505,1,,让草上飞获得\n一级～三级赛事的全部奖杯
210,102601,2023-12-25 12:00:00,2050-01-01 04:59:59,602601,1,,观看菱亚马逊的\n角色剧情第4话
211,102602,2023-12-25 12:00:00,2050-01-01 04:59:59,602602,1,,菱亚马逊获得粉丝数\n累计达到1000万人
211,102603,2023-12-25 12:00:00,2050-01-01 04:59:59,602603,1,,菱亚马逊获得粉丝数\n累计达到5000万人
211,102604,2023-12-25 12:00:00,2050-01-01 04:59:59,602604,1,,菱亚马逊获得粉丝数\n累计达到1亿人
211,102605,2023-12-25 12:00:00,2050-01-01 04:59:59,602605,1,,让菱亚马逊获得\n一级～三级赛事的全部奖杯
213,102701,2017-07-01 01:00:00,2050-01-01 04:59:59,602701,1,,观看目白麦昆的\n角色剧情第4话
214,102702,2017-07-01 01:00:00,2050-01-01 04:59:59,602702,1,,目白麦昆获得粉丝数\n累计达到1000万人
214,102703,2017-07-01 01:00:00,2050-01-01 04:59:59,602703,1,,目白麦昆获得粉丝数\n累计达到5000万人
214,102704,2017-07-01 01:00:00,2050-01-01 04:59:59,602704,1,,目白麦昆获得粉丝数\n累计达到1亿人
214,102705,2017-07-01 01:00:00,2050-01-01 04:59:59,602705,1,,让目白麦昆获得\n一级～三级赛事的全部奖杯
216,102801,2017-07-01 01:00:00,2050-01-01 04:59:59,602801,1,,观看神鹰的\n角色剧情第4话
217,102802,2017-07-01 01:00:00,2050-01-01 04:59:59,602802,1,,神鹰获得粉丝数\n累计达到1000万人
217,102803,2017-07-01 01:00:00,2050-01-01 04:59:59,602803,1,,神鹰获得粉丝数\n累计达到5000万人
217,102804,2017-07-01 01:00:00,2050-01-01 04:59:59,602804,1,,神鹰获得粉丝数\n累计达到1亿人
217,102805,2017-07-01 01:00:00,2050-01-01 04:59:59,602805,1,,让神鹰获得\n一级～三级赛事的全部奖杯
219,102901,2023-09-05 12:00:00,2050-01-01 04:59:59,602901,1,,观看好歌剧的\n角色剧情第4话
220,102902,2023-09-05 12:00:00,2050-01-01 04:59:59,602902,1,,好歌剧获得粉丝数\n累计达到1000万人
220,102903,2023-09-05 12:00:00,2050-01-01 04:59:59,602903,1,,好歌剧获得粉丝数\n累计达到5000万人
220,102904,2023-09-05 12:00:00,2050-01-01 04:59:59,602904,1,,好歌剧获得粉丝数\n累计达到1亿人
220,102905,2023-09-05 12:00:00,2050-01-01 04:59:59,602905,1,,让好歌剧获得\n一级～三级赛事的全部奖杯
222,103001,2017-07-01 01:00:00,2050-01-01 04:59:59,603001,1,,观看鲁道夫象征的\n角色剧情第4话
223,103002,2017-07-01 01:00:00,2050-01-01 04:59:59,603002,1,,鲁道夫象征获得粉丝数\n累计达到1000万人
223,103003,2017-07-01 01:00:00,2050-01-01 04:59:59,603003,1,,鲁道夫象征获得粉丝数\n累计达到5000万人
223,103004,2017-07-01 01:00:00,2050-01-01 04:59:59,603004,1,,鲁道夫象征获得粉丝数\n累计达到1亿人
223,103005,2017-07-01 01:00:00,2050-01-01 04:59:59,603005,1,,让鲁道夫象征获得\n一级～三级赛事的全部奖杯
225,103101,2017-07-01 01:00:00,2050-01-01 04:59:59,603101,1,,观看气槽的\n角色剧情第4话
226,103102,2017-07-01 01:00:00,2050-01-01 04:59:59,603102,1,,气槽获得粉丝数\n累计达到1000万人
226,103103,2017-07-01 01:00:00,2050-01-01 04:59:59,603103,1,,气槽获得粉丝数\n累计达到5000万人
226,103104,2017-07-01 01:00:00,2050-01-01 04:59:59,603104,1,,气槽获得粉丝数\n累计达到1亿人
226,103105,2017-07-01 01:00:00,2050-01-01 04:59:59,603105,1,,让气槽获得\n一级～三级赛事的全部奖杯
228,103201,2023-12-14 12:00:00,2050-01-01 04:59:59,603201,1,,观看青云天空的\n角色剧情第4话
229,103202,2023-12-14 12:00:00,2050-01-01 04:59:59,603202,1,,青云天空获得粉丝数\n累计达到1000万人
229,103203,2023-12-14 12:00:00,2050-01-01 04:59:59,603203,1,,青云天空获得粉丝数\n累计达到5000万人
229,103204,2023-12-14 12:00:00,2050-01-01 04:59:59,603204,1,,青云天空获得粉丝数\n累计达到1亿人
229,103205,2023-12-14 12:00:00,2050-01-01 04:59:59,603205,1,,让青云天空获得\n一级～三级赛事的全部奖杯
231,103301,2017-07-01 01:00:00,2050-01-01 04:59:59,603301,1,,观看重炮的\n角色剧情第4话
232,103302,2017-07-01 01:00:00,2050-01-01 04:59:59,603302,1,,重炮获得粉丝数\n累计达到1000万人
232,103303,2017-07-01 01:00:00,2050-01-01 04:59:59,603303,1,,重炮获得粉丝数\n累计达到5000万人
232,103304,2017-07-01 01:00:00,2050-01-01 04:59:59,603304,1,,重炮获得粉丝数\n累计达到1亿人
232,103305,2017-07-01 01:00:00,2050-01-01 04:59:59,603305,1,,让重炮获得\n一级～三级赛事的全部奖杯
234,103401,2017-07-01 01:00:00,2050-01-01 04:59:59,603401,1,,观看目白莱恩的\n角色剧情第4话
235,103402,2017-07-01 01:00:00,2050-01-01 04:59:59,603402,1,,目白莱恩获得粉丝数\n累计达到1000万人
235,103403,2017-07-01 01:00:00,2050-01-01 04:59:59,603403,1,,目白莱恩获得粉丝数\n累计达到5000万人
235,103404,2017-07-01 01:00:00,2050-01-01 04:59:59,603404,1,,目白莱恩获得粉丝数\n累计达到1亿人
235,103405,2017-07-01 01:00:00,2050-01-01 04:59:59,603405,1,,让目白莱恩获得\n一级～三级赛事的全部奖杯
237,103501,2017-07-01 01:00:00,2050-01-01 04:59:59,603501,1,,观看米浴的\n角色剧情第4话
238,103502,2017-07-01 01:00:00,2050-01-01 04:59:59,603502,1,,米浴获得粉丝数\n累计达到1000万人
238,103503,2017-07-01 01:00:00,2050-01-01 04:59:59,603503,1,,米浴获得粉丝数\n累计达到5000万人
238,103504,2017-07-01 01:00:00,2050-01-01 04:59:59,603504,1,,米浴获得粉丝数\n累计达到1亿人
238,103505,2017-07-01 01:00:00,2050-01-01 04:59:59,603505,1,,让米浴获得\n一级～三级赛事的全部奖杯
240,103601,2017-07-01 01:00:00,2050-01-01 04:59:59,603601,1,,观看爱丽速子的\n角色剧情第4话
241,103602,2017-07-01 01:00:00,2050-01-01 04:59:59,603602,1,,爱丽速子获得粉丝数\n累计达到1000万人
241,103603,2017-07-01 01:00:00,2050-01-01 04:59:59,603603,1,,爱丽速子获得粉丝数\n累计达到5000万人
241,103604,2017-07-01 01:00:00,2050-01-01 04:59:59,603604,1,,爱丽速子获得粉丝数\n累计达到1亿人
241,103605,2017-07-01 01:00:00,2050-01-01 04:59:59,603605,1,,让爱丽速子获得\n一级～三级赛事的全部奖杯
243,103701,2017-07-01 01:00:00,2050-01-01 04:59:59,603701,1,,观看胜利奖券的\n角色剧情第4话
244,103702,2017-07-01 01:00:00,2050-01-01 04:59:59,603702,1,,胜利奖券获得粉丝数\n累计达到1000万人
244,103703,2017-07-01 01:00:00,2050-01-01 04:59:59,603703,1,,胜利奖券获得粉丝数\n累计达到5000万人
244,103704,2017-07-01 01:00:00,2050-01-01 04:59:59,603704,1,,胜利奖券获得粉丝数\n累计达到1亿人
244,103705,2017-07-01 01:00:00,2050-01-01 04:59:59,603705,1,,让胜利奖券获得\n一级～三级赛事的全部奖杯
246,103801,2024-01-23 12:00:00,2050-01-01 04:59:59,603801,1,,观看黄金城的\n角色剧情第4话
247,103802,2024-01-23 12:00:00,2050-01-01 04:59:59,603802,1,,黄金城获得粉丝数\n累计达到1000万人
247,103803,2024-01-23 12:00:00,2050-01-01 04:59:59,603803,1,,黄金城获得粉丝数\n累计达到5000万人
247,103804,2024-01-23 12:00:00,2050-01-01 04:59:59,603804,1,,黄金城获得粉丝数\n累计达到1亿人
247,103805,2024-01-23 12:00:00,2050-01-01 04:59:59,603805,1,,让黄金城获得\n一级～三级赛事的全部奖杯
249,103901,2017-07-01 01:00:00,2050-01-01 04:59:59,603901,1,,观看樱花进王的\n角色剧情第4话
250,103902,2017-07-01 01:00:00,2050-01-01 04:59:59,603902,1,,樱花进王获得粉丝数\n累计达到1000万人
250,103903,2017-07-01 01:00:00,2050-01-01 04:59:59,603903,1,,樱花进王获得粉丝数\n累计达到5000万人
250,103904,2017-07-01 01:00:00,2050-01-01 04:59:59,603904,1,,樱花进王获得粉丝数\n累计达到1亿人
250,103905,2017-07-01 01:00:00,2050-01-01 04:59:59,603905,1,,让樱花进王获得\n一级～三级赛事的全部奖杯
252,104001,2017-07-01 01:00:00,2050-01-01 04:59:59,604001,1,,观看超级溪流的\n角色剧情第4话
253,104002,2017-07-01 01:00:00,2050-01-01 04:59:59,604002,1,,超级溪流获得粉丝数\n累计达到1000万人
253,104003,2017-07-01 01:00:00,2050-01-01 04:59:59,604003,1,,超级溪流获得粉丝数\n累计达到5000万人
253,104004,2017-07-01 01:00:00,2050-01-01 04:59:59,604004,1,,超级溪流获得粉丝数\n累计达到1亿人
253,104005,2017-07-01 01:00:00,2050-01-01 04:59:59,604005,1,,让超级溪流获得\n一级～三级赛事的全部奖杯
255,104101,2017-07-01 01:00:00,2050-01-01 04:59:59,604101,1,,观看春乌菈菈的\n角色剧情第4话
256,104102,2017-07-01 01:00:00,2050-01-01 04:59:59,604102,1,,春乌菈菈获得粉丝数\n累计达到1000万人
256,104103,2017-07-01 01:00:00,2050-01-01 04:59:59,604103,1,,春乌菈菈获得粉丝数\n累计达到5000万人
256,104104,2017-07-01 01:00:00,2050-01-01 04:59:59,604104,1,,春乌菈菈获得粉丝数\n累计达到1亿人
256,104105,2017-07-01 01:00:00,2050-01-01 04:59:59,604105,1,,让春乌菈菈获得\n一级～三级赛事的全部奖杯
258,104201,2017-07-01 01:00:00,2050-01-01 04:59:59,604201,1,,观看待兼福来的\n角色剧情第4话
259,104202,2017-07-01 01:00:00,2050-01-01 04:59:59,604202,1,,待兼福来获得粉丝数\n累计达到1000万人
259,104203,2017-07-01 01:00:00,2050-01-01 04:59:59,604203,1,,待兼福来获得粉丝数\n累计达到5000万人
259,104204,2017-07-01 01:00:00,2050-01-01 04:59:59,604204,1,,待兼福来获得粉丝数\n累计达到1亿人
259,104205,2017-07-01 01:00:00,2050-01-01 04:59:59,604205,1,,让待兼福来获得\n一级～三级赛事的全部奖杯
261,104301,2017-07-01 01:00:00,2050-01-01 04:59:59,604301,1,,观看优秀素质的\n角色剧情第4话
262,104302,2017-07-01 01:00:00,2050-01-01 04:59:59,604302,1,,优秀素质获得粉丝数\n累计达到1000万人
262,104303,2017-07-01 01:00:00,2050-01-01 04:59:59,604303,1,,优秀素质获得粉丝数\n累计达到5000万人
262,104304,2017-07-01 01:00:00,2050-01-01 04:59:59,604304,1,,优秀素质获得粉丝数\n累计达到1亿人
262,104305,2017-07-01 01:00:00,2050-01-01 04:59:59,604305,1,,让优秀素质获得\n一级～三级赛事的全部奖杯
264,104401,2017-07-01 01:00:00,2050-01-01 04:59:59,604401,1,,观看帝王光辉的\n角色剧情第4话
265,104402,2017-07-01 01:00:00,2050-01-01 04:59:59,604402,1,,帝王光辉获得粉丝数\n累计达到1000万人
265,104403,2017-07-01 01:00:00,2050-01-01 04:59:59,604403,1,,帝王光辉获得粉丝数\n累计达到5000万人
265,104404,2017-07-01 01:00:00,2050-01-01 04:59:59,604404,1,,帝王光辉获得粉丝数\n累计达到1亿人
265,104405,2017-07-01 01:00:00,2050-01-01 04:59:59,604405,1,,让帝王光辉获得\n一级～三级赛事的全部奖杯
266,104501,2023-09-12 12:00:00,2050-01-01 04:59:59,604501,1,,观看美浦波旁的\n角色剧情第4话
267,104502,2023-09-12 12:00:00,2050-01-01 04:59:59,604502,1,,美浦波旁获得粉丝数\n累计达到1000万人
267,104503,2023-09-12 12:00:00,2050-01-01 04:59:59,604503,1,,美浦波旁获得粉丝数\n累计达到5000万人
267,104504,2023-09-12 12:00:00,2050-01-01 04:59:59,604504,1,,美浦波旁获得粉丝数\n累计达到1亿人
267,104505,2023-09-12 12:00:00,2050-01-01 04:59:59,604505,1,,让美浦波旁获得\n一级～三级赛事的全部奖杯
268,104601,2023-09-21 12:00:00,2050-01-01 04:59:59,604601,1,,观看琵琶晨光的\n角色剧情第4话
269,104602,2023-09-21 12:00:00,2050-01-01 04:59:59,604602,1,,琵琶晨光获得粉丝数\n累计达到1000万人
269,104603,2023-09-21 12:00:00,2050-01-01 04:59:59,604603,1,,琵琶晨光获得粉丝数\n累计达到5000万人
269,104604,2023-09-21 12:00:00,2050-01-01 04:59:59,604604,1,,琵琶晨光获得粉丝数\n累计达到1亿人
269,104605,2023-09-21 12:00:00,2050-01-01 04:59:59,604605,1,,让琵琶晨光获得\n一级～三级赛事的全部奖杯
270,104701,2023-10-19 12:00:00,2050-01-01 04:59:59,604701,1,,观看真机伶的\n角色剧情第4话
271,104702,2023-10-19 12:00:00,2050-01-01 04:59:59,604702,1,,真机伶获得粉丝数\n累计达到1000万人
271,104703,2023-10-19 12:00:00,2050-01-01 04:59:59,604703,1,,真机伶获得粉丝数\n累计达到5000万人
271,104704,2023-10-19 12:00:00,2050-01-01 04:59:59,604704,1,,真机伶获得粉丝数\n累计达到1亿人
271,104705,2023-10-19 12:00:00,2050-01-01 04:59:59,604705,1,,让真机伶获得\n一级～三级赛事的全部奖杯
272,104801,2023-10-30 12:00:00,2050-01-01 04:59:59,604801,1,,观看成田大进\n角色剧情第4话
273,104802,2023-10-30 12:00:00,2050-01-01 04:59:59,604802,1,,成田大进获得粉丝数\n累计达到1000万人
273,104803,2023-10-30 12:00:00,2050-01-01 04:59:59,604803,1,,成田大进获得粉丝数\n累计达到5000万人
273,104804,2023-10-30 12:00:00,2050-01-01 04:59:59,604804,1,,成田大进获得粉丝数\n累计达到1亿人
273,104805,2023-10-30 12:00:00,2050-01-01 04:59:59,604805,1,,让成田大进获得\n一级～三级赛事的全部奖杯
274,104901,2023-11-09 12:00:00,2050-01-01 04:59:59,604901,1,,观看醒目飞鹰的\n角色剧情第4话
275,104902,2023-11-09 12:00:00,2050-01-01 04:59:59,604902,1,,醒目飞鹰获得粉丝数\n累计达到1000万人
275,104903,2023-11-09 12:00:00,2050-01-01 04:59:59,604903,1,,醒目飞鹰获得粉丝数\n累计达到5000万人
275,104904,2023-11-09 12:00:00,2050-01-01 04:59:59,604904,1,,醒目飞鹰获得粉丝数\n累计达到1亿人
275,104905,2023-11-09 12:00:00,2050-01-01 04:59:59,604905,1,,让醒目飞鹰获得\n一级～三级赛事的全部奖杯
276,105001,2023-11-20 12:00:00,2050-01-01 04:59:59,605001,1,,观看成田白仁的\n角色剧情第4话
277,105002,2023-11-20 12:00:00,2050-01-01 04:59:59,605002,1,,成田白仁获得粉丝数\n累计达到1000万人
277,105003,2023-11-20 12:00:00,2050-01-01 04:59:59,605003,1,,成田白仁获得粉丝数\n累计达到5000万人
277,105004,2023-11-20 12:00:00,2050-01-01 04:59:59,605004,1,,成田白仁获得粉丝数\n累计达到1亿人
277,105005,2023-11-20 12:00:00,2050-01-01 04:59:59,605005,1,,让成田白仁获得\n一级～三级赛事的全部奖杯
278,105101,2024-02-14 12:00:00,2050-01-01 04:59:59,605101,1,,观看名将怒涛的\n角色剧情第4话
279,105102,2024-02-14 12:00:00,2050-01-01 04:59:59,605102,1,,名将怒涛获得粉丝数\n累计达到1000万人
279,105103,2024-02-14 12:00:00,2050-01-01 04:59:59,605103,1,,名将怒涛获得粉丝数\n累计达到5000万人
279,105104,2024-02-14 12:00:00,2050-01-01 04:59:59,605104,1,,名将怒涛获得粉丝数\n累计达到1亿人
279,105105,2024-02-14 12:00:00,2050-01-01 04:59:59,605105,1,,让名将怒涛获得\n一级～三级赛事的全部奖杯
280,105201,2024-02-23 12:00:00,2050-01-01 04:59:59,605201,1,,观看荣进闪耀\n角色剧情第4话
281,105202,2024-02-23 12:00:00,2050-01-01 04:59:59,605202,1,,荣进闪耀获得粉丝数\n累计达到1000万人
281,105203,2024-02-23 12:00:00,2050-01-01 04:59:59,605203,1,,荣进闪耀获得粉丝数\n累计达到5000万人
281,105204,2024-02-23 12:00:00,2050-01-01 04:59:59,605204,1,,荣进闪耀获得粉丝数\n累计达到1亿人
281,105205,2024-02-23 12:00:00,2050-01-01 04:59:59,605205,1,,让荣进闪耀获得\n一级～三级赛事的全部奖杯
282,105301,2025-05-26 12:00:00,2050-01-01 04:59:59,605301,1,,观看菱曙的\n角色剧情第4话
283,105302,2025-05-26 12:00:00,2050-01-01 04:59:59,605302,1,,菱曙获得粉丝数\n累计达到1000万人
283,105303,2025-05-26 12:00:00,2050-01-01 04:59:59,605303,1,,菱曙获得粉丝数\n累计达到5000万人
283,105304,2025-05-26 12:00:00,2050-01-01 04:59:59,605304,1,,菱曙获得粉丝数\n累计达到1亿人
283,105305,2025-05-26 12:00:00,2050-01-01 04:59:59,605305,1,,让菱曙获得\n一级～三级赛事的全部奖杯
284,105401,2025-05-29 12:00:00,2050-01-01 04:59:59,605401,1,,观看爱丽数码的\n角色剧情第4话
285,105402,2025-05-29 12:00:00,2050-01-01 04:59:59,605402,1,,爱丽数码获得粉丝数\n累计达到1000万人
285,105403,2025-05-29 12:00:00,2050-01-01 04:59:59,605403,1,,爱丽数码获得粉丝数\n累计达到5000万人
285,105404,2025-05-29 12:00:00,2050-01-01 04:59:59,605404,1,,爱丽数码获得粉丝数\n累计达到1亿人
285,105405,2025-05-29 12:00:00,2050-01-01 04:59:59,605405,1,,让爱丽数码获得\n一级～三级赛事的全部奖杯
286,105501,2025-06-12 12:00:00,2050-01-01 04:59:59,605501,1,,观看川上公主的\n角色剧情第4话
287,105502,2025-06-12 12:00:00,2050-01-01 04:59:59,605502,1,,川上公主获得粉丝数\n累计达到1000万人
287,105503,2025-06-12 12:00:00,2050-01-01 04:59:59,605503,1,,川上公主获得粉丝数\n累计达到5000万人
287,105504,2025-06-12 12:00:00,2050-01-01 04:59:59,605504,1,,川上公主获得粉丝数\n累计达到1亿人
287,105505,2025-06-12 12:00:00,2050-01-01 04:59:59,605505,1,,让川上公主获得\n一级～三级赛事的全部奖杯
288,105601,2025-06-18 12:00:00,2050-01-01 04:59:59,605601,1,,观看曼城茶座的\n角色剧情第4话
289,105602,2025-06-18 12:00:00,2050-01-01 04:59:59,605602,1,,曼城茶座获得粉丝数\n累计达到1000万人
289,105603,2025-06-18 12:00:00,2050-01-01 04:59:59,605603,1,,曼城茶座获得粉丝数\n累计达到5000万人
289,105604,2025-06-18 12:00:00,2050-01-01 04:59:59,605604,1,,曼城茶座获得粉丝数\n累计达到1亿人
289,105605,2025-06-18 12:00:00,2050-01-01 04:59:59,605605,1,,让曼城茶座获得\n一级～三级赛事的全部奖杯
290,105701,2025-06-30 12:00:00,2050-01-01 04:59:59,605701,1,,观看岛川乔丹的\n角色剧情第4话
291,105702,2025-06-30 12:00:00,2050-01-01 04:59:59,605702,1,,岛川乔丹获得粉丝数\n累计达到1000万人
291,105703,2025-06-30 12:00:00,2050-01-01 04:59:59,605703,1,,岛川乔丹获得粉丝数\n累计达到5000万人
291,105704,2025-06-30 12:00:00,2050-01-01 04:59:59,605704,1,,岛川乔丹获得粉丝数\n累计达到1亿人
291,105705,2025-06-30 12:00:00,2050-01-01 04:59:59,605705,1,,让岛川乔丹获得\n一级～三级赛事的全部奖杯
292,105801,2025-07-04 12:00:00,2050-01-01 04:59:59,605801,1,,观看目白多伯的\n角色剧情第4话
293,105802,2025-07-04 12:00:00,2050-01-01 04:59:59,605802,1,,目白多伯获得粉丝数\n累计达到1000万人
293,105803,2025-07-04 12:00:00,2050-01-01 04:59:59,605803,1,,目白多伯获得粉丝数\n累计达到5000万人
293,105804,2025-07-04 12:00:00,2050-01-01 04:59:59,605804,1,,目白多伯获得粉丝数\n累计达到1亿人
293,105805,2025-07-04 12:00:00,2050-01-01 04:59:59,605805,1,,让目白多伯获得\n一级～三级赛事的全部奖杯
294,105901,2025-07-17 12:00:00,2050-01-01 04:59:59,605901,1,,观看美妙姿势的\n角色剧情第4话
295,105902,2025-07-17 12:00:00,2050-01-01 04:59:59,605902,1,,美妙姿势获得粉丝数\n累计达到1000万人
295,105903,2025-07-17 12:00:00,2050-01-01 04:59:59,605903,1,,美妙姿势获得粉丝数\n累计达到5000万人
295,105904,2025-07-17 12:00:00,2050-01-01 04:59:59,605904,1,,美妙姿势获得粉丝数\n累计达到1亿人
295,105905,2025-07-17 12:00:00,2050-01-01 04:59:59,605905,1,,让美妙姿势获得\n一级～三级赛事的全部奖杯
296,106001,2025-07-21 12:00:00,2050-01-01 04:59:59,606001,1,,观看玉藻十字的\n角色剧情第4话
297,106002,2025-07-21 12:00:00,2050-01-01 04:59:59,606002,1,,玉藻十字获得粉丝数\n累计达到1000万人
297,106003,2025-07-21 12:00:00,2050-01-01 04:59:59,606003,1,,玉藻十字获得粉丝数\n累计达到5000万人
297,106004,2025-07-21 12:00:00,2050-01-01 04:59:59,606004,1,,玉藻十字获得粉丝数\n累计达到1亿人
297,106005,2025-07-21 12:00:00,2050-01-01 04:59:59,606005,1,,让玉藻十字获得\n一级～三级赛事的全部奖杯
298,106101,2025-08-11 12:00:00,2050-01-01 04:59:59,606101,1,,观看樱花千代王的\n角色剧情第4话
299,106102,2025-08-11 12:00:00,2050-01-01 04:59:59,606102,1,,樱花千代王获得粉丝数\n累计达到1000万人
299,106103,2025-08-11 12:00:00,2050-01-01 04:59:59,606103,1,,樱花千代王获得粉丝数\n累计达到5000万人
299,106104,2025-08-11 12:00:00,2050-01-01 04:59:59,606104,1,,樱花千代王获得粉丝数\n累计达到1亿人
299,106105,2025-08-11 12:00:00,2050-01-01 04:59:59,606105,1,,让樱花千代王获得\n一级～三级赛事的全部奖杯
300,106201,2025-08-25 12:00:00,2050-01-01 04:59:59,606201,1,,观看目白雅丹的\n角色剧情第4话
301,106202,2025-08-25 12:00:00,2050-01-01 04:59:59,606202,1,,目白雅丹获得粉丝数\n累计达到1000万人
301,106203,2025-08-25 12:00:00,2050-01-01 04:59:59,606203,1,,目白雅丹获得粉丝数\n累计达到5000万人
301,106204,2025-08-25 12:00:00,2050-01-01 04:59:59,606204,1,,目白雅丹获得粉丝数\n累计达到1亿人
301,106205,2025-08-25 12:00:00,2050-01-01 04:59:59,606205,1,,让目白雅丹获得\n一级～三级赛事的全部奖杯
302,106301,2025-08-28 12:00:00,2050-01-01 04:59:59,606301,1,,观看爱慕织姬的\n角色剧情第4话
303,106302,2025-08-28 12:00:00,2050-01-01 04:59:59,606302,1,,爱慕织姬获得粉丝数\n累计达到1000万人
303,106303,2025-08-28 12:00:00,2050-01-01 04:59:59,606303,1,,爱慕织姬获得粉丝数\n累计达到5000万人
303,106304,2025-08-28 12:00:00,2050-01-01 04:59:59,606304,1,,爱慕织姬获得粉丝数\n累计达到1亿人
304,106305,2025-08-28 12:00:00,2050-01-01 04:59:59,606305,1,,让爱慕织姬获得\n一级～三级赛事的全部奖杯
305,106401,2025-09-05 12:00:00,2050-01-01 04:59:59,606401,1,,观看北部玄驹的\n角色剧情第4话
306,106402,2025-09-05 12:00:00,2050-01-01 04:59:59,606402,1,,北部玄驹获得粉丝数\n累计达到1000万人
306,106403,2025-09-05 12:00:00,2050-01-01 04:59:59,606403,1,,北部玄驹获得粉丝数\n累计达到5000万人
306,106404,2025-09-05 12:00:00,2050-01-01 04:59:59,606404,1,,北部玄驹获得粉丝数\n累计达到1亿人
307,106405,2025-09-05 12:00:00,2050-01-01 04:59:59,606405,1,,让北部玄驹获得\n一级～三级赛事的全部奖杯
308,106501,2025-09-05 12:00:00,2050-01-01 04:59:59,606501,1,,观看待兼唐怀瑟的\n角色剧情第4话
309,106502,2025-09-05 12:00:00,2050-01-01 04:59:59,606502,1,,待兼唐怀瑟获得粉丝数\n累计达到1000万人
309,106503,2025-09-05 12:00:00,2050-01-01 04:59:59,606503,1,,待兼唐怀瑟获得粉丝数\n累计达到5000万人
309,106504,2025-09-05 12:00:00,2050-01-01 04:59:59,606504,1,,待兼唐怀瑟获得粉丝数\n累计达到1亿人
310,106505,2025-09-05 12:00:00,2050-01-01 04:59:59,606505,1,,让待兼唐怀瑟获得\n一级～三级赛事的全部奖杯
311,106601,2025-09-16 12:00:00,2050-01-01 04:59:59,606601,1,,观看里见光钻的\n角色剧情第4话
312,106602,2025-09-16 12:00:00,2050-01-01 04:59:59,606602,1,,里见光钻获得粉丝数\n累计达到1000万人
312,106603,2025-09-16 12:00:00,2050-01-01 04:59:59,606603,1,,里见光钻获得粉丝数\n累计达到5000万人
312,106604,2025-09-16 12:00:00,2050-01-01 04:59:59,606604,1,,里见光钻获得粉丝数\n累计达到1亿人
313,106605,2025-09-16 12:00:00,2050-01-01 04:59:59,606605,1,,让里见光钻获得\n一级～三级赛事的全部奖杯
314,106701,2025-09-27 12:00:00,2050-01-01 04:59:59,606701,1,,观看目白光明的\n角色剧情第4话
315,106702,2025-09-27 12:00:00,2050-01-01 04:59:59,606702,1,,目白光明获得粉丝数\n累计达到1000万人
315,106703,2025-09-27 12:00:00,2050-01-01 04:59:59,606703,1,,目白光明获得粉丝数\n累计达到5000万人
315,106704,2025-09-27 12:00:00,2050-01-01 04:59:59,606704,1,,目白光明获得粉丝数\n累计达到1亿人
316,106705,2025-09-27 12:00:00,2050-01-01 04:59:59,606705,1,,让目白光明获得\n一级～三级赛事的全部奖杯
317,106801,2025-10-06 12:00:00,2050-01-01 04:59:59,606801,1,,观看西野花的\n角色剧情第4话
318,106802,2025-10-06 12:00:00,2050-01-01 04:59:59,606802,1,,西野花获得粉丝数\n累计达到1000万人
318,106803,2025-10-06 12:00:00,2050-01-01 04:59:59,606803,1,,西野花获得粉丝数\n累计达到5000万人
318,106804,2025-10-06 12:00:00,2050-01-01 04:59:59,606804,1,,西野花获得粉丝数\n累计达到1亿人
319,106805,2025-10-06 12:00:00,2050-01-01 04:59:59,606805,1,,让西野花获得\n一级～三级赛事的全部奖杯
320,106901,2025-10-13 12:00:00,2050-01-01 04:59:59,606901,1,,观看八重无敌的\n角色剧情第4话
321,106902,2025-10-13 12:00:00,2050-01-01 04:59:59,606902,1,,八重无敌获得粉丝数\n累计达到1000万人
321,106903,2025-10-13 12:00:00,2050-01-01 04:59:59,606903,1,,八重无敌获得粉丝数\n累计达到5000万人
321,106904,2025-10-13 12:00:00,2050-01-01 04:59:59,606904,1,,八重无敌获得粉丝数\n累计达到1亿人
322,106905,2025-10-13 12:00:00,2050-01-01 04:59:59,606905,1,,让八重无敌获得\n一级～三级赛事的全部奖杯
323,107001,2025-10-30 12:00:00,2050-01-01 04:59:59,607001,1,,观看艾尼风神的\n角色剧情第4话
324,107002,2025-10-30 12:00:00,2050-01-01 04:59:59,607002,1,,艾尼风神获得粉丝数\n累计达到1000万人
324,107003,2025-10-30 12:00:00,2050-01-01 04:59:59,607003,1,,艾尼风神获得粉丝数\n累计达到5000万人
324,107004,2025-10-30 12:00:00,2050-01-01 04:59:59,607004,1,,艾尼风神获得粉丝数\n累计达到1亿人
325,107005,2025-10-30 12:00:00,2050-01-01 04:59:59,607005,1,,让艾尼风神获得\n一级～三级赛事的全部奖杯
326,107101,2025-11-03 12:00:00,2050-01-01 04:59:59,607101,1,,观看目白善信的\n角色剧情第4话
327,107102,2025-11-03 12:00:00,2050-01-01 04:59:59,607102,1,,目白善信获得粉丝数\n累计达到1000万人
327,107103,2025-11-03 12:00:00,2050-01-01 04:59:59,607103,1,,目白善信获得粉丝数\n累计达到5000万人
327,107104,2025-11-03 12:00:00,2050-01-01 04:59:59,607104,1,,目白善信获得粉丝数\n累计达到1亿人
328,107105,2025-11-03 12:00:00,2050-01-01 04:59:59,607105,1,,让目白善信获得\n一级～三级赛事的全部奖杯
329,107201,2025-11-17 12:00:00,2050-01-01 04:59:59,607201,1,,观看稻荷一的\n角色剧情第4话
330,107202,2025-11-17 12:00:00,2050-01-01 04:59:59,607202,1,,稻荷一获得粉丝数\n累计达到1000万人
330,107203,2025-11-17 12:00:00,2050-01-01 04:59:59,607203,1,,稻荷一获得粉丝数\n累计达到5000万人
330,107204,2025-11-17 12:00:00,2050-01-01 04:59:59,607204,1,,稻荷一获得粉丝数\n累计达到1亿人
331,107205,2025-11-17 12:00:00,2050-01-01 04:59:59,607205,1,,让稻荷一获得\n一级～三级赛事的全部奖杯
332,107301,2025-11-23 12:00:00,2050-01-01 04:59:59,607301,1,,观看东商变革的\n角色剧情第4话
333,107302,2025-11-23 12:00:00,2050-01-01 04:59:59,607302,1,,东商变革获得粉丝数\n累计达到1000万人
333,107303,2025-11-23 12:00:00,2050-01-01 04:59:59,607303,1,,东商变革获得粉丝数\n累计达到5000万人
333,107304,2025-11-23 12:00:00,2050-01-01 04:59:59,607304,1,,东商变革获得粉丝数\n累计达到1亿人
334,107305,2025-11-23 12:00:00,2050-01-01 04:59:59,607305,1,,让东商变革获得\n一级～三级赛事的全部奖杯
335,107401,2025-12-05 12:00:00,2050-01-01 04:59:59,607401,1,,观看空中神宫的\n角色剧情第4话
336,107402,2025-12-05 12:00:00,2050-01-01 04:59:59,607402,1,,空中神宫获得粉丝数\n累计达到1000万人
336,107403,2025-12-05 12:00:00,2050-01-01 04:59:59,607403,1,,空中神宫获得粉丝数\n累计达到5000万人
336,107404,2025-12-05 12:00:00,2050-01-01 04:59:59,607404,1,,空中神宫获得粉丝数\n累计达到1亿人
337,107405,2025-12-05 12:00:00,2050-01-01 04:59:59,607405,1,,让空中神宫获得\n一级～三级赛事的全部奖杯
830,43,2049-02-24 05:00:00,2050-01-01 04:59:59,900002,100,宝石,观看“樱花进王的‘前进！烦恼咨询！’”
202,59,2023-08-30 05:00:00,2050-12-31 04:59:59,1000001,30000,金币,①【第1天】以粉丝数至少为5千人的状态完成大和赤骥的养成
203,4,2023-08-30 05:00:00,2050-12-31 04:59:59,1000002,10,英里跑鞋,①【第1天】在养成中进入樱花奖前3
204,32,2023-08-30 05:00:00,2050-12-31 04:59:59,1000003,2,能量饮料30,①【第1天】在养成中进入秋华奖前3
205,110,2023-08-30 05:00:00,2050-12-31 04:59:59,1000004,15000,协助积分,①【第1天】提高优俊少女觉醒等级强化1次
206,100301,2023-08-30 05:00:00,2050-12-31 04:59:59,1000005,5,,①【全部完成奖励】完成第1天所有的限定任务
207,59,2023-08-31 05:00:00,2050-12-31 04:59:59,1000006,30000,金币,①【第2天】以粉丝数至少为5千人的状态完成伏特加的养成
208,7,2023-08-31 05:00:00,2050-12-31 04:59:59,1000007,10,中距离跑鞋,①【第2天】在养成中进入全国德比前3
209,95,2023-08-31 05:00:00,2050-12-31 04:59:59,1000008,5,闹钟,①【第2天】在养成中进入维多利亚英里赛前3
210,110,2023-08-31 05:00:00,2050-12-31 04:59:59,1000009,15000,协助积分,①【第2天】提高协助卡等级10次
211,100301,2023-08-31 05:00:00,2050-12-31 04:59:59,1000010,5,,①【全部完成奖励】完成第2天所有的限定任务
212,59,2023-09-01 05:00:00,2050-12-31 04:59:59,1000011,30000,金币,①【第3天】以粉丝数至少为5千人的状态完成黄金船的养成
213,32,2023-09-01 05:00:00,2050-12-31 04:59:59,1000012,2,能量饮料30,①【第3天】在养成中进入皋月奖前3
214,10,2023-09-01 05:00:00,2050-12-31 04:59:59,1000013,10,长距离跑鞋,①【第3天】在养成中进入天王奖（春）前3
215,110,2023-09-01 05:00:00,2050-12-31 04:59:59,1000014,15000,协助积分,①【第3天】在养成中触发10次友情训练
216,100301,2023-09-01 05:00:00,2050-12-31 04:59:59,1000015,5,,①【全部完成奖励】完成第3天所有的限定任务
217,59,2023-09-02 05:00:00,2050-12-31 04:59:59,1000016,30000,金币,①【第4天】以粉丝数至少为5千人的状态完成春乌菈菈的养成
218,13,2023-09-02 05:00:00,2050-12-31 04:59:59,1000017,10,泥地跑鞋,①【第4天】在养成中进入根岸锦标赛前3
219,95,2023-09-02 05:00:00,2050-12-31 04:59:59,1000018,5,闹钟,①【第4天】在养成中进入二月锦标赛前3
220,110,2023-09-02 05:00:00,2050-12-31 04:59:59,1000019,15000,协助积分,①【第4天】通过养成完成5次外出
221,100301,2023-09-02 05:00:00,2050-12-31 04:59:59,1000020,5,,①【全部完成奖励】完成第4天所有的限定任务
222,59,2023-09-03 05:00:00,2050-12-31 04:59:59,1000021,30000,金币,①【第5天】以粉丝数至少为5千人的状态完成樱花进王的养成
223,1,2023-09-03 05:00:00,2050-12-31 04:59:59,1000022,10,短距离跑鞋,①【第5天】在养成中进入短途者锦标赛前3
224,32,2023-09-03 05:00:00,2050-12-31 04:59:59,1000023,2,能量饮料30,①【第5天】在养成中进入中京短途赛前3
225,110,2023-09-03 05:00:00,2050-12-31 04:59:59,1000024,15000,协助积分,①【第5天】以至少为[C]的养成等级完成1次养成
226,100301,2023-09-03 05:00:00,2050-12-31 04:59:59,1000025,5,,①【全部完成奖励】完成第5天所有的限定任务
227,59,2023-09-04 05:00:00,2050-12-31 04:59:59,1000026,30000,金币,①【第6天】以粉丝数至少为2万人的状态完成养成
228,43,2023-09-04 05:00:00,2050-12-31 04:59:59,1000027,100,宝石,①【第6天】通过养成在抓娃娃游戏中获得至少3个娃娃
229,110,2023-09-04 05:00:00,2050-12-31 04:59:59,1000028,15000,协助积分,①【第6天】在养成中取得10场东京赛场赛事的胜利
230,95,2023-09-04 05:00:00,2050-12-31 04:59:59,1000029,5,闹钟,①【第6天】在养成中参与URA总决赛预赛
231,100301,2023-09-04 05:00:00,2050-12-31 04:59:59,1000030,5,,①【全部完成奖励】完成第6天所有的限定任务
232,59,2023-09-05 05:00:00,2050-12-31 04:59:59,1000031,30000,金币,①【第7天】以粉丝数至少为5万人的状态完成养成
233,136,2023-09-05 05:00:00,2050-12-31 04:59:59,1000032,1,稀有或以上新人出道招募第1期,①【第7天】在养成中与协助卡中的5人一同训练
234,110,2023-09-05 05:00:00,2050-12-31 04:59:59,1000033,15000,协助积分,①【第7天】在养成中取得10场中山赛场赛事的胜利
235,44,2023-09-05 05:00:00,2050-12-31 04:59:59,1000034,1,梦想光辉,①【第7天】在养成中参与URA总决赛决赛
236,100301,2023-09-05 05:00:00,2050-12-31 04:59:59,1000035,5,,①【全部完成奖励】完成第7天所有的限定任务
201,113,2023-08-30 05:00:00,2050-12-31 04:59:59,1000036,1,3★新人出道招募第1期,①【全部完成奖励】完成第1-7天所有的限定任务
102,59,2023-09-14 12:00:00,2050-12-31 04:59:59,1000037,30000,金币,②【第1天】进行团队编成使团队\n等级为[E]或以上
103,110,2023-09-14 12:00:00,2050-12-31 04:59:59,1000038,15000,协助积分,②【第1天】在团队竞技场累计提高15点亲密度
104,32,2023-09-14 12:00:00,2050-12-31 04:59:59,1000039,2,能量饮料30,②【第1天】参与团队竞技场5次
105,34,2023-09-14 12:00:00,2050-12-31 04:59:59,1000040,2,迷你胡萝卜果冻,②【第1天】参与3次日常赛事
106,101301,2023-09-14 12:00:00,2050-12-31 04:59:59,1000041,5,,②【全部完成奖励】完成第1天所有的限定任务
107,59,2023-09-15 05:00:00,2050-12-31 04:59:59,1000042,30000,金币,②【第2天】在团队竞技场累计获得20万或以上得分
108,110,2023-09-15 05:00:00,2050-12-31 04:59:59,1000043,15000,协助积分,②【第2天】在团队竞技场获得1次获胜奖励
109,116,2023-09-15 05:00:00,2050-12-31 04:59:59,1000044,5,干劲满溢甜点,②【第2天】在团队竞技场的短距离赛事取得3次胜利
110,34,2023-09-15 05:00:00,2050-12-31 04:59:59,1000045,2,迷你胡萝卜果冻,②【第2天】以[极佳]状态参与日常赛事
111,101301,2023-09-15 05:00:00,2050-12-31 04:59:59,1000046,5,,②【全部完成奖励】完成第2天所有的限定任务
112,59,2023-09-16 05:00:00,2050-12-31 04:59:59,1000047,30000,金币,②【第3天】在团队竞技场累计获得粉丝数达到1000人或以上
113,110,2023-09-16 05:00:00,2050-12-31 04:59:59,1000048,15000,协助积分,②【第3天】取得3场日常赛事的胜利
114,117,2023-09-16 05:00:00,2050-12-31 04:59:59,1000049,5,晴天娃娃,②【第3天】在团队竞技场的英里赛事取得3次胜利
115,34,2023-09-16 05:00:00,2050-12-31 04:59:59,1000050,2,迷你胡萝卜果冻,②【第3天】以[晴]的状态参与日常赛事
116,101301,2023-09-16 05:00:00,2050-12-31 04:59:59,1000051,5,,②【全部完成奖励】完成第3天所有的限定任务
117,59,2023-09-17 05:00:00,2050-12-31 04:59:59,1000052,30000,金币,②【第4天】进行团队编成使团队\n等级为[E2]或以上
118,110,2023-09-17 05:00:00,2050-12-31 04:59:59,1000053,15000,协助积分,②【第4天】在团队竞技场获得3次获胜奖励
119,118,2023-09-17 05:00:00,2050-12-31 04:59:59,1000054,5,雨天娃娃,②【第4天】在团队竞技场的中距离赛事取得3次胜利
120,34,2023-09-17 05:00:00,2050-12-31 04:59:59,1000055,2,迷你胡萝卜果冻,②【第4天】以[雨]的状态参与日常赛事
121,101301,2023-09-17 05:00:00,2050-12-31 04:59:59,1000056,5,,②【全部完成奖励】完成第4天所有的限定任务
122,59,2023-09-18 05:00:00,2050-12-31 04:59:59,1000057,30000,金币,②【第5天】在团队竞技场累计获得50万或以上得分
123,110,2023-09-18 05:00:00,2050-12-31 04:59:59,1000058,15000,协助积分,②【第5天】取得3场日常赛事的胜利
124,119,2023-09-18 05:00:00,2050-12-31 04:59:59,1000059,5,内道抽选球,②【第5天】在团队竞技场的长距离赛事取得3次胜利
125,34,2023-09-18 05:00:00,2050-12-31 04:59:59,1000060,2,迷你胡萝卜果冻,②【第5天】以[内道]（1-3道）的状态参与日常赛事
126,101301,2023-09-18 05:00:00,2050-12-31 04:59:59,1000061,5,,②【全部完成奖励】完成第5天所有的限定任务
127,59,2023-09-19 05:00:00,2050-12-31 04:59:59,1000062,30000,金币,②【第6天】在团队竞技场累计获得粉丝数达到2000人或以上
128,110,2023-09-19 05:00:00,2050-12-31 04:59:59,1000063,15000,协助积分,②【第6天】在团队竞技场累计提高30点亲密度
129,120,2023-09-19 05:00:00,2050-12-31 04:59:59,1000064,5,外道抽选球,②【第6天】在团队竞技场的泥地赛事取得3次胜利
130,43,2023-09-19 05:00:00,2050-12-31 04:59:59,1000065,100,宝石,②【第6天】以[外道]（6-8道）的状态参与日常赛事
131,101301,2023-09-19 05:00:00,2050-12-31 04:59:59,1000066,5,,②【全部完成奖励】完成第6天所有的限定任务
132,59,2023-09-20 05:00:00,2050-12-31 04:59:59,1000067,30000,金币,②【第7天】进行团队编成使团队\n等级为[E3]或以上
133,110,2023-09-20 05:00:00,2050-12-31 04:59:59,1000068,15000,协助积分,②【第7天】取得3场日常赛事的胜利
134,44,2023-09-20 05:00:00,2050-12-31 04:59:59,1000069,1,梦想光辉,②【第7天】在团队竞技场累计获得100万或以上得分
135,135,2023-09-20 05:00:00,2050-12-31 04:59:59,1000070,1,2★或以上新人出道招募第1期,②【第7天】在团队竞技场获得5次获胜奖励
136,101301,2023-09-20 05:00:00,2050-12-31 04:59:59,1000071,5,,②【全部完成奖励】完成第7天所有的限定任务
101,114,2023-09-14 12:00:00,2050-12-31 04:59:59,1000072,1,超稀有新人出道招募第1期,②【全部完成奖励】完成第1-7天所有的限定任务
1,59,2023-09-25 12:00:00,2050-12-31 11:59:59,1000073,10000,金币,③【第1天】在养成中进入全国德比前3
2,59,2023-09-25 12:00:00,2050-12-31 11:59:59,1000074,10000,金币,③【第1天】在养成中进入菊花奖前3
3,110,2023-09-25 12:00:00,2050-12-31 11:59:59,1000075,10000,协助积分,③【第1天】在养成中进入阪神大奖赛前3
5,59,2023-09-26 05:00:00,2050-12-31 11:59:59,1000076,10000,金币,③【第2天】在养成中进入大阪杯前3
6,59,2023-09-26 05:00:00,2050-12-31 11:59:59,1000077,10000,金币,③【第2天】在养成中进入皋月奖前3
7,110,2023-09-26 05:00:00,2050-12-31 11:59:59,1000078,10000,协助积分,③【第2天】在养成中进入天王奖（春）前3
9,59,2023-09-27 05:00:00,2050-12-31 11:59:59,1000079,10000,金币,③【第3天】在养成中进入菊花奖前3
10,59,2023-09-27 05:00:00,2050-12-31 11:59:59,1000080,10000,金币,③【第3天】在养成中进入中山大奖赛前3
11,110,2023-09-27 05:00:00,2050-12-31 11:59:59,1000081,10000,协助积分,③【第3天】在养成中进入大阪杯前3
13,59,2023-09-28 05:00:00,2050-12-31 11:59:59,1000082,10000,金币,③【第4天】在养成中进入天王奖（春）前3
14,59,2023-09-28 05:00:00,2050-12-31 11:59:59,1000083,10000,金币,③【第4天】在养成中进入东京英里赛前3
15,110,2023-09-28 05:00:00,2050-12-31 11:59:59,1000084,10000,协助积分,③【第4天】在养成中进入全国德比前3
17,59,2023-09-29 05:00:00,2050-12-31 11:59:59,1000085,10000,金币,③【第5天】在养成中进入宝冢纪念前3
18,59,2023-09-29 05:00:00,2050-12-31 11:59:59,1000086,10000,金币,③【第5天】在养成中进入七夕奖前3
19,110,2023-09-29 05:00:00,2050-12-31 11:59:59,1000087,10000,协助积分,③【第5天】在养成中进入全国邀请赛前3
4,43,2023-09-25 12:00:00,2050-12-31 11:59:59,1000088,150,宝石,③【全部完成奖励】完成第1天所有的限定任务
8,43,2023-09-26 05:00:00,2050-12-31 11:59:59,1000089,150,宝石,③【全部完成奖励】完成第2天所有的限定任务
12,43,2023-09-27 05:00:00,2050-12-31 11:59:59,1000090,150,宝石,③【全部完成奖励】完成第3天所有的限定任务
16,43,2023-09-28 05:00:00,2050-12-31 11:59:59,1000091,150,宝石,③【全部完成奖励】完成第4天所有的限定任务
20,43,2023-09-29 05:00:00,2050-12-31 11:59:59,1000092,150,宝石,③【全部完成奖励】完成第5天所有的限定任务
1,59,2023-10-10 12:00:00,2023-10-16 04:59:59,1000093,10000,金币,【助威樱花奖】完成1次养成
2,59,2023-10-10 12:00:00,2023-10-16 04:59:59,1000094,10000,金币,【助威樱花奖】完成3次养成
3,59,2023-10-10 12:00:00,2023-10-16 04:59:59,1000095,10000,金币,【助威樱花奖】完成5次养成
4,59,2023-10-10 12:00:00,2023-10-16 04:59:59,1000096,10000,金币,【助威樱花奖】完成10次养成
5,95,2023-10-10 12:00:00,2023-10-16 04:59:59,1000097,1,闹钟,【助威樱花奖】在养成中进入少女竞技赛前3
6,95,2023-10-10 12:00:00,2023-10-16 04:59:59,1000098,1,闹钟,【助威樱花奖】在养成中进入郁金香奖前3
7,110,2023-10-10 12:00:00,2023-10-16 04:59:59,1000099,10000,协助积分,【助威樱花奖】在养成中获得樱花奖胜利
8,43,2023-10-10 12:00:00,2023-10-16 04:59:59,1000100,150,宝石,【全部完成奖励】完成助威樱花奖所有的限定任务
1,59,2023-10-16 05:00:00,2023-10-23 04:59:59,1000101,10000,金币,【助威皋月奖】完成1次养成
2,59,2023-10-16 05:00:00,2023-10-23 04:59:59,1000102,10000,金币,【助威皋月奖】完成3次养成
3,59,2023-10-16 05:00:00,2023-10-23 04:59:59,1000103,10000,金币,【助威皋月奖】完成5次养成
4,59,2023-10-16 05:00:00,2023-10-23 04:59:59,1000104,10000,金币,【助威皋月奖】完成10次养成
5,95,2023-10-16 05:00:00,2023-10-23 04:59:59,1000105,1,闹钟,【助威皋月奖】在养成中进入春季锦标赛前3
6,95,2023-10-16 05:00:00,2023-10-23 04:59:59,1000106,1,闹钟,【助威皋月奖】在养成中进入弥生奖前3
7,110,2023-10-16 05:00:00,2023-10-23 04:59:59,1000107,10000,协助积分,【助威皋月奖】在养成中获得皋月奖胜利
8,43,2023-10-16 05:00:00,2023-10-23 04:59:59,1000108,150,宝石,【全部完成奖励】完成助威皋月奖所有的限定任务
1,59,2023-10-23 05:00:00,2023-10-30 04:59:59,1000109,10000,金币,【助威天王奖（春）】完成1次养成
2,59,2023-10-23 05:00:00,2023-10-30 04:59:59,1000110,10000,金币,【助威天王奖（春）】完成3次养成
3,59,2023-10-23 05:00:00,2023-10-30 04:59:59,1000111,10000,金币,【助威天王奖（春）】完成5次养成
4,59,2023-10-23 05:00:00,2023-10-30 04:59:59,1000112,10000,金币,【助威天王奖（春）】完成10次养成
5,95,2023-10-23 05:00:00,2023-10-30 04:59:59,1000113,1,闹钟,【助威天王奖（春）】在养成中进入阪神大奖赛前3
6,95,2023-10-23 05:00:00,2023-10-30 04:59:59,1000114,1,闹钟,【助威天王奖（春）】在养成中进入日经奖前3
7,110,2023-10-23 05:00:00,2023-10-30 04:59:59,1000115,10000,协助积分,【助威天王奖（春）】在养成中获得天王奖（春）的胜利
8,43,2023-10-23 05:00:00,2023-10-30 04:59:59,1000116,150,宝石,【全部完成奖励】完成助威天王奖（春）所有的限定任务
1,59,2023-11-06 12:00:00,2023-11-13 04:59:59,1000117,10000,金币,【广播协会英里杯】完成1次养成
2,59,2023-11-06 12:00:00,2023-11-13 04:59:59,1000118,10000,金币,【广播协会英里杯】完成3次养成
3,59,2023-11-06 12:00:00,2023-11-13 04:59:59,1000119,10000,金币,【广播协会英里杯】完成5次养成
4,59,2023-11-06 12:00:00,2023-11-13 04:59:59,1000120,10000,金币,【广播协会英里杯】完成10次养成
5,95,2023-11-06 12:00:00,2023-11-13 04:59:59,1000121,1,闹钟,【广播协会英里杯】在养成中进入阿灵顿杯前3
6,95,2023-11-06 12:00:00,2023-11-13 04:59:59,1000122,1,闹钟,【广播协会英里杯】在养成中进入无翼鸟杯前3
7,110,2023-11-06 12:00:00,2023-11-13 04:59:59,1000123,10000,协助积分,【广播协会英里杯】在养成中获得广播协会英里杯的胜利
8,43,2023-11-06 12:00:00,2023-11-13 04:59:59,1000124,150,宝石,【广播协会英里杯】完成所有的限定任务
1,59,2023-11-13 05:00:00,2023-11-20 04:59:59,1000125,10000,金币,【维多利亚英里赛】完成1次养成
2,59,2023-11-13 05:00:00,2023-11-20 04:59:59,1000126,10000,金币,【维多利亚英里赛】完成3次养成
3,59,2023-11-13 05:00:00,2023-11-20 04:59:59,1000127,10000,金币,【维多利亚英里赛】完成5次养成
4,59,2023-11-13 05:00:00,2023-11-20 04:59:59,1000128,10000,金币,【维多利亚英里赛】完成10次养成
5,95,2023-11-13 05:00:00,2023-11-20 04:59:59,1000129,1,闹钟,【维多利亚英里赛】在养成中进入阪神优俊少女锦标赛前3
6,95,2023-11-13 05:00:00,2023-11-20 04:59:59,1000130,1,闹钟,【维多利亚英里赛】在养成中进入松浪优俊少女锦标赛前3
7,110,2023-11-13 05:00:00,2023-11-20 04:59:59,1000131,10000,协助积分,【维多利亚英里赛】在养成中取得维多利亚英里赛的胜利
8,43,2023-11-13 05:00:00,2023-11-20 04:59:59,1000132,150,宝石,【维多利亚英里赛】完成所有的限定任务
1,59,2023-11-20 05:00:00,2023-11-27 04:59:59,1000133,10000,金币,【奥克斯】完成1次养成
2,59,2023-11-20 05:00:00,2023-11-27 04:59:59,1000134,10000,金币,【奥克斯】完成3次养成
3,59,2023-11-20 05:00:00,2023-11-27 04:59:59,1000135,10000,金币,【奥克斯】完成5次养成
4,59,2023-11-20 05:00:00,2023-11-27 04:59:59,1000136,10000,金币,【奥克斯】完成10次养成
5,95,2023-11-20 05:00:00,2023-11-27 04:59:59,1000137,1,闹钟,【奥克斯】在养成中进入芙洛拉锦标赛前2
6,95,2023-11-20 05:00:00,2023-11-27 04:59:59,1000138,1,闹钟,【奥克斯】在养成中进入樱花奖前5
7,110,2023-11-20 05:00:00,2023-11-27 04:59:59,1000139,10000,协助积分,【奥克斯】在养成中取得奥克斯的胜利
8,43,2023-11-20 05:00:00,2023-11-27 04:59:59,1000140,150,宝石,【奥克斯】完成所有的限定任务
1,59,2023-11-27 05:00:00,2023-12-04 04:59:59,1000141,10000,金币,【全国德比】完成1次养成
2,59,2023-11-27 05:00:00,2023-12-04 04:59:59,1000142,10000,金币,【全国德比】完成3次养成
3,59,2023-11-27 05:00:00,2023-12-04 04:59:59,1000143,10000,金币,【全国德比】完成5次养成
4,59,2023-11-27 05:00:00,2023-12-04 04:59:59,1000144,10000,金币,【全国德比】完成10次养成
5,95,2023-11-27 05:00:00,2023-12-04 04:59:59,1000145,1,闹钟,【全国德比】在养成中进入青叶奖前2
6,95,2023-11-27 05:00:00,2023-12-04 04:59:59,1000146,1,闹钟,【全国德比】在养成中进入皋月奖前5
7,110,2023-11-27 05:00:00,2023-12-04 04:59:59,1000147,10000,协助积分,【全国德比】在养成中取得全国德比的胜利
8,43,2023-11-27 05:00:00,2023-12-04 04:59:59,1000148,150,宝石,【全国德比】完成所有的限定任务
1,59,2023-12-04 05:00:00,2023-12-11 04:59:59,1000149,10000,金币,【东京英里赛】完成1次养成
2,59,2023-12-04 05:00:00,2023-12-11 04:59:59,1000150,10000,金币,【东京英里赛】完成3次养成
3,59,2023-12-04 05:00:00,2023-12-11 04:59:59,1000151,10000,金币,【东京英里赛】完成5次养成
4,59,2023-12-04 05:00:00,2023-12-11 04:59:59,1000152,10000,金币,【东京英里赛】完成10次养成
5,95,2023-12-04 05:00:00,2023-12-11 04:59:59,1000153,1,闹钟,【东京英里赛】在养成中取得英里杯的胜利
6,95,2023-12-04 05:00:00,2023-12-11 04:59:59,1000154,1,闹钟,【东京英里赛】在养成中取得京王杯春季杯的胜利
7,110,2023-12-04 05:00:00,2023-12-11 04:59:59,1000155,10000,协助积分,【东京英里赛】在养成中取得东京英里赛的胜利
8,43,2023-12-04 05:00:00,2023-12-11 04:59:59,1000156,150,宝石,【东京英里赛】完成所有的限定任务
21,100701,2021-04-30 12:00:00,2021-05-15 04:59:59,1000157,3,,【黄金船周】在养成中获得皋月奖的胜利
22,110,2021-04-30 12:00:00,2021-05-15 04:59:59,1000158,1500,协助积分,【黄金船周】在养成中获得菊花奖的胜利
23,91,2021-04-30 12:00:00,2021-05-15 04:59:59,1000159,5,中山大奖赛优胜锦旗,【黄金船周】在养成中获得中山大奖赛的胜利
24,110,2021-04-30 12:00:00,2021-05-15 04:59:59,1000160,1500,协助积分,【黄金船周】在养成中获得2次宝冢纪念的胜利
25,100701,2021-04-30 12:00:00,2021-05-15 04:59:59,1000161,3,,【黄金船周】在养成中获得天王奖（春）的胜利
26,95,2021-04-30 12:00:00,2021-05-15 04:59:59,1000162,3,闹钟,【黄金船周】在养成中获得3次三级赛事的胜利
27,100701,2021-04-30 12:00:00,2021-05-15 04:59:59,1000163,3,,【黄金船周】在养成中获得7次二级赛事的胜利
28,110,2021-04-30 12:00:00,2021-05-15 04:59:59,1000164,2000,协助积分,【黄金船周】在养成中获得16次一级赛事的胜利
29,87,2021-04-30 12:00:00,2021-05-15 04:59:59,1000165,5,全国杯优胜锦旗,【黄金船周】在养成中获得13次比赛的胜利
30,74,2021-04-30 12:00:00,2021-05-15 04:59:59,1000166,5,天王奖（春）优胜锦旗,【黄金船周】在养成中获得56次比赛的胜利
31,100701,2021-04-30 12:00:00,2021-05-15 04:59:59,1000167,3,,【黄金船周】在养成中获得128次比赛的胜利
32,77,2021-04-30 12:00:00,2021-05-15 04:59:59,1000168,5,奥克斯优胜锦旗,【黄金船周】在养成中获得168次比赛的胜利
33,110,2021-04-30 12:00:00,2021-05-15 04:59:59,1000169,3000,协助积分,【黄金船周】在养成中获得250次比赛的胜利
34,110,2021-04-30 12:00:00,2021-05-15 04:59:59,1000170,3500,协助积分,【黄金船周】在养成中获得300次比赛的胜利
35,110,2021-04-30 12:00:00,2021-05-15 04:59:59,1000171,5000,协助积分,【黄金船周】在养成中获得496次比赛的胜利
36,110,2021-04-30 12:00:00,2021-05-15 04:59:59,1000172,7000,协助积分,【黄金船周】在养成中获得516次比赛的胜利
37,87,2021-04-30 12:00:00,2021-05-15 04:59:59,1000173,5,全国杯优胜锦旗,【黄金船周】在养成中触发4次良好状态
38,100701,2021-04-30 12:00:00,2021-05-15 04:59:59,1000174,3,,【黄金船周】以至少达到黄金船的粉丝5640人完成养成
39,110,2021-04-30 12:00:00,2021-05-15 04:59:59,1000175,1500,协助积分,【黄金船周】以至少达到黄金船的粉丝56400人完成养成
40,110,2021-04-30 12:00:00,2021-05-15 04:59:59,1000176,1500,协助积分,【黄金船周】任务期间内于养成中获得粉丝数139776人
41,100701,2021-04-30 12:00:00,2021-05-15 04:59:59,1000177,3,,【黄金船周】任务期间内于养成中获得粉丝数564000人
42,110,2021-04-30 12:00:00,2021-05-15 04:59:59,1000178,7000,协助积分,【黄金船周】任务期间内于养成中获得粉丝数5640000人
43,71,2021-04-30 12:00:00,2021-05-15 04:59:59,1000179,5,大阪杯优胜锦旗,【黄金船周】黄金船累计获得粉丝数66796人
44,110,2021-04-30 12:00:00,2021-05-15 04:59:59,1000180,1500,协助积分,【黄金船周】黄金船累计获得粉丝数120981人
45,110,2021-04-30 12:00:00,2021-05-15 04:59:59,1000181,12000,协助积分,【黄金船周】黄金船累计获得粉丝数564万人
46,110,2021-04-30 12:00:00,2021-05-15 04:59:59,1000182,1000,协助积分,【黄金船周】以至少为[G]的养成等级完成1次养成
47,100701,2021-04-30 12:00:00,2021-05-15 04:59:59,1000183,3,,【黄金船周】以至少13胜的战绩完成养成
48,75,2021-04-30 12:00:00,2021-05-15 04:59:59,1000184,5,广播协会英里杯优胜锦旗,【黄金船周】达成养成目标27次
49,71,2021-04-30 12:00:00,2021-05-15 04:59:59,1000185,5,大阪杯优胜锦旗,【黄金船周】达成养成目标50次
50,95,2021-04-30 12:00:00,2021-05-15 04:59:59,1000186,3,闹钟,【黄金船周】达成养成目标88次
51,110,2021-04-30 12:00:00,2021-05-15 04:59:59,1000187,3500,协助积分,【黄金船周】达成养成目标124次
52,136,2021-04-30 12:00:00,2021-05-15 04:59:59,1000188,1,稀有或以上新人出道招募第1期,【黄金船周】达成养成目标200次
53,110,2021-04-30 12:00:00,2021-05-15 04:59:59,1000189,7000,协助积分,【黄金船周】达成养成目标300次
54,110,2021-04-30 12:00:00,2021-05-15 04:59:59,1000190,1500,协助积分,【黄金船周】在养成中外出12次
55,75,2021-04-30 12:00:00,2021-05-15 04:59:59,1000191,5,广播协会英里杯优胜锦旗,【黄金船周】在团队竞技场的英里比赛中取得3次胜利
56,100701,2021-04-30 12:00:00,2021-05-15 04:59:59,1000192,3,,【黄金船周】在团队竞技场的中距离比赛中取得4次胜利
57,110,2021-04-30 12:00:00,2021-05-15 04:59:59,1000193,2000,协助积分,【黄金船周】在团队竞技场的长距离比赛中取得6次胜利
58,78,2021-04-30 12:00:00,2021-05-15 04:59:59,1000194,5,全国德比优胜锦旗,【黄金船周】参与7次团队竞技场
59,110,2021-04-30 12:00:00,2021-05-15 04:59:59,1000195,3000,协助积分,【黄金船周】参与28次团队竞技场
60,110,2021-04-30 12:00:00,2021-05-15 04:59:59,1000196,5000,协助积分,【黄金船周】参与54次团队竞技场
61,110,2021-04-30 12:00:00,2021-05-15 04:59:59,1000197,1500,协助积分,【黄金船周】在团队竞技场中累计获得564000或以上得分
62,110,2021-04-30 12:00:00,2021-05-15 04:59:59,1000198,3500,协助积分,【黄金船周】在团队竞技场中累计获得564万或以上得分
63,110,2021-04-30 12:00:00,2021-05-15 04:59:59,1000199,5000,协助积分,【黄金船周】在团队竞技场中获得24次获胜奖励
64,74,2021-04-30 12:00:00,2021-05-15 04:59:59,1000200,5,天王奖（春）优胜锦旗,【黄金船周】触发友情训练138次
65,95,2021-04-30 12:00:00,2021-05-15 04:59:59,1000201,3,闹钟,【黄金船周】触发友情训练300次
66,110,2021-04-30 12:00:00,2021-05-15 04:59:59,1000202,5000,协助积分,【黄金船周】触发友情训练564次
67,77,2021-04-30 12:00:00,2021-05-15 04:59:59,1000203,5,奥克斯优胜锦旗,【黄金船周】通过养成取得8场阪神赛场赛事的胜利
68,110,2021-04-30 12:00:00,2021-05-15 04:59:59,1000204,1500,协助积分,【黄金船周】通过养成取得6场中山赛场赛事的胜利
69,110,2021-04-30 12:00:00,2021-05-15 04:59:59,1000205,1500,协助积分,【黄金船周】通过养成取得5场京都赛场赛事的胜利
70,78,2021-04-30 12:00:00,2021-05-15 04:59:59,1000206,5,全国德比优胜锦旗,【黄金船周】通过养成取得4场东京赛场赛事的胜利
71,110,2021-04-30 12:00:00,2021-05-15 04:59:59,1000207,1500,协助积分,【黄金船周】通过养成取得3场札幌赛场赛事的胜利
72,110,2021-04-30 12:00:00,2021-05-15 04:59:59,1000208,1500,协助积分,【黄金船周】通过养成取得1场函馆赛场赛事的胜利
73,100701,2021-04-30 12:00:00,2021-05-15 04:59:59,1000209,5,,【黄金船周】完成15个黄金船周特别任务
74,135,2021-04-30 12:00:00,2021-05-15 04:59:59,1000210,1,2★或以上新人出道招募第1期,【黄金船周】完成30个黄金船周特别任务
75,110,2021-04-30 12:00:00,2021-05-15 04:59:59,1000211,9000,协助积分,【黄金船周】完成45个黄金船周特别任务
76,43,2021-04-30 12:00:00,2021-05-15 04:59:59,1000212,150,宝石,【黄金船周】完成所有的黄金船周特别任务
1,59,2023-12-11 05:00:00,2023-12-18 04:59:59,1000213,10000,金币,【宝冢纪念】完成1次养成
2,59,2023-12-11 05:00:00,2023-12-18 04:59:59,1000214,10000,金币,【宝冢纪念】完成3次养成
3,59,2023-12-11 05:00:00,2023-12-18 04:59:59,1000215,10000,金币,【宝冢纪念】完成5次养成
4,59,2023-12-11 05:00:00,2023-12-18 04:59:59,1000216,10000,金币,【宝冢纪念】完成10次养成
5,95,2023-12-11 05:00:00,2023-12-18 04:59:59,1000217,1,闹钟,【宝冢纪念】任务期间内于养成中获得粉丝数50万人
6,95,2023-12-11 05:00:00,2023-12-18 04:59:59,1000218,1,闹钟,【宝冢纪念】任务期间内于养成中获得粉丝数150万人
7,110,2023-12-11 05:00:00,2023-12-18 04:59:59,1000219,10000,协助积分,【宝冢纪念】在养成中获得宝冢纪念的胜利
8,43,2023-12-11 05:00:00,2023-12-18 04:59:59,1000220,150,宝石,【宝冢纪念】完成所有的限定任务
1,59,2024-01-15 12:00:00,2050-12-31 04:59:59,1000300,20000,金币,获得技能[弧线大师]并完成1次养成
2,116,2024-01-15 12:00:00,2050-12-31 04:59:59,1000301,5,干劲满溢甜点,获得技能[圆弧艺术家]并完成1次养成
3,110,2024-01-15 12:00:00,2050-12-31 04:59:59,1000302,10000,协助积分,获得技能[迅疾如风]并完成1次养成
4,59,2024-01-15 12:00:00,2050-12-31 04:59:59,1000303,20000,金币,获得技能[全神贯注]并完成1次养成
5,32,2024-01-15 12:00:00,2050-12-31 04:59:59,1000304,3,能量饮料30,获得技能[一阵狂风]并完成1次养成
6,110,2024-01-15 12:00:00,2050-12-31 04:59:59,1000305,10000,协助积分,获得技能[专心一意]并完成1次养成
7,59,2024-01-15 12:00:00,2050-12-31 04:59:59,1000306,20000,金币,获得技能[喘口气]并完成1次养成
8,59,2024-01-15 12:00:00,2050-12-31 04:59:59,1000307,20000,金币,获得技能[曲线行家]并完成1次养成
9,59,2024-01-15 12:00:00,2050-12-31 04:59:59,1000308,20000,金币,在养成中累计获得10万点或以上评分
10,110,2024-01-15 12:00:00,2050-12-31 04:59:59,1000309,10000,协助积分,在养成中累计获得15万点或以上评分
11,110,2024-01-15 12:00:00,2050-12-31 04:59:59,1000310,10000,协助积分,在养成中累计获得20万点或以上评分
12,59,2024-01-15 12:00:00,2050-12-31 04:59:59,1000311,20000,金币,在养成中累计获得30万点或以上评分
13,59,2024-01-15 12:00:00,2050-12-31 04:59:59,1000312,20000,金币,至少获得8个技能并完成1次养成
14,110,2024-01-15 12:00:00,2050-12-31 04:59:59,1000313,10000,协助积分,至少获得10个技能并完成1次养成
15,110,2024-01-15 12:00:00,2050-12-31 04:59:59,1000314,10000,协助积分,至少获得12个技能并完成1次养成
16,110,2024-01-15 12:00:00,2050-12-31 04:59:59,1000315,10000,协助积分,以短距离适应性至少为A且养成等级至少为[B]的状态完成1次养成
17,110,2024-01-15 12:00:00,2050-12-31 04:59:59,1000316,10000,协助积分,以英里适应性至少为A且养成等级至少为[B]的状态完成1次养成
18,119,2024-01-15 12:00:00,2050-12-31 04:59:59,1000317,5,内道抽选球,以中距离适应性至少为A且养成等级至少为[B]的状态完成1次养成
19,59,2024-01-15 12:00:00,2050-12-31 04:59:59,1000318,20000,金币,以长距离适应性至少为A且养成等级至少为[B]的状态完成1次养成
20,117,2024-01-15 12:00:00,2050-12-31 04:59:59,1000319,5,晴天娃娃,参与至少10次比赛并完成1次养成
21,110,2024-01-15 12:00:00,2050-12-31 04:59:59,1000320,10000,协助积分,参与至少13次比赛并完成1次养成
22,59,2024-01-15 12:00:00,2050-12-31 04:59:59,1000321,20000,金币,参与至少18次比赛并完成1次养成
23,110,2024-01-15 12:00:00,2050-12-31 04:59:59,1000322,10000,协助积分,获得誉名[三后冠]并完成1次养成
24,120,2024-01-15 12:00:00,2050-12-31 04:59:59,1000323,5,外道抽选球,获得誉名[大奖赛2世]并完成1次养成
25,59,2024-01-15 12:00:00,2050-12-31 04:59:59,1000324,20000,金币,获得誉名[一级赛事猎手]并完成1次养成
26,110,2024-01-15 12:00:00,2050-12-31 04:59:59,1000325,10000,协助积分,获得誉名[春季高级三冠优俊少女]并完成1次养成
27,59,2024-01-15 12:00:00,2050-12-31 04:59:59,1000326,20000,金币,获得誉名[秋季高级三冠优俊少女]并完成1次养成
28,110,2024-01-15 12:00:00,2050-12-31 04:59:59,1000327,10000,协助积分,获得誉名[天王奖春秋连霸]并完成1次养成
29,34,2024-01-15 12:00:00,2050-12-31 04:59:59,1000328,3,迷你胡萝卜果冻,获得誉名[泥地能手]并完成1次养成
30,59,2024-01-15 12:00:00,2050-12-31 04:59:59,1000329,20000,金币,获得誉名[全能王]并完成1次养成
31,59,2024-01-15 12:00:00,2050-12-31 04:59:59,1000330,20000,金币,获得誉名[速度女王]并完成1次养成
32,34,2024-01-15 12:00:00,2050-12-31 04:59:59,1000331,3,迷你胡萝卜果冻,获得誉名[努力的天才]并完成1次养成
33,59,2024-01-15 12:00:00,2050-12-31 04:59:59,1000332,20000,金币,在养成中获得50次一级赛事的胜利
34,110,2024-01-15 12:00:00,2050-12-31 04:59:59,1000333,10000,协助积分,在养成中获得100次一级赛事的胜利
35,32,2024-01-15 12:00:00,2050-12-31 04:59:59,1000334,3,能量饮料30,在养成中获得150次一级赛事的胜利
36,59,2024-01-15 12:00:00,2050-12-31 04:59:59,1000335,20000,金币,在养成中获得200次一级赛事的胜利
37,43,2024-01-15 12:00:00,2050-12-31 04:59:59,1000336,150,宝石,完成10个限定任务
38,43,2024-01-15 12:00:00,2050-12-31 04:59:59,1000337,150,宝石,完成20个限定任务
39,135,2024-01-15 12:00:00,2050-12-31 04:59:59,1000338,1,2★或以上新人出道招募第1期,完成30个限定任务
40,113,2024-01-15 12:00:00,2050-12-31 04:59:59,1000339,1,3★新人出道招募第1期,【全部完成奖励】完成所有的限定任务
1,43,2024-01-23 12:00:00,2024-02-02 04:59:59,1000401,150,宝石,【第4章纪念】完成所有的限定任务
2,59,2024-01-23 12:00:00,2024-02-02 04:59:59,1000402,10000,金币,【第4章纪念】观看主线剧情第4章第1话
3,59,2024-01-23 12:00:00,2024-02-02 04:59:59,1000403,10000,金币,【第4章纪念】观看主线剧情第4章第3话
4,59,2024-01-23 12:00:00,2024-02-02 04:59:59,1000404,10000,金币,【第4章纪念】观看主线剧情第4章第6话
5,59,2024-01-23 12:00:00,2024-02-02 04:59:59,1000405,10000,金币,【第4章纪念】观看主线剧情第4章第10话
6,59,2024-01-23 12:00:00,2024-02-02 04:59:59,1000406,20000,金币,【第4章纪念】观看主线剧情第4章所有剧情
7,110,2024-01-23 12:00:00,2024-02-02 04:59:59,1000407,5000,协助积分,【第4章纪念】在养成中触发5次友情训练
8,110,2024-01-23 12:00:00,2024-02-02 04:59:59,1000408,5000,协助积分,【第4章纪念】在养成中触发10次友情训练
9,110,2024-01-23 12:00:00,2024-02-02 04:59:59,1000409,5000,协助积分,【第4章纪念】以至少为B的养成等级完成1次养成
10,110,2024-01-23 12:00:00,2024-02-02 04:59:59,1000410,10000,协助积分,【第4章纪念】完成10次养成
11,59,2024-01-23 12:00:00,2024-02-02 04:59:59,1000411,10000,金币,【第4章纪念】在养成中获得皋月奖的胜利
12,59,2024-01-23 12:00:00,2024-02-02 04:59:59,1000412,10000,金币,【第4章纪念】在养成中获得天王奖（春）的胜利
13,59,2024-01-23 12:00:00,2024-02-02 04:59:59,1000413,10000,金币,【第4章纪念】在养成中获得宝冢纪念的胜利
14,59,2024-01-23 12:00:00,2024-02-02 04:59:59,1000414,10000,金币,【第4章纪念】在养成中获得全国德比的胜利
15,59,2024-01-23 12:00:00,2024-02-02 04:59:59,1000415,10000,金币,【第4章纪念】在养成中获得菊花奖的胜利
16,59,2024-01-23 12:00:00,2024-02-02 04:59:59,1000416,10000,金币,【第4章纪念】在养成中获得中山大奖赛的胜利
17,59,2024-01-23 12:00:00,2024-02-02 04:59:59,1000417,10000,金币,【第4章纪念】在养成中取得10场中山赛场赛事的胜利
18,59,2024-01-23 12:00:00,2024-02-02 04:59:59,1000418,10000,金币,【第4章纪念】挑战经典三冠并完成1次养成
19,59,2024-01-23 12:00:00,2024-02-02 04:59:59,1000419,20000,金币,【第4章纪念】在养成中获得5次一级赛事的胜利
20,95,2024-01-23 12:00:00,2024-02-02 04:59:59,1000420,2,闹钟,【第4章纪念】以至少5胜的战绩完成养成
21,95,2024-01-23 12:00:00,2024-02-02 04:59:59,1000421,2,闹钟,【第4章纪念】以至少15胜的战绩完成养成
22,110,2024-01-23 12:00:00,2024-02-02 04:59:59,1000422,5000,协助积分,【第4章纪念】粉丝数达到至少15万人并完成1次养成
23,110,2024-01-23 12:00:00,2024-02-02 04:59:59,1000423,10000,协助积分,【第4章纪念】粉丝数达到至少20万人并完成1次养成
1,41,2024-02-28 12:00:00,2024-04-13 04:59:59,1000501,3,养成优俊少女招募券,【半周年庆典①】完成纪念任务第1弹的所有任务
2,43,2024-02-28 12:00:00,2024-04-13 04:59:59,1000502,500,宝石,【半周年庆典①】完成纪念任务第1弹的10个任务
3,110,2024-02-28 12:00:00,2024-04-13 04:59:59,1000503,5000,协助积分,【半周年庆典①】在养成中获得10次比赛的胜利
4,110,2024-02-28 12:00:00,2024-04-13 04:59:59,1000504,5000,协助积分,【半周年庆典①】在养成中获得30次比赛的胜利
5,110,2024-02-28 12:00:00,2024-04-13 04:59:59,1000505,5000,协助积分,【半周年庆典①】在养成中获得50次比赛的胜利
6,110,2024-02-28 12:00:00,2024-04-13 04:59:59,1000506,10000,协助积分,【半周年庆典①】在养成中获得70次比赛的胜利
7,110,2024-02-28 12:00:00,2024-04-13 04:59:59,1000507,5000,协助积分,【半周年庆典①】达成养成目标25次
8,110,2024-02-28 12:00:00,2024-04-13 04:59:59,1000508,10000,协助积分,【半周年庆典①】达成养成目标50次
9,110,2024-02-28 12:00:00,2024-04-13 04:59:59,1000509,5000,协助积分,【半周年庆典①】完成5次养成
10,110,2024-02-28 12:00:00,2024-04-13 04:59:59,1000510,10000,协助积分,【半周年庆典①】完成10次养成
11,110,2024-02-28 12:00:00,2024-04-13 04:59:59,1000511,15000,协助积分,【半周年庆典①】完成15次养成
12,110,2024-02-28 12:00:00,2024-04-13 04:59:59,1000512,5000,协助积分,【半周年庆典①】以至少10胜的战绩完成1次养成
13,110,2024-02-28 12:00:00,2024-04-13 04:59:59,1000513,10000,协助积分,【半周年庆典①】以至少15胜的战绩完成1次养成
14,59,2024-02-28 12:00:00,2024-04-13 04:59:59,1000514,10000,金币,【半周年庆典①】以至少为C的养成等级完成1次养成
15,59,2024-02-28 12:00:00,2024-04-13 04:59:59,1000515,10000,金币,【半周年庆典①】以至少为C+的养成等级完成1次养成
16,59,2024-02-28 12:00:00,2024-04-13 04:59:59,1000516,10000,金币,【半周年庆典①】参与10次团队竞技场
17,59,2024-02-28 12:00:00,2024-04-13 04:59:59,1000517,15000,金币,【半周年庆典①】参与30次团队竞技场
18,59,2024-02-28 12:00:00,2024-04-13 04:59:59,1000518,10000,金币,【半周年庆典①】在团队竞技场获得5次获胜奖励
19,59,2024-02-28 12:00:00,2024-04-13 04:59:59,1000519,15000,金币,【半周年庆典①】在团队竞技场获得15次获胜奖励
20,59,2024-02-28 12:00:00,2024-04-13 04:59:59,1000520,10000,金币,【半周年庆典①】在团队竞技场累计获得100万或以上得分
21,59,2024-02-28 12:00:00,2024-04-13 04:59:59,1000521,10000,金币,【半周年庆典①】在团队竞技场累计获得150万或以上得分
22,59,2024-02-28 12:00:00,2024-04-13 04:59:59,1000522,15000,金币,【半周年庆典①】在团队竞技场累计获得300万或以上得分
1,30062,2024-03-04 12:00:00,2024-04-10 04:59:59,1000601,1,,【半周年庆典②】完成纪念任务第2弹的所有任务
2,43,2024-03-04 12:00:00,2024-04-10 04:59:59,1000602,500,宝石,【半周年庆典②】完成纪念任务第2弹的10个任务
3,110,2024-03-04 12:00:00,2024-04-10 04:59:59,1000603,5000,协助积分,【半周年庆典②】在养成中获得10次一级赛事的胜利
3,110,2024-03-04 12:00:00,2024-04-10 04:59:59,1000604,5000,协助积分,【半周年庆典②】在养成中获得30次一级赛事的胜利
5,110,2024-03-04 12:00:00,2024-04-10 04:59:59,1000605,5000,协助积分,【半周年庆典②】任务期间内于养成中获得粉丝数50万人
6,110,2024-03-04 12:00:00,2024-04-10 04:59:59,1000606,10000,协助积分,【半周年庆典②】任务期间内于养成中获得粉丝数100万人
7,110,2024-03-04 12:00:00,2024-04-10 04:59:59,1000607,10000,协助积分,【半周年庆典②】任务期间内于养成中获得粉丝数150万人
8,110,2024-03-04 12:00:00,2024-04-10 04:59:59,1000608,10000,协助积分,【半周年庆典②】养成完成时获得2★或以上的速度因子
9,110,2024-03-04 12:00:00,2024-04-10 04:59:59,1000609,10000,协助积分,【半周年庆典②】养成完成时获得2★或以上的耐力因子
10,59,2024-03-04 12:00:00,2024-04-10 04:59:59,1000610,10000,金币,【半周年庆典②】任务期间内于养成中累计获得2万点或以上的评分
11,59,2024-03-04 12:00:00,2024-04-10 04:59:59,1000611,10000,金币,【半周年庆典②】任务期间内于养成中累计获得5万点或以上的评分
12,30062,2024-03-04 12:00:00,2024-04-10 04:59:59,1000612,1,,【半周年庆典②】任务期间内于养成中累计获得10万点或以上的评分
13,110,2024-03-04 12:00:00,2024-04-10 04:59:59,1000613,5000,协助积分,【半周年庆典②】在URA决赛中以至少2身位的差距取得1次胜利
14,110,2024-03-04 12:00:00,2024-04-10 04:59:59,1000614,5000,协助积分,【半周年庆典②】在URA决赛中以至少3身位的差距取得1次胜利
15,59,2024-03-04 12:00:00,2024-04-10 04:59:59,1000615,10000,金币,【半周年庆典②】在团队竞技场获得10次胜利
16,59,2024-03-04 12:00:00,2024-04-10 04:59:59,1000616,15000,金币,【半周年庆典②】在团队竞技场获得30次胜利
17,30062,2024-03-04 12:00:00,2024-04-10 04:59:59,1000617,1,,【半周年庆典②】在团队竞技场获得50次胜利
18,59,2024-03-04 12:00:00,2024-04-10 04:59:59,1000618,10000,金币,【半周年庆典②】在团队竞技场获得5次短距离代表胜利
19,59,2024-03-04 12:00:00,2024-04-10 04:59:59,1000619,10000,金币,【半周年庆典②】在团队竞技场获得5次英里代表胜利
20,59,2024-03-04 12:00:00,2024-04-10 04:59:59,1000620,10000,金币,【半周年庆典②】在团队竞技场获得5次中距离代表胜利
21,59,2024-03-04 12:00:00,2024-04-10 04:59:59,1000621,10000,金币,【半周年庆典②】在团队竞技场获得5次长距离代表胜利
22,59,2024-03-04 12:00:00,2024-04-10 04:59:59,1000622,10000,金币,【半周年庆典②】在团队竞技场获得5次泥地代表胜利
1,141,2025-05-22 05:00:00,2025-06-21 21:59:59,1000701,1,半周年庆典 超稀有兑换券,【半周年庆典③】完成纪念任务第3弹的所有任务
2,43,2025-05-22 05:00:00,2025-06-21 21:59:59,1000702,500,宝石,【半周年庆典③】完成纪念任务第3弹的15个任务
3,59,2025-05-22 05:00:00,2025-06-21 21:59:59,1000703,10000,金币,【半周年庆典③】在青春杯中剧本评分纪录达到3000点
4,59,2025-05-22 05:00:00,2025-06-21 21:59:59,1000704,10000,金币,【半周年庆典③】在青春杯中剧本评分纪录达到5000点
5,59,2025-05-22 05:00:00,2025-06-21 21:59:59,1000705,15000,金币,【半周年庆典③】在青春杯中剧本评分纪录达到7000点
6,59,2025-05-22 05:00:00,2025-06-21 21:59:59,1000706,15000,金币,【半周年庆典③】在青春杯中剧本评分纪录达到9000点
7,59,2025-05-22 05:00:00,2025-06-21 21:59:59,1000707,10000,金币,【半周年庆典③】在青春杯中团队的综合实力达到D或以上
8,59,2025-05-22 05:00:00,2025-06-21 21:59:59,1000708,10000,金币,【半周年庆典③】在青春杯中团队的综合实力达到C或以上
9,59,2025-05-22 05:00:00,2025-06-21 21:59:59,1000709,15000,金币,【半周年庆典③】在青春杯中团队的综合实力达到B或以上
10,59,2025-05-22 05:00:00,2025-06-21 21:59:59,1000710,20000,金币,【半周年庆典③】在青春杯中团队的综合实力达到A或以上
11,110,2025-05-22 05:00:00,2025-06-21 21:59:59,1000711,5000,协助积分,【半周年庆典③】至少爆发1次青春之魂并完成1次养成
12,110,2025-05-22 05:00:00,2025-06-21 21:59:59,1000712,5000,协助积分,【半周年庆典③】至少爆发3次青春之魂并完成1次养成
13,110,2025-05-22 05:00:00,2025-06-21 21:59:59,1000713,5000,协助积分,【半周年庆典③】至少爆发5次青春之魂并完成1次养成
14,110,2025-05-22 05:00:00,2025-06-21 21:59:59,1000714,10000,协助积分,【半周年庆典③】至少爆发7次青春之魂并完成1次养成
15,110,2025-05-22 05:00:00,2025-06-21 21:59:59,1000715,5000,协助积分,【半周年庆典③】总计触发20次青春特训
16,110,2025-05-22 05:00:00,2025-06-21 21:59:59,1000716,5000,协助积分,【半周年庆典③】总计触发50次青春特训
17,110,2025-05-22 05:00:00,2025-06-21 21:59:59,1000717,10000,协助积分,【半周年庆典③】总计触发100次青春特训
18,110,2025-05-22 05:00:00,2025-06-21 21:59:59,1000718,10000,协助积分,【半周年庆典③】总计触发150次青春特训
19,110,2025-05-22 05:00:00,2025-06-21 21:59:59,1000719,10000,协助积分,【半周年庆典③】总计触发200次青春特训
20,110,2025-05-22 05:00:00,2025-06-21 21:59:59,1000720,10000,协助积分,【半周年庆典③】在青春杯完成5次养成
21,110,2025-05-22 05:00:00,2025-06-21 21:59:59,1000721,15000,协助积分,【半周年庆典③】在青春杯完成10次养成
22,110,2025-05-22 05:00:00,2025-06-21 21:59:59,1000722,20000,协助积分,【半周年庆典③】在青春杯完成15次养成
23,110,2025-05-22 05:00:00,2025-06-21 21:59:59,1000723,30000,协助积分,【半周年庆典③】在青春杯完成20次养成
24,59,2025-05-22 05:00:00,2025-06-21 21:59:59,1000724,10000,金币,【半周年庆典③】以至少为[B]的养成等级完成1次养成
25,59,2025-05-22 05:00:00,2025-06-21 21:59:59,1000725,10000,金币,【半周年庆典③】至少获得8个技能并完成1次养成
26,59,2025-05-22 05:00:00,2025-06-21 21:59:59,1000726,10000,金币,【半周年庆典③】至少获得10个技能并完成1次养成
27,59,2025-05-22 05:00:00,2025-06-21 21:59:59,1000727,10000,金币,【半周年庆典③】至少获得12个技能并完成1次养成
28,59,2025-05-22 05:00:00,2025-06-21 21:59:59,1000728,10000,金币,【半周年庆典③】参与至少15次比赛并完成1次养成
29,59,2025-05-22 05:00:00,2025-06-21 21:59:59,1000729,10000,金币,【半周年庆典③】至少获得3个誉名并完成1次养成
30,59,2025-05-22 05:00:00,2025-06-21 21:59:59,1000730,10000,金币,【半周年庆典③】至少获得5个誉名并完成1次养成
31,59,2025-05-22 05:00:00,2025-06-21 21:59:59,1000731,15000,金币,【半周年庆典③】至少获得7个誉名并完成1次养成
32,59,2025-05-22 05:00:00,2025-06-21 21:59:59,1000732,15000,金币,【半周年庆典③】在养成中观看1次养成优俊少女的好结局
1,59,2025-05-26 12:00:00,2025-06-02 04:59:59,1000801,10000,金币,【短途者锦标赛】完成1次养成
2,59,2025-05-26 12:00:00,2025-06-02 04:59:59,1000802,10000,金币,【短途者锦标赛】完成3次养成
3,59,2025-05-26 12:00:00,2025-06-02 04:59:59,1000803,10000,金币,【短途者锦标赛】完成5次养成
4,59,2025-05-26 12:00:00,2025-06-02 04:59:59,1000804,10000,金币,【短途者锦标赛】完成10次养成
5,95,2025-05-26 12:00:00,2025-06-02 04:59:59,1000805,1,闹钟,【短途者锦标赛】在养成中获得科尼杯的胜利
6,95,2025-05-26 12:00:00,2025-06-02 04:59:59,1000806,1,闹钟,【短途者锦标赛】在养成中获得人马锦标赛的胜利
7,110,2025-05-26 12:00:00,2025-06-02 04:59:59,1000807,10000,协助积分,【短途者锦标赛】在养成中获得短途者锦标赛的胜利
8,43,2025-05-26 12:00:00,2025-06-02 04:59:59,1000808,150,宝石,【短途者锦标赛】完成所有的限定任务
1,59,2025-06-02 05:00:00,2025-06-08 21:59:59,1000811,10000,金币,【秋华奖】完成1次养成
2,59,2025-06-02 05:00:00,2025-06-08 21:59:59,1000812,10000,金币,【秋华奖】完成3次养成
3,59,2025-06-02 05:00:00,2025-06-08 21:59:59,1000813,10000,金币,【秋华奖】完成5次养成
4,59,2025-06-02 05:00:00,2025-06-08 21:59:59,1000814,10000,金币,【秋华奖】完成10次养成
5,95,2025-06-02 05:00:00,2025-06-08 21:59:59,1000815,1,闹钟,【秋华奖】在养成中进入紫苑锦标赛前3
6,95,2025-06-02 05:00:00,2025-06-08 21:59:59,1000816,1,闹钟,【秋华奖】在养成中进入玫瑰锦标赛前3
7,110,2025-06-02 05:00:00,2025-06-08 21:59:59,1000817,10000,协助积分,【秋华奖】在养成中获得秋华奖的胜利
8,43,2025-06-02 05:00:00,2025-06-08 21:59:59,1000818,150,宝石,【秋华奖】完成所有的限定任务
1,59,2025-06-09 05:00:00,2025-06-16 04:59:59,1000821,10000,金币,【菊花奖】完成1次养成
2,59,2025-06-09 05:00:00,2025-06-16 04:59:59,1000822,10000,金币,【菊花奖】完成3次养成
3,59,2025-06-09 05:00:00,2025-06-16 04:59:59,1000823,10000,金币,【菊花奖】完成5次养成
4,59,2025-06-09 05:00:00,2025-06-16 04:59:59,1000824,10000,金币,【菊花奖】完成10次养成
5,95,2025-06-09 05:00:00,2025-06-16 04:59:59,1000825,1,闹钟,【菊花奖】在养成中进入圣光纪念的前3
6,95,2025-06-09 05:00:00,2025-06-16 04:59:59,1000826,1,闹钟,【菊花奖】在养成中进入神户新闻杯的前3
7,110,2025-06-09 05:00:00,2025-06-16 04:59:59,1000827,10000,协助积分,【菊花奖】在养成中获得菊花奖的胜利
8,43,2025-06-09 05:00:00,2025-06-16 04:59:59,1000828,150,宝石,【菊花奖】完成所有的限定任务
1,59,2025-06-16 05:00:00,2025-06-23 04:59:59,1000831,10000,金币,【天王奖（秋）】完成1次养成
2,59,2025-06-16 05:00:00,2025-06-23 04:59:59,1000832,10000,金币,【天王奖（秋）】完成3次养成
3,59,2025-06-16 05:00:00,2025-06-23 04:59:59,1000833,10000,金币,【天王奖（秋）】完成5次养成
4,59,2025-06-16 05:00:00,2025-06-23 04:59:59,1000834,10000,金币,【天王奖（秋）】完成10次养成
5,95,2025-06-16 05:00:00,2025-06-23 04:59:59,1000835,1,闹钟,【天王奖（秋）】在养成中获得全国邀请赛的胜利
6,95,2025-06-16 05:00:00,2025-06-23 04:59:59,1000836,1,闹钟,【天王奖（秋）】在养成中获得每日王冠的胜利
7,110,2025-06-16 05:00:00,2025-06-23 04:59:59,1000837,10000,协助积分,【天王奖（秋）】在养成中获得天王奖（秋）的胜利
8,43,2025-06-16 05:00:00,2025-06-23 04:59:59,1000838,150,宝石,【天王奖（秋）】完成所有的限定任务
1,59,2025-06-23 05:00:00,2025-06-29 21:59:59,1000841,10000,金币,【伊丽莎白女王杯】完成1次养成
2,59,2025-06-23 05:00:00,2025-06-29 21:59:59,1000842,10000,金币,【伊丽莎白女王杯】完成3次养成
3,59,2025-06-23 05:00:00,2025-06-29 21:59:59,1000843,10000,金币,【伊丽莎白女王杯】完成5次养成
4,59,2025-06-23 05:00:00,2025-06-29 21:59:59,1000844,10000,金币,【伊丽莎白女王杯】完成10次养成
5,95,2025-06-23 05:00:00,2025-06-29 21:59:59,1000845,2,闹钟,【伊丽莎白女王杯】在养成中获得府中优俊少女锦标赛的胜利
7,110,2025-06-23 05:00:00,2025-06-29 21:59:59,1000846,10000,协助积分,【伊丽莎白女王杯】在养成中获得伊丽莎白女王杯的胜利
8,43,2025-06-23 05:00:00,2025-06-29 21:59:59,1000847,150,宝石,【伊丽莎白女王杯】完成所有的限定任务
1,59,2025-06-30 05:00:00,2025-07-07 04:59:59,1000851,10000,金币,【英里冠军赛】完成1次养成
2,59,2025-06-30 05:00:00,2025-07-07 04:59:59,1000852,10000,金币,【英里冠军赛】完成3次养成
3,59,2025-06-30 05:00:00,2025-07-07 04:59:59,1000853,10000,金币,【英里冠军赛】完成5次养成
4,59,2025-06-30 05:00:00,2025-07-07 04:59:59,1000854,10000,金币,【英里冠军赛】完成10次养成
5,95,2025-06-30 05:00:00,2025-07-07 04:59:59,1000855,1,闹钟,【英里冠军赛】在养成中获得富士锦标赛的胜利
6,95,2025-06-30 05:00:00,2025-07-07 04:59:59,1000856,1,闹钟,【英里冠军赛】在养成中获得天鹅锦标赛的胜利
7,110,2025-06-30 05:00:00,2025-07-07 04:59:59,1000857,10000,协助积分,【英里冠军赛】在养成中获得英里冠军赛的胜利
8,43,2025-06-30 05:00:00,2025-07-07 04:59:59,1000858,150,宝石,【英里冠军赛】完成所有的限定任务
1,59,2025-07-07 05:00:00,2025-07-14 04:59:59,1000861,10000,金币,【全国杯】完成1次养成
2,59,2025-07-07 05:00:00,2025-07-14 04:59:59,1000862,10000,金币,【全国杯】完成3次养成
3,59,2025-07-07 05:00:00,2025-07-14 04:59:59,1000863,10000,金币,【全国杯】完成5次养成
4,59,2025-07-07 05:00:00,2025-07-14 04:59:59,1000864,10000,金币,【全国杯】完成10次养成
5,95,2025-07-07 05:00:00,2025-07-14 04:59:59,1000865,1,闹钟,【全国杯】任务期间内于养成中获得粉丝数50万人
6,95,2025-07-07 05:00:00,2025-07-14 04:59:59,1000866,1,闹钟,【全国杯】任务期间内于养成中获得粉丝数150万人
7,110,2025-07-07 05:00:00,2025-07-14 04:59:59,1000867,10000,协助积分,【全国杯】在养成中获得全国杯的胜利
8,43,2025-07-07 05:00:00,2025-07-14 04:59:59,1000868,150,宝石,【全国杯】完成所有的限定任务
1,59,2025-07-14 05:00:00,2025-07-21 04:59:59,1000871,10000,金币,【全国冠军杯】完成1次养成
2,59,2025-07-14 05:00:00,2025-07-21 04:59:59,1000872,10000,金币,【全国冠军杯】完成3次养成
3,59,2025-07-14 05:00:00,2025-07-21 04:59:59,1000873,10000,金币,【全国冠军杯】完成5次养成
4,59,2025-07-14 05:00:00,2025-07-21 04:59:59,1000874,10000,金币,【全国冠军杯】完成10次养成
5,95,2025-07-14 05:00:00,2025-07-21 04:59:59,1000875,1,闹钟,【全国冠军杯】在养成中获得都城锦标赛的胜利
6,95,2025-07-14 05:00:00,2025-07-21 04:59:59,1000876,1,闹钟,【全国冠军杯】在养成中获得武藏野锦标赛的胜利
7,110,2025-07-14 05:00:00,2025-07-21 04:59:59,1000877,10000,协助积分,【全国冠军杯】在养成中获得全国冠军杯的胜利
8,43,2025-07-14 05:00:00,2025-07-21 04:59:59,1000878,150,宝石,【全国冠军杯】完成所有的限定任务
1,59,2025-07-21 05:00:00,2025-07-28 04:59:59,1000881,10000,金币,【阪神初级少女杯】完成1次养成
2,59,2025-07-21 05:00:00,2025-07-28 04:59:59,1000882,10000,金币,【阪神初级少女杯】完成3次养成
3,59,2025-07-21 05:00:00,2025-07-28 04:59:59,1000883,10000,金币,【阪神初级少女杯】完成5次养成
4,59,2025-07-21 05:00:00,2025-07-28 04:59:59,1000884,10000,金币,【阪神初级少女杯】完成10次养成
5,95,2025-07-21 05:00:00,2025-07-28 04:59:59,1000885,1,闹钟,【阪神初级少女杯】任务期间内于养成中获得粉丝数50万人
6,95,2025-07-21 05:00:00,2025-07-28 04:59:59,1000886,1,闹钟,【阪神初级少女杯】任务期间内于养成中获得粉丝数150万人
7,110,2025-07-21 05:00:00,2025-07-28 04:59:59,1000887,10000,协助积分,【阪神初级少女杯】在养成中获得阪神初级少女杯的胜利
8,43,2025-07-21 05:00:00,2025-07-28 04:59:59,1000888,150,宝石,【阪神初级少女杯】完成所有的限定任务
1,59,2025-07-28 05:00:00,2025-08-04 04:59:59,1000891,10000,金币,【朝日杯未来锦标赛】完成1次养成
2,59,2025-07-28 05:00:00,2025-08-04 04:59:59,1000892,10000,金币,【朝日杯未来锦标赛】完成3次养成
3,59,2025-07-28 05:00:00,2025-08-04 04:59:59,1000893,10000,金币,【朝日杯未来锦标赛】完成5次养成
4,59,2025-07-28 05:00:00,2025-08-04 04:59:59,1000894,10000,金币,【朝日杯未来锦标赛】完成10次养成
5,95,2025-07-28 05:00:00,2025-08-04 04:59:59,1000895,1,闹钟,【朝日杯未来锦标赛】任务期间内于养成中获得粉丝数50万人
6,95,2025-07-28 05:00:00,2025-08-04 04:59:59,1000896,1,闹钟,【朝日杯未来锦标赛】任务期间内于养成中获得粉丝数150万人
7,110,2025-07-28 05:00:00,2025-08-04 04:59:59,1000897,10000,协助积分,【朝日杯未来锦标赛】在养成中获得朝日杯未来锦标赛的胜利
8,43,2025-07-28 05:00:00,2025-08-04 04:59:59,1000898,150,宝石,【朝日杯未来锦标赛】完成所有的限定任务
1,59,2025-08-04 05:00:00,2025-08-11 04:59:59,1000901,10000,金币,【中山大奖赛】完成1次养成
2,59,2025-08-04 05:00:00,2025-08-11 04:59:59,1000902,10000,金币,【中山大奖赛】完成3次养成
3,59,2025-08-04 05:00:00,2025-08-11 04:59:59,1000903,10000,金币,【中山大奖赛】完成5次养成
4,59,2025-08-04 05:00:00,2025-08-11 04:59:59,1000904,10000,金币,【中山大奖赛】完成10次养成
5,95,2025-08-04 05:00:00,2025-08-11 04:59:59,1000905,1,闹钟,【中山大奖赛】任务期间内于养成中获得粉丝数50万人
6,95,2025-08-04 05:00:00,2025-08-11 04:59:59,1000906,1,闹钟,【中山大奖赛】任务期间内于养成中获得粉丝数150万人
7,110,2025-08-04 05:00:00,2025-08-11 04:59:59,1000907,10000,协助积分,【中山大奖赛】在养成中获得中山大奖赛的胜利
8,43,2025-08-04 05:00:00,2025-08-11 04:59:59,1000908,150,宝石,【中山大奖赛】完成所有的限定任务
1,59,2025-08-11 05:00:00,2025-08-13 04:59:59,1000911,10000,金币,【希望锦标赛】完成1次养成
2,59,2025-08-11 05:00:00,2025-08-13 04:59:59,1000912,10000,金币,【希望锦标赛】完成2次养成
3,59,2025-08-11 05:00:00,2025-08-13 04:59:59,1000913,10000,金币,【希望锦标赛】完成3次养成
4,59,2025-08-11 05:00:00,2025-08-13 04:59:59,1000914,10000,金币,【希望锦标赛】完成5次养成
5,95,2025-08-11 05:00:00,2025-08-13 04:59:59,1000915,1,闹钟,【希望锦标赛】任务期间内于养成中获得粉丝数50万人
6,95,2025-08-11 05:00:00,2025-08-13 04:59:59,1000916,1,闹钟,【希望锦标赛】任务期间内于养成中获得粉丝数150万人
7,110,2025-08-11 05:00:00,2025-08-13 04:59:59,1000917,10000,协助积分,【希望锦标赛】在养成中获得希望锦标赛的胜利
8,43,2025-08-11 05:00:00,2025-08-13 04:59:59,1000918,150,宝石,【希望锦标赛】完成所有的限定任务
1,59,2025-08-25 12:00:00,2025-09-01 04:59:59,1000921,10000,金币,【二月锦标赛】完成1次养成
2,59,2025-08-25 12:00:00,2025-09-01 04:59:59,1000922,10000,金币,【二月锦标赛】完成3次养成
3,59,2025-08-25 12:00:00,2025-09-01 04:59:59,1000923,10000,金币,【二月锦标赛】完成5次养成
4,59,2025-08-25 12:00:00,2025-09-01 04:59:59,1000924,10000,金币,【二月锦标赛】完成10次养成
5,116,2025-08-25 12:00:00,2025-09-01 04:59:59,1000925,1,干劲满溢甜点,【二月锦标赛】在养成中获得东海锦标赛的胜利
6,116,2025-08-25 12:00:00,2025-09-01 04:59:59,1000926,1,干劲满溢甜点,【二月锦标赛】在养成中获得根岸锦标赛的胜利
7,110,2025-08-25 12:00:00,2025-09-01 04:59:59,1000927,10000,协助积分,【二月锦标赛】在养成中获得二月锦标赛的胜利
8,43,2025-08-25 12:00:00,2025-09-01 04:59:59,1000928,150,宝石,【二月锦标赛】完成所有的限定任务
1,43,2025-05-22 05:00:00,2050-12-31 04:59:59,1001001,300,宝石,【全部完成奖励】完成所有的任务
2,69,2025-05-22 05:00:00,2050-12-31 04:59:59,1001002,50,二月锦标赛优胜锦旗,在养成中获得二月锦标赛的胜利
3,70,2025-05-22 05:00:00,2050-12-31 04:59:59,1001003,50,中京短途赛优胜锦旗,在养成中获得中京短途赛的胜利
4,71,2025-05-22 05:00:00,2050-12-31 04:59:59,1001004,50,大阪杯优胜锦旗,在养成中获得大阪杯的胜利
5,72,2025-05-22 05:00:00,2050-12-31 04:59:59,1001005,50,樱花奖优胜锦旗,在养成中获得樱花奖的胜利
6,73,2025-05-22 05:00:00,2050-12-31 04:59:59,1001006,50,皋月奖优胜锦旗,在养成中获得皋月奖的胜利
7,74,2025-05-22 05:00:00,2050-12-31 04:59:59,1001007,50,天王奖（春）优胜锦旗,在养成中获得天王奖（春）的胜利
8,75,2025-05-22 05:00:00,2050-12-31 04:59:59,1001008,50,广播协会英里杯优胜锦旗,在养成中获得广播协会英里杯的胜利
9,76,2025-05-22 05:00:00,2050-12-31 04:59:59,1001009,50,维多利亚英里赛优胜锦旗,在养成中获得维多利亚英里赛的胜利
10,77,2025-05-22 05:00:00,2050-12-31 04:59:59,1001010,50,奥克斯优胜锦旗,在养成中获得奥克斯的胜利
11,78,2025-05-22 05:00:00,2050-12-31 04:59:59,1001011,50,全国德比优胜锦旗,在养成中获得全国德比的胜利
12,79,2025-05-22 05:00:00,2050-12-31 04:59:59,1001012,50,东京英里赛优胜锦旗,在养成中获得东京英里赛的胜利
13,80,2025-05-22 05:00:00,2050-12-31 04:59:59,1001013,50,宝冢纪念优胜锦旗,在养成中获得宝冢纪念的胜利
14,81,2025-05-22 05:00:00,2050-12-31 04:59:59,1001014,50,短途者锦标赛优胜锦旗,在养成中获得短途者锦标赛的胜利
15,82,2025-05-22 05:00:00,2050-12-31 04:59:59,1001015,50,秋华奖优胜锦旗,在养成中获得秋华奖的胜利
16,83,2025-05-22 05:00:00,2050-12-31 04:59:59,1001016,50,菊花奖优胜锦旗,在养成中获得菊花奖的胜利
17,84,2025-05-22 05:00:00,2050-12-31 04:59:59,1001017,50,天王奖（秋）优胜锦旗,在养成中获得天王奖（秋）的胜利
18,85,2025-05-22 05:00:00,2050-12-31 04:59:59,1001018,50,英里冠军赛优胜锦旗,在养成中获得英里冠军赛的胜利
19,86,2025-05-22 05:00:00,2050-12-31 04:59:59,1001019,50,伊丽莎白女王杯优胜锦旗,在养成中获得伊丽莎白女王杯的胜利
20,87,2025-05-22 05:00:00,2050-12-31 04:59:59,1001020,50,全国杯优胜锦旗,在养成中获得全国杯的胜利
21,88,2025-05-22 05:00:00,2050-12-31 04:59:59,1001021,50,全国冠军杯优胜锦旗,在养成中获得全国冠军杯的胜利
22,89,2025-05-22 05:00:00,2050-12-31 04:59:59,1001022,50,阪神初级少女杯赛优胜锦旗,在养成中获得阪神初级少女杯赛的胜利
23,90,2025-05-22 05:00:00,2050-12-31 04:59:59,1001023,50,朝日杯未来锦标赛优胜锦旗,在养成中获得朝日杯未来锦标赛的胜利
24,91,2025-05-22 05:00:00,2050-12-31 04:59:59,1001024,50,中山大奖赛优胜锦旗,在养成中获得中山大奖赛的胜利
25,92,2025-05-22 05:00:00,2050-12-31 04:59:59,1001025,50,希望锦标赛优胜锦旗,在养成中获得希望锦标赛的胜利
26,101,2025-05-22 05:00:00,2050-12-31 04:59:59,1001026,50,全国泥地德比优胜锦旗,在养成中获得全国泥地德比的胜利
27,102,2025-05-22 05:00:00,2050-12-31 04:59:59,1001027,50,全国育成杯短途赛优胜锦旗,在养成中获得全国育成杯短途赛的胜利
28,103,2025-05-22 05:00:00,2050-12-31 04:59:59,1001028,50,全国育成杯经典赛优胜锦旗,在养成中获得全国育成杯经典赛的胜利
29,104,2025-05-22 05:00:00,2050-12-31 04:59:59,1001029,50,全国育成杯女士经典赛优胜锦旗,在养成中获得全国育成杯女士经典赛的胜利
30,105,2025-05-22 05:00:00,2050-12-31 04:59:59,1001030,50,帝王奖优胜锦旗,在养成中获得帝王奖的胜利
31,106,2025-05-22 05:00:00,2050-12-31 04:59:59,1001031,50,东京大奖赛优胜锦旗,在养成中获得东京大奖赛的胜利
1,43,2025-08-26 12:00:00,2025-10-09 04:59:59,1001041,500,宝石,【1周年庆典①】完成纪念任务第1弹的所有任务
2,95,2025-08-26 12:00:00,2025-10-09 04:59:59,1001042,5,闹钟,【1周年庆典①】以至少3人的友情槽达到最大值的状态完成养成
3,59,2025-08-26 12:00:00,2025-10-09 04:59:59,1001043,10000,金币,【1周年庆典①】至少获得7个技能并完成1次养成
4,59,2025-08-26 12:00:00,2025-10-09 04:59:59,1001044,20000,金币,【1周年庆典①】至少获得10个技能并完成1次养成
5,110,2025-08-26 12:00:00,2025-10-09 04:59:59,1001045,20000,协助积分,【1周年庆典①】以至少10胜的战绩完成1次养成
6,110,2025-08-26 12:00:00,2025-10-09 04:59:59,1001046,40000,协助积分,【1周年庆典①】以至少15胜的战绩完成1次养成
7,59,2025-08-26 12:00:00,2025-10-09 04:59:59,1001047,20000,金币,【1周年庆典①】达成养成目标20次
8,59,2025-08-26 12:00:00,2025-10-09 04:59:59,1001048,40000,金币,【1周年庆典①】达成养成目标40次
9,111,2025-08-26 12:00:00,2025-10-09 04:59:59,1001049,1,协助卡招募券,【1周年庆典①】完成5次养成
10,111,2025-08-26 12:00:00,2025-10-09 04:59:59,1001050,1,协助卡招募券,【1周年庆典①】完成10次养成
11,59,2025-08-26 12:00:00,2025-10-09 04:59:59,1001051,15000,金币,【1周年庆典①】以至少为C+的养成等级完成1次养成
12,41,2025-08-26 12:00:00,2025-10-09 04:59:59,1001052,1,养成优俊少女招募券,【1周年庆典①】在URA总决赛完成1次养成
13,41,2025-08-26 12:00:00,2025-10-09 04:59:59,1001053,1,养成优俊少女招募券,【1周年庆典①】在青春杯完成1次养成
14,110,2025-08-26 12:00:00,2025-10-09 04:59:59,1001054,10000,协助积分,【1周年庆典①】参与团队竞技场5次
15,34,2025-08-26 12:00:00,2025-10-09 04:59:59,1001055,5,迷你胡萝卜果冻,【1周年庆典①】参与团队竞技场10次
1,43,2025-09-05 12:00:00,2025-10-09 04:59:59,1001056,500,宝石,【1周年庆典②】完成纪念任务第2弹的所有任务
2,95,2025-09-05 12:00:00,2025-10-09 04:59:59,1001057,5,闹钟,【1周年庆典②】在巅峰杯中\n战胜劲敌20次
3,30088,2025-09-05 12:00:00,2025-10-09 04:59:59,1001058,1,,【1周年庆典②】在巅峰杯中\n战胜劲敌40次
4,30088,2025-09-05 12:00:00,2025-10-09 04:59:59,1001059,1,,【1周年庆典②】在巅峰杯中\n战胜劲敌60次
5,110,2025-09-05 12:00:00,2025-10-09 04:59:59,1001060,20000,协助积分,【1周年庆典②】在巅峰杯中\n获得誉名“身手不凡的短跑者”
6,110,2025-09-05 12:00:00,2025-10-09 04:59:59,1001061,20000,协助积分,【1周年庆典②】在巅峰杯中\n获得誉名“领袖气质优俊少女”
7,110,2025-09-05 12:00:00,2025-10-09 04:59:59,1001062,20000,协助积分,【1周年庆典②】在巅峰杯中\n获得誉名“泥地新星”
8,150,2025-09-05 12:00:00,2025-10-09 04:59:59,1001063,1,金结晶片,【1周年庆典②】获得稀有技能“启明星”并完成1次养成
9,59,2025-09-05 12:00:00,2025-10-09 04:59:59,1001064,20000,金币,【1周年庆典②】在闪耀之星巅峰杯中参与短距离赛事
10,59,2025-09-05 12:00:00,2025-10-09 04:59:59,1001065,20000,金币,【1周年庆典②】在闪耀之星巅峰杯中参与英里赛事
11,59,2025-09-05 12:00:00,2025-10-09 04:59:59,1001066,20000,金币,【1周年庆典②】在闪耀之星巅峰杯中参与中距离赛事
12,59,2025-09-05 12:00:00,2025-10-09 04:59:59,1001067,20000,金币,【1周年庆典②】在闪耀之星巅峰杯中参与长距离赛事
13,59,2025-09-05 12:00:00,2025-10-09 04:59:59,1001068,20000,金币,【1周年庆典②】在闪耀之星巅峰杯中参与泥地赛事
14,30088,2025-09-05 12:00:00,2025-10-09 04:59:59,1001069,1,,【1周年庆典②】在闪耀之星巅峰杯中取得3次优胜
15,149,2025-09-05 12:00:00,2025-10-09 04:59:59,1001070,1,彩虹结晶片,【1周年庆典②】在闪耀之星巅峰杯中取得5次优胜
1,165,2025-09-16 12:00:00,2025-10-09 04:59:59,1001071,1,1周年庆典 超稀有兑换券,【1周年庆典③】完成纪念任务第3弹的所有任务
2,150,2025-09-16 12:00:00,2025-10-09 04:59:59,1001072,1,金结晶片,【1周年庆典③】在养成中获得30次一级赛事的胜利
3,43,2025-09-16 12:00:00,2025-10-09 04:59:59,1001073,300,宝石,【1周年庆典③】在养成中获得50次一级赛事的胜利
4,110,2025-09-16 12:00:00,2025-10-09 04:59:59,1001074,30000,协助积分,【1周年庆典③】任务期间内于养成中获得粉丝数100万人
5,111,2025-09-16 12:00:00,2025-10-09 04:59:59,1001075,1,协助卡招募券,【1周年庆典③】任务期间内于养成中获得粉丝数150万人
6,59,2025-09-16 12:00:00,2025-10-09 04:59:59,1001076,20000,金币,【1周年庆典③】任务期间内于养成中累计获得5万点或以上的评分
7,41,2025-09-16 12:00:00,2025-10-09 04:59:59,1001077,1,养成优俊少女招募券,【1周年庆典③】任务期间内于养成中累计获得10万点或以上的评分
8,43,2025-09-16 12:00:00,2025-10-09 04:59:59,1001078,150,宝石,【1周年庆典③】以至少为B+的养成等级完成1次养成
9,110,2025-09-16 12:00:00,2025-10-09 04:59:59,1001079,20000,协助积分,【1周年庆典③】在1次养成中获得10次重赏胜利
10,110,2025-09-16 12:00:00,2025-10-09 04:59:59,1001080,20000,协助积分,【1周年庆典③】在1次养成中获得15次重赏胜利
11,59,2025-09-16 12:00:00,2025-10-09 04:59:59,1001081,20000,金币,【1周年庆典③】在团队竞技场获得5次短距离代表胜利
12,59,2025-09-16 12:00:00,2025-10-09 04:59:59,1001082,20000,金币,【1周年庆典③】在团队竞技场获得5次英里代表胜利
13,59,2025-09-16 12:00:00,2025-10-09 04:59:59,1001083,20000,金币,【1周年庆典③】在团队竞技场获得5次中距离代表胜利
14,59,2025-09-16 12:00:00,2025-10-09 04:59:59,1001084,20000,金币,【1周年庆典③】在团队竞技场获得5次长距离代表胜利
15,59,2025-09-16 12:00:00,2025-10-09 04:59:59,1001085,20000,金币,【1周年庆典③】在团队竞技场获得5次泥地代表胜利
1,153,2025-09-27 12:00:00,2050-12-31 04:59:59,1001086,1,超稀有新人出道招募第2期,【全部完成奖励】完成所有的限定任务
2,95,2025-09-27 12:00:00,2050-12-31 04:59:59,1001087,5,闹钟,以和2位继承优俊少女的契合度达成◎开始养成
3,59,2025-09-27 12:00:00,2050-12-31 04:59:59,1001088,20000,金币,以继承基础能力3★因子开始养成
4,110,2025-09-27 12:00:00,2050-12-31 04:59:59,1001089,10000,协助积分,以继承适应性3★因子开始养成
5,59,2025-09-27 12:00:00,2050-12-31 04:59:59,1001090,20000,金币,在养成中将任意2项训练提升至等级5级或以上
6,110,2025-09-27 12:00:00,2050-12-31 04:59:59,1001091,10000,协助积分,以至少4人的友情槽达到最大值的状态完成养成
7,59,2025-09-27 12:00:00,2050-12-31 04:59:59,1001092,20000,金币,以至少5人的友情槽达到最大值的状态完成养成
8,110,2025-09-27 12:00:00,2050-12-31 04:59:59,1001093,10000,协助积分,在养成中以至少5身位的差距取得1次一级赛事的胜利
9,59,2025-09-27 12:00:00,2050-12-31 04:59:59,1001094,20000,金币,在养成中以至少6身位的差距取得1次一级赛事的胜利
10,41,2025-09-27 12:00:00,2050-12-31 04:59:59,1001095,1,养成优俊少女招募券,在养成中以至少7身位的差距取得1次一级赛事的胜利
11,116,2025-09-27 12:00:00,2050-12-31 04:59:59,1001096,5,干劲满溢甜点,至少获得3个技能并完成1次养成
12,110,2025-09-27 12:00:00,2050-12-31 04:59:59,1001097,10000,协助积分,至少获得4个技能并完成1次养成
13,59,2025-09-27 12:00:00,2050-12-31 04:59:59,1001098,20000,金币,至少获得5个技能并完成1次养成
14,110,2025-09-27 12:00:00,2050-12-31 04:59:59,1001099,10000,协助积分,在养成中参与至少12次比赛并以不败战绩完成养成
15,111,2025-09-27 12:00:00,2050-12-31 04:59:59,1001100,1,协助卡招募券,在养成中参与至少14次比赛并以不败战绩完成养成
16,110,2025-09-27 12:00:00,2050-12-31 04:59:59,1001101,10000,协助积分,在1次养成中获得12连胜及以上的重赏胜利
17,59,2025-09-27 12:00:00,2050-12-31 04:59:59,1001102,20000,金币,以任意3项或以上基础能力至少为A的状态完成1次养成
18,41,2025-09-27 12:00:00,2050-12-31 04:59:59,1001103,1,养成优俊少女招募券,以任意2项或以上基础能力至少为S的状态完成1次养成
19,59,2025-09-27 12:00:00,2050-12-31 04:59:59,1001104,20000,金币,粉丝数至少获得20万人并完成1次养成
20,111,2025-09-27 12:00:00,2050-12-31 04:59:59,1001105,1,协助卡招募券,粉丝数至少获得40万人并完成1次养成
21,59,2025-09-27 12:00:00,2050-12-31 04:59:59,1001106,30000,金币,以短距离适应性至少为A且养成等级至少为A的状态完成1次养成
22,59,2025-09-27 12:00:00,2050-12-31 04:59:59,1001107,30000,金币,以英里适应性至少为A且养成等级至少为A的状态完成1次养成
23,59,2025-09-27 12:00:00,2050-12-31 04:59:59,1001108,30000,金币,以中距离适应性至少为A且养成等级至少为A的状态完成1次养成
24,59,2025-09-27 12:00:00,2050-12-31 04:59:59,1001109,30000,金币,以长距离适应性至少为A且养成等级至少为A的状态完成1次养成
25,59,2025-09-27 12:00:00,2050-12-31 04:59:59,1001110,30000,金币,以泥地适应性至少为A且养成等级至少为A的状态完成1次养成
26,43,2025-09-27 12:00:00,2050-12-31 04:59:59,1001111,300,宝石,以至少为A+的养成等级完成1次养成
1,59,2025-09-29 05:00:00,2025-10-06 04:59:59,1001121,10000,金币,【中京短途赛】完成1次养成
2,59,2025-09-29 05:00:00,2025-10-06 04:59:59,1001122,10000,金币,【中京短途赛】完成3次养成
3,59,2025-09-29 05:00:00,2025-10-06 04:59:59,1001123,10000,金币,【中京短途赛】完成5次养成
4,59,2025-09-29 05:00:00,2025-10-06 04:59:59,1001124,10000,金币,【中京短途赛】完成10次养成
5,116,2025-09-29 05:00:00,2025-10-06 04:59:59,1001125,1,干劲满溢甜点,【中京短途赛】在养成中获得阪急杯的胜利
6,116,2025-09-29 05:00:00,2025-10-06 04:59:59,1001126,1,干劲满溢甜点,【中京短途赛】在养成中获得海洋锦标赛的胜利
7,110,2025-09-29 05:00:00,2025-10-06 04:59:59,1001127,10000,协助积分,【中京短途赛】在养成中获得中京短途赛的胜利
8,43,2025-09-29 05:00:00,2025-10-06 04:59:59,1001128,150,宝石,【中京短途赛】完成所有的限定任务
1,59,2025-10-06 05:00:00,2025-10-13 04:59:59,1001131,10000,金币,【大阪杯】完成1次养成
2,59,2025-10-06 05:00:00,2025-10-13 04:59:59,1001132,10000,金币,【大阪杯】完成3次养成
3,59,2025-10-06 05:00:00,2025-10-13 04:59:59,1001133,10000,金币,【大阪杯】完成5次养成
4,59,2025-10-06 05:00:00,2025-10-13 04:59:59,1001134,10000,金币,【大阪杯】完成10次养成
5,116,2025-10-06 05:00:00,2025-10-13 04:59:59,1001135,1,干劲满溢甜点,【大阪杯】在养成中获得中山纪念的胜利
6,116,2025-10-06 05:00:00,2025-10-13 04:59:59,1001136,1,干劲满溢甜点,【大阪杯】在养成中获得金鯱奖的胜利
7,110,2025-10-06 05:00:00,2025-10-13 04:59:59,1001137,10000,协助积分,【大阪杯】在养成中获得大阪杯的胜利
8,43,2025-10-06 05:00:00,2025-10-13 04:59:59,1001138,150,宝石,【大阪杯】完成所有的限定任务
1,59,2025-10-13 05:00:00,2025-10-20 04:59:59,1001141,10000,金币,【樱花奖】完成1次养成
2,59,2025-10-13 05:00:00,2025-10-20 04:59:59,1001142,10000,金币,【樱花奖】完成3次养成
3,59,2025-10-13 05:00:00,2025-10-20 04:59:59,1001143,10000,金币,【樱花奖】完成5次养成
4,59,2025-10-13 05:00:00,2025-10-20 04:59:59,1001144,10000,金币,【樱花奖】完成10次养成
5,116,2025-10-13 05:00:00,2025-10-20 04:59:59,1001145,1,干劲满溢甜点,【樱花奖】在养成中进入郁金香奖前3
6,116,2025-10-13 05:00:00,2025-10-20 04:59:59,1001146,1,干劲满溢甜点,【樱花奖】在养成中进入少女竞技赛前3
7,110,2025-10-13 05:00:00,2025-10-20 04:59:59,1001147,10000,协助积分,【樱花奖】在养成中获得樱花奖的胜利
8,43,2025-10-13 05:00:00,2025-10-20 04:59:59,1001148,150,宝石,【樱花奖】完成所有的限定任务
1,59,2025-10-20 05:00:00,2025-10-27 04:59:59,1001151,10000,金币,【皋月奖】完成1次养成
2,59,2025-10-20 05:00:00,2025-10-27 04:59:59,1001152,10000,金币,【皋月奖】完成3次养成
3,59,2025-10-20 05:00:00,2025-10-27 04:59:59,1001153,10000,金币,【皋月奖】完成5次养成
4,59,2025-10-20 05:00:00,2025-10-27 04:59:59,1001154,10000,金币,【皋月奖】完成10次养成
5,116,2025-10-20 05:00:00,2025-10-27 04:59:59,1001155,1,干劲满溢甜点,【皋月奖】在养成中进入弥生奖前3
6,116,2025-10-20 05:00:00,2025-10-27 04:59:59,1001156,1,干劲满溢甜点,【皋月奖】在养成中进入春季锦标赛前3
7,110,2025-10-20 05:00:00,2025-10-27 04:59:59,1001157,10000,协助积分,【皋月奖】在养成中获得皋月奖的胜利
8,43,2025-10-20 05:00:00,2025-10-27 04:59:59,1001158,150,宝石,【皋月奖】完成所有的限定任务
1,59,2025-10-27 05:00:00,2025-11-03 04:59:59,1001161,10000,金币,【天王奖（春）】完成1次养成
2,59,2025-10-27 05:00:00,2025-11-03 04:59:59,1001162,10000,金币,【天王奖（春）】完成3次养成
3,59,2025-10-27 05:00:00,2025-11-03 04:59:59,1001163,10000,金币,【天王奖（春）】完成5次养成
4,59,2025-10-27 05:00:00,2025-11-03 04:59:59,1001164,10000,金币,【天王奖（春）】完成10次养成
5,116,2025-10-27 05:00:00,2025-11-03 04:59:59,1001165,1,干劲满溢甜点,【天王奖（春）】在养成中获得阪神大奖赛的胜利
6,116,2025-10-27 05:00:00,2025-11-03 04:59:59,1001166,1,干劲满溢甜点,【天王奖（春）】在养成中获得日经奖的胜利
7,110,2025-10-27 05:00:00,2025-11-03 04:59:59,1001167,10000,协助积分,【天王奖（春）】在养成中获得天王奖（春）的胜利
8,43,2025-10-27 05:00:00,2025-11-03 04:59:59,1001168,150,宝石,【天王奖（春）】完成所有的限定任务
1,59,2025-11-03 05:00:00,2025-11-10 04:59:59,1001171,10000,金币,【广播协会英里杯】完成1次养成
2,59,2025-11-03 05:00:00,2025-11-10 04:59:59,1001172,10000,金币,【广播协会英里杯】完成3次养成
3,59,2025-11-03 05:00:00,2025-11-10 04:59:59,1001173,10000,金币,【广播协会英里杯】完成5次养成
4,59,2025-11-03 05:00:00,2025-11-10 04:59:59,1001174,10000,金币,【广播协会英里杯】完成10次养成
5,116,2025-11-03 05:00:00,2025-11-10 04:59:59,1001175,1,干劲满溢甜点,【广播协会英里杯】在养成中进入阿灵顿杯前3
6,116,2025-11-03 05:00:00,2025-11-10 04:59:59,1001176,1,干劲满溢甜点,【广播协会英里杯】在养成中进入无翼鸟杯前3
7,110,2025-11-03 05:00:00,2025-11-10 04:59:59,1001177,10000,协助积分,【广播协会英里杯】在养成中获得广播协会英里杯的胜利
8,43,2025-11-03 05:00:00,2025-11-10 04:59:59,1001178,150,宝石,【广播协会英里杯】完成所有的限定任务
1,59,2025-11-10 05:00:00,2025-11-17 04:59:59,1001181,10000,金币,【维多利亚英里赛】完成1次养成
2,59,2025-11-10 05:00:00,2025-11-17 04:59:59,1001182,10000,金币,【维多利亚英里赛】完成3次养成
3,59,2025-11-10 05:00:00,2025-11-17 04:59:59,1001183,10000,金币,【维多利亚英里赛】完成5次养成
4,59,2025-11-10 05:00:00,2025-11-17 04:59:59,1001184,10000,金币,【维多利亚英里赛】完成10次养成
5,116,2025-11-10 05:00:00,2025-11-17 04:59:59,1001185,1,干劲满溢甜点,【维多利亚英里赛】在养成中进入阪神优俊少女锦标赛前2
6,116,2025-11-10 05:00:00,2025-11-17 04:59:59,1001186,1,干劲满溢甜点,【维多利亚英里赛】在养成中进入松浪优俊少女锦标赛前2
7,110,2025-11-10 05:00:00,2025-11-17 04:59:59,1001187,10000,协助积分,【维多利亚英里赛】在养成中取得维多利亚英里赛的胜利
8,43,2025-11-10 05:00:00,2025-11-17 04:59:59,1001188,150,宝石,【维多利亚英里赛】完成所有的限定任务
1,59,2025-11-17 05:00:00,2025-11-24 04:59:59,1001191,10000,金币,【奥克斯】完成1次养成
2,59,2025-11-17 05:00:00,2025-11-24 04:59:59,1001192,10000,金币,【奥克斯】完成3次养成
3,59,2025-11-17 05:00:00,2025-11-24 04:59:59,1001193,10000,金币,【奥克斯】完成5次养成
4,59,2025-11-17 05:00:00,2025-11-24 04:59:59,1001194,10000,金币,【奥克斯】完成10次养成
5,116,2025-11-17 05:00:00,2025-11-24 04:59:59,1001195,1,干劲满溢甜点,【奥克斯】在养成中进入芙洛拉锦标赛前2
6,116,2025-11-17 05:00:00,2025-11-24 04:59:59,1001196,1,干劲满溢甜点,【奥克斯】在养成中进入樱花奖前5
7,110,2025-11-17 05:00:00,2025-11-24 04:59:59,1001197,10000,协助积分,【奥克斯】在养成中取得奥克斯的胜利
8,43,2025-11-17 05:00:00,2025-11-24 04:59:59,1001198,150,宝石,【奥克斯】完成所有的限定任务
1,59,2025-11-24 05:00:00,2025-12-01 04:59:59,1001201,10000,金币,【全国德比】完成1次养成
2,59,2025-11-24 05:00:00,2025-12-01 04:59:59,1001202,10000,金币,【全国德比】完成3次养成
3,59,2025-11-24 05:00:00,2025-12-01 04:59:59,1001203,10000,金币,【全国德比】完成5次养成
4,59,2025-11-24 05:00:00,2025-12-01 04:59:59,1001204,10000,金币,【全国德比】完成10次养成
5,116,2025-11-24 05:00:00,2025-12-01 04:59:59,1001205,1,干劲满溢甜点,【全国德比】在养成中进入青叶奖前2
6,116,2025-11-24 05:00:00,2025-12-01 04:59:59,1001206,1,干劲满溢甜点,【全国德比】在养成中进入皋月奖前5
7,110,2025-11-24 05:00:00,2025-12-01 04:59:59,1001207,10000,协助积分,【全国德比】在养成中取得全国德比的胜利
8,43,2025-11-24 05:00:00,2025-12-01 04:59:59,1001208,150,宝石,【全国德比】完成所有的限定任务
1,59,2025-12-01 05:00:00,2025-12-08 04:59:59,1001211,10000,金币,【东京英里赛】完成1次养成
2,59,2025-12-01 05:00:00,2025-12-08 04:59:59,1001212,10000,金币,【东京英里赛】完成3次养成
3,59,2025-12-01 05:00:00,2025-12-08 04:59:59,1001213,10000,金币,【东京英里赛】完成5次养成
4,59,2025-12-01 05:00:00,2025-12-08 04:59:59,1001214,10000,金币,【东京英里赛】完成10次养成
5,116,2025-12-01 05:00:00,2025-12-08 04:59:59,1001215,1,干劲满溢甜点,【东京英里赛】在养成中取得英里杯的胜利
6,116,2025-12-01 05:00:00,2025-12-08 04:59:59,1001216,1,干劲满溢甜点,【东京英里赛】在养成中取得京王杯春季杯的胜利
7,110,2025-12-01 05:00:00,2025-12-08 04:59:59,1001217,10000,协助积分,【东京英里赛】在养成中取得东京英里赛的胜利
8,43,2025-12-01 05:00:00,2025-12-08 04:59:59,1001218,150,宝石,【东京英里赛】完成所有的限定任务
1,59,2025-12-08 05:00:00,2025-12-15 04:59:59,1001221,10000,金币,【宝冢纪念】完成1次养成
2,59,2025-12-08 05:00:00,2025-12-15 04:59:59,1001222,10000,金币,【宝冢纪念】完成3次养成
3,59,2025-12-08 05:00:00,2025-12-15 04:59:59,1001223,10000,金币,【宝冢纪念】完成5次养成
4,59,2025-12-08 05:00:00,2025-12-15 04:59:59,1001224,10000,金币,【宝冢纪念】完成10次养成
5,116,2025-12-08 05:00:00,2025-12-15 04:59:59,1001225,1,干劲满溢甜点,【宝冢纪念】任务期间内于养成中获得粉丝数50万人
6,116,2025-12-08 05:00:00,2025-12-15 04:59:59,1001226,1,干劲满溢甜点,【宝冢纪念】任务期间内于养成中获得粉丝数100万人
7,110,2025-12-08 05:00:00,2025-12-15 04:59:59,1001227,10000,协助积分,【宝冢纪念】在养成中获得宝冢纪念的胜利
8,43,2025-12-08 05:00:00,2025-12-15 04:59:59,1001228,150,宝石,【宝冢纪念】完成所有的限定任务
1,59,2025-12-15 05:00:00,2025-12-22 04:59:59,1001231,10000,金币,【帝王奖】完成1次养成
2,59,2025-12-15 05:00:00,2025-12-22 04:59:59,1001232,10000,金币,【帝王奖】完成3次养成
3,59,2025-12-15 05:00:00,2025-12-22 04:59:59,1001233,10000,金币,【帝王奖】完成5次养成
4,59,2025-12-15 05:00:00,2025-12-22 04:59:59,1001234,10000,金币,【帝王奖】完成10次养成
5,95,2025-12-15 05:00:00,2025-12-22 04:59:59,1001235,1,闹钟,【帝王奖】在养成中获得心宿二锦标赛的胜利
6,95,2025-12-15 05:00:00,2025-12-22 04:59:59,1001236,1,闹钟,【帝王奖】在养成中获得平安锦标赛的胜利
7,110,2025-12-15 05:00:00,2025-12-22 04:59:59,1001237,10000,协助积分,【帝王奖】在养成中获得帝王奖的胜利
8,43,2025-12-15 05:00:00,2025-12-22 04:59:59,1001238,150,宝石,【帝王奖】完成所有的限定任务
1,59,2025-12-22 05:00:00,2025-12-29 04:59:59,1001241,10000,金币,【全国泥地德比】完成1次养成
2,59,2025-12-22 05:00:00,2025-12-29 04:59:59,1001242,10000,金币,【全国泥地德比】完成3次养成
3,59,2025-12-22 05:00:00,2025-12-29 04:59:59,1001243,10000,金币,【全国泥地德比】完成5次养成
4,59,2025-12-22 05:00:00,2025-12-29 04:59:59,1001244,10000,金币,【全国泥地德比】完成10次养成
5,95,2025-12-22 05:00:00,2025-12-29 04:59:59,1001245,2,闹钟,【全国泥地德比】在养成中获得独角兽锦标赛的胜利
7,110,2025-12-22 05:00:00,2025-12-29 04:59:59,1001246,10000,协助积分,【全国泥地德比】在养成中获得全国泥地德比的胜利
8,43,2025-12-22 05:00:00,2025-12-29 04:59:59,1001247,150,宝石,【全国泥地德比】完成所有的限定任务
1,101401,2021-03-16 12:00:00,2021-03-17 04:59:59,2000001,2,,【日常任务】\n参与1次传奇赛事
1,110,2021-03-16 12:00:00,2021-03-17 04:59:59,2000002,5000,协助积分,【日常任务】\n参与2次传奇赛事
1,59,2021-03-16 12:00:00,2021-03-17 04:59:59,2000003,10000,金币,【日常任务】\n参与3次传奇赛事
1,101401,2021-03-17 05:00:00,2021-03-18 04:59:59,2000004,2,,【日常任务】\n参与1次传奇赛事
1,110,2021-03-17 05:00:00,2021-03-18 04:59:59,2000005,5000,协助积分,【日常任务】\n参与2次传奇赛事
1,59,2021-03-17 05:00:00,2021-03-18 04:59:59,2000006,10000,金币,【日常任务】\n参与3次传奇赛事
1,101401,2021-03-18 05:00:00,2021-03-19 04:59:59,2000007,2,,【日常任务】\n参与1次传奇赛事
1,110,2021-03-18 05:00:00,2021-03-19 04:59:59,2000008,5000,协助积分,【日常任务】\n参与2次传奇赛事
1,59,2021-03-18 05:00:00,2021-03-19 04:59:59,2000009,10000,金币,【日常任务】\n参与3次传奇赛事
1,100101,2021-03-19 05:00:00,2021-03-20 04:59:59,2000010,2,,【日常任务】\n参与1次传奇赛事
1,110,2021-03-19 05:00:00,2021-03-20 04:59:59,2000011,5000,协助积分,【日常任务】\n参与2次传奇赛事
1,59,2021-03-19 05:00:00,2021-03-20 04:59:59,2000012,10000,金币,【日常任务】\n参与3次传奇赛事
1,100101,2021-03-20 05:00:00,2021-03-21 04:59:59,2000013,2,,【日常任务】\n参与1次传奇赛事
1,110,2021-03-20 05:00:00,2021-03-21 04:59:59,2000014,5000,协助积分,【日常任务】\n参与2次传奇赛事
1,59,2021-03-20 05:00:00,2021-03-21 04:59:59,2000015,10000,金币,【日常任务】\n参与3次传奇赛事
1,100101,2021-03-21 05:00:00,2021-03-22 04:59:59,2000016,2,,【日常任务】\n参与1次传奇赛事
1,110,2021-03-21 05:00:00,2021-03-22 04:59:59,2000017,5000,协助积分,【日常任务】\n参与2次传奇赛事
1,59,2021-03-21 05:00:00,2021-03-22 04:59:59,2000018,10000,金币,【日常任务】\n参与3次传奇赛事
1,101701,2021-03-22 05:00:00,2021-03-23 04:59:59,2000019,2,,【日常任务】\n参与1次传奇赛事
1,110,2021-03-22 05:00:00,2021-03-23 04:59:59,2000020,5000,协助积分,【日常任务】\n参与2次传奇赛事
1,59,2021-03-22 05:00:00,2021-03-23 04:59:59,2000021,10000,金币,【日常任务】\n参与3次传奇赛事
1,101701,2021-03-23 05:00:00,2021-03-24 04:59:59,2000022,2,,【日常任务】\n参与1次传奇赛事
1,110,2021-03-23 05:00:00,2021-03-24 04:59:59,2000023,5000,协助积分,【日常任务】\n参与2次传奇赛事
1,59,2021-03-23 05:00:00,2021-03-24 04:59:59,2000024,10000,金币,【日常任务】\n参与3次传奇赛事
1,101701,2021-03-24 05:00:00,2021-03-25 04:59:59,2000025,2,,【日常任务】\n参与1次传奇赛事
1,110,2021-03-24 05:00:00,2021-03-25 04:59:59,2000026,5000,协助积分,【日常任务】\n参与2次传奇赛事
1,59,2021-03-24 05:00:00,2021-03-25 04:59:59,2000027,10000,金币,【日常任务】\n参与3次传奇赛事
1,59,2023-10-19 12:00:00,2023-10-20 04:59:59,2000101,10000,金币,【日常任务】\n参与1次传奇赛事
1,110,2023-10-19 12:00:00,2023-10-20 04:59:59,2000102,5000,协助积分,【日常任务】\n参与2次传奇赛事
1,106101,2023-10-19 12:00:00,2023-10-20 04:59:59,2000103,2,,【日常任务】\n参与3次传奇赛事
1,59,2023-10-20 05:00:00,2023-10-21 04:59:59,2000104,10000,金币,【日常任务】\n参与1次传奇赛事
1,110,2023-10-20 05:00:00,2023-10-21 04:59:59,2000105,5000,协助积分,【日常任务】\n参与2次传奇赛事
1,106101,2023-10-20 05:00:00,2023-10-21 04:59:59,2000106,2,,【日常任务】\n参与3次传奇赛事
1,59,2023-10-21 05:00:00,2023-10-22 04:59:59,2000107,10000,金币,【日常任务】\n参与1次传奇赛事
1,110,2023-10-21 05:00:00,2023-10-22 04:59:59,2000108,5000,协助积分,【日常任务】\n参与2次传奇赛事
1,106101,2023-10-21 05:00:00,2023-10-22 04:59:59,2000109,2,,【日常任务】\n参与3次传奇赛事
1,59,2023-10-22 05:00:00,2023-10-23 04:59:59,2000110,10000,金币,【日常任务】\n参与1次传奇赛事
1,110,2023-10-22 05:00:00,2023-10-23 04:59:59,2000111,5000,协助积分,【日常任务】\n参与2次传奇赛事
1,101001,2023-10-22 05:00:00,2023-10-23 04:59:59,2000112,2,,【日常任务】\n参与3次传奇赛事
1,59,2023-10-23 05:00:00,2023-10-24 04:59:59,2000113,10000,金币,【日常任务】\n参与1次传奇赛事
1,110,2023-10-23 05:00:00,2023-10-24 04:59:59,2000114,5000,协助积分,【日常任务】\n参与2次传奇赛事
1,101001,2023-10-23 05:00:00,2023-10-24 04:59:59,2000115,2,,【日常任务】\n参与3次传奇赛事
1,59,2023-10-24 05:00:00,2023-10-25 04:59:59,2000116,10000,金币,【日常任务】\n参与1次传奇赛事
1,110,2023-10-24 05:00:00,2023-10-25 04:59:59,2000117,5000,协助积分,【日常任务】\n参与2次传奇赛事
1,101001,2023-10-24 05:00:00,2023-10-25 04:59:59,2000118,2,,【日常任务】\n参与3次传奇赛事
1,59,2023-10-25 05:00:00,2023-10-26 04:59:59,2000119,10000,金币,【日常任务】\n参与1次传奇赛事
1,110,2023-10-25 05:00:00,2023-10-26 04:59:59,2000120,5000,协助积分,【日常任务】\n参与2次传奇赛事
1,104101,2023-10-25 05:00:00,2023-10-26 04:59:59,2000121,2,,【日常任务】\n参与3次传奇赛事
1,59,2023-10-26 05:00:00,2023-10-27 04:59:59,2000122,10000,金币,【日常任务】\n参与1次传奇赛事
1,110,2023-10-26 05:00:00,2023-10-27 04:59:59,2000123,5000,协助积分,【日常任务】\n参与2次传奇赛事
1,104101,2023-10-26 05:00:00,2023-10-27 04:59:59,2000124,2,,【日常任务】\n参与3次传奇赛事
1,59,2023-10-27 05:00:00,2023-10-28 04:59:59,2000125,10000,金币,【日常任务】\n参与1次传奇赛事
1,110,2023-10-27 05:00:00,2023-10-28 04:59:59,2000126,5000,协助积分,【日常任务】\n参与2次传奇赛事
1,104101,2023-10-27 05:00:00,2023-10-28 04:59:59,2000127,2,,【日常任务】\n参与3次传奇赛事
1,59,2023-10-28 05:00:00,2023-10-29 04:59:59,2000128,10000,金币,【日常任务】\n参与1次传奇赛事
1,110,2023-10-28 05:00:00,2023-10-29 04:59:59,2000129,5000,协助积分,【日常任务】\n参与2次传奇赛事
1,103801,2023-10-28 05:00:00,2023-10-29 04:59:59,2000130,2,,【日常任务】\n参与3次传奇赛事
1,59,2023-10-29 05:00:00,2023-10-30 04:59:59,2000131,10000,金币,【日常任务】\n参与1次传奇赛事
1,110,2023-10-29 05:00:00,2023-10-30 04:59:59,2000132,5000,协助积分,【日常任务】\n参与2次传奇赛事
1,103801,2023-10-29 05:00:00,2023-10-30 04:59:59,2000133,2,,【日常任务】\n参与3次传奇赛事
1,59,2023-10-30 05:00:00,2023-10-31 04:59:59,2000134,10000,金币,【日常任务】\n参与1次传奇赛事
1,110,2023-10-30 05:00:00,2023-10-31 04:59:59,2000135,5000,协助积分,【日常任务】\n参与2次传奇赛事
1,103801,2023-10-30 05:00:00,2023-10-31 04:59:59,2000136,2,,【日常任务】\n参与3次传奇赛事
1,59,2023-11-22 12:00:00,2023-11-23 04:59:59,2000201,10000,金币,【日常任务】\n参与1次传奇赛事
1,110,2023-11-22 12:00:00,2023-11-23 04:59:59,2000202,5000,协助积分,【日常任务】\n参与2次传奇赛事
1,103501,2023-11-22 12:00:00,2023-11-23 04:59:59,2000203,2,,【日常任务】\n参与3次传奇赛事
1,59,2023-11-23 05:00:00,2023-11-24 04:59:59,2000204,10000,金币,【日常任务】\n参与1次传奇赛事
1,110,2023-11-23 05:00:00,2023-11-24 04:59:59,2000205,5000,协助积分,【日常任务】\n参与2次传奇赛事
1,103501,2023-11-23 05:00:00,2023-11-24 04:59:59,2000206,2,,【日常任务】\n参与3次传奇赛事
1,59,2023-11-24 05:00:00,2023-11-25 04:59:59,2000207,10000,金币,【日常任务】\n参与1次传奇赛事
1,110,2023-11-24 05:00:00,2023-11-25 04:59:59,2000208,5000,协助积分,【日常任务】\n参与2次传奇赛事
1,103501,2023-11-24 05:00:00,2023-11-25 04:59:59,2000209,2,,【日常任务】\n参与3次传奇赛事
1,59,2023-11-25 05:00:00,2023-11-26 04:59:59,2000210,10000,金币,【日常任务】\n参与1次传奇赛事
1,110,2023-11-25 05:00:00,2023-11-26 04:59:59,2000211,5000,协助积分,【日常任务】\n参与2次传奇赛事
1,100801,2023-11-25 05:00:00,2023-11-26 04:59:59,2000212,2,,【日常任务】\n参与3次传奇赛事
1,59,2023-11-26 05:00:00,2023-11-27 04:59:59,2000213,10000,金币,【日常任务】\n参与1次传奇赛事
1,110,2023-11-26 05:00:00,2023-11-27 04:59:59,2000214,5000,协助积分,【日常任务】\n参与2次传奇赛事
1,100801,2023-11-26 05:00:00,2023-11-27 04:59:59,2000215,2,,【日常任务】\n参与3次传奇赛事
1,59,2023-11-27 05:00:00,2023-11-28 04:59:59,2000216,10000,金币,【日常任务】\n参与1次传奇赛事
1,110,2023-11-27 05:00:00,2023-11-28 04:59:59,2000217,5000,协助积分,【日常任务】\n参与2次传奇赛事
1,100801,2023-11-27 05:00:00,2023-11-28 04:59:59,2000218,2,,【日常任务】\n参与3次传奇赛事
1,59,2023-11-28 05:00:00,2023-11-29 04:59:59,2000219,10000,金币,【日常任务】\n参与1次传奇赛事
1,110,2023-11-28 05:00:00,2023-11-29 04:59:59,2000220,5000,协助积分,【日常任务】\n参与2次传奇赛事
1,100301,2023-11-28 05:00:00,2023-11-29 04:59:59,2000221,2,,【日常任务】\n参与3次传奇赛事
1,59,2023-11-29 05:00:00,2023-11-30 04:59:59,2000222,10000,金币,【日常任务】\n参与1次传奇赛事
1,110,2023-11-29 05:00:00,2023-11-30 04:59:59,2000223,5000,协助积分,【日常任务】\n参与2次传奇赛事
1,100301,2023-11-29 05:00:00,2023-11-30 04:59:59,2000224,2,,【日常任务】\n参与3次传奇赛事
1,59,2023-11-30 05:00:00,2023-12-01 04:59:59,2000225,10000,金币,【日常任务】\n参与1次传奇赛事
1,110,2023-11-30 05:00:00,2023-12-01 04:59:59,2000226,5000,协助积分,【日常任务】\n参与2次传奇赛事
1,100301,2023-11-30 05:00:00,2023-12-01 04:59:59,2000227,2,,【日常任务】\n参与3次传奇赛事
1,59,2023-12-21 12:00:00,2023-12-22 04:59:59,2000301,10000,金币,【日常任务】\n参与1次传奇赛事
1,110,2023-12-21 12:00:00,2023-12-22 04:59:59,2000302,5000,协助积分,【日常任务】\n参与2次传奇赛事
1,102401,2023-12-21 12:00:00,2023-12-22 04:59:59,2000303,2,,【日常任务】\n参与3次传奇赛事
1,59,2023-12-22 05:00:00,2023-12-23 04:59:59,2000304,10000,金币,【日常任务】\n参与1次传奇赛事
1,110,2023-12-22 05:00:00,2023-12-23 04:59:59,2000305,5000,协助积分,【日常任务】\n参与2次传奇赛事
1,102401,2023-12-22 05:00:00,2023-12-23 04:59:59,2000306,2,,【日常任务】\n参与3次传奇赛事
1,59,2023-12-23 05:00:00,2023-12-24 04:59:59,2000307,10000,金币,【日常任务】\n参与1次传奇赛事
1,110,2023-12-23 05:00:00,2023-12-24 04:59:59,2000308,5000,协助积分,【日常任务】\n参与2次传奇赛事
1,102401,2023-12-23 05:00:00,2023-12-24 04:59:59,2000309,2,,【日常任务】\n参与3次传奇赛事
1,59,2023-12-24 05:00:00,2023-12-25 04:59:59,2000310,10000,金币,【日常任务】\n参与1次传奇赛事
1,110,2023-12-24 05:00:00,2023-12-25 04:59:59,2000311,5000,协助积分,【日常任务】\n参与2次传奇赛事
1,101301,2023-12-24 05:00:00,2023-12-25 04:59:59,2000312,2,,【日常任务】\n参与3次传奇赛事
1,59,2023-12-25 05:00:00,2023-12-26 04:59:59,2000313,10000,金币,【日常任务】\n参与1次传奇赛事
1,110,2023-12-25 05:00:00,2023-12-26 04:59:59,2000314,5000,协助积分,【日常任务】\n参与2次传奇赛事
1,101301,2023-12-25 05:00:00,2023-12-26 04:59:59,2000315,2,,【日常任务】\n参与3次传奇赛事
1,59,2023-12-26 05:00:00,2023-12-27 04:59:59,2000316,10000,金币,【日常任务】\n参与1次传奇赛事
1,110,2023-12-26 05:00:00,2023-12-27 04:59:59,2000317,5000,协助积分,【日常任务】\n参与2次传奇赛事
1,101301,2023-12-26 05:00:00,2023-12-27 04:59:59,2000318,2,,【日常任务】\n参与3次传奇赛事
1,59,2023-12-27 05:00:00,2023-12-28 04:59:59,2000319,10000,金币,【日常任务】\n参与1次传奇赛事
1,110,2023-12-27 05:00:00,2023-12-28 04:59:59,2000320,5000,协助积分,【日常任务】\n参与2次传奇赛事
1,101501,2023-12-27 05:00:00,2023-12-28 04:59:59,2000321,2,,【日常任务】\n参与3次传奇赛事
1,59,2023-12-28 05:00:00,2023-12-29 04:59:59,2000322,10000,金币,【日常任务】\n参与1次传奇赛事
1,110,2023-12-28 05:00:00,2023-12-29 04:59:59,2000323,5000,协助积分,【日常任务】\n参与2次传奇赛事
1,101501,2023-12-28 05:00:00,2023-12-29 04:59:59,2000324,2,,【日常任务】\n参与3次传奇赛事
1,59,2023-12-29 05:00:00,2023-12-30 04:59:59,2000325,10000,金币,【日常任务】\n参与1次传奇赛事
1,110,2023-12-29 05:00:00,2023-12-30 04:59:59,2000326,5000,协助积分,【日常任务】\n参与2次传奇赛事
1,101501,2023-12-29 05:00:00,2023-12-30 04:59:59,2000327,2,,【日常任务】\n参与3次传奇赛事
1,59,2023-12-30 05:00:00,2023-12-31 04:59:59,2000328,10000,金币,【日常任务】\n参与1次传奇赛事
1,110,2023-12-30 05:00:00,2023-12-31 04:59:59,2000329,5000,协助积分,【日常任务】\n参与2次传奇赛事
1,104501,2023-12-30 05:00:00,2023-12-31 04:59:59,2000330,2,,【日常任务】\n参与3次传奇赛事
1,59,2023-12-31 05:00:00,2024-01-01 04:59:59,2000331,10000,金币,【日常任务】\n参与1次传奇赛事
1,110,2023-12-31 05:00:00,2024-01-01 04:59:59,2000332,5000,协助积分,【日常任务】\n参与2次传奇赛事
1,104501,2023-12-31 05:00:00,2024-01-01 04:59:59,2000333,2,,【日常任务】\n参与3次传奇赛事
1,59,2024-01-01 05:00:00,2024-01-02 04:59:59,2000334,10000,金币,【日常任务】\n参与1次传奇赛事
1,110,2024-01-01 05:00:00,2024-01-02 04:59:59,2000335,5000,协助积分,【日常任务】\n参与2次传奇赛事
1,104501,2024-01-01 05:00:00,2024-01-02 04:59:59,2000336,2,,【日常任务】\n参与3次传奇赛事
1,59,2024-02-18 12:00:00,2024-02-19 04:59:59,2000401,10000,金币,【日常任务】\n参与1次传奇赛事
1,110,2024-02-18 12:00:00,2024-02-19 04:59:59,2000402,5000,协助积分,【日常任务】\n参与2次传奇赛事
1,102701,2024-02-18 12:00:00,2024-02-19 04:59:59,2000403,2,,【日常任务】\n参与3次传奇赛事
1,59,2024-02-19 05:00:00,2024-02-20 04:59:59,2000404,10000,金币,【日常任务】\n参与1次传奇赛事
1,110,2024-02-19 05:00:00,2024-02-20 04:59:59,2000405,5000,协助积分,【日常任务】\n参与2次传奇赛事
1,102701,2024-02-19 05:00:00,2024-02-20 04:59:59,2000406,2,,【日常任务】\n参与3次传奇赛事
1,59,2024-02-20 05:00:00,2024-02-21 04:59:59,2000407,10000,金币,【日常任务】\n参与1次传奇赛事
1,110,2024-02-20 05:00:00,2024-02-21 04:59:59,2000408,5000,协助积分,【日常任务】\n参与2次传奇赛事
1,102701,2024-02-20 05:00:00,2024-02-21 04:59:59,2000409,2,,【日常任务】\n参与3次传奇赛事
1,59,2024-02-21 05:00:00,2024-02-22 04:59:59,2000410,10000,金币,【日常任务】\n参与1次传奇赛事
1,110,2024-02-21 05:00:00,2024-02-22 04:59:59,2000411,5000,协助积分,【日常任务】\n参与2次传奇赛事
1,100201,2024-02-21 05:00:00,2024-02-22 04:59:59,2000412,2,,【日常任务】\n参与3次传奇赛事
1,59,2024-02-22 05:00:00,2024-02-23 04:59:59,2000413,10000,金币,【日常任务】\n参与1次传奇赛事
1,110,2024-02-22 05:00:00,2024-02-23 04:59:59,2000414,5000,协助积分,【日常任务】\n参与2次传奇赛事
1,100201,2024-02-22 05:00:00,2024-02-23 04:59:59,2000415,2,,【日常任务】\n参与3次传奇赛事
1,59,2024-02-23 05:00:00,2024-02-24 04:59:59,2000416,10000,金币,【日常任务】\n参与1次传奇赛事
1,110,2024-02-23 05:00:00,2024-02-24 04:59:59,2000417,5000,协助积分,【日常任务】\n参与2次传奇赛事
1,100201,2024-02-23 05:00:00,2024-02-24 04:59:59,2000418,2,,【日常任务】\n参与3次传奇赛事
1,59,2024-02-24 05:00:00,2024-02-25 04:59:59,2000419,10000,金币,【日常任务】\n参与1次传奇赛事
1,110,2024-02-24 05:00:00,2024-02-25 04:59:59,2000420,5000,协助积分,【日常任务】\n参与2次传奇赛事
1,100701,2024-02-24 05:00:00,2024-02-25 04:59:59,2000421,2,,【日常任务】\n参与3次传奇赛事
1,59,2024-02-25 05:00:00,2024-02-26 04:59:59,2000422,10000,金币,【日常任务】\n参与1次传奇赛事
1,110,2024-02-25 05:00:00,2024-02-26 04:59:59,2000423,5000,协助积分,【日常任务】\n参与2次传奇赛事
1,100701,2024-02-25 05:00:00,2024-02-26 04:59:59,2000424,2,,【日常任务】\n参与3次传奇赛事
1,59,2024-02-26 05:00:00,2024-02-27 04:59:59,2000425,10000,金币,【日常任务】\n参与1次传奇赛事
1,110,2024-02-26 05:00:00,2024-02-27 04:59:59,2000426,5000,协助积分,【日常任务】\n参与2次传奇赛事
1,100701,2024-02-26 05:00:00,2024-02-27 04:59:59,2000427,2,,【日常任务】\n参与3次传奇赛事
1,59,2025-05-27 12:00:00,2025-05-28 04:59:59,2000501,10000,金币,【日常任务】\n参与1次传奇赛事
1,110,2025-05-27 12:00:00,2025-05-28 04:59:59,2000502,5000,协助积分,【日常任务】\n参与2次传奇赛事
1,100401,2025-05-27 12:00:00,2025-05-28 04:59:59,2000503,2,,【日常任务】\n参与3次传奇赛事
1,59,2025-05-28 05:00:00,2025-05-29 04:59:59,2000504,10000,金币,【日常任务】\n参与1次传奇赛事
1,110,2025-05-28 05:00:00,2025-05-29 04:59:59,2000505,5000,协助积分,【日常任务】\n参与2次传奇赛事
1,100401,2025-05-28 05:00:00,2025-05-29 04:59:59,2000506,2,,【日常任务】\n参与3次传奇赛事
1,59,2025-05-29 05:00:00,2025-05-30 04:59:59,2000507,10000,金币,【日常任务】\n参与1次传奇赛事
1,110,2025-05-29 05:00:00,2025-05-30 04:59:59,2000508,5000,协助积分,【日常任务】\n参与2次传奇赛事
1,100401,2025-05-29 05:00:00,2025-05-30 04:59:59,2000509,2,,【日常任务】\n参与3次传奇赛事
1,59,2025-05-30 05:00:00,2025-05-31 04:59:59,2000510,10000,金币,【日常任务】\n参与1次传奇赛事
1,110,2025-05-30 05:00:00,2025-05-31 04:59:59,2000511,5000,协助积分,【日常任务】\n参与2次传奇赛事
1,100501,2025-05-30 05:00:00,2025-05-31 04:59:59,2000512,2,,【日常任务】\n参与3次传奇赛事
1,59,2025-05-31 05:00:00,2025-06-01 04:59:59,2000513,10000,金币,【日常任务】\n参与1次传奇赛事
1,110,2025-05-31 05:00:00,2025-06-01 04:59:59,2000514,5000,协助积分,【日常任务】\n参与2次传奇赛事
1,100501,2025-05-31 05:00:00,2025-06-01 04:59:59,2000515,2,,【日常任务】\n参与3次传奇赛事
1,59,2025-06-01 05:00:00,2025-06-02 04:59:59,2000516,10000,金币,【日常任务】\n参与1次传奇赛事
1,110,2025-06-01 05:00:00,2025-06-02 04:59:59,2000517,5000,协助积分,【日常任务】\n参与2次传奇赛事
1,100501,2025-06-01 05:00:00,2025-06-02 04:59:59,2000518,2,,【日常任务】\n参与3次传奇赛事
1,59,2025-06-02 05:00:00,2025-06-03 04:59:59,2000519,10000,金币,【日常任务】\n参与1次传奇赛事
1,110,2025-06-02 05:00:00,2025-06-03 04:59:59,2000520,5000,协助积分,【日常任务】\n参与2次传奇赛事
1,102601,2025-06-02 05:00:00,2025-06-03 04:59:59,2000521,2,,【日常任务】\n参与3次传奇赛事
1,59,2025-06-03 05:00:00,2025-06-04 04:59:59,2000522,10000,金币,【日常任务】\n参与1次传奇赛事
1,110,2025-06-03 05:00:00,2025-06-04 04:59:59,2000523,5000,协助积分,【日常任务】\n参与2次传奇赛事
1,102601,2025-06-03 05:00:00,2025-06-04 04:59:59,2000524,2,,【日常任务】\n参与3次传奇赛事
1,59,2025-06-04 05:00:00,2025-06-05 04:59:59,2000525,10000,金币,【日常任务】\n参与1次传奇赛事
1,110,2025-06-04 05:00:00,2025-06-05 04:59:59,2000526,5000,协助积分,【日常任务】\n参与2次传奇赛事
1,102601,2025-06-04 05:00:00,2025-06-05 04:59:59,2000527,2,,【日常任务】\n参与3次传奇赛事
1,59,2025-06-13 12:00:00,2025-06-14 04:59:59,2000601,10000,金币,【日常任务】\n参与1次传奇赛事
1,110,2025-06-13 12:00:00,2025-06-14 04:59:59,2000602,5000,协助积分,【日常任务】\n参与2次传奇赛事
1,105601,2025-06-13 12:00:00,2025-06-14 04:59:59,2000603,2,,【日常任务】\n参与3次传奇赛事
1,59,2025-06-14 05:00:00,2025-06-15 04:59:59,2000604,10000,金币,【日常任务】\n参与1次传奇赛事
1,110,2025-06-14 05:00:00,2025-06-15 04:59:59,2000605,5000,协助积分,【日常任务】\n参与2次传奇赛事
1,105601,2025-06-14 05:00:00,2025-06-15 04:59:59,2000606,2,,【日常任务】\n参与3次传奇赛事
1,59,2025-06-15 05:00:00,2025-06-16 04:59:59,2000607,10000,金币,【日常任务】\n参与1次传奇赛事
1,110,2025-06-15 05:00:00,2025-06-16 04:59:59,2000608,5000,协助积分,【日常任务】\n参与2次传奇赛事
1,105601,2025-06-15 05:00:00,2025-06-16 04:59:59,2000609,2,,【日常任务】\n参与3次传奇赛事
1,59,2025-06-16 05:00:00,2025-06-17 04:59:59,2000610,10000,金币,【日常任务】\n参与1次传奇赛事
1,110,2025-06-16 05:00:00,2025-06-17 04:59:59,2000611,5000,协助积分,【日常任务】\n参与2次传奇赛事
1,102001,2025-06-16 05:00:00,2025-06-17 04:59:59,2000612,2,,【日常任务】\n参与3次传奇赛事
1,59,2025-06-17 05:00:00,2025-06-18 04:59:59,2000613,10000,金币,【日常任务】\n参与1次传奇赛事
1,110,2025-06-17 05:00:00,2025-06-18 04:59:59,2000614,5000,协助积分,【日常任务】\n参与2次传奇赛事
1,102001,2025-06-17 05:00:00,2025-06-18 04:59:59,2000615,2,,【日常任务】\n参与3次传奇赛事
1,59,2025-06-18 05:00:00,2025-06-19 04:59:59,2000616,10000,金币,【日常任务】\n参与1次传奇赛事
1,110,2025-06-18 05:00:00,2025-06-19 04:59:59,2000617,5000,协助积分,【日常任务】\n参与2次传奇赛事
1,102001,2025-06-18 05:00:00,2025-06-19 04:59:59,2000618,2,,【日常任务】\n参与3次传奇赛事
1,59,2025-06-19 05:00:00,2025-06-20 04:59:59,2000619,10000,金币,【日常任务】\n参与1次传奇赛事
1,110,2025-06-19 05:00:00,2025-06-20 04:59:59,2000620,5000,协助积分,【日常任务】\n参与2次传奇赛事
1,102301,2025-06-19 05:00:00,2025-06-20 04:59:59,2000621,2,,【日常任务】\n参与3次传奇赛事
1,59,2025-06-20 05:00:00,2025-06-21 04:59:59,2000622,10000,金币,【日常任务】\n参与1次传奇赛事
1,110,2025-06-20 05:00:00,2025-06-21 04:59:59,2000623,5000,协助积分,【日常任务】\n参与2次传奇赛事
1,102301,2025-06-20 05:00:00,2025-06-21 04:59:59,2000624,2,,【日常任务】\n参与3次传奇赛事
1,59,2025-06-21 05:00:00,2025-06-22 04:59:59,2000625,10000,金币,【日常任务】\n参与1次传奇赛事
1,110,2025-06-21 05:00:00,2025-06-22 04:59:59,2000626,5000,协助积分,【日常任务】\n参与2次传奇赛事
1,102301,2025-06-21 05:00:00,2025-06-22 04:59:59,2000627,2,,【日常任务】\n参与3次传奇赛事
1,59,2025-07-02 12:00:00,2025-07-03 04:59:59,2000701,10000,金币,【日常任务】参与1次传奇赛事
1,110,2025-07-02 12:00:00,2025-07-03 04:59:59,2000702,5000,协助积分,【日常任务】参与2次传奇赛事
1,101801,2025-07-02 12:00:00,2025-07-03 04:59:59,2000703,2,,【日常任务】参与3次传奇赛事
1,59,2025-07-03 05:00:00,2025-07-04 04:59:59,2000704,10000,金币,【日常任务】参与1次传奇赛事
1,110,2025-07-03 05:00:00,2025-07-04 04:59:59,2000705,5000,协助积分,【日常任务】参与2次传奇赛事
1,101801,2025-07-03 05:00:00,2025-07-04 04:59:59,2000706,2,,【日常任务】参与3次传奇赛事
1,59,2025-07-04 05:00:00,2025-07-05 04:59:59,2000707,10000,金币,【日常任务】参与1次传奇赛事
1,110,2025-07-04 05:00:00,2025-07-05 04:59:59,2000708,5000,协助积分,【日常任务】参与2次传奇赛事
1,101801,2025-07-04 05:00:00,2025-07-05 04:59:59,2000709,2,,【日常任务】参与3次传奇赛事
1,59,2025-07-05 05:00:00,2025-07-06 04:59:59,2000710,10000,金币,【日常任务】参与1次传奇赛事
1,110,2025-07-05 05:00:00,2025-07-06 04:59:59,2000711,5000,协助积分,【日常任务】参与2次传奇赛事
1,103701,2025-07-05 05:00:00,2025-07-06 04:59:59,2000712,2,,【日常任务】参与3次传奇赛事
1,59,2025-07-06 05:00:00,2025-07-07 04:59:59,2000713,10000,金币,【日常任务】参与1次传奇赛事
1,110,2025-07-06 05:00:00,2025-07-07 04:59:59,2000714,5000,协助积分,【日常任务】参与2次传奇赛事
1,103701,2025-07-06 05:00:00,2025-07-07 04:59:59,2000715,2,,【日常任务】参与3次传奇赛事
1,59,2025-07-07 05:00:00,2025-07-08 04:59:59,2000716,10000,金币,【日常任务】参与1次传奇赛事
1,110,2025-07-07 05:00:00,2025-07-08 04:59:59,2000717,5000,协助积分,【日常任务】参与2次传奇赛事
1,103701,2025-07-07 05:00:00,2025-07-08 04:59:59,2000718,2,,【日常任务】参与3次传奇赛事
1,59,2025-07-08 05:00:00,2025-07-09 04:59:59,2000719,10000,金币,【日常任务】参与1次传奇赛事
1,110,2025-07-08 05:00:00,2025-07-09 04:59:59,2000720,5000,协助积分,【日常任务】参与2次传奇赛事
1,101901,2025-07-08 05:00:00,2025-07-09 04:59:59,2000721,2,,【日常任务】参与3次传奇赛事
1,59,2025-07-09 05:00:00,2025-07-10 04:59:59,2000722,10000,金币,【日常任务】参与1次传奇赛事
1,110,2025-07-09 05:00:00,2025-07-10 04:59:59,2000723,5000,协助积分,【日常任务】参与2次传奇赛事
1,101901,2025-07-09 05:00:00,2025-07-10 04:59:59,2000724,2,,【日常任务】参与3次传奇赛事
1,59,2025-07-10 05:00:00,2025-07-11 04:59:59,2000725,10000,金币,【日常任务】参与1次传奇赛事
1,110,2025-07-10 05:00:00,2025-07-11 04:59:59,2000726,5000,协助积分,【日常任务】参与2次传奇赛事
1,101901,2025-07-10 05:00:00,2025-07-11 04:59:59,2000727,2,,【日常任务】参与3次传奇赛事
1,150,2021-11-12 12:00:00,2021-11-21 04:59:59,2000728,1,金结晶片,【期间限定任务】参与6次传奇赛事
1,150,2021-11-12 12:00:00,2021-11-21 04:59:59,2000729,1,金结晶片,【期间限定任务】参与12次传奇赛事
1,149,2021-11-12 12:00:00,2021-11-21 04:59:59,2000730,1,彩虹结晶片,【期间限定任务】参与21次传奇赛事
1,59,2025-07-21 12:00:00,2025-07-22 04:59:59,2000801,10000,金币,【日常任务】参与1次传奇赛事
1,110,2025-07-21 12:00:00,2025-07-22 04:59:59,2000802,5000,协助积分,【日常任务】参与2次传奇赛事
1,106001,2025-07-21 12:00:00,2025-07-22 04:59:59,2000803,2,,【日常任务】参与3次传奇赛事
1,59,2025-07-22 05:00:00,2025-07-23 04:59:59,2000804,10000,金币,【日常任务】参与1次传奇赛事
1,110,2025-07-22 05:00:00,2025-07-23 04:59:59,2000805,5000,协助积分,【日常任务】参与2次传奇赛事
1,106001,2025-07-22 05:00:00,2025-07-23 04:59:59,2000806,2,,【日常任务】参与3次传奇赛事
1,59,2025-07-23 05:00:00,2025-07-24 04:59:59,2000807,10000,金币,【日常任务】参与1次传奇赛事
1,110,2025-07-23 05:00:00,2025-07-24 04:59:59,2000808,5000,协助积分,【日常任务】参与2次传奇赛事
1,106001,2025-07-23 05:00:00,2025-07-24 04:59:59,2000809,2,,【日常任务】参与3次传奇赛事
1,59,2025-07-24 05:00:00,2025-07-25 04:59:59,2000810,10000,金币,【日常任务】参与1次传奇赛事
1,110,2025-07-24 05:00:00,2025-07-25 04:59:59,2000811,5000,协助积分,【日常任务】参与2次传奇赛事
1,101101,2025-07-24 05:00:00,2025-07-25 04:59:59,2000812,2,,【日常任务】参与3次传奇赛事
1,59,2025-07-25 05:00:00,2025-07-26 04:59:59,2000813,10000,金币,【日常任务】参与1次传奇赛事
1,110,2025-07-25 05:00:00,2025-07-26 04:59:59,2000814,5000,协助积分,【日常任务】参与2次传奇赛事
1,101101,2025-07-25 05:00:00,2025-07-26 04:59:59,2000815,2,,【日常任务】参与3次传奇赛事
1,59,2025-07-26 05:00:00,2025-07-27 04:59:59,2000816,10000,金币,【日常任务】参与1次传奇赛事
1,110,2025-07-26 05:00:00,2025-07-27 04:59:59,2000817,5000,协助积分,【日常任务】参与2次传奇赛事
1,101101,2025-07-26 05:00:00,2025-07-27 04:59:59,2000818,2,,【日常任务】参与3次传奇赛事
1,59,2025-07-27 05:00:00,2025-07-28 04:59:59,2000819,10000,金币,【日常任务】参与1次传奇赛事
1,110,2025-07-27 05:00:00,2025-07-28 04:59:59,2000820,5000,协助积分,【日常任务】参与2次传奇赛事
1,100601,2025-07-27 05:00:00,2025-07-28 04:59:59,2000821,2,,【日常任务】参与3次传奇赛事
1,59,2025-07-28 05:00:00,2025-07-29 04:59:59,2000822,10000,金币,【日常任务】参与1次传奇赛事
1,110,2025-07-28 05:00:00,2025-07-29 04:59:59,2000823,5000,协助积分,【日常任务】参与2次传奇赛事
1,100601,2025-07-28 05:00:00,2025-07-29 04:59:59,2000824,2,,【日常任务】参与3次传奇赛事
1,59,2025-07-29 05:00:00,2025-07-30 04:59:59,2000825,10000,金币,【日常任务】参与1次传奇赛事
1,110,2025-07-29 05:00:00,2025-07-30 04:59:59,2000826,5000,协助积分,【日常任务】参与2次传奇赛事
1,100601,2025-07-29 05:00:00,2025-07-30 04:59:59,2000827,2,,【日常任务】参与3次传奇赛事
1,150,2021-12-22 12:00:00,2021-12-31 04:59:59,2000828,1,金结晶片,【期间限定任务】参与6次传奇赛事
1,150,2021-12-22 12:00:00,2021-12-31 04:59:59,2000829,1,金结晶片,【期间限定任务】参与12次传奇赛事
1,149,2021-12-22 12:00:00,2021-12-31 04:59:59,2000830,1,彩虹结晶片,【期间限定任务】参与21次传奇赛事
1,59,2025-08-27 12:00:00,2025-08-28 04:59:59,2000901,10000,金币,【日常任务】参与1次传奇赛事
1,110,2025-08-27 12:00:00,2025-08-28 04:59:59,2000902,5000,协助积分,【日常任务】参与2次传奇赛事
1,101201,2025-08-27 12:00:00,2025-08-28 04:59:59,2000903,2,,【日常任务】参与3次传奇赛事
1,59,2025-08-28 05:00:00,2025-08-29 04:59:59,2000904,10000,金币,【日常任务】参与1次传奇赛事
1,110,2025-08-28 05:00:00,2025-08-29 04:59:59,2000905,5000,协助积分,【日常任务】参与2次传奇赛事
1,101201,2025-08-28 05:00:00,2025-08-29 04:59:59,2000906,2,,【日常任务】参与3次传奇赛事
1,59,2025-08-29 05:00:00,2025-08-30 04:59:59,2000907,10000,金币,【日常任务】参与1次传奇赛事
1,110,2025-08-29 05:00:00,2025-08-30 04:59:59,2000908,5000,协助积分,【日常任务】参与2次传奇赛事
1,101201,2025-08-29 05:00:00,2025-08-30 04:59:59,2000909,2,,【日常任务】参与3次传奇赛事
1,59,2025-08-30 05:00:00,2025-08-31 04:59:59,2000910,10000,金币,【日常任务】参与1次传奇赛事
1,110,2025-08-30 05:00:00,2025-08-31 04:59:59,2000911,5000,协助积分,【日常任务】参与2次传奇赛事
1,105901,2025-08-30 05:00:00,2025-08-31 04:59:59,2000912,2,,【日常任务】参与3次传奇赛事
1,59,2025-08-31 05:00:00,2025-09-01 04:59:59,2000913,10000,金币,【日常任务】参与1次传奇赛事
1,110,2025-08-31 05:00:00,2025-09-01 04:59:59,2000914,5000,协助积分,【日常任务】参与2次传奇赛事
1,105901,2025-08-31 05:00:00,2025-09-01 04:59:59,2000915,2,,【日常任务】参与3次传奇赛事
1,59,2025-09-01 05:00:00,2025-09-02 04:59:59,2000916,10000,金币,【日常任务】参与1次传奇赛事
1,110,2025-09-01 05:00:00,2025-09-02 04:59:59,2000917,5000,协助积分,【日常任务】参与2次传奇赛事
1,105901,2025-09-01 05:00:00,2025-09-02 04:59:59,2000918,2,,【日常任务】参与3次传奇赛事
1,59,2025-09-02 05:00:00,2025-09-03 04:59:59,2000919,10000,金币,【日常任务】参与1次传奇赛事
1,110,2025-09-02 05:00:00,2025-09-03 04:59:59,2000920,5000,协助积分,【日常任务】参与2次传奇赛事
1,104001,2025-09-02 05:00:00,2025-09-03 04:59:59,2000921,2,,【日常任务】参与3次传奇赛事
1,59,2025-09-03 05:00:00,2025-09-04 04:59:59,2000922,10000,金币,【日常任务】参与1次传奇赛事
1,110,2025-09-03 05:00:00,2025-09-04 04:59:59,2000923,5000,协助积分,【日常任务】参与2次传奇赛事
1,104001,2025-09-03 05:00:00,2025-09-04 04:59:59,2000924,2,,【日常任务】参与3次传奇赛事
1,59,2025-09-04 05:00:00,2025-09-05 04:59:59,2000925,10000,金币,【日常任务】参与1次传奇赛事
1,110,2025-09-04 05:00:00,2025-09-05 04:59:59,2000926,5000,协助积分,【日常任务】参与2次传奇赛事
1,104001,2025-09-04 05:00:00,2025-09-05 04:59:59,2000927,2,,【日常任务】参与3次传奇赛事
1,150,2022-02-08 12:00:00,2022-02-17 04:59:59,2000928,1,金结晶片,【期间限定任务】参与6次传奇赛事
1,150,2022-02-08 12:00:00,2022-02-17 04:59:59,2000929,1,金结晶片,【期间限定任务】参与12次传奇赛事
1,149,2022-02-08 12:00:00,2022-02-17 04:59:59,2000930,1,彩虹结晶片,【期间限定任务】参与21次传奇赛事
1,59,2025-09-16 12:00:00,2025-09-17 04:59:59,2001001,10000,金币,【日常任务】参与1次传奇赛事
1,110,2025-09-16 12:00:00,2025-09-17 04:59:59,2001002,5000,协助积分,【日常任务】参与2次传奇赛事
1,103201,2025-09-16 12:00:00,2025-09-17 04:59:59,2001003,2,,【日常任务】参与3次传奇赛事
1,59,2025-09-17 05:00:00,2025-09-18 04:59:59,2001004,10000,金币,【日常任务】参与1次传奇赛事
1,110,2025-09-17 05:00:00,2025-09-18 04:59:59,2001005,5000,协助积分,【日常任务】参与2次传奇赛事
1,103201,2025-09-17 05:00:00,2025-09-18 04:59:59,2001006,2,,【日常任务】参与3次传奇赛事
1,59,2025-09-18 05:00:00,2025-09-19 04:59:59,2001007,10000,金币,【日常任务】参与1次传奇赛事
1,110,2025-09-18 05:00:00,2025-09-19 04:59:59,2001008,5000,协助积分,【日常任务】参与2次传奇赛事
1,103201,2025-09-18 05:00:00,2025-09-19 04:59:59,2001009,2,,【日常任务】参与3次传奇赛事
1,59,2025-09-19 05:00:00,2025-09-20 04:59:59,2001010,10000,金币,【日常任务】参与1次传奇赛事
1,110,2025-09-19 05:00:00,2025-09-20 04:59:59,2001011,5000,协助积分,【日常任务】参与2次传奇赛事
1,105001,2025-09-19 05:00:00,2025-09-20 04:59:59,2001012,2,,【日常任务】参与3次传奇赛事
1,59,2025-09-20 05:00:00,2025-09-21 04:59:59,2001013,10000,金币,【日常任务】参与1次传奇赛事
1,110,2025-09-20 05:00:00,2025-09-21 04:59:59,2001014,5000,协助积分,【日常任务】参与2次传奇赛事
1,105001,2025-09-20 05:00:00,2025-09-21 04:59:59,2001015,2,,【日常任务】参与3次传奇赛事
1,59,2025-09-21 05:00:00,2025-09-22 04:59:59,2001016,10000,金币,【日常任务】参与1次传奇赛事
1,110,2025-09-21 05:00:00,2025-09-22 04:59:59,2001017,5000,协助积分,【日常任务】参与2次传奇赛事
1,105001,2025-09-21 05:00:00,2025-09-22 04:59:59,2001018,2,,【日常任务】参与3次传奇赛事
1,59,2025-09-22 05:00:00,2025-09-23 04:59:59,2001019,10000,金币,【日常任务】参与1次传奇赛事
1,110,2025-09-22 05:00:00,2025-09-23 04:59:59,2001020,5000,协助积分,【日常任务】参与2次传奇赛事
1,101601,2025-09-22 05:00:00,2025-09-23 04:59:59,2001021,2,,【日常任务】参与3次传奇赛事
1,59,2025-09-23 05:00:00,2025-09-24 04:59:59,2001022,10000,金币,【日常任务】参与1次传奇赛事
1,110,2025-09-23 05:00:00,2025-09-24 04:59:59,2001023,5000,协助积分,【日常任务】参与2次传奇赛事
1,101601,2025-09-23 05:00:00,2025-09-24 04:59:59,2001024,2,,【日常任务】参与3次传奇赛事
1,59,2025-09-24 05:00:00,2025-09-25 04:59:59,2001025,10000,金币,【日常任务】参与1次传奇赛事
1,110,2025-09-24 05:00:00,2025-09-25 04:59:59,2001026,5000,协助积分,【日常任务】参与2次传奇赛事
1,101601,2025-09-24 05:00:00,2025-09-25 04:59:59,2001027,2,,【日常任务】参与3次传奇赛事
1,150,2025-09-16 12:00:00,2025-09-25 04:59:59,2001028,1,金结晶片,【期间限定任务】参与6次传奇赛事
1,150,2025-09-16 12:00:00,2025-09-25 04:59:59,2001029,1,金结晶片,【期间限定任务】参与12次传奇赛事
1,149,2025-09-16 12:00:00,2025-09-25 04:59:59,2001030,1,彩虹结晶片,【期间限定任务】参与21次传奇赛事
1,59,2025-10-28 12:00:00,2025-10-29 04:59:59,2001101,10000,金币,【日常任务】参与1次传奇赛事
1,110,2025-10-28 12:00:00,2025-10-29 04:59:59,2001102,5000,协助积分,【日常任务】参与2次传奇赛事
1,101302,2025-10-28 12:00:00,2025-10-29 04:59:59,2001103,2,,【日常任务】参与3次传奇赛事
1,59,2025-10-29 05:00:00,2025-10-30 04:59:59,2001104,10000,金币,【日常任务】参与1次传奇赛事
1,110,2025-10-29 05:00:00,2025-10-30 04:59:59,2001105,5000,协助积分,【日常任务】参与2次传奇赛事
1,101302,2025-10-29 05:00:00,2025-10-30 04:59:59,2001106,2,,【日常任务】参与3次传奇赛事
1,59,2025-10-30 05:00:00,2025-10-31 04:59:59,2001107,10000,金币,【日常任务】参与1次传奇赛事
1,110,2025-10-30 05:00:00,2025-10-31 04:59:59,2001108,5000,协助积分,【日常任务】参与2次传奇赛事
1,101302,2025-10-30 05:00:00,2025-10-31 04:59:59,2001109,2,,【日常任务】参与3次传奇赛事
1,59,2025-10-31 05:00:00,2025-11-01 04:59:59,2001110,10000,金币,【日常任务】参与1次传奇赛事
1,110,2025-10-31 05:00:00,2025-11-01 04:59:59,2001111,5000,协助积分,【日常任务】参与2次传奇赛事
1,103001,2025-10-31 05:00:00,2025-11-01 04:59:59,2001112,2,,【日常任务】参与3次传奇赛事
1,59,2025-11-01 05:00:00,2025-11-02 04:59:59,2001113,10000,金币,【日常任务】参与1次传奇赛事
1,110,2025-11-01 05:00:00,2025-11-02 04:59:59,2001114,5000,协助积分,【日常任务】参与2次传奇赛事
1,103001,2025-11-01 05:00:00,2025-11-02 04:59:59,2001115,2,,【日常任务】参与3次传奇赛事
1,59,2025-11-02 05:00:00,2025-11-03 04:59:59,2001116,10000,金币,【日常任务】参与1次传奇赛事
1,110,2025-11-02 05:00:00,2025-11-03 04:59:59,2001117,5000,协助积分,【日常任务】参与2次传奇赛事
1,103001,2025-11-02 05:00:00,2025-11-03 04:59:59,2001118,2,,【日常任务】参与3次传奇赛事
1,59,2025-11-03 05:00:00,2025-11-04 04:59:59,2001119,10000,金币,【日常任务】参与1次传奇赛事
1,110,2025-11-03 05:00:00,2025-11-04 04:59:59,2001120,5000,协助积分,【日常任务】参与2次传奇赛事
1,107401,2025-11-03 05:00:00,2025-11-04 04:59:59,2001121,2,,【日常任务】参与3次传奇赛事
1,59,2025-11-04 05:00:00,2025-11-05 04:59:59,2001122,10000,金币,【日常任务】参与1次传奇赛事
1,110,2025-11-04 05:00:00,2025-11-05 04:59:59,2001123,5000,协助积分,【日常任务】参与2次传奇赛事
1,107401,2025-11-04 05:00:00,2025-11-05 04:59:59,2001124,2,,【日常任务】参与3次传奇赛事
1,59,2025-11-05 05:00:00,2025-11-06 04:59:59,2001125,10000,金币,【日常任务】参与1次传奇赛事
1,110,2025-11-05 05:00:00,2025-11-06 04:59:59,2001126,5000,协助积分,【日常任务】参与2次传奇赛事
1,107401,2025-11-05 05:00:00,2025-11-06 04:59:59,2001127,2,,【日常任务】参与3次传奇赛事
1,150,2025-10-28 12:00:00,2025-11-06 04:59:59,2001128,1,金结晶片,【期间限定任务】参与6次传奇赛事
1,150,2025-10-28 12:00:00,2025-11-06 04:59:59,2001129,1,金结晶片,【期间限定任务】参与12次传奇赛事
1,149,2025-10-28 12:00:00,2025-11-06 04:59:59,2001130,1,彩虹结晶片,【期间限定任务】参与21次传奇赛事
1,59,2025-11-17 12:00:00,2025-11-18 04:59:59,2001201,10000,金币,【日常任务】参与1次传奇赛事
1,110,2025-11-17 12:00:00,2025-11-18 04:59:59,2001202,5000,协助积分,【日常任务】参与2次传奇赛事
1,102101,2025-11-17 12:00:00,2025-11-18 04:59:59,2001203,2,,【日常任务】参与3次传奇赛事
1,59,2025-11-18 05:00:00,2025-11-19 04:59:59,2001204,10000,金币,【日常任务】参与1次传奇赛事
1,110,2025-11-18 05:00:00,2025-11-19 04:59:59,2001205,5000,协助积分,【日常任务】参与2次传奇赛事
1,102101,2025-11-18 05:00:00,2025-11-19 04:59:59,2001206,2,,【日常任务】参与3次传奇赛事
1,59,2025-11-19 05:00:00,2025-11-20 04:59:59,2001207,10000,金币,【日常任务】参与1次传奇赛事
1,110,2025-11-19 05:00:00,2025-11-20 04:59:59,2001208,5000,协助积分,【日常任务】参与2次传奇赛事
1,102101,2025-11-19 05:00:00,2025-11-20 04:59:59,2001209,2,,【日常任务】参与3次传奇赛事
1,59,2025-11-20 05:00:00,2025-11-21 04:59:59,2001210,10000,金币,【日常任务】参与1次传奇赛事
1,110,2025-11-20 05:00:00,2025-11-21 04:59:59,2001211,5000,协助积分,【日常任务】参与2次传奇赛事
1,105801,2025-11-20 05:00:00,2025-11-21 04:59:59,2001212,2,,【日常任务】参与3次传奇赛事
1,59,2025-11-21 05:00:00,2025-11-22 04:59:59,2001213,10000,金币,【日常任务】参与1次传奇赛事
1,110,2025-11-21 05:00:00,2025-11-22 04:59:59,2001214,5000,协助积分,【日常任务】参与2次传奇赛事
1,105801,2025-11-21 05:00:00,2025-11-22 04:59:59,2001215,2,,【日常任务】参与3次传奇赛事
1,59,2025-11-22 05:00:00,2025-11-23 04:59:59,2001216,10000,金币,【日常任务】参与1次传奇赛事
1,110,2025-11-22 05:00:00,2025-11-23 04:59:59,2001217,5000,协助积分,【日常任务】参与2次传奇赛事
1,105801,2025-11-22 05:00:00,2025-11-23 04:59:59,2001218,2,,【日常任务】参与3次传奇赛事
1,150,2025-11-17 12:00:00,2025-11-23 04:59:59,2001219,1,金结晶片,【期间限定任务】参与6次传奇赛事
1,150,2025-11-17 12:00:00,2025-11-23 04:59:59,2001220,1,金结晶片,【期间限定任务】参与9次传奇赛事
1,149,2025-11-17 12:00:00,2025-11-23 04:59:59,2001221,1,彩虹结晶片,【期间限定任务】参与12次传奇赛事
1,137,2023-11-17 12:00:00,2023-11-18 11:59:59,2100010,2,金牛杯报名券,【日常任务】\n报名参加金牛杯
1,137,2023-11-18 12:00:00,2023-11-19 11:59:59,2100011,2,金牛杯报名券,【日常任务】\n报名参加金牛杯
1,137,2023-11-19 12:00:00,2023-11-20 11:59:59,2100012,2,金牛杯报名券,【日常任务】\n报名参加金牛杯
1,137,2023-11-20 12:00:00,2023-11-21 11:59:59,2100013,2,金牛杯报名券,【日常任务】\n报名参加金牛杯
1,138,2023-12-18 12:00:00,2023-12-19 11:59:59,2100014,2,双子杯报名券,【日常任务】\n报名参加双子杯
1,138,2023-12-19 12:00:00,2023-12-20 11:59:59,2100015,2,双子杯报名券,【日常任务】\n报名参加双子杯
1,138,2023-12-20 12:00:00,2023-12-21 11:59:59,2100016,2,双子杯报名券,【日常任务】\n报名参加双子杯
1,138,2023-12-21 12:00:00,2023-12-22 11:59:59,2100017,2,双子杯报名券,【日常任务】\n报名参加双子杯
1,139,2024-01-26 12:00:00,2024-01-27 11:59:59,2100018,2,巨蟹杯报名券,【日常任务】\n报名参加巨蟹杯
1,139,2024-01-27 12:00:00,2024-01-28 11:59:59,2100019,2,巨蟹杯报名券,【日常任务】\n报名参加巨蟹杯
1,139,2024-01-28 12:00:00,2024-01-29 11:59:59,2100020,2,巨蟹杯报名券,【日常任务】\n报名参加巨蟹杯
1,139,2024-01-29 12:00:00,2024-01-30 11:59:59,2100021,2,巨蟹杯报名券,【日常任务】\n报名参加巨蟹杯
1,142,2024-02-27 12:00:00,2024-02-28 11:59:59,2100022,2,狮子杯报名券,【日常任务】\n报名参加狮子杯
1,142,2024-02-28 12:00:00,2024-02-29 11:59:59,2100023,2,狮子杯报名券,【日常任务】\n报名参加狮子杯
1,142,2024-02-29 12:00:00,2024-03-01 11:59:59,2100024,2,狮子杯报名券,【日常任务】\n报名参加狮子杯
1,142,2024-03-01 12:00:00,2024-03-02 11:59:59,2100025,2,狮子杯报名券,【日常任务】\n报名参加狮子杯
1,143,2025-05-31 12:00:00,2025-06-01 11:59:59,2100026,2,室女杯报名券,【日常任务】\n报名参加室女杯
1,143,2025-06-01 12:00:00,2025-06-02 11:59:59,2100027,2,室女杯报名券,【日常任务】\n报名参加室女杯
1,143,2025-06-02 12:00:00,2025-06-03 11:59:59,2100028,2,室女杯报名券,【日常任务】\n报名参加室女杯
1,143,2025-06-03 12:00:00,2025-06-04 11:59:59,2100029,2,室女杯报名券,【日常任务】\n报名参加室女杯
1,147,2025-06-17 12:00:00,2025-06-18 11:59:59,2100030,2,天秤杯报名券,【日常任务】\n报名参加天秤杯
1,147,2025-06-18 12:00:00,2025-06-19 11:59:59,2100031,2,天秤杯报名券,【日常任务】\n报名参加天秤杯
1,147,2025-06-19 12:00:00,2025-06-20 11:59:59,2100032,2,天秤杯报名券,【日常任务】\n报名参加天秤杯
1,147,2025-06-20 12:00:00,2025-06-21 11:59:59,2100033,2,天秤杯报名券,【日常任务】\n报名参加天秤杯
1,148,2025-07-06 12:00:00,2025-07-07 11:59:59,2100034,2,天蝎杯报名券,【日常任务】\n报名参加天蝎杯
1,148,2025-07-07 12:00:00,2025-07-08 11:59:59,2100035,2,天蝎杯报名券,【日常任务】\n报名参加天蝎杯
1,148,2025-07-08 12:00:00,2025-07-09 11:59:59,2100036,2,天蝎杯报名券,【日常任务】\n报名参加天蝎杯
1,148,2025-07-09 12:00:00,2025-07-10 11:59:59,2100037,2,天蝎杯报名券,【日常任务】\n报名参加天蝎杯
1,151,2025-07-25 12:00:00,2025-07-26 11:59:59,2100038,2,人马杯报名券,【日常任务】\n报名参加人马杯
1,151,2025-07-26 12:00:00,2025-07-27 11:59:59,2100039,2,人马杯报名券,【日常任务】\n报名参加人马杯
1,151,2025-07-27 12:00:00,2025-07-28 11:59:59,2100040,2,人马杯报名券,【日常任务】\n报名参加人马杯
1,151,2025-07-28 12:00:00,2025-07-29 11:59:59,2100041,2,人马杯报名券,【日常任务】\n报名参加人马杯
1,157,2025-08-13 12:00:00,2025-08-14 11:59:59,2100042,2,摩羯杯报名券,【日常任务】\n报名参加摩羯杯
1,157,2025-08-14 12:00:00,2025-08-15 11:59:59,2100043,2,摩羯杯报名券,【日常任务】\n报名参加摩羯杯
1,157,2025-08-15 12:00:00,2025-08-16 11:59:59,2100044,2,摩羯杯报名券,【日常任务】\n报名参加摩羯杯
1,157,2025-08-16 12:00:00,2025-08-17 11:59:59,2100045,2,摩羯杯报名券,【日常任务】\n报名参加摩羯杯
1,166,2025-08-30 12:00:00,2025-08-31 11:59:59,2100046,2,宝瓶杯报名券,【日常任务】\n报名参加宝瓶杯
1,166,2025-08-31 12:00:00,2025-09-01 11:59:59,2100047,2,宝瓶杯报名券,【日常任务】\n报名参加宝瓶杯
1,166,2025-09-01 12:00:00,2025-09-02 11:59:59,2100048,2,宝瓶杯报名券,【日常任务】\n报名参加宝瓶杯
1,166,2025-09-02 12:00:00,2025-09-03 11:59:59,2100049,2,宝瓶杯报名券,【日常任务】\n报名参加宝瓶杯
1,167,2025-09-20 12:00:00,2025-09-21 11:59:59,2100050,2,双鱼杯报名券,【日常任务】\n报名参加双鱼杯
1,167,2025-09-21 12:00:00,2025-09-22 11:59:59,2100051,2,双鱼杯报名券,【日常任务】\n报名参加双鱼杯
1,167,2025-09-22 12:00:00,2025-09-23 11:59:59,2100052,2,双鱼杯报名券,【日常任务】\n报名参加双鱼杯
1,167,2025-09-23 12:00:00,2025-09-24 11:59:59,2100053,2,双鱼杯报名券,【日常任务】\n报名参加双鱼杯
1,169,2025-10-12 12:00:00,2025-10-13 11:59:59,2100054,2,白羊杯报名券,【日常任务】\n报名参加白羊杯
1,169,2025-10-13 12:00:00,2025-10-14 11:59:59,2100055,2,白羊杯报名券,【日常任务】\n报名参加白羊杯
1,169,2025-10-14 12:00:00,2025-10-15 11:59:59,2100056,2,白羊杯报名券,【日常任务】\n报名参加白羊杯
1,169,2025-10-15 12:00:00,2025-10-16 11:59:59,2100057,2,白羊杯报名券,【日常任务】\n报名参加白羊杯
1,171,2025-11-01 12:00:00,2025-11-02 11:59:59,2100058,2,金牛杯报名券,【日常任务】\n报名参加金牛杯
1,171,2025-11-02 12:00:00,2025-11-03 11:59:59,2100059,2,金牛杯报名券,【日常任务】\n报名参加金牛杯
1,171,2025-11-03 12:00:00,2025-11-04 11:59:59,2100060,2,金牛杯报名券,【日常任务】\n报名参加金牛杯
1,171,2025-11-04 12:00:00,2025-11-05 11:59:59,2100061,2,金牛杯报名券,【日常任务】\n报名参加金牛杯
1,172,2025-11-21 12:00:00,2025-11-22 11:59:59,2100062,2,双子杯报名券,【日常任务】\n报名参加双子杯
1,172,2025-11-22 12:00:00,2025-11-23 11:59:59,2100063,2,双子杯报名券,【日常任务】\n报名参加双子杯
1,172,2025-11-23 12:00:00,2025-11-24 11:59:59,2100064,2,双子杯报名券,【日常任务】\n报名参加双子杯
1,172,2025-11-24 12:00:00,2025-11-25 11:59:59,2100065,2,双子杯报名券,【日常任务】\n报名参加双子杯
1,173,2025-12-10 12:00:00,2025-12-11 11:59:59,2100066,2,巨蟹杯报名券,【日常任务】\n报名参加巨蟹杯
1,173,2025-12-11 12:00:00,2025-12-12 11:59:59,2100067,2,巨蟹杯报名券,【日常任务】\n报名参加巨蟹杯
1,173,2025-12-12 12:00:00,2025-12-13 11:59:59,2100068,2,巨蟹杯报名券,【日常任务】\n报名参加巨蟹杯
1,173,2025-12-13 12:00:00,2025-12-14 11:59:59,2100069,2,巨蟹杯报名券,【日常任务】\n报名参加巨蟹杯
1,156,2025-07-21 12:00:00,2025-08-01 11:59:59,2200001,1500,考试币,在5门考试中获得“可”的成绩
2,156,2025-07-21 12:00:00,2025-08-01 11:59:59,2200002,2000,考试币,在6门考试中获得“可”的成绩
3,43,2025-07-21 12:00:00,2025-08-01 11:59:59,2200003,100,宝石,在7门考试中获得“可”的成绩
4,156,2025-07-21 12:00:00,2025-08-01 11:59:59,2200004,1500,考试币,在5门考试中获得“良”的成绩
5,156,2025-07-21 12:00:00,2025-08-01 11:59:59,2200005,2000,考试币,在6门考试中获得“良”的成绩
6,43,2025-07-21 12:00:00,2025-08-01 11:59:59,2200006,100,宝石,在7门考试中获得“良”的成绩
7,43,2025-07-21 12:00:00,2025-08-01 11:59:59,2200007,100,宝石,在5门考试中获得“优”的成绩
8,156,2025-07-21 12:00:00,2025-08-01 11:59:59,2200008,1000,考试币,在6门考试中获得“优”的成绩
9,320001,2025-07-21 12:00:00,2025-08-01 11:59:59,2200009,1,,在7门考试中获得“优”的成绩
10,156,2025-07-21 12:00:00,2025-07-22 04:59:59,2200010,500,考试币,【日常任务】登录游戏
11,156,2025-07-21 12:00:00,2025-07-22 04:59:59,2200011,500,考试币,【日常任务】在青春杯完成1次养成
12,156,2025-07-22 05:00:00,2025-07-23 04:59:59,2200012,500,考试币,【日常任务】登录游戏
13,156,2025-07-22 05:00:00,2025-07-23 04:59:59,2200013,500,考试币,【日常任务】在青春杯完成1次养成
14,156,2025-07-23 05:00:00,2025-07-24 04:59:59,2200014,500,考试币,【日常任务】登录游戏
15,156,2025-07-23 05:00:00,2025-07-24 04:59:59,2200015,500,考试币,【日常任务】在青春杯完成1次养成
16,156,2025-07-24 05:00:00,2025-07-25 04:59:59,2200016,500,考试币,【日常任务】登录游戏
17,156,2025-07-24 05:00:00,2025-07-25 04:59:59,2200017,500,考试币,【日常任务】在青春杯完成1次养成
18,156,2025-07-25 05:00:00,2025-07-26 04:59:59,2200018,500,考试币,【日常任务】登录游戏
19,156,2025-07-25 05:00:00,2025-07-26 04:59:59,2200019,500,考试币,【日常任务】在青春杯完成1次养成
20,156,2025-07-26 05:00:00,2025-07-27 04:59:59,2200020,500,考试币,【日常任务】登录游戏
21,156,2025-07-26 05:00:00,2025-07-27 04:59:59,2200021,500,考试币,【日常任务】在青春杯完成1次养成
22,156,2025-07-27 05:00:00,2025-07-28 04:59:59,2200022,500,考试币,【日常任务】登录游戏
23,156,2025-07-27 05:00:00,2025-07-28 04:59:59,2200023,500,考试币,【日常任务】在青春杯完成1次养成
24,156,2025-07-28 05:00:00,2025-07-29 04:59:59,2200024,500,考试币,【日常任务】登录游戏
25,156,2025-07-28 05:00:00,2025-07-29 04:59:59,2200025,500,考试币,【日常任务】在青春杯完成1次养成
26,156,2025-07-29 05:00:00,2025-07-30 04:59:59,2200026,500,考试币,【日常任务】登录游戏
27,156,2025-07-29 05:00:00,2025-07-30 04:59:59,2200027,500,考试币,【日常任务】在青春杯完成1次养成
1,156,2025-09-24 12:00:00,2025-10-02 11:59:59,2200028,2000,考试币,在考试中获得“良”的成绩
2,320002,2025-09-24 12:00:00,2025-10-02 11:59:59,2200029,1,,在考试中获得“优”的成绩
3,156,2025-09-24 12:00:00,2025-10-02 11:59:59,2200030,1500,考试币,在巅峰杯完成2次养成
4,156,2025-09-24 12:00:00,2025-10-02 11:59:59,2200031,1500,考试币,在巅峰杯完成4次养成
5,43,2025-09-24 12:00:00,2025-10-02 11:59:59,2200032,100,宝石,在巅峰杯完成6次养成
6,156,2025-09-24 12:00:00,2025-10-02 11:59:59,2200033,1500,考试币,以至少为C+的养成等级完成巅峰杯养成
7,43,2025-09-24 12:00:00,2025-10-02 11:59:59,2200034,100,宝石,以至少为B的养成等级完成巅峰杯养成
8,156,2025-09-24 12:00:00,2025-10-02 11:59:59,2200035,1500,考试币,以至少为B+的养成等级完成巅峰杯养成
9,43,2025-09-24 12:00:00,2025-10-02 11:59:59,2200036,100,宝石,以至少为A的养成等级完成巅峰杯养成
10,156,2025-09-24 12:00:00,2025-09-25 04:59:59,2200037,500,考试币,【日常任务】登录游戏
11,156,2025-09-24 12:00:00,2025-09-25 04:59:59,2200038,500,考试币,【日常任务】在巅峰杯完成1次养成
12,156,2025-09-25 05:00:00,2025-09-26 04:59:59,2200039,500,考试币,【日常任务】登录游戏
13,156,2025-09-25 05:00:00,2025-09-26 04:59:59,2200040,500,考试币,【日常任务】在巅峰杯完成1次养成
14,156,2025-09-26 05:00:00,2025-09-27 04:59:59,2200041,500,考试币,【日常任务】登录游戏
15,156,2025-09-26 05:00:00,2025-09-27 04:59:59,2200042,500,考试币,【日常任务】在巅峰杯完成1次养成
16,156,2025-09-27 05:00:00,2025-09-28 04:59:59,2200043,500,考试币,【日常任务】登录游戏
17,156,2025-09-27 05:00:00,2025-09-28 04:59:59,2200044,500,考试币,【日常任务】在巅峰杯完成1次养成
18,156,2025-09-28 05:00:00,2025-09-29 04:59:59,2200045,500,考试币,【日常任务】登录游戏
19,156,2025-09-28 05:00:00,2025-09-29 04:59:59,2200046,500,考试币,【日常任务】在巅峰杯完成1次养成
20,156,2025-09-29 05:00:00,2025-09-29 11:59:59,2200047,500,考试币,【日常任务】登录游戏
21,156,2025-09-29 05:00:00,2025-09-29 11:59:59,2200048,500,考试币,【日常任务】在巅峰杯完成1次养成
1,98,2025-09-22 05:00:00,2050-01-01 04:59:59,2233100,150,好友积分,【日常任务①】\n在养成的赛事中赢得胜利
2,110,2025-09-22 05:00:00,2050-01-01 04:59:59,2233101,750,协助积分,【日常任务②】\n参与日常赛事
4,59,2025-09-22 05:00:00,2050-01-01 04:59:59,2233102,3600,金币,【日常任务④】\n参与团队竞技场
7,43,2025-09-22 05:00:00,2050-01-01 04:59:59,2233105,30,宝石,【日常任务⑤】\n完成1次养成
8,43,2025-09-22 05:00:00,2050-01-01 04:59:59,2233106,45,宝石,完成\n日常任务①-⑤
3,110,2025-09-22 05:00:00,2050-01-01 04:59:59,2233107,1050,协助积分,【日常任务③】参与3次日常赛事
1,34,2025-08-09 12:00:00,2025-08-10 04:59:59,2300001,1,迷你胡萝卜果冻,【日常任务】参与赛事草上飞（困难）
1,34,2025-08-09 12:00:00,2025-08-10 04:59:59,2300002,1,迷你胡萝卜果冻,【日常任务】参与赛事帝王光辉（困难）
1,34,2025-08-09 12:00:00,2025-08-10 04:59:59,2300003,1,迷你胡萝卜果冻,【日常任务】参与赛事青云天空（困难）
1,34,2025-08-09 12:00:00,2025-08-10 04:59:59,2300004,1,迷你胡萝卜果冻,【日常任务】参与赛事特别周（困难）
1,34,2025-08-09 12:00:00,2025-08-10 04:59:59,2300005,1,迷你胡萝卜果冻,【日常任务】参与挑战赛事
1,34,2025-08-10 05:00:00,2025-08-11 04:59:59,2300006,1,迷你胡萝卜果冻,【日常任务】参与赛事草上飞（困难）
1,34,2025-08-10 05:00:00,2025-08-11 04:59:59,2300007,1,迷你胡萝卜果冻,【日常任务】参与赛事帝王光辉（困难）
1,34,2025-08-10 05:00:00,2025-08-11 04:59:59,2300008,1,迷你胡萝卜果冻,【日常任务】参与赛事青云天空（困难）
1,34,2025-08-10 05:00:00,2025-08-11 04:59:59,2300009,1,迷你胡萝卜果冻,【日常任务】参与赛事特别周（困难）
1,34,2025-08-10 05:00:00,2025-08-11 04:59:59,2300010,1,迷你胡萝卜果冻,【日常任务】参与挑战赛事
1,34,2025-08-11 05:00:00,2025-08-12 04:59:59,2300011,1,迷你胡萝卜果冻,【日常任务】参与赛事草上飞（困难）
1,34,2025-08-11 05:00:00,2025-08-12 04:59:59,2300012,1,迷你胡萝卜果冻,【日常任务】参与赛事帝王光辉（困难）
1,34,2025-08-11 05:00:00,2025-08-12 04:59:59,2300013,1,迷你胡萝卜果冻,【日常任务】参与赛事青云天空（困难）
1,34,2025-08-11 05:00:00,2025-08-12 04:59:59,2300014,1,迷你胡萝卜果冻,【日常任务】参与赛事特别周（困难）
1,34,2025-08-11 05:00:00,2025-08-12 04:59:59,2300015,1,迷你胡萝卜果冻,【日常任务】参与挑战赛事
1,34,2025-08-12 05:00:00,2025-08-13 04:59:59,2300016,1,迷你胡萝卜果冻,【日常任务】参与赛事草上飞（困难）
1,34,2025-08-12 05:00:00,2025-08-13 04:59:59,2300017,1,迷你胡萝卜果冻,【日常任务】参与赛事帝王光辉（困难）
1,34,2025-08-12 05:00:00,2025-08-13 04:59:59,2300018,1,迷你胡萝卜果冻,【日常任务】参与赛事青云天空（困难）
1,34,2025-08-12 05:00:00,2025-08-13 04:59:59,2300019,1,迷你胡萝卜果冻,【日常任务】参与赛事特别周（困难）
1,34,2025-08-12 05:00:00,2025-08-13 04:59:59,2300020,1,迷你胡萝卜果冻,【日常任务】参与挑战赛事
1,34,2025-08-13 05:00:00,2025-08-14 04:59:59,2300021,1,迷你胡萝卜果冻,【日常任务】参与赛事草上飞（困难）
1,34,2025-08-13 05:00:00,2025-08-14 04:59:59,2300022,1,迷你胡萝卜果冻,【日常任务】参与赛事帝王光辉（困难）
1,34,2025-08-13 05:00:00,2025-08-14 04:59:59,2300023,1,迷你胡萝卜果冻,【日常任务】参与赛事青云天空（困难）
1,34,2025-08-13 05:00:00,2025-08-14 04:59:59,2300024,1,迷你胡萝卜果冻,【日常任务】参与赛事特别周（困难）
1,34,2025-08-13 05:00:00,2025-08-14 04:59:59,2300025,1,迷你胡萝卜果冻,【日常任务】参与挑战赛事
1,34,2025-08-14 05:00:00,2025-08-15 04:59:59,2300026,1,迷你胡萝卜果冻,【日常任务】参与赛事草上飞（困难）
1,34,2025-08-14 05:00:00,2025-08-15 04:59:59,2300027,1,迷你胡萝卜果冻,【日常任务】参与赛事帝王光辉（困难）
1,34,2025-08-14 05:00:00,2025-08-15 04:59:59,2300028,1,迷你胡萝卜果冻,【日常任务】参与赛事青云天空（困难）
1,34,2025-08-14 05:00:00,2025-08-15 04:59:59,2300029,1,迷你胡萝卜果冻,【日常任务】参与赛事特别周（困难）
1,34,2025-08-14 05:00:00,2025-08-15 04:59:59,2300030,1,迷你胡萝卜果冻,【日常任务】参与挑战赛事
1,34,2025-08-15 05:00:00,2025-08-16 04:59:59,2300031,1,迷你胡萝卜果冻,【日常任务】参与赛事草上飞（困难）
1,34,2025-08-15 05:00:00,2025-08-16 04:59:59,2300032,1,迷你胡萝卜果冻,【日常任务】参与赛事帝王光辉（困难）
1,34,2025-08-15 05:00:00,2025-08-16 04:59:59,2300033,1,迷你胡萝卜果冻,【日常任务】参与赛事青云天空（困难）
1,34,2025-08-15 05:00:00,2025-08-16 04:59:59,2300034,1,迷你胡萝卜果冻,【日常任务】参与赛事特别周（困难）
1,34,2025-08-15 05:00:00,2025-08-16 04:59:59,2300035,1,迷你胡萝卜果冻,【日常任务】参与挑战赛事
1,34,2025-08-16 05:00:00,2025-08-16 11:59:59,2300036,1,迷你胡萝卜果冻,【日常任务】参与赛事草上飞（困难）
1,34,2025-08-16 05:00:00,2025-08-16 11:59:59,2300037,1,迷你胡萝卜果冻,【日常任务】参与赛事帝王光辉（困难）
1,34,2025-08-16 05:00:00,2025-08-16 11:59:59,2300038,1,迷你胡萝卜果冻,【日常任务】参与赛事青云天空（困难）
1,34,2025-08-16 05:00:00,2025-08-16 11:59:59,2300039,1,迷你胡萝卜果冻,【日常任务】参与赛事特别周（困难）
1,34,2025-08-16 05:00:00,2025-08-16 11:59:59,2300040,1,迷你胡萝卜果冻,【日常任务】参与挑战赛事
1,43,2025-08-09 12:00:00,2025-08-19 11:59:59,2300041,30,宝石,【期间限定任务】获得等级1的嘉年华加成因子
1,43,2025-08-09 12:00:00,2025-08-19 11:59:59,2300042,30,宝石,【期间限定任务】获得等级2的嘉年华加成因子
1,43,2025-08-09 12:00:00,2025-08-19 11:59:59,2300043,30,宝石,【期间限定任务】获得等级3的嘉年华加成因子
1,43,2025-08-09 12:00:00,2025-08-19 11:59:59,2300044,30,宝石,【期间限定任务】获得等级4的嘉年华加成因子
1,43,2025-08-09 12:00:00,2025-08-19 11:59:59,2300045,30,宝石,【期间限定任务】获得等级5的嘉年华加成因子
1,59,2025-08-09 12:00:00,2025-08-19 11:59:59,2300046,10000,金币,【期间限定任务】在竞速嘉年华中累计获得10000嘉年华积分
1,110,2025-08-09 12:00:00,2025-08-19 11:59:59,2300047,5000,协助积分,【期间限定任务】在竞速嘉年华中累计获得30000嘉年华积分
1,115,2025-08-09 12:00:00,2025-08-19 11:59:59,2300048,5,女神像,【期间限定任务】在竞速嘉年华中累计获得50000嘉年华积分
1,59,2025-08-09 12:00:00,2025-08-19 11:59:59,2300049,15000,金币,【期间限定任务】在竞速嘉年华中累计获得70000嘉年华积分
1,110,2025-08-09 12:00:00,2025-08-19 11:59:59,2300050,7500,协助积分,【期间限定任务】在竞速嘉年华中累计获得100000嘉年华积分
1,150,2025-08-09 12:00:00,2025-08-19 11:59:59,2300051,1,金结晶片,【期间限定任务】在竞速嘉年华中累计获得120000嘉年华积分
1,59,2025-08-09 12:00:00,2025-08-19 11:59:59,2300052,30000,金币,【期间限定任务】在竞速嘉年华中累计获得140000嘉年华积分
1,110,2025-08-09 12:00:00,2025-08-19 11:59:59,2300053,15000,协助积分,【期间限定任务】在竞速嘉年华中累计获得160000嘉年华积分
1,115,2025-08-09 12:00:00,2025-08-19 11:59:59,2300054,10,女神像,【期间限定任务】在竞速嘉年华中累计获得180000嘉年华积分
1,149,2025-08-09 12:00:00,2025-08-19 11:59:59,2300055,1,彩虹结晶片,【期间限定任务】在竞速嘉年华中累计获得200000嘉年华积分
1,34,2025-10-13 12:00:00,2025-10-14 04:59:59,2300056,1,迷你胡萝卜果冻,【日常】参与赛事胜利奖券（困难）
1,34,2025-10-13 12:00:00,2025-10-14 04:59:59,2300057,1,迷你胡萝卜果冻,【日常】参与赛事爱丽速子（困难）
1,34,2025-10-13 12:00:00,2025-10-14 04:59:59,2300058,1,迷你胡萝卜果冻,【日常】参与赛事富士奇石（困难）
1,34,2025-10-13 12:00:00,2025-10-14 04:59:59,2300059,1,迷你胡萝卜果冻,【日常】参与赛事东海帝王（困难）
1,34,2025-10-13 12:00:00,2025-10-14 04:59:59,2300060,1,迷你胡萝卜果冻,【日常】参与挑战赛事
1,34,2025-10-14 05:00:00,2025-10-15 04:59:59,2300061,1,迷你胡萝卜果冻,【日常】参与赛事胜利奖券（困难）
1,34,2025-10-14 05:00:00,2025-10-15 04:59:59,2300062,1,迷你胡萝卜果冻,【日常】参与赛事爱丽速子（困难）
1,34,2025-10-14 05:00:00,2025-10-15 04:59:59,2300063,1,迷你胡萝卜果冻,【日常】参与赛事富士奇石（困难）
1,34,2025-10-14 05:00:00,2025-10-15 04:59:59,2300064,1,迷你胡萝卜果冻,【日常】参与赛事东海帝王（困难）
1,34,2025-10-14 05:00:00,2025-10-15 04:59:59,2300065,1,迷你胡萝卜果冻,【日常】参与挑战赛事
1,34,2025-10-15 05:00:00,2025-10-16 04:59:59,2300066,1,迷你胡萝卜果冻,【日常】参与赛事胜利奖券（困难）
1,34,2025-10-15 05:00:00,2025-10-16 04:59:59,2300067,1,迷你胡萝卜果冻,【日常】参与赛事爱丽速子（困难）
1,34,2025-10-15 05:00:00,2025-10-16 04:59:59,2300068,1,迷你胡萝卜果冻,【日常】参与赛事富士奇石（困难）
1,34,2025-10-15 05:00:00,2025-10-16 04:59:59,2300069,1,迷你胡萝卜果冻,【日常】参与赛事东海帝王（困难）
1,34,2025-10-15 05:00:00,2025-10-16 04:59:59,2300070,1,迷你胡萝卜果冻,【日常】参与挑战赛事
1,34,2025-10-16 05:00:00,2025-10-17 04:59:59,2300071,1,迷你胡萝卜果冻,【日常】参与赛事胜利奖券（困难）
1,34,2025-10-16 05:00:00,2025-10-17 04:59:59,2300072,1,迷你胡萝卜果冻,【日常】参与赛事爱丽速子（困难）
1,34,2025-10-16 05:00:00,2025-10-17 04:59:59,2300073,1,迷你胡萝卜果冻,【日常】参与赛事富士奇石（困难）
1,34,2025-10-16 05:00:00,2025-10-17 04:59:59,2300074,1,迷你胡萝卜果冻,【日常】参与赛事东海帝王（困难）
1,34,2025-10-16 05:00:00,2025-10-17 04:59:59,2300075,1,迷你胡萝卜果冻,【日常】参与挑战赛事
1,34,2025-10-17 05:00:00,2025-10-18 04:59:59,2300076,1,迷你胡萝卜果冻,【日常】参与赛事胜利奖券（困难）
1,34,2025-10-17 05:00:00,2025-10-18 04:59:59,2300077,1,迷你胡萝卜果冻,【日常】参与赛事爱丽速子（困难）
1,34,2025-10-17 05:00:00,2025-10-18 04:59:59,2300078,1,迷你胡萝卜果冻,【日常】参与赛事富士奇石（困难）
1,34,2025-10-17 05:00:00,2025-10-18 04:59:59,2300079,1,迷你胡萝卜果冻,【日常】参与赛事东海帝王（困难）
1,34,2025-10-17 05:00:00,2025-10-18 04:59:59,2300080,1,迷你胡萝卜果冻,【日常】参与挑战赛事
1,34,2025-10-18 05:00:00,2025-10-19 04:59:59,2300081,1,迷你胡萝卜果冻,【日常】参与赛事胜利奖券（困难）
1,34,2025-10-18 05:00:00,2025-10-19 04:59:59,2300082,1,迷你胡萝卜果冻,【日常】参与赛事爱丽速子（困难）
1,34,2025-10-18 05:00:00,2025-10-19 04:59:59,2300083,1,迷你胡萝卜果冻,【日常】参与赛事富士奇石（困难）
1,34,2025-10-18 05:00:00,2025-10-19 04:59:59,2300084,1,迷你胡萝卜果冻,【日常】参与赛事东海帝王（困难）
1,34,2025-10-18 05:00:00,2025-10-19 04:59:59,2300085,1,迷你胡萝卜果冻,【日常】参与挑战赛事
1,34,2025-10-19 05:00:00,2025-10-20 04:59:59,2300086,1,迷你胡萝卜果冻,【日常】参与赛事胜利奖券（困难）
1,34,2025-10-19 05:00:00,2025-10-20 04:59:59,2300087,1,迷你胡萝卜果冻,【日常】参与赛事爱丽速子（困难）
1,34,2025-10-19 05:00:00,2025-10-20 04:59:59,2300088,1,迷你胡萝卜果冻,【日常】参与赛事富士奇石（困难）
1,34,2025-10-19 05:00:00,2025-10-20 04:59:59,2300089,1,迷你胡萝卜果冻,【日常】参与赛事东海帝王（困难）
1,34,2025-10-19 05:00:00,2025-10-20 04:59:59,2300090,1,迷你胡萝卜果冻,【日常】参与挑战赛事
1,34,2025-10-20 05:00:00,2025-10-20 11:59:59,2300091,1,迷你胡萝卜果冻,【日常】参与赛事胜利奖券（困难）
1,34,2025-10-20 05:00:00,2025-10-20 11:59:59,2300092,1,迷你胡萝卜果冻,【日常】参与赛事爱丽速子（困难）
1,34,2025-10-20 05:00:00,2025-10-20 11:59:59,2300093,1,迷你胡萝卜果冻,【日常】参与赛事富士奇石（困难）
1,34,2025-10-20 05:00:00,2025-10-20 11:59:59,2300094,1,迷你胡萝卜果冻,【日常】参与赛事东海帝王（困难）
1,34,2025-10-20 05:00:00,2025-10-20 11:59:59,2300095,1,迷你胡萝卜果冻,【日常】参与挑战赛事
1,43,2025-10-13 12:00:00,2025-10-23 11:59:59,2300096,100,宝石,【期间限定】获得嘉年华加成技能并完成养成
1,59,2025-10-13 12:00:00,2025-10-23 11:59:59,2300097,20000,金币,【期间限定】在竞速嘉年华中累计\n获得10000嘉年华积分
1,110,2025-10-13 12:00:00,2025-10-23 11:59:59,2300098,5000,协助积分,【期间限定】在竞速嘉年华中累计\n获得20000嘉年华积分
1,115,2025-10-13 12:00:00,2025-10-23 11:59:59,2300099,5,女神像,【期间限定】在竞速嘉年华中累计\n获得30000嘉年华积分
1,59,2025-10-13 12:00:00,2025-10-23 11:59:59,2300100,25000,金币,【期间限定】在竞速嘉年华中累计\n获得40000嘉年华积分
1,110,2025-10-13 12:00:00,2025-10-23 11:59:59,2300101,7500,协助积分,【期间限定】在竞速嘉年华中累计\n获得50000嘉年华积分
1,150,2025-10-13 12:00:00,2025-10-23 11:59:59,2300102,1,金结晶片,【期间限定】在竞速嘉年华中累计\n获得60000嘉年华积分
1,59,2025-10-13 12:00:00,2025-10-23 11:59:59,2300103,30000,金币,【期间限定】在竞速嘉年华中累计\n获得70000嘉年华积分
1,110,2025-10-13 12:00:00,2025-10-23 11:59:59,2300104,15000,协助积分,【期间限定】在竞速嘉年华中累计\n获得80000嘉年华积分
1,115,2025-10-13 12:00:00,2025-10-23 11:59:59,2300105,10,女神像,【期间限定】在竞速嘉年华中累计\n获得90000嘉年华积分
1,149,2025-10-13 12:00:00,2025-10-23 11:59:59,2300106,1,彩虹结晶片,【期间限定】在竞速嘉年华中累计\n获得100000嘉年华积分
1,59,2025-12-07 12:00:00,2025-12-08 11:59:59,2401001,3000,金币,【日常】参与1次招揽赛
1,110,2025-12-07 12:00:00,2025-12-08 11:59:59,2401002,1500,协助积分,【日常】参与2次招揽赛
1,95,2025-12-07 12:00:00,2025-12-08 11:59:59,2401003,2,闹钟,【日常】参与3次招揽赛
1,34,2025-12-07 12:00:00,2025-12-08 11:59:59,2401004,1,迷你胡萝卜果冻,【日常】参与4次招揽赛
1,2001,2025-12-07 12:00:00,2025-12-08 11:59:59,2401005,5,招揽赛入场券,【日常】参与5次招揽赛
1,59,2025-12-08 12:00:00,2025-12-09 11:59:59,2401006,3000,金币,【日常】参与1次招揽赛
1,110,2025-12-08 12:00:00,2025-12-09 11:59:59,2401007,1500,协助积分,【日常】参与2次招揽赛
1,95,2025-12-08 12:00:00,2025-12-09 11:59:59,2401008,2,闹钟,【日常】参与3次招揽赛
1,34,2025-12-08 12:00:00,2025-12-09 11:59:59,2401009,1,迷你胡萝卜果冻,【日常】参与4次招揽赛
1,2001,2025-12-08 12:00:00,2025-12-09 11:59:59,2401010,5,招揽赛入场券,【日常】参与5次招揽赛
1,59,2025-12-09 12:00:00,2025-12-10 11:59:59,2401011,3000,金币,【日常】参与1次招揽赛
1,110,2025-12-09 12:00:00,2025-12-10 11:59:59,2401012,1500,协助积分,【日常】参与2次招揽赛
1,95,2025-12-09 12:00:00,2025-12-10 11:59:59,2401013,2,闹钟,【日常】参与3次招揽赛
1,34,2025-12-09 12:00:00,2025-12-10 11:59:59,2401014,1,迷你胡萝卜果冻,【日常】参与4次招揽赛
1,2001,2025-12-09 12:00:00,2025-12-10 11:59:59,2401015,5,招揽赛入场券,【日常】参与5次招揽赛
1,59,2025-12-10 12:00:00,2025-12-11 11:59:59,2401016,3000,金币,【日常】参与1次招揽赛
1,110,2025-12-10 12:00:00,2025-12-11 11:59:59,2401017,1500,协助积分,【日常】参与2次招揽赛
1,95,2025-12-10 12:00:00,2025-12-11 11:59:59,2401018,2,闹钟,【日常】参与3次招揽赛
1,34,2025-12-10 12:00:00,2025-12-11 11:59:59,2401019,1,迷你胡萝卜果冻,【日常】参与4次招揽赛
1,2001,2025-12-10 12:00:00,2025-12-11 11:59:59,2401020,5,招揽赛入场券,【日常】参与5次招揽赛
1,59,2025-12-11 12:00:00,2025-12-12 11:59:59,2401021,3000,金币,【日常】参与1次招揽赛
1,110,2025-12-11 12:00:00,2025-12-12 11:59:59,2401022,1500,协助积分,【日常】参与2次招揽赛
1,95,2025-12-11 12:00:00,2025-12-12 11:59:59,2401023,2,闹钟,【日常】参与3次招揽赛
1,34,2025-12-11 12:00:00,2025-12-12 11:59:59,2401024,1,迷你胡萝卜果冻,【日常】参与4次招揽赛
1,2001,2025-12-11 12:00:00,2025-12-12 11:59:59,2401025,5,招揽赛入场券,【日常】参与5次招揽赛
1,59,2025-12-12 12:00:00,2025-12-13 11:59:59,2401026,3000,金币,【日常】参与1次招揽赛
1,110,2025-12-12 12:00:00,2025-12-13 11:59:59,2401027,1500,协助积分,【日常】参与2次招揽赛
1,95,2025-12-12 12:00:00,2025-12-13 11:59:59,2401028,2,闹钟,【日常】参与3次招揽赛
1,34,2025-12-12 12:00:00,2025-12-13 11:59:59,2401029,1,迷你胡萝卜果冻,【日常】参与4次招揽赛
1,2001,2025-12-12 12:00:00,2025-12-13 11:59:59,2401030,5,招揽赛入场券,【日常】参与5次招揽赛
1,59,2025-12-13 12:00:00,2025-12-14 11:59:59,2401031,3000,金币,【日常】参与1次招揽赛
1,110,2025-12-13 12:00:00,2025-12-14 11:59:59,2401032,1500,协助积分,【日常】参与2次招揽赛
1,95,2025-12-13 12:00:00,2025-12-14 11:59:59,2401033,2,闹钟,【日常】参与3次招揽赛
1,34,2025-12-13 12:00:00,2025-12-14 11:59:59,2401034,1,迷你胡萝卜果冻,【日常】参与4次招揽赛
1,2001,2025-12-13 12:00:00,2025-12-14 11:59:59,2401035,5,招揽赛入场券,【日常】参与5次招揽赛
1,59,2025-12-14 12:00:00,2025-12-15 11:59:59,2401036,3000,金币,【日常】参与1次招揽赛
1,110,2025-12-14 12:00:00,2025-12-15 11:59:59,2401037,1500,协助积分,【日常】参与2次招揽赛
1,95,2025-12-14 12:00:00,2025-12-15 11:59:59,2401038,2,闹钟,【日常】参与3次招揽赛
1,34,2025-12-14 12:00:00,2025-12-15 11:59:59,2401039,1,迷你胡萝卜果冻,【日常】参与4次招揽赛
1,2001,2025-12-14 12:00:00,2025-12-15 11:59:59,2401040,5,招揽赛入场券,【日常】参与5次招揽赛
1,43,2025-12-07 12:00:00,2025-12-18 11:59:59,2401041,50,宝石,【期间限定任务】招揽1位优俊少女
1,43,2025-12-07 12:00:00,2025-12-18 11:59:59,2401042,50,宝石,【期间限定任务】招揽2位优俊少女
1,43,2025-12-07 12:00:00,2025-12-18 11:59:59,2401043,50,宝石,【期间限定任务】招揽3位优俊少女
1,43,2025-12-07 12:00:00,2025-12-18 11:59:59,2401044,50,宝石,【期间限定任务】招揽4位优俊少女
1,43,2025-12-07 12:00:00,2025-12-18 11:59:59,2401045,50,宝石,【期间限定任务】招揽5位优俊少女
1,43,2025-12-07 12:00:00,2025-12-18 11:59:59,2401046,50,宝石,【期间限定任务】招揽6位优俊少女
1,59,2025-12-07 12:00:00,2025-12-18 11:59:59,2401047,20000,金币,【期间限定任务】参与10次招揽赛
1,110,2025-12-07 12:00:00,2025-12-18 11:59:59,2401048,10000,协助积分,【期间限定任务】参与15次招揽赛
1,111,2025-12-07 12:00:00,2025-12-18 11:59:59,2401049,1,协助卡招募券,【期间限定任务】参与20次招揽赛
1,115,2025-12-07 12:00:00,2025-12-18 11:59:59,2401050,10,女神像,【期间限定任务】参与25次招揽赛
1,150,2025-12-07 12:00:00,2025-12-18 11:59:59,2401051,1,金结晶片,【期间限定任务】参与30次招揽赛
1,59,2025-12-07 12:00:00,2025-12-18 11:59:59,2401052,30000,金币,【期间限定任务】参与35次招揽赛
1,110,2025-12-07 12:00:00,2025-12-18 11:59:59,2401053,15000,协助积分,【期间限定任务】参与40次招揽赛
1,41,2025-12-07 12:00:00,2025-12-18 11:59:59,2401054,1,养成优俊少女招募券,【期间限定任务】参与45次招揽赛
1,44,2025-12-07 12:00:00,2025-12-18 11:59:59,2401055,2,梦想光辉,【期间限定任务】参与50次招揽赛
1,149,2025-12-07 12:00:00,2025-12-18 11:59:59,2401056,1,彩虹结晶片,【期间限定任务】参与60次招揽赛
31,134,2021-12-22 12:00:00,2025-09-22 04:59:59,3000001,10,社团积分,查看社团状况
33,134,2021-12-22 12:00:00,2025-09-22 04:59:59,3000003,20,社团积分,进行道具捐赠请求
8,43,2017-07-01 01:00:00,2050-01-01 04:59:59,20220001,1000,宝石,完成手机绑定\n重新登录游戏领取奖励吧
31,134,2025-09-22 05:00:00,2050-01-01 04:59:59,22331301,15,社团积分,查看社团状况
33,134,2025-09-22 05:00:00,2050-01-01 04:59:59,22331303,30,社团积分,进行道具捐赠请求
