卡池ID,卡池类型,开始时间,结束时间,PickUp卡名,图片路径
20002,支援卡,2021-01-01 14:00:00,2050-01-01 14:00:00,[献上全国第一的演出]特别周、[在耀眼景色的前方]无声铃鹿、[有梦想就要大声说出来！]东海帝王、[不沉舰的进击]黄金船、[伏特加之路]伏特加、[万紫千红中一枝独秀]草上飞、[热情的冠军！]神鹰、[期待已久的计谋]青云天空、[划破天空的闪电少女！]玉藻十字、[全身心的感谢]美妙姿势、[飞奔吧，闪耀吧]艾尼风神、[B·N·Winner！]胜利奖券、[冲向前方7厘米之外]空中神宫、[Run（my）way]黄金城、[好快！好吃！好快！]樱花进王、[一颗安心糖]超级溪流、[这就是我的优俊偶像之道☆]醒目飞鹰、[哪怕还不能独当一面]西野花、[必杀技！双胡萝卜拳！]微光飞驹、[欢迎来到特雷森学园！]骏川手纲,D:\Apps\umas\export\Texture2D\img_bnr_gacha_20002.png
20004,支援卡,2021-01-01 14:00:00,2050-01-01 14:00:00,[献上全国第一的演出]特别周、[在耀眼景色的前方]无声铃鹿、[有梦想就要大声说出来！]东海帝王、[不沉舰的进击]黄金船、[伏特加之路]伏特加、[万紫千红中一枝独秀]草上飞、[热情的冠军！]神鹰、[期待已久的计谋]青云天空、[划破天空的闪电少女！]玉藻十字、[全身心的感谢]美妙姿势、[飞奔吧，闪耀吧]艾尼风神、[B·N·Winner！]胜利奖券、[冲向前方7厘米之外]空中神宫、[Run（my）way]黄金城、[好快！好吃！好快！]樱花进王、[一颗安心糖]超级溪流、[这就是我的优俊偶像之道☆]醒目飞鹰、[哪怕还不能独当一面]西野花、[必杀技！双胡萝卜拳！]微光飞驹、[欢迎来到特雷森学园！]骏川手纲,D:\Apps\umas\export\Texture2D\img_bnr_gacha_20004.png
30003,支援卡,2021-01-01 14:00:00,2021-03-02 10:59:59,[献上全国第一的演出]特别周、[在耀眼景色的前方]无声铃鹿、[有梦想就要大声说出来！]东海帝王、[不沉舰的进击]黄金船、[伏特加之路]伏特加、[万紫千红中一枝独秀]草上飞、[热情的冠军！]神鹰、[期待已久的计谋]青云天空、[划破天空的闪电少女！]玉藻十字、[全身心的感谢]美妙姿势、[飞奔吧，闪耀吧]艾尼风神、[B·N·Winner！]胜利奖券、[冲向前方7厘米之外]空中神宫、[Run（my）way]黄金城、[好快！好吃！好快！]樱花进王、[一颗安心糖]超级溪流、[这就是我的优俊偶像之道☆]醒目飞鹰、[哪怕还不能独当一面]西野花、[必杀技！双胡萝卜拳！]微光飞驹、[欢迎来到特雷森学园！]骏川手纲,D:\Apps\umas\export\Texture2D\img_bnr_gacha_30003.png
50002,支援卡,2021-01-01 14:00:00,2023-03-30 10:59:59,[献上全国第一的演出]特别周、[在耀眼景色的前方]无声铃鹿、[有梦想就要大声说出来！]东海帝王、[不沉舰的进击]黄金船、[伏特加之路]伏特加、[万紫千红中一枝独秀]草上飞、[热情的冠军！]神鹰、[期待已久的计谋]青云天空、[划破天空的闪电少女！]玉藻十字、[全身心的感谢]美妙姿势、[飞奔吧，闪耀吧]艾尼风神、[B·N·Winner！]胜利奖券、[冲向前方7厘米之外]空中神宫、[Run（my）way]黄金城、[好快！好吃！好快！]樱花进王、[一颗安心糖]超级溪流、[这就是我的优俊偶像之道☆]醒目飞鹰、[哪怕还不能独当一面]西野花、[必杀技！双胡萝卜拳！]微光飞驹、[欢迎来到特雷森学园！]骏川手纲,D:\Apps\umas\export\Texture2D\img_bnr_gacha_50002.png
20001,角色卡池,2021-01-01 14:00:00,2050-01-01 14:00:00,[特别追梦者]特别周、[无声无瑕]无声铃鹿、[喜乐无边]东海帝王、[绯红方程式]丸善斯基、[星光跃动]小栗帽、[狂野前线]大树快车、[优雅曲线]目白麦昆、[皇帝]鲁道夫象征、[玫瑰之梦]米浴,D:\Apps\umas\export\Texture2D\img_bnr_gacha_20001.png
20003,角色卡池,2021-01-01 14:00:00,2050-01-01 14:00:00,[特别追梦者]特别周、[无声无瑕]无声铃鹿、[喜乐无边]东海帝王、[绯红方程式]丸善斯基、[星光跃动]小栗帽、[狂野前线]大树快车、[优雅曲线]目白麦昆、[皇帝]鲁道夫象征、[玫瑰之梦]米浴,D:\Apps\umas\export\Texture2D\img_bnr_gacha_20003.png
30002,角色卡池,2021-01-01 14:00:00,2021-03-02 10:59:59,[特别追梦者]特别周、[无声无瑕]无声铃鹿、[喜乐无边]东海帝王、[绯红方程式]丸善斯基、[星光跃动]小栗帽、[狂野前线]大树快车、[优雅曲线]目白麦昆、[皇帝]鲁道夫象征、[玫瑰之梦]米浴,D:\Apps\umas\export\Texture2D\img_bnr_gacha_30002.png
50001,角色卡池,2021-01-01 14:00:00,2023-03-30 10:59:59,[特别追梦者]特别周、[无声无瑕]无声铃鹿、[喜乐无边]东海帝王、[绯红方程式]丸善斯基、[星光跃动]小栗帽、[狂野前线]大树快车、[优雅曲线]目白麦昆、[皇帝]鲁道夫象征、[玫瑰之梦]米浴,D:\Apps\umas\export\Texture2D\img_bnr_gacha_50001.png
10002,支援卡,2021-03-02 11:00:00,2050-01-01 10:59:59,[献上全国第一的演出]特别周、[在耀眼景色的前方]无声铃鹿、[有梦想就要大声说出来！]东海帝王、[不沉舰的进击]黄金船、[伏特加之路]伏特加、[万紫千红中一枝独秀]草上飞、[热情的冠军！]神鹰、[期待已久的计谋]青云天空、[划破天空的闪电少女！]玉藻十字、[全身心的感谢]美妙姿势、[飞奔吧，闪耀吧]艾尼风神、[B·N·Winner！]胜利奖券、[冲向前方7厘米之外]空中神宫、[Run（my）way]黄金城、[好快！好吃！好快！]樱花进王、[一颗安心糖]超级溪流、[这就是我的优俊偶像之道☆]醒目飞鹰、[哪怕还不能独当一面]西野花、[必杀技！双胡萝卜拳！]微光飞驹、[欢迎来到特雷森学园！]骏川手纲,D:\Apps\umas\export\Texture2D\img_bnr_gacha_10002.png
30005,支援卡,2021-03-02 11:00:00,2021-03-09 10:59:59,[特雷森学园]东商变革、[见习魔女与漫漫长夜]东商变革、[“要受人喜爱啊”]小栗帽,D:\Apps\umas\export\Texture2D\img_bnr_gacha_30005.png
10001,角色卡池,2021-03-02 11:00:00,2050-01-01 10:59:59,[特别追梦者]特别周、[无声无瑕]无声铃鹿、[喜乐无边]东海帝王、[绯红方程式]丸善斯基、[星光跃动]小栗帽、[狂野前线]大树快车、[优雅曲线]目白麦昆、[皇帝]鲁道夫象征、[玫瑰之梦]米浴,D:\Apps\umas\export\Texture2D\img_bnr_gacha_10001.png
30004,角色卡池,2021-03-02 11:00:00,2021-03-09 10:59:59,[O sole suo！]好歌剧,D:\Apps\umas\export\Texture2D\img_bnr_gacha_30004.png
30007,支援卡,2021-03-09 11:00:00,2021-03-18 10:59:59,[特雷森学园]双涡轮、[特雷森学园]大拓太阳神、[派对人派对夜！]大拓太阳神、[涡轮引擎马力全开！]双涡轮,D:\Apps\umas\export\Texture2D\img_bnr_gacha_30007.png
30006,角色卡池,2021-03-09 11:00:00,2021-03-18 10:59:59,[MB-19890425]美浦波旁,D:\Apps\umas\export\Texture2D\img_bnr_gacha_30006.png
30009,支援卡,2021-03-18 11:00:00,2021-03-30 10:59:59,[特雷森学园]生野狄杜斯、[特雷森学园]目白善信、[热身运动决不可懈怠]生野狄杜斯、[尽管笑我傻吧]目白善信,D:\Apps\umas\export\Texture2D\img_bnr_gacha_30009.png
30008,角色卡池,2021-03-18 11:00:00,2021-03-30 10:59:59,[pf.胜利公式]琵琶晨光,D:\Apps\umas\export\Texture2D\img_bnr_gacha_30008.png
30011,支援卡,2021-03-30 11:00:00,2021-04-15 10:59:59,[特雷森学园]北部玄驹、[特雷森学园]里见光钻、[特雷森学园]待兼唐怀瑟、[身后迫近的热浪是动力]北部玄驹、[超越那前方的背影]里见光钻,D:\Apps\umas\export\Texture2D\img_bnr_gacha_30011.png
30010,角色卡池,2021-03-30 11:00:00,2021-04-15 10:59:59,[飞跃地平线]东海帝王、[天际尽头]目白麦昆,D:\Apps\umas\export\Texture2D\img_bnr_gacha_30010.png
30013,支援卡,2021-04-15 11:00:00,2021-04-26 10:59:59,[这是送给你的]西野花、[由故乡直达的助威！]雪之美人,D:\Apps\umas\export\Texture2D\img_bnr_gacha_30013.png
30012,角色卡池,2021-04-15 11:00:00,2021-04-26 10:59:59,[闪电少女]真机伶,D:\Apps\umas\export\Texture2D\img_bnr_gacha_30012.png
30015,支援卡,2021-04-26 11:00:00,2021-05-06 10:59:59,[特雷森学园]八重无敌、[特雷森学园]荒漠英雄、[推荐你读这本书！]荒漠英雄、[心中的烈火无法抑制]八重无敌,D:\Apps\umas\export\Texture2D\img_bnr_gacha_30015.png
30014,角色卡池,2021-04-26 11:00:00,2021-05-06 10:59:59,[Nevertheless]成田大进,D:\Apps\umas\export\Texture2D\img_bnr_gacha_30014.png
30017,支援卡,2021-05-06 11:00:00,2021-05-17 10:59:59,[一颗安心糖]超级溪流、[欢迎来到特雷森学园！]骏川手纲,D:\Apps\umas\export\Texture2D\img_bnr_gacha_30017.png
30016,角色卡池,2021-05-06 11:00:00,2021-05-17 10:59:59,[绝对☆LOVE]醒目飞鹰,D:\Apps\umas\export\Texture2D\img_bnr_gacha_30016.png
30019,支援卡,2021-05-17 11:00:00,2021-05-28 10:59:59,[特雷森学园]采珠、[特雷森学园]樱花千代王、[世界的珍珠，其名为]采珠、[樱花盛开之时]樱花千代王,D:\Apps\umas\export\Texture2D\img_bnr_gacha_30019.png
30018,角色卡池,2021-05-17 11:00:00,2021-05-28 10:59:59,[Maverick]成田白仁,D:\Apps\umas\export\Texture2D\img_bnr_gacha_30018.png
30021,支援卡,2021-05-28 11:00:00,2021-06-10 10:59:59,[特雷森学园]川上公主、[特雷森学园]菱曙、[身为新娘！]川上公主、[请品尝第一口！]菱曙,D:\Apps\umas\export\Texture2D\img_bnr_gacha_30021.png
30020,角色卡池,2021-05-28 11:00:00,2021-06-10 10:59:59,[阳光花束]重炮、[橡木王冠]气槽,D:\Apps\umas\export\Texture2D\img_bnr_gacha_30020.png
30023,支援卡,2021-06-10 11:00:00,2021-06-21 10:59:59,[在耀眼景色的前方]无声铃鹿、[划破天空的闪电少女！]玉藻十字,D:\Apps\umas\export\Texture2D\img_bnr_gacha_30023.png
30022,角色卡池,2021-06-10 11:00:00,2021-06-21 10:59:59,[青云垂钓者]青云天空,D:\Apps\umas\export\Texture2D\img_bnr_gacha_30022.png
30025,支援卡,2021-06-21 11:00:00,2021-06-29 10:59:59,[特雷森学园]青竹回忆、[特雷森学园]新光风、[///WARNING GATE///]新光风、[Head-on fight！]青竹回忆,D:\Apps\umas\export\Texture2D\img_bnr_gacha_30025.png
30024,角色卡池,2021-06-21 11:00:00,2021-06-29 10:59:59,[亚马逊青金石]菱亚马逊,D:\Apps\umas\export\Texture2D\img_bnr_gacha_30024.png
30027,支援卡,2021-06-29 11:00:00,2021-07-12 10:59:59,[明天全国都会染红吧♪]青云天空、[起舞今宵]帝王光辉,D:\Apps\umas\export\Texture2D\img_bnr_gacha_30027.png
30026,角色卡池,2021-06-29 11:00:00,2021-07-12 10:59:59,[羽蛇武斗家]神鹰、[圣翠治愈师]草上飞,D:\Apps\umas\export\Texture2D\img_bnr_gacha_30026.png
30029,支援卡,2021-07-12 11:00:00,2021-07-20 10:59:59,[特雷森学园]目白雅丹、[强风拂心]目白雅丹、[爽快！决胜一击！]目白莱恩,D:\Apps\umas\export\Texture2D\img_bnr_gacha_30029.png
30028,角色卡池,2021-07-12 11:00:00,2021-07-20 10:59:59,[流星歌剧]富士奇石,D:\Apps\umas\export\Texture2D\img_bnr_gacha_30028.png
30031,支援卡,2021-07-20 11:00:00,2021-07-29 10:59:59,[特雷森学园]成田白仁、[伏特加之路]伏特加、[哪怕还不能独当一面]西野花,D:\Apps\umas\export\Texture2D\img_bnr_gacha_30031.png
30030,角色卡池,2021-07-20 11:00:00,2021-07-29 10:59:59,[真我/1928]黄金城,D:\Apps\umas\export\Texture2D\img_bnr_gacha_30030.png
30033,支援卡,2021-07-29 11:00:00,2021-08-11 10:59:59,[独享冰凉？]东商变革、[全力嬉闹！]胜利奖券,D:\Apps\umas\export\Texture2D\img_bnr_gacha_30033.png
30032,角色卡池,2021-07-29 11:00:00,2021-08-11 10:59:59,[雀跃♪维他命心拍]特别周、[飞跃☆夏夜]丸善斯基,D:\Apps\umas\export\Texture2D\img_bnr_gacha_30032.png
30035,支援卡,2021-08-11 11:00:00,2021-08-20 10:59:59,[献上全国第一的演出]特别周、[有梦想就要大声说出来！]东海帝王,D:\Apps\umas\export\Texture2D\img_bnr_gacha_30035.png
30034,角色卡池,2021-08-11 11:00:00,2021-08-20 10:59:59,[苍蓝/怒涛]名将怒涛,D:\Apps\umas\export\Texture2D\img_bnr_gacha_30034.png
30037,支援卡,2021-08-20 11:00:00,2021-08-30 10:59:59,[特雷森学园]岛川乔丹、[nail on Turf]岛川乔丹、[即使满身泥土，也要追逐梦想]优秀素质,D:\Apps\umas\export\Texture2D\img_bnr_gacha_30037.png
30036,角色卡池,2021-08-20 11:00:00,2021-08-30 10:59:59,[Meisterschaft]荣进闪耀,D:\Apps\umas\export\Texture2D\img_bnr_gacha_30036.png
50004,支援卡,2021-08-24 11:00:00,2021-09-29 10:59:59,[献上全国第一的演出]特别周、[在耀眼景色的前方]无声铃鹿、[有梦想就要大声说出来！]东海帝王、[不沉舰的进击]黄金船、[伏特加之路]伏特加、[万紫千红中一枝独秀]草上飞、[热情的冠军！]神鹰、[期待已久的计谋]青云天空、[划破天空的闪电少女！]玉藻十字、[全身心的感谢]美妙姿势、[飞奔吧，闪耀吧]艾尼风神、[B·N·Winner！]胜利奖券、[冲向前方7厘米之外]空中神宫、[Run（my）way]黄金城、[好快！好吃！好快！]樱花进王、[一颗安心糖]超级溪流、[这就是我的优俊偶像之道☆]醒目飞鹰、[哪怕还不能独当一面]西野花、[必杀技！双胡萝卜拳！]微光飞驹、[欢迎来到特雷森学园！]骏川手纲、[“要受人喜爱啊”]小栗帽、[涡轮引擎马力全开！]双涡轮、[尽管笑我傻吧]目白善信、[身后迫近的热浪是动力]北部玄驹、[超越那前方的背影]里见光钻、[由故乡直达的助威！]雪之美人、[心中的烈火无法抑制]八重无敌、[樱花盛开之时]樱花千代王、[身为新娘！]川上公主、[请品尝第一口！]菱曙、[Head-on fight！]青竹回忆、[明天全国都会染红吧♪]青云天空、[起舞今宵]帝王光辉、[爽快！决胜一击！]目白莱恩、[独享冰凉？]东商变革、[全力嬉闹！]胜利奖券、[即使满身泥土，也要追逐梦想]优秀素质,D:\Apps\umas\export\Texture2D\img_bnr_gacha_50004.png
50003,角色卡池,2021-08-24 11:00:00,2021-09-29 10:59:59,[特别追梦者]特别周、[无声无瑕]无声铃鹿、[喜乐无边]东海帝王、[绯红方程式]丸善斯基、[星光跃动]小栗帽、[狂野前线]大树快车、[优雅曲线]目白麦昆、[O sole suo！]好歌剧、[皇帝]鲁道夫象征、[玫瑰之梦]米浴、[MB-19890425]美浦波旁、[pf.胜利公式]琵琶晨光、[飞跃地平线]东海帝王、[天际尽头]目白麦昆、[闪电少女]真机伶、[Nevertheless]成田大进、[绝对☆LOVE]醒目飞鹰、[Maverick]成田白仁、[阳光花束]重炮、[橡木王冠]气槽、[青云垂钓者]青云天空、[亚马逊青金石]菱亚马逊、[羽蛇武斗家]神鹰、[圣翠治愈师]草上飞、[流星歌剧]富士奇石、[真我/1928]黄金城、[雀跃♪维他命心拍]特别周、[飞跃☆夏夜]丸善斯基、[苍蓝/怒涛]名将怒涛、[Meisterschaft]荣进闪耀,D:\Apps\umas\export\Texture2D\img_bnr_gacha_50003.png
30039,支援卡,2021-08-30 11:00:00,2021-09-10 10:59:59,[特雷森学园]㭴本理子、[幸福就在转角后]米浴、[彻底管理主义]㭴本理子,D:\Apps\umas\export\Texture2D\img_bnr_gacha_30039.png
30038,角色卡池,2021-08-30 11:00:00,2021-09-10 10:59:59,[吉兆秋风]待兼福来,D:\Apps\umas\export\Texture2D\img_bnr_gacha_30038.png
30041,支援卡,2021-09-10 11:00:00,2021-09-20 10:59:59,[好快！好吃！好快！]樱花进王、[必杀技！双胡萝卜拳！]微光飞驹,D:\Apps\umas\export\Texture2D\img_bnr_gacha_30041.png
30040,角色卡池,2021-09-10 11:00:00,2021-09-20 10:59:59,[Buono☆时尚]菱曙,D:\Apps\umas\export\Texture2D\img_bnr_gacha_30040.png
30043,支援卡,2021-09-20 11:00:00,2021-09-29 10:59:59,[GRMA拉面♪]美妙姿势、[内心双脚皆温暖]生野狄杜斯,D:\Apps\umas\export\Texture2D\img_bnr_gacha_30043.png
30042,角色卡池,2021-09-20 11:00:00,2021-09-29 10:59:59,[超级加急！全彩PP膜特殊加工]爱丽数码,D:\Apps\umas\export\Texture2D\img_bnr_gacha_30042.png
30045,支援卡,2021-09-29 11:00:00,2021-10-11 10:59:59,[大闹万圣夜！]玉藻十字、[被授予魔力的英雄]荒漠英雄,D:\Apps\umas\export\Texture2D\img_bnr_gacha_30045.png
30044,角色卡池,2021-09-29 11:00:00,2021-10-11 10:59:59,[Make up Vampire！]米浴、[雪纺丝带木乃伊]超级溪流,D:\Apps\umas\export\Texture2D\img_bnr_gacha_30044.png
30047,支援卡,2021-10-11 11:00:00,2021-10-20 10:59:59,[期待已久的计谋]青云天空、[心中的烈火无法抑制]八重无敌,D:\Apps\umas\export\Texture2D\img_bnr_gacha_30047.png
30046,角色卡池,2021-10-11 11:00:00,2021-10-20 10:59:59,[粉红公主]川上公主,D:\Apps\umas\export\Texture2D\img_bnr_gacha_30046.png
30049,支援卡,2021-10-20 11:00:00,2021-10-28 10:59:59,[特雷森学园]中山庆典、[特雷森学园]天狼星象征、[毫不动摇的一等星]天狼星象征、[43、8、1]中山庆典,D:\Apps\umas\export\Texture2D\img_bnr_gacha_30049.png
30048,角色卡池,2021-10-20 11:00:00,2021-10-28 10:59:59,[Creeping Black]曼城茶座,D:\Apps\umas\export\Texture2D\img_bnr_gacha_30048.png
30051,支援卡,2021-10-28 11:00:00,2021-11-08 10:59:59,[特雷森学园]真机伶、[可爱的你，美丽的你]真机伶、[鸣箭嗤天]成田白仁,D:\Apps\umas\export\Texture2D\img_bnr_gacha_30051.png
30050,角色卡池,2021-10-28 11:00:00,2021-11-08 10:59:59,[皓月下的神箭手]鲁道夫象征、[秋樱舞娘]黄金城,D:\Apps\umas\export\Texture2D\img_bnr_gacha_30050.png
30053,支援卡,2021-11-08 11:00:00,2021-11-19 10:59:59,[热情的冠军！]神鹰、[身后迫近的热浪是动力]北部玄驹,D:\Apps\umas\export\Texture2D\img_bnr_gacha_30053.png
30052,角色卡池,2021-11-08 11:00:00,2021-11-19 10:59:59,[潮流☆Joker]岛川乔丹,D:\Apps\umas\export\Texture2D\img_bnr_gacha_30052.png
20006,支援卡,2021-11-19 11:00:00,2050-01-01 14:00:00,[献上全国第一的演出]特别周、[在耀眼景色的前方]无声铃鹿、[有梦想就要大声说出来！]东海帝王、[不沉舰的进击]黄金船、[伏特加之路]伏特加、[万紫千红中一枝独秀]草上飞、[热情的冠军！]神鹰、[期待已久的计谋]青云天空、[划破天空的闪电少女！]玉藻十字、[全身心的感谢]美妙姿势、[飞奔吧，闪耀吧]艾尼风神、[B·N·Winner！]胜利奖券、[冲向前方7厘米之外]空中神宫、[Run（my）way]黄金城、[好快！好吃！好快！]樱花进王、[一颗安心糖]超级溪流、[这就是我的优俊偶像之道☆]醒目飞鹰、[哪怕还不能独当一面]西野花、[必杀技！双胡萝卜拳！]微光飞驹、[欢迎来到特雷森学园！]骏川手纲、[“要受人喜爱啊”]小栗帽、[涡轮引擎马力全开！]双涡轮、[尽管笑我傻吧]目白善信、[身后迫近的热浪是动力]北部玄驹、[超越那前方的背影]里见光钻、[由故乡直达的助威！]雪之美人、[心中的烈火无法抑制]八重无敌、[樱花盛开之时]樱花千代王、[身为新娘！]川上公主、[请品尝第一口！]菱曙、[Head-on fight！]青竹回忆、[明天全国都会染红吧♪]青云天空、[起舞今宵]帝王光辉、[爽快！决胜一击！]目白莱恩、[独享冰凉？]东商变革、[全力嬉闹！]胜利奖券、[即使满身泥土，也要追逐梦想]优秀素质、[幸福就在转角后]米浴、[彻底管理主义]㭴本理子、[内心双脚皆温暖]生野狄杜斯、[大闹万圣夜！]玉藻十字、[被授予魔力的英雄]荒漠英雄、[43、8、1]中山庆典、[可爱的你，美丽的你]真机伶、[鸣箭嗤天]成田白仁,D:\Apps\umas\export\Texture2D\img_bnr_gacha_20006.png
30055,支援卡,2021-11-19 11:00:00,2021-11-29 10:59:59,[啰嗦的监督员]伏特加、[舞动吧·躁动吧·狂欢吧！]大拓太阳神,D:\Apps\umas\export\Texture2D\img_bnr_gacha_30055.png
20005,角色卡池,2021-11-19 11:00:00,2050-01-01 14:00:00,[特别追梦者]特别周、[无声无瑕]无声铃鹿、[喜乐无边]东海帝王、[绯红方程式]丸善斯基、[星光跃动]小栗帽、[狂野前线]大树快车、[优雅曲线]目白麦昆、[O sole suo！]好歌剧、[皇帝]鲁道夫象征、[玫瑰之梦]米浴、[MB-19890425]美浦波旁、[pf.胜利公式]琵琶晨光、[飞跃地平线]东海帝王、[天际尽头]目白麦昆、[闪电少女]真机伶、[Nevertheless]成田大进、[绝对☆LOVE]醒目飞鹰、[Maverick]成田白仁、[阳光花束]重炮、[橡木王冠]气槽、[青云垂钓者]青云天空、[亚马逊青金石]菱亚马逊、[羽蛇武斗家]神鹰、[圣翠治愈师]草上飞、[流星歌剧]富士奇石、[真我/1928]黄金城、[雀跃♪维他命心拍]特别周、[飞跃☆夏夜]丸善斯基、[苍蓝/怒涛]名将怒涛、[Meisterschaft]荣进闪耀、[吉兆秋风]待兼福来、[Buono☆时尚]菱曙、[超级加急！全彩PP膜特殊加工]爱丽数码、[Make up Vampire！]米浴、[雪纺丝带木乃伊]超级溪流、[粉红公主]川上公主、[Creeping Black]曼城茶座、[皓月下的神箭手]鲁道夫象征、[秋樱舞娘]黄金城,D:\Apps\umas\export\Texture2D\img_bnr_gacha_20005.png
30054,角色卡池,2021-11-19 11:00:00,2021-11-29 10:59:59,[宛延曲线]目白多伯,D:\Apps\umas\export\Texture2D\img_bnr_gacha_30054.png
30057,支援卡,2021-11-29 11:00:00,2021-12-14 10:59:59,[队形：PARTY]重炮、[倔强的集市]成田大进,D:\Apps\umas\export\Texture2D\img_bnr_gacha_30057.png
30056,角色卡池,2021-11-29 11:00:00,2021-12-14 10:59:59,[奇迹的胜利之星]小栗帽、[嫣红圣诞颂歌]琵琶晨光,D:\Apps\umas\export\Texture2D\img_bnr_gacha_30056.png
20008,支援卡,2021-12-08 11:00:00,2050-01-01 14:00:00,[献上全国第一的演出]特别周、[在耀眼景色的前方]无声铃鹿、[有梦想就要大声说出来！]东海帝王、[不沉舰的进击]黄金船、[伏特加之路]伏特加、[万紫千红中一枝独秀]草上飞、[热情的冠军！]神鹰、[期待已久的计谋]青云天空、[划破天空的闪电少女！]玉藻十字、[全身心的感谢]美妙姿势、[飞奔吧，闪耀吧]艾尼风神、[B·N·Winner！]胜利奖券、[冲向前方7厘米之外]空中神宫、[Run（my）way]黄金城、[好快！好吃！好快！]樱花进王、[一颗安心糖]超级溪流、[这就是我的优俊偶像之道☆]醒目飞鹰、[哪怕还不能独当一面]西野花、[必杀技！双胡萝卜拳！]微光飞驹、[欢迎来到特雷森学园！]骏川手纲、[“要受人喜爱啊”]小栗帽、[涡轮引擎马力全开！]双涡轮、[尽管笑我傻吧]目白善信、[身后迫近的热浪是动力]北部玄驹、[超越那前方的背影]里见光钻、[由故乡直达的助威！]雪之美人、[心中的烈火无法抑制]八重无敌、[樱花盛开之时]樱花千代王、[身为新娘！]川上公主、[请品尝第一口！]菱曙、[Head-on fight！]青竹回忆、[明天全国都会染红吧♪]青云天空、[起舞今宵]帝王光辉、[爽快！决胜一击！]目白莱恩、[独享冰凉？]东商变革、[全力嬉闹！]胜利奖券、[即使满身泥土，也要追逐梦想]优秀素质、[幸福就在转角后]米浴、[彻底管理主义]㭴本理子、[内心双脚皆温暖]生野狄杜斯、[大闹万圣夜！]玉藻十字、[被授予魔力的英雄]荒漠英雄、[43、8、1]中山庆典、[可爱的你，美丽的你]真机伶、[鸣箭嗤天]成田白仁,D:\Apps\umas\export\Texture2D\img_bnr_gacha_20008.png
20007,角色卡池,2021-12-08 11:00:00,2050-01-01 14:00:00,[特别追梦者]特别周、[无声无瑕]无声铃鹿、[喜乐无边]东海帝王、[绯红方程式]丸善斯基、[星光跃动]小栗帽、[狂野前线]大树快车、[优雅曲线]目白麦昆、[O sole suo！]好歌剧、[皇帝]鲁道夫象征、[玫瑰之梦]米浴、[MB-19890425]美浦波旁、[pf.胜利公式]琵琶晨光、[飞跃地平线]东海帝王、[天际尽头]目白麦昆、[闪电少女]真机伶、[Nevertheless]成田大进、[绝对☆LOVE]醒目飞鹰、[Maverick]成田白仁、[阳光花束]重炮、[橡木王冠]气槽、[青云垂钓者]青云天空、[亚马逊青金石]菱亚马逊、[羽蛇武斗家]神鹰、[圣翠治愈师]草上飞、[流星歌剧]富士奇石、[真我/1928]黄金城、[雀跃♪维他命心拍]特别周、[飞跃☆夏夜]丸善斯基、[苍蓝/怒涛]名将怒涛、[Meisterschaft]荣进闪耀、[吉兆秋风]待兼福来、[Buono☆时尚]菱曙、[超级加急！全彩PP膜特殊加工]爱丽数码、[Make up Vampire！]米浴、[雪纺丝带木乃伊]超级溪流、[粉红公主]川上公主、[Creeping Black]曼城茶座、[皓月下的神箭手]鲁道夫象征、[秋樱舞娘]黄金城,D:\Apps\umas\export\Texture2D\img_bnr_gacha_20007.png
30059,支援卡,2021-12-14 11:00:00,2021-12-22 10:59:59,[特雷森学园]稻荷一、[泥泞中微笑前行]稻荷一、[独奏·螺旋卡农]曼城茶座,D:\Apps\umas\export\Texture2D\img_bnr_gacha_30059.png
30058,角色卡池,2021-12-14 11:00:00,2021-12-22 10:59:59,[Noble Seamair]美妙姿势,D:\Apps\umas\export\Texture2D\img_bnr_gacha_30058.png
30061,支援卡,2021-12-22 11:00:00,2021-12-31 10:59:59,[“要受人喜爱啊”]小栗帽、[即使满身泥土，也要追逐梦想]优秀素质,D:\Apps\umas\export\Texture2D\img_bnr_gacha_30061.png
30060,角色卡池,2021-12-22 11:00:00,2021-12-31 10:59:59,[疾风迅雷]玉藻十字,D:\Apps\umas\export\Texture2D\img_bnr_gacha_30060.png
30063,支援卡,2021-12-31 11:00:00,2022-01-11 10:59:59,[特雷森学园]爱慕织姬、[夜有黎明，天有祥星]爱慕织姬、[萍水相逢即是福♪]待兼福来,D:\Apps\umas\export\Texture2D\img_bnr_gacha_30063.png
30062,角色卡池,2021-12-31 11:00:00,2022-01-11 10:59:59,[明媚新春♪樱花绽放]春乌菈菈、[新春初晴·宝蓝绚烂]好歌剧,D:\Apps\umas\export\Texture2D\img_bnr_gacha_30062.png
30065,支援卡,2022-01-11 11:00:00,2022-01-20 10:59:59,[针灸师]安心泽刺刺美、[这就是咱们的烤鱿鱼！]玉藻十字、[要不赶紧扎一针？]安心泽刺刺美,D:\Apps\umas\export\Texture2D\img_bnr_gacha_30065.png
50006,支援卡,2022-01-11 11:00:00,2022-02-28 10:59:59,[献上全国第一的演出]特别周、[在耀眼景色的前方]无声铃鹿、[有梦想就要大声说出来！]东海帝王、[不沉舰的进击]黄金船、[伏特加之路]伏特加、[万紫千红中一枝独秀]草上飞、[热情的冠军！]神鹰、[期待已久的计谋]青云天空、[划破天空的闪电少女！]玉藻十字、[全身心的感谢]美妙姿势、[飞奔吧，闪耀吧]艾尼风神、[B·N·Winner！]胜利奖券、[冲向前方7厘米之外]空中神宫、[Run（my）way]黄金城、[好快！好吃！好快！]樱花进王、[一颗安心糖]超级溪流、[这就是我的优俊偶像之道☆]醒目飞鹰、[哪怕还不能独当一面]西野花、[必杀技！双胡萝卜拳！]微光飞驹、[欢迎来到特雷森学园！]骏川手纲、[“要受人喜爱啊”]小栗帽、[涡轮引擎马力全开！]双涡轮、[尽管笑我傻吧]目白善信、[身后迫近的热浪是动力]北部玄驹、[超越那前方的背影]里见光钻、[由故乡直达的助威！]雪之美人、[心中的烈火无法抑制]八重无敌、[樱花盛开之时]樱花千代王、[身为新娘！]川上公主、[请品尝第一口！]菱曙、[Head-on fight！]青竹回忆、[明天全国都会染红吧♪]青云天空、[起舞今宵]帝王光辉、[爽快！决胜一击！]目白莱恩、[独享冰凉？]东商变革、[全力嬉闹！]胜利奖券、[即使满身泥土，也要追逐梦想]优秀素质、[幸福就在转角后]米浴、[彻底管理主义]㭴本理子、[内心双脚皆温暖]生野狄杜斯、[大闹万圣夜！]玉藻十字、[被授予魔力的英雄]荒漠英雄、[43、8、1]中山庆典、[可爱的你，美丽的你]真机伶、[鸣箭嗤天]成田白仁、[舞动吧·躁动吧·狂欢吧！]大拓太阳神、[队形：PARTY]重炮、[倔强的集市]成田大进、[独奏·螺旋卡农]曼城茶座、[夜有黎明，天有祥星]爱慕织姬、[萍水相逢即是福♪]待兼福来,D:\Apps\umas\export\Texture2D\img_bnr_gacha_50006.png
30064,角色卡池,2022-01-11 11:00:00,2022-01-20 10:59:59,[特别追梦者]特别周、[无声无瑕]无声铃鹿、[喜乐无边]东海帝王、[绯红方程式]丸善斯基、[星光跃动]小栗帽、[狂野前线]大树快车、[优雅曲线]目白麦昆、[O sole suo！]好歌剧、[皇帝]鲁道夫象征、[玫瑰之梦]米浴、[MB-19890425]美浦波旁、[pf.胜利公式]琵琶晨光、[飞跃地平线]东海帝王、[天际尽头]目白麦昆、[闪电少女]真机伶、[Nevertheless]成田大进、[绝对☆LOVE]醒目飞鹰、[Maverick]成田白仁、[阳光花束]重炮、[橡木王冠]气槽、[青云垂钓者]青云天空、[亚马逊青金石]菱亚马逊、[羽蛇武斗家]神鹰、[圣翠治愈师]草上飞、[流星歌剧]富士奇石、[真我/1928]黄金城、[雀跃♪维他命心拍]特别周、[飞跃☆夏夜]丸善斯基、[苍蓝/怒涛]名将怒涛、[Meisterschaft]荣进闪耀、[吉兆秋风]待兼福来、[Buono☆时尚]菱曙、[超级加急！全彩PP膜特殊加工]爱丽数码、[Make up Vampire！]米浴、[雪纺丝带木乃伊]超级溪流、[粉红公主]川上公主、[Creeping Black]曼城茶座、[皓月下的神箭手]鲁道夫象征、[秋樱舞娘]黄金城、[潮流☆Joker]岛川乔丹、[宛延曲线]目白多伯、[奇迹的胜利之星]小栗帽、[嫣红圣诞颂歌]琵琶晨光、[Noble Seamair]美妙姿势、[疾风迅雷]玉藻十字、[明媚新春♪樱花绽放]春乌菈菈、[新春初晴·宝蓝绚烂]好歌剧,D:\Apps\umas\export\Texture2D\img_bnr_gacha_30064.png
50005,角色卡池,2022-01-11 11:00:00,2022-02-28 10:59:59,[特别追梦者]特别周、[无声无瑕]无声铃鹿、[喜乐无边]东海帝王、[绯红方程式]丸善斯基、[星光跃动]小栗帽、[狂野前线]大树快车、[优雅曲线]目白麦昆、[O sole suo！]好歌剧、[皇帝]鲁道夫象征、[玫瑰之梦]米浴、[MB-19890425]美浦波旁、[pf.胜利公式]琵琶晨光、[飞跃地平线]东海帝王、[天际尽头]目白麦昆、[闪电少女]真机伶、[Nevertheless]成田大进、[绝对☆LOVE]醒目飞鹰、[Maverick]成田白仁、[阳光花束]重炮、[橡木王冠]气槽、[青云垂钓者]青云天空、[亚马逊青金石]菱亚马逊、[羽蛇武斗家]神鹰、[圣翠治愈师]草上飞、[流星歌剧]富士奇石、[真我/1928]黄金城、[雀跃♪维他命心拍]特别周、[飞跃☆夏夜]丸善斯基、[苍蓝/怒涛]名将怒涛、[Meisterschaft]荣进闪耀、[吉兆秋风]待兼福来、[Buono☆时尚]菱曙、[超级加急！全彩PP膜特殊加工]爱丽数码、[Make up Vampire！]米浴、[雪纺丝带木乃伊]超级溪流、[粉红公主]川上公主、[Creeping Black]曼城茶座、[皓月下的神箭手]鲁道夫象征、[秋樱舞娘]黄金城、[潮流☆Joker]岛川乔丹、[宛延曲线]目白多伯、[奇迹的胜利之星]小栗帽、[嫣红圣诞颂歌]琵琶晨光、[Noble Seamair]美妙姿势、[疾风迅雷]玉藻十字、[明媚新春♪樱花绽放]春乌菈菈、[新春初晴·宝蓝绚烂]好歌剧,D:\Apps\umas\export\Texture2D\img_bnr_gacha_50005.png
30067,支援卡,2022-01-20 11:00:00,2022-01-28 10:59:59,[欢迎来到特雷森学园！]骏川手纲、[彻底管理主义]㭴本理子,D:\Apps\umas\export\Texture2D\img_bnr_gacha_30067.png
30066,角色卡池,2022-01-20 11:00:00,2022-01-28 10:59:59,[举世无双·樱花耀夜]樱花千代王,D:\Apps\umas\export\Texture2D\img_bnr_gacha_30066.png
30069,支援卡,2022-01-28 11:00:00,2022-02-08 10:59:59,[饱含心意的纸杯蛋糕]西野花、[极快！最快！花之风暴！]樱花进王,D:\Apps\umas\export\Texture2D\img_bnr_gacha_30069.png
30068,角色卡池,2022-01-28 11:00:00,2022-02-08 10:59:59,[CODE：淋面装饰]美浦波旁、[精确无比·巧克力大师]荣进闪耀,D:\Apps\umas\export\Texture2D\img_bnr_gacha_30068.png
30071,支援卡,2022-02-08 11:00:00,2022-02-16 10:59:59,[给努力的你！]艾尼风神、[“存在”于此的幸福]爱丽数码,D:\Apps\umas\export\Texture2D\img_bnr_gacha_30071.png
30070,角色卡池,2022-02-08 11:00:00,2022-02-16 10:59:59,[墨绿柔线]目白雅丹,D:\Apps\umas\export\Texture2D\img_bnr_gacha_30070.png
30073,支援卡,2022-02-16 11:00:00,2022-02-24 10:59:59,[全身心的感谢]美妙姿势、[身为新娘！]川上公主,D:\Apps\umas\export\Texture2D\img_bnr_gacha_30073.png
30072,角色卡池,2022-02-16 11:00:00,2022-02-24 10:59:59,[Starry Nocturne]爱慕织姬,D:\Apps\umas\export\Texture2D\img_bnr_gacha_30072.png
30075,支援卡,2022-02-24 11:00:00,2022-03-07 10:59:59,[特雷森学园]目白光明、[特雷森学园]成田路、[心跳加速的放松运动]目白莱恩、[目标是一等星]爱慕织姬、[响彻吧！模范式问候！]樱花进王、[粉色背影]成田路,D:\Apps\umas\export\Texture2D\img_bnr_gacha_30075.png
30074,角色卡池,2022-02-24 11:00:00,2022-03-07 10:59:59,[跌跌撞撞向前冲]待兼唐怀瑟、[锦绣·溢彩盛典]北部玄驹,D:\Apps\umas\export\Texture2D\img_bnr_gacha_30074.png
30077,支援卡,2022-03-07 11:00:00,2022-03-18 10:59:59,[温馨♪可爱的回忆]真机伶、[让世界更加☆marvelous]美丽周日,D:\Apps\umas\export\Texture2D\img_bnr_gacha_30077.png
50008,支援卡,2022-03-07 11:00:00,2022-03-29 10:59:59,[献上全国第一的演出]特别周、[在耀眼景色的前方]无声铃鹿、[有梦想就要大声说出来！]东海帝王、[不沉舰的进击]黄金船、[伏特加之路]伏特加、[万紫千红中一枝独秀]草上飞、[热情的冠军！]神鹰、[期待已久的计谋]青云天空、[划破天空的闪电少女！]玉藻十字、[全身心的感谢]美妙姿势、[飞奔吧，闪耀吧]艾尼风神、[B·N·Winner！]胜利奖券、[冲向前方7厘米之外]空中神宫、[Run（my）way]黄金城、[好快！好吃！好快！]樱花进王、[一颗安心糖]超级溪流、[这就是我的优俊偶像之道☆]醒目飞鹰、[哪怕还不能独当一面]西野花、[必杀技！双胡萝卜拳！]微光飞驹、[欢迎来到特雷森学园！]骏川手纲、[“要受人喜爱啊”]小栗帽、[涡轮引擎马力全开！]双涡轮、[尽管笑我傻吧]目白善信、[身后迫近的热浪是动力]北部玄驹、[超越那前方的背影]里见光钻、[由故乡直达的助威！]雪之美人、[心中的烈火无法抑制]八重无敌、[樱花盛开之时]樱花千代王、[身为新娘！]川上公主、[请品尝第一口！]菱曙、[Head-on fight！]青竹回忆、[明天全国都会染红吧♪]青云天空、[起舞今宵]帝王光辉、[爽快！决胜一击！]目白莱恩、[独享冰凉？]东商变革、[全力嬉闹！]胜利奖券、[即使满身泥土，也要追逐梦想]优秀素质、[幸福就在转角后]米浴、[彻底管理主义]㭴本理子、[内心双脚皆温暖]生野狄杜斯、[大闹万圣夜！]玉藻十字、[被授予魔力的英雄]荒漠英雄、[43、8、1]中山庆典、[可爱的你，美丽的你]真机伶、[鸣箭嗤天]成田白仁、[舞动吧·躁动吧·狂欢吧！]大拓太阳神、[队形：PARTY]重炮、[倔强的集市]成田大进、[独奏·螺旋卡农]曼城茶座、[夜有黎明，天有祥星]爱慕织姬、[萍水相逢即是福♪]待兼福来、[要不赶紧扎一针？]安心泽刺刺美、[饱含心意的纸杯蛋糕]西野花、[极快！最快！花之风暴！]樱花进王、[“存在”于此的幸福]爱丽数码、[粉色背影]成田路,D:\Apps\umas\export\Texture2D\img_bnr_gacha_50008.png
30076,角色卡池,2022-03-07 11:00:00,2022-03-18 10:59:59,[Natural Brilliance]里见光钻,D:\Apps\umas\export\Texture2D\img_bnr_gacha_30076.png
50007,角色卡池,2022-03-07 11:00:00,2022-03-29 10:59:59,[特别追梦者]特别周、[无声无瑕]无声铃鹿、[喜乐无边]东海帝王、[绯红方程式]丸善斯基、[星光跃动]小栗帽、[狂野前线]大树快车、[优雅曲线]目白麦昆、[O sole suo！]好歌剧、[皇帝]鲁道夫象征、[玫瑰之梦]米浴、[MB-19890425]美浦波旁、[pf.胜利公式]琵琶晨光、[飞跃地平线]东海帝王、[天际尽头]目白麦昆、[闪电少女]真机伶、[Nevertheless]成田大进、[绝对☆LOVE]醒目飞鹰、[Maverick]成田白仁、[阳光花束]重炮、[橡木王冠]气槽、[青云垂钓者]青云天空、[亚马逊青金石]菱亚马逊、[羽蛇武斗家]神鹰、[圣翠治愈师]草上飞、[流星歌剧]富士奇石、[真我/1928]黄金城、[雀跃♪维他命心拍]特别周、[飞跃☆夏夜]丸善斯基、[苍蓝/怒涛]名将怒涛、[Meisterschaft]荣进闪耀、[吉兆秋风]待兼福来、[Buono☆时尚]菱曙、[超级加急！全彩PP膜特殊加工]爱丽数码、[Make up Vampire！]米浴、[雪纺丝带木乃伊]超级溪流、[粉红公主]川上公主、[Creeping Black]曼城茶座、[皓月下的神箭手]鲁道夫象征、[秋樱舞娘]黄金城、[潮流☆Joker]岛川乔丹、[宛延曲线]目白多伯、[奇迹的胜利之星]小栗帽、[嫣红圣诞颂歌]琵琶晨光、[Noble Seamair]美妙姿势、[疾风迅雷]玉藻十字、[明媚新春♪樱花绽放]春乌菈菈、[新春初晴·宝蓝绚烂]好歌剧、[举世无双·樱花耀夜]樱花千代王、[CODE：淋面装饰]美浦波旁、[精确无比·巧克力大师]荣进闪耀、[墨绿柔线]目白雅丹、[Starry Nocturne]爱慕织姬、[锦绣·溢彩盛典]北部玄驹,D:\Apps\umas\export\Texture2D\img_bnr_gacha_50007.png
30079,支援卡,2022-03-18 11:00:00,2022-03-29 10:59:59,[被授予魔力的英雄]荒漠英雄、[可爱的你，美丽的你]真机伶,D:\Apps\umas\export\Texture2D\img_bnr_gacha_30079.png
30078,角色卡池,2022-03-18 11:00:00,2022-03-29 10:59:59,[砺光韧线]目白光明,D:\Apps\umas\export\Texture2D\img_bnr_gacha_30078.png
30081,支援卡,2022-03-29 11:00:00,2022-04-11 10:59:59,[Enchaînement]鲁道夫象征、[Escorte étoile]天狼星象征,D:\Apps\umas\export\Texture2D\img_bnr_gacha_30081.png
30080,角色卡池,2022-03-29 11:00:00,2022-04-11 10:59:59,[星夜猫咪舞会]青云天空、[胜利之星]富士奇石,D:\Apps\umas\export\Texture2D\img_bnr_gacha_30080.png
30083,支援卡,2022-04-11 11:00:00,2022-04-19 10:59:59,[淘气魔女修行中]东商变革、[Outfit as No.1]大和赤骥,D:\Apps\umas\export\Texture2D\img_bnr_gacha_30083.png
30082,角色卡池,2022-04-11 11:00:00,2022-04-19 10:59:59,[叠瓣花蕾]西野花,D:\Apps\umas\export\Texture2D\img_bnr_gacha_30082.png
30085,支援卡,2022-04-19 11:00:00,2022-04-28 10:59:59,[飞奔吧，闪耀吧]艾尼风神、[涡轮引擎马力全开！]双涡轮,D:\Apps\umas\export\Texture2D\img_bnr_gacha_30085.png
30084,角色卡池,2022-04-19 11:00:00,2022-04-28 10:59:59,[四白流星之袭]八重无敌,D:\Apps\umas\export\Texture2D\img_bnr_gacha_30084.png
30087,支援卡,2022-04-28 11:00:00,2022-05-10 10:59:59,[收下这份鼓励吧！]青竹回忆、[那声加油改变了世界]采珠,D:\Apps\umas\export\Texture2D\img_bnr_gacha_30087.png
30086,角色卡池,2022-04-28 11:00:00,2022-05-10 10:59:59,[RUN＆WIN]优秀素质、[洁白傲气的激励之服]帝王光辉,D:\Apps\umas\export\Texture2D\img_bnr_gacha_30086.png
30089,支援卡,2022-05-10 11:00:00,2022-05-20 10:59:59,[特雷森学园]千明代表、[Step！Smile！Wink！]东海帝王、[Dear Mr. C.B.]千明代表,D:\Apps\umas\export\Texture2D\img_bnr_gacha_30089.png
30088,角色卡池,2022-05-10 11:00:00,2022-05-20 10:59:59,[全时狂欢]艾尼风神,D:\Apps\umas\export\Texture2D\img_bnr_gacha_30088.png
30091,支援卡,2022-05-20 11:00:00,2022-05-30 10:59:59,[幸福就在转角后]米浴、[萍水相逢即是福♪]待兼福来,D:\Apps\umas\export\Texture2D\img_bnr_gacha_30091.png
30090,角色卡池,2022-05-20 11:00:00,2022-05-30 10:59:59,[Line Breakthrough]目白善信,D:\Apps\umas\export\Texture2D\img_bnr_gacha_30090.png
30093,支援卡,2022-05-30 11:00:00,2022-06-10 10:59:59,[乌菈菈的热情之歌♪]春乌菈菈、[可爱的金兰之交们]生野狄杜斯,D:\Apps\umas\export\Texture2D\img_bnr_gacha_30093.png
30092,角色卡池,2022-05-30 11:00:00,2022-06-10 10:59:59,[朔月挚爱]真机伶、[Titania]美妙姿势,D:\Apps\umas\export\Texture2D\img_bnr_gacha_30092.png
30095,支援卡,2022-06-10 11:00:00,2022-06-20 10:59:59,[樱花盛开之时]樱花千代王、[夜有黎明，天有祥星]爱慕织姬,D:\Apps\umas\export\Texture2D\img_bnr_gacha_30095.png
30094,角色卡池,2022-06-10 11:00:00,2022-06-20 10:59:59,[稻荷因缘江户紫]稻荷一,D:\Apps\umas\export\Texture2D\img_bnr_gacha_30094.png
30097,支援卡,2022-06-20 11:00:00,2022-06-30 10:59:59,[我真的很喜欢吃饭]小栗帽、[坏蛋，举起手来！]大树快车,D:\Apps\umas\export\Texture2D\img_bnr_gacha_30097.png
30096,角色卡池,2022-06-20 11:00:00,2022-06-30 10:59:59,[悬铃木魔女]东商变革,D:\Apps\umas\export\Texture2D\img_bnr_gacha_30096.png
30099,支援卡,2022-06-30 11:00:00,2022-07-11 10:59:59,[光芒四射地奔跑吧∞]神鹰、[待兼唐☆大冒险]待兼唐怀瑟,D:\Apps\umas\export\Texture2D\img_bnr_gacha_30099.png
30098,角色卡池,2022-06-30 11:00:00,2022-07-11 10:59:59,[Bubblegum☆Memories]大树快车、[假日宝石蓝]目白多伯,D:\Apps\umas\export\Texture2D\img_bnr_gacha_30098.png
30101,支援卡,2022-07-11 11:00:00,2022-07-20 10:59:59,[金色志向]黄金城、[奔向理想的熏风]气槽,D:\Apps\umas\export\Texture2D\img_bnr_gacha_30101.png
30100,角色卡池,2022-07-11 11:00:00,2022-07-20 10:59:59,[unsigned]空中神宫,D:\Apps\umas\export\Texture2D\img_bnr_gacha_30100.png
30103,支援卡,2022-07-20 11:00:00,2022-07-29 10:59:59,[特雷森学园]鹤丸强志、[满身泥泞的伙伴]神鹰、[尊尚敬爱]聚于王座之人,D:\Apps\umas\export\Texture2D\img_bnr_gacha_30103.png
30102,角色卡池,2022-07-20 11:00:00,2022-07-29 10:59:59,[Maverick]成田白仁、[青云垂钓者]青云天空,D:\Apps\umas\export\Texture2D\img_bnr_gacha_30102.png
30105,支援卡,2022-07-29 11:00:00,2022-08-10 10:59:59,[小感伤预警♪]丸善斯基、[听凭骰运]中山庆典,D:\Apps\umas\export\Texture2D\img_bnr_gacha_30105.png
30104,角色卡池,2022-07-29 11:00:00,2022-08-10 10:59:59,[涟漪佳人]目白麦昆、[RUN！乱！发射！！]黄金船,D:\Apps\umas\export\Texture2D\img_bnr_gacha_30104.png
30107,支援卡,2022-08-10 11:00:00,2022-08-19 10:59:59,[由故乡直达的助威！]雪之美人、[内心双脚皆温暖]生野狄杜斯,D:\Apps\umas\export\Texture2D\img_bnr_gacha_30107.png
30106,角色卡池,2022-08-10 11:00:00,2022-08-19 10:59:59,[黑铁的壮志]青竹回忆,D:\Apps\umas\export\Texture2D\img_bnr_gacha_30106.png
30109,支援卡,2022-08-19 11:00:00,2022-08-29 10:59:59,[悠悠哉哉，顺其自然]青云天空、[It's on the house.]曼城茶座,D:\Apps\umas\export\Texture2D\img_bnr_gacha_30109.png
30108,角色卡池,2022-08-19 11:00:00,2022-08-29 10:59:59,[阴阳八卦☆开运服]小林历奇,D:\Apps\umas\export\Texture2D\img_bnr_gacha_30108.png
30111,支援卡,2022-08-24 11:00:00,2022-09-12 10:59:59,[活动制作人]明亮光晕、[from the GROUND UP]明亮光晕、[Q≠0]爱丽速子,D:\Apps\umas\export\Texture2D\img_bnr_gacha_30111.png
30110,角色卡池,2022-08-24 11:00:00,2022-09-12 10:59:59,[黄昏凯旋]醒目飞鹰,D:\Apps\umas\export\Texture2D\img_bnr_gacha_30110.png
30113,支援卡,2022-08-29 11:00:00,2022-09-12 10:59:59,[帝王！王！王！！！]东海帝王、[TT Ignition！]双涡轮,D:\Apps\umas\export\Texture2D\img_bnr_gacha_30113.png
30112,角色卡池,2022-08-29 11:00:00,2022-09-12 10:59:59,[梦想传递员]胜利奖券、[另类工程师]成田大进,D:\Apps\umas\export\Texture2D\img_bnr_gacha_30112.png
30115,支援卡,2022-09-12 11:00:00,2022-09-20 10:59:59,[在耀眼景色的前方]无声铃鹿、[这就是我的优俊偶像之道☆]醒目飞鹰,D:\Apps\umas\export\Texture2D\img_bnr_gacha_30115.png
30114,角色卡池,2022-09-12 11:00:00,2022-09-20 10:59:59,[可可爱爱的六出冰花]雪之美人,D:\Apps\umas\export\Texture2D\img_bnr_gacha_30114.png
30117,支援卡,2022-09-20 11:00:00,2022-09-29 10:59:59,[特雷森学园]第一红宝、[特雷森学园]喜嘉奇迹、[The 3rd MIRACLE]喜嘉奇迹、[啊，华丽一族]第一红宝,D:\Apps\umas\export\Texture2D\img_bnr_gacha_30117.png
30116,角色卡池,2022-09-20 11:00:00,2022-09-29 10:59:59,[Rocket☆Star]采珠,D:\Apps\umas\export\Texture2D\img_bnr_gacha_30116.png
30119,支援卡,2022-09-29 11:00:00,2022-10-11 10:59:59,[月下小恶魔♪]目白善信、[太阳小天使♪]大拓太阳神,D:\Apps\umas\export\Texture2D\img_bnr_gacha_30119.png
30118,角色卡池,2022-09-29 11:00:00,2022-10-11 10:59:59,[爱丽♡僵尸]爱丽数码、[Dot-o'-Lantern]名将怒涛,D:\Apps\umas\export\Texture2D\img_bnr_gacha_30118.png
30121,支援卡,2022-10-11 11:00:00,2022-10-19 10:59:59,[全身心的感谢]美妙姿势、[小感伤预警♪]丸善斯基,D:\Apps\umas\export\Texture2D\img_bnr_gacha_30121.png
30120,角色卡池,2022-10-11 11:00:00,2022-10-19 10:59:59,[Flare]阿斯顿真弓,D:\Apps\umas\export\Texture2D\img_bnr_gacha_30120.png
30131,支援卡,2022-10-17 11:00:00,2022-10-24 10:59:59,[特雷森学园]第一红宝、[特雷森学园]喜嘉奇迹、[The 3rd MIRACLE]喜嘉奇迹、[啊，华丽一族]第一红宝,D:\Apps\umas\export\Texture2D\img_bnr_gacha_30131.png
50010,支援卡,2022-10-17 11:00:00,2022-10-24 10:59:59,[献上全国第一的演出]特别周、[在耀眼景色的前方]无声铃鹿、[有梦想就要大声说出来！]东海帝王、[不沉舰的进击]黄金船、[伏特加之路]伏特加、[万紫千红中一枝独秀]草上飞、[热情的冠军！]神鹰、[期待已久的计谋]青云天空、[划破天空的闪电少女！]玉藻十字、[全身心的感谢]美妙姿势、[飞奔吧，闪耀吧]艾尼风神、[B·N·Winner！]胜利奖券、[冲向前方7厘米之外]空中神宫、[Run（my）way]黄金城、[好快！好吃！好快！]樱花进王、[一颗安心糖]超级溪流、[这就是我的优俊偶像之道☆]醒目飞鹰、[哪怕还不能独当一面]西野花、[必杀技！双胡萝卜拳！]微光飞驹、[欢迎来到特雷森学园！]骏川手纲、[“要受人喜爱啊”]小栗帽、[涡轮引擎马力全开！]双涡轮、[尽管笑我傻吧]目白善信、[身后迫近的热浪是动力]北部玄驹、[超越那前方的背影]里见光钻、[由故乡直达的助威！]雪之美人、[心中的烈火无法抑制]八重无敌、[樱花盛开之时]樱花千代王、[身为新娘！]川上公主、[请品尝第一口！]菱曙、[Head-on fight！]青竹回忆、[明天全国都会染红吧♪]青云天空、[起舞今宵]帝王光辉、[爽快！决胜一击！]目白莱恩、[独享冰凉？]东商变革、[全力嬉闹！]胜利奖券、[即使满身泥土，也要追逐梦想]优秀素质、[幸福就在转角后]米浴、[彻底管理主义]㭴本理子、[内心双脚皆温暖]生野狄杜斯、[大闹万圣夜！]玉藻十字、[被授予魔力的英雄]荒漠英雄、[43、8、1]中山庆典、[可爱的你，美丽的你]真机伶、[鸣箭嗤天]成田白仁、[舞动吧·躁动吧·狂欢吧！]大拓太阳神、[队形：PARTY]重炮、[倔强的集市]成田大进、[独奏·螺旋卡农]曼城茶座、[夜有黎明，天有祥星]爱慕织姬、[萍水相逢即是福♪]待兼福来、[要不赶紧扎一针？]安心泽刺刺美、[饱含心意的纸杯蛋糕]西野花、[极快！最快！花之风暴！]樱花进王、[“存在”于此的幸福]爱丽数码、[粉色背影]成田路、[让世界更加☆marvelous]美丽周日、[Enchaînement]鲁道夫象征、[Escorte étoile]天狼星象征、[Outfit as No.1]大和赤骥、[收下这份鼓励吧！]青竹回忆、[那声加油改变了世界]采珠、[Dear Mr. C.B.]千明代表、[乌菈菈的热情之歌♪]春乌菈菈、[可爱的金兰之交们]生野狄杜斯、[坏蛋，举起手来！]大树快车、[光芒四射地奔跑吧∞]神鹰、[待兼唐☆大冒险]待兼唐怀瑟、[奔向理想的熏风]气槽、[尊尚敬爱]聚于王座之人、[小感伤预警♪]丸善斯基、[听凭骰运]中山庆典、[It's on the house.]曼城茶座,D:\Apps\umas\export\Texture2D\img_bnr_gacha_50010.png
30130,角色卡池,2022-10-17 11:00:00,2022-10-24 10:59:59,[Rocket☆Star]采珠,D:\Apps\umas\export\Texture2D\img_bnr_gacha_30130.png
50009,角色卡池,2022-10-17 11:00:00,2022-10-24 10:59:59,[特别追梦者]特别周、[无声无瑕]无声铃鹿、[喜乐无边]东海帝王、[绯红方程式]丸善斯基、[星光跃动]小栗帽、[狂野前线]大树快车、[优雅曲线]目白麦昆、[O sole suo！]好歌剧、[皇帝]鲁道夫象征、[玫瑰之梦]米浴、[MB-19890425]美浦波旁、[pf.胜利公式]琵琶晨光、[飞跃地平线]东海帝王、[天际尽头]目白麦昆、[闪电少女]真机伶、[Nevertheless]成田大进、[绝对☆LOVE]醒目飞鹰、[Maverick]成田白仁、[阳光花束]重炮、[橡木王冠]气槽、[青云垂钓者]青云天空、[亚马逊青金石]菱亚马逊、[羽蛇武斗家]神鹰、[圣翠治愈师]草上飞、[流星歌剧]富士奇石、[真我/1928]黄金城、[雀跃♪维他命心拍]特别周、[飞跃☆夏夜]丸善斯基、[苍蓝/怒涛]名将怒涛、[Meisterschaft]荣进闪耀、[吉兆秋风]待兼福来、[Buono☆时尚]菱曙、[超级加急！全彩PP膜特殊加工]爱丽数码、[Make up Vampire！]米浴、[雪纺丝带木乃伊]超级溪流、[粉红公主]川上公主、[Creeping Black]曼城茶座、[皓月下的神箭手]鲁道夫象征、[秋樱舞娘]黄金城、[潮流☆Joker]岛川乔丹、[宛延曲线]目白多伯、[奇迹的胜利之星]小栗帽、[嫣红圣诞颂歌]琵琶晨光、[Noble Seamair]美妙姿势、[疾风迅雷]玉藻十字、[明媚新春♪樱花绽放]春乌菈菈、[新春初晴·宝蓝绚烂]好歌剧、[举世无双·樱花耀夜]樱花千代王、[CODE：淋面装饰]美浦波旁、[精确无比·巧克力大师]荣进闪耀、[墨绿柔线]目白雅丹、[Starry Nocturne]爱慕织姬、[锦绣·溢彩盛典]北部玄驹、[Natural Brilliance]里见光钻、[砺光韧线]目白光明、[星夜猫咪舞会]青云天空、[胜利之星]富士奇石、[叠瓣花蕾]西野花、[四白流星之袭]八重无敌、[RUN＆WIN]优秀素质、[洁白傲气的激励之服]帝王光辉、[全时狂欢]艾尼风神、[Line Breakthrough]目白善信、[朔月挚爱]真机伶、[Titania]美妙姿势、[稻荷因缘江户紫]稻荷一、[悬铃木魔女]东商变革、[Bubblegum☆Memories]大树快车、[假日宝石蓝]目白多伯、[unsigned]空中神宫、[涟漪佳人]目白麦昆、[RUN！乱！发射！！]黄金船、[黑铁的壮志]青竹回忆、[阴阳八卦☆开运服]小林历奇,D:\Apps\umas\export\Texture2D\img_bnr_gacha_50009.png
30123,支援卡,2022-10-19 11:00:00,2022-10-28 10:59:59,[特雷森学园]克里斯象征、[特雷森学园]谷水琴蕾、[“加油加油，强志！”]鹤丸强志、[A Win Foreshadowed]克里斯象征,D:\Apps\umas\export\Texture2D\img_bnr_gacha_30123.png
30122,角色卡池,2022-10-19 11:00:00,2022-10-28 10:59:59,[Fluttertail Spirit]山人西风,D:\Apps\umas\export\Texture2D\img_bnr_gacha_30122.png
30125,支援卡,2022-10-28 11:00:00,2022-11-09 10:59:59,[奔跑吧，奔跑吧，奔跑吧！！]小栗帽、[燃至天际的祈祷之火]八重无敌,D:\Apps\umas\export\Texture2D\img_bnr_gacha_30125.png
30124,角色卡池,2022-10-28 11:00:00,2022-11-09 10:59:59,[轰鸣雷神]玉藻十字、[梦之金原]稻荷一,D:\Apps\umas\export\Texture2D\img_bnr_gacha_30124.png
30127,支援卡,2022-11-09 11:00:00,2022-11-17 10:59:59,[一颗安心糖]超级溪流、[Dear Mr. C.B.]千明代表,D:\Apps\umas\export\Texture2D\img_bnr_gacha_30127.png
30126,角色卡池,2022-11-09 11:00:00,2022-11-17 10:59:59,[死中求生]中山庆典,D:\Apps\umas\export\Texture2D\img_bnr_gacha_30126.png
30129,支援卡,2022-11-17 11:00:00,2022-11-28 10:59:59,[班长，快停下！]成田路、[Danke schön]荣进闪耀,D:\Apps\umas\export\Texture2D\img_bnr_gacha_30129.png
30128,角色卡池,2022-11-17 11:00:00,2022-11-28 10:59:59,[Butterfly Sting]奇锐骏,D:\Apps\umas\export\Texture2D\img_bnr_gacha_30128.png
30133,支援卡,2022-11-28 11:00:00,2022-12-12 10:59:59,[特雷森学园]樱花桂冠、[GLAD TIDINGS]成田白仁、[Are you merry？]气槽,D:\Apps\umas\export\Texture2D\img_bnr_gacha_30133.png
30132,角色卡池,2022-11-28 11:00:00,2022-12-12 10:59:59,[不会结冰的生命之水]伏特加、[绯红的星月之夜]大和赤骥,D:\Apps\umas\export\Texture2D\img_bnr_gacha_30132.png
30135,支援卡,2022-12-12 11:00:00,2022-12-20 10:59:59,[队形：PARTY]重炮、[from the GROUND UP]明亮光晕,D:\Apps\umas\export\Texture2D\img_bnr_gacha_30135.png
30134,角色卡池,2022-12-12 11:00:00,2022-12-20 10:59:59,[Heroic Author]荒漠英雄,D:\Apps\umas\export\Texture2D\img_bnr_gacha_30134.png
30137,支援卡,2022-12-20 11:00:00,2022-12-29 10:59:59,[特雷森学园]山人西风、[伟大的抓拍]好歌剧、[化为那无人知晓的风]山人西风,D:\Apps\umas\export\Texture2D\img_bnr_gacha_30137.png
30136,角色卡池,2022-12-20 11:00:00,2022-12-29 10:59:59,[饿狼]成田白仁,D:\Apps\umas\export\Texture2D\img_bnr_gacha_30136.png
30139,支援卡,2022-12-29 11:00:00,2023-01-10 10:59:59,[平安喜乐寄于板羽球中]特别周、[难以捉摸的绝世佳人]东商变革,D:\Apps\umas\export\Texture2D\img_bnr_gacha_30139.png
30138,角色卡池,2022-12-29 11:00:00,2023-01-10 10:59:59,[压轴主角·庆鹤之志]北部玄驹、[当红之星·荣兴之翠]里见光钻,D:\Apps\umas\export\Texture2D\img_bnr_gacha_30138.png
50012,支援卡,2023-01-01 11:00:00,2023-02-28 10:59:59,[献上全国第一的演出]特别周、[在耀眼景色的前方]无声铃鹿、[有梦想就要大声说出来！]东海帝王、[不沉舰的进击]黄金船、[伏特加之路]伏特加、[万紫千红中一枝独秀]草上飞、[热情的冠军！]神鹰、[期待已久的计谋]青云天空、[划破天空的闪电少女！]玉藻十字、[全身心的感谢]美妙姿势、[飞奔吧，闪耀吧]艾尼风神、[B·N·Winner！]胜利奖券、[冲向前方7厘米之外]空中神宫、[Run（my）way]黄金城、[好快！好吃！好快！]樱花进王、[一颗安心糖]超级溪流、[这就是我的优俊偶像之道☆]醒目飞鹰、[哪怕还不能独当一面]西野花、[必杀技！双胡萝卜拳！]微光飞驹、[欢迎来到特雷森学园！]骏川手纲、[“要受人喜爱啊”]小栗帽、[涡轮引擎马力全开！]双涡轮、[尽管笑我傻吧]目白善信、[身后迫近的热浪是动力]北部玄驹、[超越那前方的背影]里见光钻、[由故乡直达的助威！]雪之美人、[心中的烈火无法抑制]八重无敌、[樱花盛开之时]樱花千代王、[身为新娘！]川上公主、[请品尝第一口！]菱曙、[Head-on fight！]青竹回忆、[明天全国都会染红吧♪]青云天空、[起舞今宵]帝王光辉、[爽快！决胜一击！]目白莱恩、[独享冰凉？]东商变革、[全力嬉闹！]胜利奖券、[即使满身泥土，也要追逐梦想]优秀素质、[幸福就在转角后]米浴、[彻底管理主义]㭴本理子、[内心双脚皆温暖]生野狄杜斯、[大闹万圣夜！]玉藻十字、[被授予魔力的英雄]荒漠英雄、[43、8、1]中山庆典、[可爱的你，美丽的你]真机伶、[鸣箭嗤天]成田白仁、[舞动吧·躁动吧·狂欢吧！]大拓太阳神、[队形：PARTY]重炮、[倔强的集市]成田大进、[独奏·螺旋卡农]曼城茶座、[夜有黎明，天有祥星]爱慕织姬、[萍水相逢即是福♪]待兼福来,D:\Apps\umas\export\Texture2D\img_bnr_gacha_50012.png
50014,支援卡,2023-01-01 11:00:00,2023-02-28 10:59:59,[要不赶紧扎一针？]安心泽刺刺美、[饱含心意的纸杯蛋糕]西野花、[极快！最快！花之风暴！]樱花进王、[“存在”于此的幸福]爱丽数码、[粉色背影]成田路、[让世界更加☆marvelous]美丽周日、[Enchaînement]鲁道夫象征、[Escorte étoile]天狼星象征、[Outfit as No.1]大和赤骥、[收下这份鼓励吧！]青竹回忆、[那声加油改变了世界]采珠、[Dear Mr. C.B.]千明代表、[乌菈菈的热情之歌♪]春乌菈菈、[可爱的金兰之交们]生野狄杜斯、[坏蛋，举起手来！]大树快车、[光芒四射地奔跑吧∞]神鹰、[待兼唐☆大冒险]待兼唐怀瑟、[奔向理想的熏风]气槽、[尊尚敬爱]聚于王座之人、[小感伤预警♪]丸善斯基、[听凭骰运]中山庆典、[It's on the house.]曼城茶座、[from the GROUND UP]明亮光晕、[Q≠0]爱丽速子、[帝王！王！王！！！]东海帝王、[TT Ignition！]双涡轮、[啊，华丽一族]第一红宝、[月下小恶魔♪]目白善信、[太阳小天使♪]大拓太阳神、[A Win Foreshadowed]克里斯象征、[奔跑吧，奔跑吧，奔跑吧！！]小栗帽、[燃至天际的祈祷之火]八重无敌、[Danke schön]荣进闪耀、[GLAD TIDINGS]成田白仁、[Are you merry？]气槽、[化为那无人知晓的风]山人西风、[平安喜乐寄于板羽球中]特别周、[难以捉摸的绝世佳人]东商变革,D:\Apps\umas\export\Texture2D\img_bnr_gacha_50014.png
50011,角色卡池,2023-01-01 11:00:00,2023-02-28 10:59:59,[特别追梦者]特别周、[无声无瑕]无声铃鹿、[喜乐无边]东海帝王、[绯红方程式]丸善斯基、[星光跃动]小栗帽、[狂野前线]大树快车、[优雅曲线]目白麦昆、[O sole suo！]好歌剧、[皇帝]鲁道夫象征、[玫瑰之梦]米浴、[MB-19890425]美浦波旁、[pf.胜利公式]琵琶晨光、[飞跃地平线]东海帝王、[天际尽头]目白麦昆、[闪电少女]真机伶、[Nevertheless]成田大进、[绝对☆LOVE]醒目飞鹰、[Maverick]成田白仁、[阳光花束]重炮、[橡木王冠]气槽、[青云垂钓者]青云天空、[亚马逊青金石]菱亚马逊、[羽蛇武斗家]神鹰、[圣翠治愈师]草上飞、[流星歌剧]富士奇石、[真我/1928]黄金城、[雀跃♪维他命心拍]特别周、[飞跃☆夏夜]丸善斯基、[苍蓝/怒涛]名将怒涛、[Meisterschaft]荣进闪耀、[吉兆秋风]待兼福来、[Buono☆时尚]菱曙、[超级加急！全彩PP膜特殊加工]爱丽数码、[Make up Vampire！]米浴、[雪纺丝带木乃伊]超级溪流、[粉红公主]川上公主、[Creeping Black]曼城茶座、[皓月下的神箭手]鲁道夫象征、[秋樱舞娘]黄金城、[潮流☆Joker]岛川乔丹、[宛延曲线]目白多伯、[奇迹的胜利之星]小栗帽、[嫣红圣诞颂歌]琵琶晨光、[Noble Seamair]美妙姿势、[疾风迅雷]玉藻十字、[明媚新春♪樱花绽放]春乌菈菈、[新春初晴·宝蓝绚烂]好歌剧,D:\Apps\umas\export\Texture2D\img_bnr_gacha_50011.png
50013,角色卡池,2023-01-01 11:00:00,2023-02-28 10:59:59,[举世无双·樱花耀夜]樱花千代王、[CODE：淋面装饰]美浦波旁、[精确无比·巧克力大师]荣进闪耀、[墨绿柔线]目白雅丹、[Starry Nocturne]爱慕织姬、[锦绣·溢彩盛典]北部玄驹、[Natural Brilliance]里见光钻、[砺光韧线]目白光明、[星夜猫咪舞会]青云天空、[胜利之星]富士奇石、[叠瓣花蕾]西野花、[四白流星之袭]八重无敌、[RUN＆WIN]优秀素质、[洁白傲气的激励之服]帝王光辉、[全时狂欢]艾尼风神、[Line Breakthrough]目白善信、[朔月挚爱]真机伶、[Titania]美妙姿势、[稻荷因缘江户紫]稻荷一、[悬铃木魔女]东商变革、[Bubblegum☆Memories]大树快车、[假日宝石蓝]目白多伯、[unsigned]空中神宫、[涟漪佳人]目白麦昆、[RUN！乱！发射！！]黄金船、[黑铁的壮志]青竹回忆、[阴阳八卦☆开运服]小林历奇、[黄昏凯旋]醒目飞鹰、[梦想传递员]胜利奖券、[另类工程师]成田大进、[可可爱爱的六出冰花]雪之美人、[Rocket☆Star]采珠、[爱丽♡僵尸]爱丽数码、[Dot-o'-Lantern]名将怒涛、[Flare]阿斯顿真弓、[Fluttertail Spirit]山人西风、[轰鸣雷神]玉藻十字、[梦之金原]稻荷一、[死中求生]中山庆典、[Butterfly Sting]奇锐骏、[不会结冰的生命之水]伏特加、[绯红的星月之夜]大和赤骥、[Heroic Author]荒漠英雄、[饿狼]成田白仁、[压轴主角·庆鹤之志]北部玄驹、[当红之星·荣兴之翠]里见光钻,D:\Apps\umas\export\Texture2D\img_bnr_gacha_50013.png
30141,支援卡,2023-01-10 11:00:00,2023-01-20 10:59:59,[Q≠0]爱丽速子、[帝王！王！王！！！]东海帝王,D:\Apps\umas\export\Texture2D\img_bnr_gacha_30141.png
30140,角色卡池,2023-01-10 11:00:00,2023-01-20 10:59:59,[星辉之航]北幸樽前,D:\Apps\umas\export\Texture2D\img_bnr_gacha_30140.png
30143,支援卡,2023-01-20 11:00:00,2023-01-30 10:59:59,[特雷森学园]阿斯顿真弓、[附件，要热一下吗？]阿斯顿真弓、[To you]喜嘉奇迹,D:\Apps\umas\export\Texture2D\img_bnr_gacha_30143.png
30145,支援卡,2023-01-20 11:00:00,2023-01-30 10:59:59,[萍水相逢即是福♪]待兼福来、[坏蛋，举起手来！]大树快车,D:\Apps\umas\export\Texture2D\img_bnr_gacha_30145.png
30142,角色卡池,2023-01-20 11:00:00,2023-01-30 10:59:59,[Fun☆Fun☆嗨翻天]大拓太阳神,D:\Apps\umas\export\Texture2D\img_bnr_gacha_30142.png
30144,角色卡池,2023-01-20 11:00:00,2023-01-30 10:59:59,[Make up Vampire！]米浴、[明媚新春♪樱花绽放]春乌菈菈,D:\Apps\umas\export\Texture2D\img_bnr_gacha_30144.png
30147,支援卡,2023-01-30 11:00:00,2023-02-13 10:59:59,[Marvelous☆巧克力盛宴]美丽周日、[变身！侍者形态！]微光飞驹,D:\Apps\umas\export\Texture2D\img_bnr_gacha_30147.png
30146,角色卡池,2023-01-30 11:00:00,2023-02-13 10:59:59,[MELTY GIFT]艾尼风神、[玛格丽特拿铁]目白莱恩,D:\Apps\umas\export\Texture2D\img_bnr_gacha_30146.png
30149,支援卡,2023-02-13 11:00:00,2023-02-24 10:59:59,[饱含心意的纸杯蛋糕]西野花、[小感伤预警♪]丸善斯基,D:\Apps\umas\export\Texture2D\img_bnr_gacha_30149.png
30148,角色卡池,2023-02-13 11:00:00,2023-02-24 10:59:59,[Wicked Punk]新光风,D:\Apps\umas\export\Texture2D\img_bnr_gacha_30148.png
20010,支援卡,2023-02-24 11:00:00,2050-01-01 14:00:00,[献上全国第一的演出]特别周、[在耀眼景色的前方]无声铃鹿、[有梦想就要大声说出来！]东海帝王、[不沉舰的进击]黄金船、[伏特加之路]伏特加、[万紫千红中一枝独秀]草上飞、[热情的冠军！]神鹰、[期待已久的计谋]青云天空、[划破天空的闪电少女！]玉藻十字、[全身心的感谢]美妙姿势、[飞奔吧，闪耀吧]艾尼风神、[B·N·Winner！]胜利奖券、[冲向前方7厘米之外]空中神宫、[Run（my）way]黄金城、[好快！好吃！好快！]樱花进王、[一颗安心糖]超级溪流、[这就是我的优俊偶像之道☆]醒目飞鹰、[哪怕还不能独当一面]西野花、[必杀技！双胡萝卜拳！]微光飞驹、[欢迎来到特雷森学园！]骏川手纲、[“要受人喜爱啊”]小栗帽、[涡轮引擎马力全开！]双涡轮、[尽管笑我傻吧]目白善信、[身后迫近的热浪是动力]北部玄驹、[超越那前方的背影]里见光钻、[由故乡直达的助威！]雪之美人、[心中的烈火无法抑制]八重无敌、[樱花盛开之时]樱花千代王、[身为新娘！]川上公主、[请品尝第一口！]菱曙、[Head-on fight！]青竹回忆、[明天全国都会染红吧♪]青云天空、[起舞今宵]帝王光辉、[爽快！决胜一击！]目白莱恩、[独享冰凉？]东商变革、[全力嬉闹！]胜利奖券、[即使满身泥土，也要追逐梦想]优秀素质、[幸福就在转角后]米浴、[彻底管理主义]㭴本理子、[内心双脚皆温暖]生野狄杜斯、[大闹万圣夜！]玉藻十字、[被授予魔力的英雄]荒漠英雄、[43、8、1]中山庆典、[可爱的你，美丽的你]真机伶、[鸣箭嗤天]成田白仁、[舞动吧·躁动吧·狂欢吧！]大拓太阳神、[队形：PARTY]重炮、[倔强的集市]成田大进、[独奏·螺旋卡农]曼城茶座、[夜有黎明，天有祥星]爱慕织姬、[萍水相逢即是福♪]待兼福来、[要不赶紧扎一针？]安心泽刺刺美、[饱含心意的纸杯蛋糕]西野花、[极快！最快！花之风暴！]樱花进王、[“存在”于此的幸福]爱丽数码、[粉色背影]成田路、[让世界更加☆marvelous]美丽周日、[Enchaînement]鲁道夫象征、[Escorte étoile]天狼星象征、[Outfit as No.1]大和赤骥、[收下这份鼓励吧！]青竹回忆、[那声加油改变了世界]采珠、[Dear Mr. C.B.]千明代表、[乌菈菈的热情之歌♪]春乌菈菈、[可爱的金兰之交们]生野狄杜斯、[坏蛋，举起手来！]大树快车、[光芒四射地奔跑吧∞]神鹰、[待兼唐☆大冒险]待兼唐怀瑟、[奔向理想的熏风]气槽、[尊尚敬爱]聚于王座之人、[小感伤预警♪]丸善斯基、[听凭骰运]中山庆典、[It's on the house.]曼城茶座、[from the GROUND UP]明亮光晕、[Q≠0]爱丽速子、[帝王！王！王！！！]东海帝王、[TT Ignition！]双涡轮、[啊，华丽一族]第一红宝、[月下小恶魔♪]目白善信、[太阳小天使♪]大拓太阳神、[A Win Foreshadowed]克里斯象征、[奔跑吧，奔跑吧，奔跑吧！！]小栗帽、[燃至天际的祈祷之火]八重无敌、[Danke schön]荣进闪耀、[GLAD TIDINGS]成田白仁、[Are you merry？]气槽、[化为那无人知晓的风]山人西风、[平安喜乐寄于板羽球中]特别周、[难以捉摸的绝世佳人]东商变革、[To you]喜嘉奇迹、[Marvelous☆巧克力盛宴]美丽周日、[变身！侍者形态！]微光飞驹,
20012,支援卡,2023-02-24 11:00:00,2050-01-01 14:00:00,[献上全国第一的演出]特别周、[在耀眼景色的前方]无声铃鹿、[有梦想就要大声说出来！]东海帝王、[不沉舰的进击]黄金船、[伏特加之路]伏特加、[万紫千红中一枝独秀]草上飞、[热情的冠军！]神鹰、[期待已久的计谋]青云天空、[划破天空的闪电少女！]玉藻十字、[全身心的感谢]美妙姿势、[飞奔吧，闪耀吧]艾尼风神、[B·N·Winner！]胜利奖券、[冲向前方7厘米之外]空中神宫、[Run（my）way]黄金城、[好快！好吃！好快！]樱花进王、[一颗安心糖]超级溪流、[这就是我的优俊偶像之道☆]醒目飞鹰、[哪怕还不能独当一面]西野花、[必杀技！双胡萝卜拳！]微光飞驹、[欢迎来到特雷森学园！]骏川手纲、[“要受人喜爱啊”]小栗帽、[涡轮引擎马力全开！]双涡轮、[尽管笑我傻吧]目白善信、[身后迫近的热浪是动力]北部玄驹、[超越那前方的背影]里见光钻、[由故乡直达的助威！]雪之美人、[心中的烈火无法抑制]八重无敌、[樱花盛开之时]樱花千代王、[身为新娘！]川上公主、[请品尝第一口！]菱曙、[Head-on fight！]青竹回忆、[明天全国都会染红吧♪]青云天空、[起舞今宵]帝王光辉、[爽快！决胜一击！]目白莱恩、[独享冰凉？]东商变革、[全力嬉闹！]胜利奖券、[即使满身泥土，也要追逐梦想]优秀素质、[幸福就在转角后]米浴、[彻底管理主义]㭴本理子、[内心双脚皆温暖]生野狄杜斯、[大闹万圣夜！]玉藻十字、[被授予魔力的英雄]荒漠英雄、[43、8、1]中山庆典、[可爱的你，美丽的你]真机伶、[鸣箭嗤天]成田白仁、[舞动吧·躁动吧·狂欢吧！]大拓太阳神、[队形：PARTY]重炮、[倔强的集市]成田大进、[独奏·螺旋卡农]曼城茶座、[夜有黎明，天有祥星]爱慕织姬、[萍水相逢即是福♪]待兼福来、[要不赶紧扎一针？]安心泽刺刺美、[饱含心意的纸杯蛋糕]西野花、[极快！最快！花之风暴！]樱花进王、[“存在”于此的幸福]爱丽数码、[粉色背影]成田路、[让世界更加☆marvelous]美丽周日、[Enchaînement]鲁道夫象征、[Escorte étoile]天狼星象征、[Outfit as No.1]大和赤骥、[收下这份鼓励吧！]青竹回忆、[那声加油改变了世界]采珠、[Dear Mr. C.B.]千明代表、[乌菈菈的热情之歌♪]春乌菈菈、[可爱的金兰之交们]生野狄杜斯、[坏蛋，举起手来！]大树快车、[光芒四射地奔跑吧∞]神鹰、[待兼唐☆大冒险]待兼唐怀瑟、[奔向理想的熏风]气槽、[尊尚敬爱]聚于王座之人、[小感伤预警♪]丸善斯基、[听凭骰运]中山庆典、[It's on the house.]曼城茶座、[from the GROUND UP]明亮光晕、[Q≠0]爱丽速子、[帝王！王！王！！！]东海帝王、[TT Ignition！]双涡轮、[啊，华丽一族]第一红宝、[月下小恶魔♪]目白善信、[太阳小天使♪]大拓太阳神、[A Win Foreshadowed]克里斯象征、[奔跑吧，奔跑吧，奔跑吧！！]小栗帽、[燃至天际的祈祷之火]八重无敌、[Danke schön]荣进闪耀、[GLAD TIDINGS]成田白仁、[Are you merry？]气槽、[化为那无人知晓的风]山人西风、[平安喜乐寄于板羽球中]特别周、[难以捉摸的绝世佳人]东商变革、[To you]喜嘉奇迹、[Marvelous☆巧克力盛宴]美丽周日、[变身！侍者形态！]微光飞驹,
30151,支援卡,2023-02-24 11:00:00,2023-03-20 10:59:59,[トレセン学園]カツラギエース、[トレセン学園]メジロラモーヌ、[トレセン学園]ジャングルポケット、[デッド・エンド【通せん坊】]ジャングルポケット、[ふわり、さらり]メジロドーベル、[放課後、君が笑った]シンボリルドルフ、[嗚呼素晴らしき甘味哉]アグネスタキオン、[燦爛]メジロラモーヌ,
50016,支援卡,2023-02-24 11:00:00,2024-03-29 10:59:59,[献上全国第一的演出]特别周、[在耀眼景色的前方]无声铃鹿、[有梦想就要大声说出来！]东海帝王、[不沉舰的进击]黄金船、[伏特加之路]伏特加、[万紫千红中一枝独秀]草上飞、[热情的冠军！]神鹰、[期待已久的计谋]青云天空、[划破天空的闪电少女！]玉藻十字、[全身心的感谢]美妙姿势、[飞奔吧，闪耀吧]艾尼风神、[B·N·Winner！]胜利奖券、[冲向前方7厘米之外]空中神宫、[Run（my）way]黄金城、[好快！好吃！好快！]樱花进王、[一颗安心糖]超级溪流、[这就是我的优俊偶像之道☆]醒目飞鹰、[哪怕还不能独当一面]西野花、[必杀技！双胡萝卜拳！]微光飞驹、[欢迎来到特雷森学园！]骏川手纲、[“要受人喜爱啊”]小栗帽、[涡轮引擎马力全开！]双涡轮、[尽管笑我傻吧]目白善信、[身后迫近的热浪是动力]北部玄驹、[超越那前方的背影]里见光钻、[由故乡直达的助威！]雪之美人、[心中的烈火无法抑制]八重无敌、[樱花盛开之时]樱花千代王、[身为新娘！]川上公主、[请品尝第一口！]菱曙、[Head-on fight！]青竹回忆、[明天全国都会染红吧♪]青云天空、[起舞今宵]帝王光辉、[爽快！决胜一击！]目白莱恩、[独享冰凉？]东商变革、[全力嬉闹！]胜利奖券、[即使满身泥土，也要追逐梦想]优秀素质、[幸福就在转角后]米浴、[彻底管理主义]㭴本理子、[内心双脚皆温暖]生野狄杜斯、[大闹万圣夜！]玉藻十字、[被授予魔力的英雄]荒漠英雄、[43、8、1]中山庆典、[可爱的你，美丽的你]真机伶、[鸣箭嗤天]成田白仁、[舞动吧·躁动吧·狂欢吧！]大拓太阳神、[队形：PARTY]重炮、[倔强的集市]成田大进、[独奏·螺旋卡农]曼城茶座、[夜有黎明，天有祥星]爱慕织姬、[萍水相逢即是福♪]待兼福来、[要不赶紧扎一针？]安心泽刺刺美、[饱含心意的纸杯蛋糕]西野花、[极快！最快！花之风暴！]樱花进王、[“存在”于此的幸福]爱丽数码、[粉色背影]成田路、[让世界更加☆marvelous]美丽周日、[Enchaînement]鲁道夫象征、[Escorte étoile]天狼星象征、[Outfit as No.1]大和赤骥、[收下这份鼓励吧！]青竹回忆、[那声加油改变了世界]采珠、[Dear Mr. C.B.]千明代表、[乌菈菈的热情之歌♪]春乌菈菈、[可爱的金兰之交们]生野狄杜斯、[坏蛋，举起手来！]大树快车、[光芒四射地奔跑吧∞]神鹰、[待兼唐☆大冒险]待兼唐怀瑟、[奔向理想的熏风]气槽、[尊尚敬爱]聚于王座之人、[小感伤预警♪]丸善斯基、[听凭骰运]中山庆典、[It's on the house.]曼城茶座、[from the GROUND UP]明亮光晕、[Q≠0]爱丽速子、[帝王！王！王！！！]东海帝王、[TT Ignition！]双涡轮、[啊，华丽一族]第一红宝、[月下小恶魔♪]目白善信、[太阳小天使♪]大拓太阳神、[A Win Foreshadowed]克里斯象征、[奔跑吧，奔跑吧，奔跑吧！！]小栗帽、[燃至天际的祈祷之火]八重无敌、[Danke schön]荣进闪耀、[GLAD TIDINGS]成田白仁、[Are you merry？]气槽、[化为那无人知晓的风]山人西风、[平安喜乐寄于板羽球中]特别周、[难以捉摸的绝世佳人]东商变革、[To you]喜嘉奇迹、[Marvelous☆巧克力盛宴]美丽周日、[变身！侍者形态！]微光飞驹,
20009,角色卡池,2023-02-24 11:00:00,2050-01-01 14:00:00,[特别追梦者]特别周、[无声无瑕]无声铃鹿、[喜乐无边]东海帝王、[绯红方程式]丸善斯基、[星光跃动]小栗帽、[狂野前线]大树快车、[优雅曲线]目白麦昆、[O sole suo！]好歌剧、[皇帝]鲁道夫象征、[玫瑰之梦]米浴、[MB-19890425]美浦波旁、[pf.胜利公式]琵琶晨光、[飞跃地平线]东海帝王、[天际尽头]目白麦昆、[闪电少女]真机伶、[Nevertheless]成田大进、[绝对☆LOVE]醒目飞鹰、[Maverick]成田白仁、[阳光花束]重炮、[橡木王冠]气槽、[青云垂钓者]青云天空、[亚马逊青金石]菱亚马逊、[羽蛇武斗家]神鹰、[圣翠治愈师]草上飞、[流星歌剧]富士奇石、[真我/1928]黄金城、[雀跃♪维他命心拍]特别周、[飞跃☆夏夜]丸善斯基、[苍蓝/怒涛]名将怒涛、[Meisterschaft]荣进闪耀、[吉兆秋风]待兼福来、[Buono☆时尚]菱曙、[超级加急！全彩PP膜特殊加工]爱丽数码、[Make up Vampire！]米浴、[雪纺丝带木乃伊]超级溪流、[粉红公主]川上公主、[Creeping Black]曼城茶座、[皓月下的神箭手]鲁道夫象征、[秋樱舞娘]黄金城、[潮流☆Joker]岛川乔丹、[宛延曲线]目白多伯、[奇迹的胜利之星]小栗帽、[嫣红圣诞颂歌]琵琶晨光、[Noble Seamair]美妙姿势、[疾风迅雷]玉藻十字、[明媚新春♪樱花绽放]春乌菈菈、[新春初晴·宝蓝绚烂]好歌剧、[举世无双·樱花耀夜]樱花千代王、[CODE：淋面装饰]美浦波旁、[精确无比·巧克力大师]荣进闪耀、[墨绿柔线]目白雅丹、[Starry Nocturne]爱慕织姬、[锦绣·溢彩盛典]北部玄驹、[Natural Brilliance]里见光钻、[砺光韧线]目白光明、[星夜猫咪舞会]青云天空、[胜利之星]富士奇石、[叠瓣花蕾]西野花、[四白流星之袭]八重无敌、[RUN＆WIN]优秀素质、[洁白傲气的激励之服]帝王光辉、[全时狂欢]艾尼风神、[Line Breakthrough]目白善信、[朔月挚爱]真机伶、[Titania]美妙姿势、[稻荷因缘江户紫]稻荷一、[悬铃木魔女]东商变革、[Bubblegum☆Memories]大树快车、[假日宝石蓝]目白多伯、[unsigned]空中神宫、[涟漪佳人]目白麦昆、[RUN！乱！发射！！]黄金船、[黑铁的壮志]青竹回忆、[阴阳八卦☆开运服]小林历奇、[黄昏凯旋]醒目飞鹰、[梦想传递员]胜利奖券、[另类工程师]成田大进、[可可爱爱的六出冰花]雪之美人、[Rocket☆Star]采珠、[爱丽♡僵尸]爱丽数码、[Dot-o'-Lantern]名将怒涛、[Flare]阿斯顿真弓、[Fluttertail Spirit]山人西风、[轰鸣雷神]玉藻十字、[梦之金原]稻荷一、[死中求生]中山庆典、[Butterfly Sting]奇锐骏、[不会结冰的生命之水]伏特加、[绯红的星月之夜]大和赤骥、[Heroic Author]荒漠英雄、[饿狼]成田白仁、[压轴主角·庆鹤之志]北部玄驹、[当红之星·荣兴之翠]里见光钻、[星辉之航]北幸樽前、[Fun☆Fun☆嗨翻天]大拓太阳神、[MELTY GIFT]艾尼风神、[玛格丽特拿铁]目白莱恩,
20011,角色卡池,2023-02-24 11:00:00,2050-01-01 14:00:00,[特别追梦者]特别周、[无声无瑕]无声铃鹿、[喜乐无边]东海帝王、[绯红方程式]丸善斯基、[星光跃动]小栗帽、[狂野前线]大树快车、[优雅曲线]目白麦昆、[O sole suo！]好歌剧、[皇帝]鲁道夫象征、[玫瑰之梦]米浴、[MB-19890425]美浦波旁、[pf.胜利公式]琵琶晨光、[飞跃地平线]东海帝王、[天际尽头]目白麦昆、[闪电少女]真机伶、[Nevertheless]成田大进、[绝对☆LOVE]醒目飞鹰、[Maverick]成田白仁、[阳光花束]重炮、[橡木王冠]气槽、[青云垂钓者]青云天空、[亚马逊青金石]菱亚马逊、[羽蛇武斗家]神鹰、[圣翠治愈师]草上飞、[流星歌剧]富士奇石、[真我/1928]黄金城、[雀跃♪维他命心拍]特别周、[飞跃☆夏夜]丸善斯基、[苍蓝/怒涛]名将怒涛、[Meisterschaft]荣进闪耀、[吉兆秋风]待兼福来、[Buono☆时尚]菱曙、[超级加急！全彩PP膜特殊加工]爱丽数码、[Make up Vampire！]米浴、[雪纺丝带木乃伊]超级溪流、[粉红公主]川上公主、[Creeping Black]曼城茶座、[皓月下的神箭手]鲁道夫象征、[秋樱舞娘]黄金城、[潮流☆Joker]岛川乔丹、[宛延曲线]目白多伯、[奇迹的胜利之星]小栗帽、[嫣红圣诞颂歌]琵琶晨光、[Noble Seamair]美妙姿势、[疾风迅雷]玉藻十字、[明媚新春♪樱花绽放]春乌菈菈、[新春初晴·宝蓝绚烂]好歌剧、[举世无双·樱花耀夜]樱花千代王、[CODE：淋面装饰]美浦波旁、[精确无比·巧克力大师]荣进闪耀、[墨绿柔线]目白雅丹、[Starry Nocturne]爱慕织姬、[锦绣·溢彩盛典]北部玄驹、[Natural Brilliance]里见光钻、[砺光韧线]目白光明、[星夜猫咪舞会]青云天空、[胜利之星]富士奇石、[叠瓣花蕾]西野花、[四白流星之袭]八重无敌、[RUN＆WIN]优秀素质、[洁白傲气的激励之服]帝王光辉、[全时狂欢]艾尼风神、[Line Breakthrough]目白善信、[朔月挚爱]真机伶、[Titania]美妙姿势、[稻荷因缘江户紫]稻荷一、[悬铃木魔女]东商变革、[Bubblegum☆Memories]大树快车、[假日宝石蓝]目白多伯、[unsigned]空中神宫、[涟漪佳人]目白麦昆、[RUN！乱！发射！！]黄金船、[黑铁的壮志]青竹回忆、[阴阳八卦☆开运服]小林历奇、[黄昏凯旋]醒目飞鹰、[梦想传递员]胜利奖券、[另类工程师]成田大进、[可可爱爱的六出冰花]雪之美人、[Rocket☆Star]采珠、[爱丽♡僵尸]爱丽数码、[Dot-o'-Lantern]名将怒涛、[Flare]阿斯顿真弓、[Fluttertail Spirit]山人西风、[轰鸣雷神]玉藻十字、[梦之金原]稻荷一、[死中求生]中山庆典、[Butterfly Sting]奇锐骏、[不会结冰的生命之水]伏特加、[绯红的星月之夜]大和赤骥、[Heroic Author]荒漠英雄、[饿狼]成田白仁、[压轴主角·庆鹤之志]北部玄驹、[当红之星·荣兴之翠]里见光钻、[星辉之航]北幸樽前、[Fun☆Fun☆嗨翻天]大拓太阳神、[MELTY GIFT]艾尼风神、[玛格丽特拿铁]目白莱恩,
30150,角色卡池,2023-02-24 11:00:00,2023-03-20 10:59:59,[爆走！ターボエンジン]ツインターボ、[Clear Bliss]ミスターシービー,
50015,角色卡池,2023-02-24 11:00:00,2024-03-29 10:59:59,[特别追梦者]特别周、[无声无瑕]无声铃鹿、[喜乐无边]东海帝王、[绯红方程式]丸善斯基、[星光跃动]小栗帽、[狂野前线]大树快车、[优雅曲线]目白麦昆、[O sole suo！]好歌剧、[皇帝]鲁道夫象征、[玫瑰之梦]米浴、[MB-19890425]美浦波旁、[pf.胜利公式]琵琶晨光、[飞跃地平线]东海帝王、[天际尽头]目白麦昆、[闪电少女]真机伶、[Nevertheless]成田大进、[绝对☆LOVE]醒目飞鹰、[Maverick]成田白仁、[阳光花束]重炮、[橡木王冠]气槽、[青云垂钓者]青云天空、[亚马逊青金石]菱亚马逊、[羽蛇武斗家]神鹰、[圣翠治愈师]草上飞、[流星歌剧]富士奇石、[真我/1928]黄金城、[雀跃♪维他命心拍]特别周、[飞跃☆夏夜]丸善斯基、[苍蓝/怒涛]名将怒涛、[Meisterschaft]荣进闪耀、[吉兆秋风]待兼福来、[Buono☆时尚]菱曙、[超级加急！全彩PP膜特殊加工]爱丽数码、[Make up Vampire！]米浴、[雪纺丝带木乃伊]超级溪流、[粉红公主]川上公主、[Creeping Black]曼城茶座、[皓月下的神箭手]鲁道夫象征、[秋樱舞娘]黄金城、[潮流☆Joker]岛川乔丹、[宛延曲线]目白多伯、[奇迹的胜利之星]小栗帽、[嫣红圣诞颂歌]琵琶晨光、[Noble Seamair]美妙姿势、[疾风迅雷]玉藻十字、[明媚新春♪樱花绽放]春乌菈菈、[新春初晴·宝蓝绚烂]好歌剧、[举世无双·樱花耀夜]樱花千代王、[CODE：淋面装饰]美浦波旁、[精确无比·巧克力大师]荣进闪耀、[墨绿柔线]目白雅丹、[Starry Nocturne]爱慕织姬、[锦绣·溢彩盛典]北部玄驹、[Natural Brilliance]里见光钻、[砺光韧线]目白光明、[星夜猫咪舞会]青云天空、[胜利之星]富士奇石、[叠瓣花蕾]西野花、[四白流星之袭]八重无敌、[RUN＆WIN]优秀素质、[洁白傲气的激励之服]帝王光辉、[全时狂欢]艾尼风神、[Line Breakthrough]目白善信、[朔月挚爱]真机伶、[Titania]美妙姿势、[稻荷因缘江户紫]稻荷一、[悬铃木魔女]东商变革、[Bubblegum☆Memories]大树快车、[假日宝石蓝]目白多伯、[unsigned]空中神宫、[涟漪佳人]目白麦昆、[RUN！乱！发射！！]黄金船、[黑铁的壮志]青竹回忆、[阴阳八卦☆开运服]小林历奇、[黄昏凯旋]醒目飞鹰、[梦想传递员]胜利奖券、[另类工程师]成田大进、[可可爱爱的六出冰花]雪之美人、[Rocket☆Star]采珠、[爱丽♡僵尸]爱丽数码、[Dot-o'-Lantern]名将怒涛、[Flare]阿斯顿真弓、[Fluttertail Spirit]山人西风、[轰鸣雷神]玉藻十字、[梦之金原]稻荷一、[死中求生]中山庆典、[Butterfly Sting]奇锐骏、[不会结冰的生命之水]伏特加、[绯红的星月之夜]大和赤骥、[Heroic Author]荒漠英雄、[饿狼]成田白仁、[压轴主角·庆鹤之志]北部玄驹、[当红之星·荣兴之翠]里见光钻、[星辉之航]北幸樽前、[Fun☆Fun☆嗨翻天]大拓太阳神、[MELTY GIFT]艾尼风神、[玛格丽特拿铁]目白莱恩,
30153,支援卡,2023-03-10 11:00:00,2023-03-20 10:59:59,[Escorte étoile]天狼星象征、[奔跑吧，奔跑吧，奔跑吧！！]小栗帽,
50018,支援卡,2023-03-10 11:00:00,2023-03-29 10:59:59,[献上全国第一的演出]特别周、[在耀眼景色的前方]无声铃鹿、[有梦想就要大声说出来！]东海帝王、[不沉舰的进击]黄金船、[伏特加之路]伏特加、[万紫千红中一枝独秀]草上飞、[热情的冠军！]神鹰、[期待已久的计谋]青云天空、[划破天空的闪电少女！]玉藻十字、[全身心的感谢]美妙姿势、[飞奔吧，闪耀吧]艾尼风神、[B·N·Winner！]胜利奖券、[冲向前方7厘米之外]空中神宫、[Run（my）way]黄金城、[好快！好吃！好快！]樱花进王、[一颗安心糖]超级溪流、[这就是我的优俊偶像之道☆]醒目飞鹰、[哪怕还不能独当一面]西野花、[必杀技！双胡萝卜拳！]微光飞驹、[欢迎来到特雷森学园！]骏川手纲、[“要受人喜爱啊”]小栗帽、[涡轮引擎马力全开！]双涡轮、[尽管笑我傻吧]目白善信、[身后迫近的热浪是动力]北部玄驹、[超越那前方的背影]里见光钻、[由故乡直达的助威！]雪之美人、[心中的烈火无法抑制]八重无敌、[樱花盛开之时]樱花千代王、[身为新娘！]川上公主、[请品尝第一口！]菱曙、[Head-on fight！]青竹回忆、[明天全国都会染红吧♪]青云天空、[起舞今宵]帝王光辉、[爽快！决胜一击！]目白莱恩、[独享冰凉？]东商变革、[全力嬉闹！]胜利奖券、[即使满身泥土，也要追逐梦想]优秀素质、[幸福就在转角后]米浴、[彻底管理主义]㭴本理子、[内心双脚皆温暖]生野狄杜斯、[大闹万圣夜！]玉藻十字、[被授予魔力的英雄]荒漠英雄、[43、8、1]中山庆典、[可爱的你，美丽的你]真机伶、[鸣箭嗤天]成田白仁、[舞动吧·躁动吧·狂欢吧！]大拓太阳神、[队形：PARTY]重炮、[倔强的集市]成田大进、[独奏·螺旋卡农]曼城茶座、[夜有黎明，天有祥星]爱慕织姬、[萍水相逢即是福♪]待兼福来、[要不赶紧扎一针？]安心泽刺刺美、[饱含心意的纸杯蛋糕]西野花、[极快！最快！花之风暴！]樱花进王、[“存在”于此的幸福]爱丽数码、[粉色背影]成田路,
50020,支援卡,2023-03-10 11:00:00,2023-03-29 10:59:59,[让世界更加☆marvelous]美丽周日、[Enchaînement]鲁道夫象征、[Escorte étoile]天狼星象征、[Outfit as No.1]大和赤骥、[收下这份鼓励吧！]青竹回忆、[那声加油改变了世界]采珠、[Dear Mr. C.B.]千明代表、[乌菈菈的热情之歌♪]春乌菈菈、[可爱的金兰之交们]生野狄杜斯、[坏蛋，举起手来！]大树快车、[光芒四射地奔跑吧∞]神鹰、[待兼唐☆大冒险]待兼唐怀瑟、[奔向理想的熏风]气槽、[尊尚敬爱]聚于王座之人、[小感伤预警♪]丸善斯基、[听凭骰运]中山庆典、[It's on the house.]曼城茶座、[from the GROUND UP]明亮光晕、[Q≠0]爱丽速子、[帝王！王！王！！！]东海帝王、[TT Ignition！]双涡轮、[啊，华丽一族]第一红宝、[月下小恶魔♪]目白善信、[太阳小天使♪]大拓太阳神、[A Win Foreshadowed]克里斯象征、[奔跑吧，奔跑吧，奔跑吧！！]小栗帽、[燃至天际的祈祷之火]八重无敌、[Danke schön]荣进闪耀、[GLAD TIDINGS]成田白仁、[Are you merry？]气槽、[化为那无人知晓的风]山人西风、[平安喜乐寄于板羽球中]特别周、[难以捉摸的绝世佳人]东商变革、[To you]喜嘉奇迹、[Marvelous☆巧克力盛宴]美丽周日、[变身！侍者形态！]微光飞驹、[燦爛]メジロラモーヌ,
30152,角色卡池,2023-03-10 11:00:00,2023-03-20 10:59:59,[華麗なる紅玉]ダイイチルビー,
50017,角色卡池,2023-03-10 11:00:00,2023-03-29 10:59:59,[特别追梦者]特别周、[无声无瑕]无声铃鹿、[喜乐无边]东海帝王、[绯红方程式]丸善斯基、[星光跃动]小栗帽、[狂野前线]大树快车、[优雅曲线]目白麦昆、[O sole suo！]好歌剧、[皇帝]鲁道夫象征、[玫瑰之梦]米浴、[MB-19890425]美浦波旁、[pf.胜利公式]琵琶晨光、[飞跃地平线]东海帝王、[天际尽头]目白麦昆、[闪电少女]真机伶、[Nevertheless]成田大进、[绝对☆LOVE]醒目飞鹰、[Maverick]成田白仁、[阳光花束]重炮、[橡木王冠]气槽、[青云垂钓者]青云天空、[亚马逊青金石]菱亚马逊、[羽蛇武斗家]神鹰、[圣翠治愈师]草上飞、[流星歌剧]富士奇石、[真我/1928]黄金城、[雀跃♪维他命心拍]特别周、[飞跃☆夏夜]丸善斯基、[苍蓝/怒涛]名将怒涛、[Meisterschaft]荣进闪耀、[吉兆秋风]待兼福来、[Buono☆时尚]菱曙、[超级加急！全彩PP膜特殊加工]爱丽数码、[Make up Vampire！]米浴、[雪纺丝带木乃伊]超级溪流、[粉红公主]川上公主、[Creeping Black]曼城茶座、[皓月下的神箭手]鲁道夫象征、[秋樱舞娘]黄金城、[潮流☆Joker]岛川乔丹、[宛延曲线]目白多伯、[奇迹的胜利之星]小栗帽、[嫣红圣诞颂歌]琵琶晨光、[Noble Seamair]美妙姿势、[疾风迅雷]玉藻十字、[明媚新春♪樱花绽放]春乌菈菈、[新春初晴·宝蓝绚烂]好歌剧、[举世无双·樱花耀夜]樱花千代王、[CODE：淋面装饰]美浦波旁、[精确无比·巧克力大师]荣进闪耀、[墨绿柔线]目白雅丹、[Starry Nocturne]爱慕织姬、[锦绣·溢彩盛典]北部玄驹,
50019,角色卡池,2023-03-10 11:00:00,2023-03-29 10:59:59,[Natural Brilliance]里见光钻、[砺光韧线]目白光明、[星夜猫咪舞会]青云天空、[胜利之星]富士奇石、[叠瓣花蕾]西野花、[四白流星之袭]八重无敌、[RUN＆WIN]优秀素质、[洁白傲气的激励之服]帝王光辉、[全时狂欢]艾尼风神、[Line Breakthrough]目白善信、[朔月挚爱]真机伶、[Titania]美妙姿势、[稻荷因缘江户紫]稻荷一、[悬铃木魔女]东商变革、[Bubblegum☆Memories]大树快车、[假日宝石蓝]目白多伯、[unsigned]空中神宫、[涟漪佳人]目白麦昆、[RUN！乱！发射！！]黄金船、[黑铁的壮志]青竹回忆、[阴阳八卦☆开运服]小林历奇、[黄昏凯旋]醒目飞鹰、[梦想传递员]胜利奖券、[另类工程师]成田大进、[可可爱爱的六出冰花]雪之美人、[Rocket☆Star]采珠、[爱丽♡僵尸]爱丽数码、[Dot-o'-Lantern]名将怒涛、[Flare]阿斯顿真弓、[Fluttertail Spirit]山人西风、[轰鸣雷神]玉藻十字、[梦之金原]稻荷一、[死中求生]中山庆典、[Butterfly Sting]奇锐骏、[不会结冰的生命之水]伏特加、[绯红的星月之夜]大和赤骥、[Heroic Author]荒漠英雄、[饿狼]成田白仁、[压轴主角·庆鹤之志]北部玄驹、[当红之星·荣兴之翠]里见光钻、[星辉之航]北幸樽前、[Fun☆Fun☆嗨翻天]大拓太阳神、[MELTY GIFT]艾尼风神、[玛格丽特拿铁]目白莱恩、[Wicked Punk]新光风、[Clear Bliss]ミスターシービー,
30155,支援卡,2023-03-20 11:00:00,2023-03-29 10:59:59,[甘～い浮き輪を召し上がれ]ヒシアケボノ、[永劫続く栄光へ]祖にして導く者,
30154,角色卡池,2023-03-20 11:00:00,2023-03-29 10:59:59,[Onyx Soldier]シンボリクリスエス,
30157,支援卡,2023-03-29 11:00:00,2023-04-10 10:59:59,[今は瞳を閉じないで]ナイスネイチャ、[心、夜風にさらわれて]メジロマックイーン,
30156,角色卡池,2023-03-29 11:00:00,2023-04-10 10:59:59,[Neige Émeraude]メジロアルダン、[Fleur Enneigée]サクラチヨノオー,
30159,支援卡,2023-04-10 11:00:00,2023-04-19 10:59:59,[Danke schön]荣进闪耀、[Are you merry？]气槽,
30158,角色卡池,2023-04-10 11:00:00,2023-04-19 10:59:59,[Saisir le rêve]サクラローレル,
30161,支援卡,2023-04-19 11:00:00,2023-04-28 10:59:59,[ゴルシ印のスペシャリテ]ゴールドシップ、[絶対皇帝]シンボリルドルフ,
30160,角色卡池,2023-04-19 11:00:00,2023-04-28 10:59:59,[Universe-Naut]ネオユニヴァース,
30163,支援卡,2023-04-28 11:00:00,2023-05-10 10:59:59,[ミッション『心の栄養補給』]ミホノブルボン、[刻下、桜花爛漫]サクラローレル,
30162,角色卡池,2023-04-28 11:00:00,2023-05-10 10:59:59,[ブルー・タービュランス]マチカネタンホイザ、[レッドホット☆リーダー]サクラバクシンオー,
30164,角色卡池,2023-04-28 11:00:00,2023-05-10 10:59:59,[真我/1928]黄金城、[潮流☆Joker]岛川乔丹、[Line Breakthrough]目白善信、[Fun☆Fun☆嗨翻天]大拓太阳神,
30167,支援卡,2023-05-10 11:00:00,2023-05-19 10:59:59,[化为那无人知晓的风]山人西风、[To you]喜嘉奇迹,
30166,角色卡池,2023-05-10 11:00:00,2023-05-19 10:59:59,[みらくるめーくあっぷ！]ヒシミラクル,
30169,支援卡,2023-05-19 11:00:00,2023-05-29 10:59:59,[激マブ！ドライブ♪]マルゼンスキー、[The frontier]ジャングルポケット,
30168,角色卡池,2023-05-19 11:00:00,2023-05-29 10:59:59,[身に纏うケラヴノス]タニノギムレット,
30171,支援卡,2023-05-29 11:00:00,2023-06-09 10:59:59,[Something Blue]ダイワスカーレット、[オートクチュール・メモリー]アストンマーチャン,
30170,角色卡池,2023-05-29 11:00:00,2023-06-09 10:59:59,[Sweet Juneberry]ニシノフラワー、[Hungry Veil]ヒシアマゾン,
30173,支援卡,2023-06-09 11:00:00,2023-06-19 10:59:59,[夕立の向こうからのぞく]サイレンススズカ、[All'alba vincerò!]テイエムオペラオー,
30172,角色卡池,2023-06-09 11:00:00,2023-06-19 10:59:59,[Bubblegum☆Memories]大树快车、[Fluttertail Spirit]山人西风,
30175,支援卡,2023-06-19 11:00:00,2023-06-29 10:59:59,[トレセン学園]コパノリッキー、[ラッキーの神様は早起き]コパノリッキー、[Chill chill night*]マヤノトップガン,
50022,支援卡,2023-06-19 11:00:00,2023-07-10 10:59:59,[要不赶紧扎一针？]安心泽刺刺美、[饱含心意的纸杯蛋糕]西野花、[极快！最快！花之风暴！]樱花进王、[“存在”于此的幸福]爱丽数码、[粉色背影]成田路、[让世界更加☆marvelous]美丽周日、[Enchaînement]鲁道夫象征、[Escorte étoile]天狼星象征、[Outfit as No.1]大和赤骥、[收下这份鼓励吧！]青竹回忆、[那声加油改变了世界]采珠、[Dear Mr. C.B.]千明代表、[乌菈菈的热情之歌♪]春乌菈菈、[可爱的金兰之交们]生野狄杜斯、[坏蛋，举起手来！]大树快车、[光芒四射地奔跑吧∞]神鹰、[待兼唐☆大冒险]待兼唐怀瑟、[奔向理想的熏风]气槽、[尊尚敬爱]聚于王座之人、[小感伤预警♪]丸善斯基、[听凭骰运]中山庆典、[It's on the house.]曼城茶座、[from the GROUND UP]明亮光晕、[Q≠0]爱丽速子、[帝王！王！王！！！]东海帝王、[TT Ignition！]双涡轮、[啊，华丽一族]第一红宝、[月下小恶魔♪]目白善信、[太阳小天使♪]大拓太阳神、[A Win Foreshadowed]克里斯象征、[奔跑吧，奔跑吧，奔跑吧！！]小栗帽、[燃至天际的祈祷之火]八重无敌、[Danke schön]荣进闪耀、[GLAD TIDINGS]成田白仁、[Are you merry？]气槽、[化为那无人知晓的风]山人西风、[平安喜乐寄于板羽球中]特别周、[难以捉摸的绝世佳人]东商变革,
50024,支援卡,2023-06-19 11:00:00,2023-07-10 10:59:59,[To you]喜嘉奇迹、[Marvelous☆巧克力盛宴]美丽周日、[变身！侍者形态！]微光飞驹、[燦爛]メジロラモーヌ、[永劫続く栄光へ]祖にして導く者、[今は瞳を閉じないで]ナイスネイチャ、[心、夜風にさらわれて]メジロマックイーン、[絶対皇帝]シンボリルドルフ、[ミッション『心の栄養補給』]ミホノブルボン、[刻下、桜花爛漫]サクラローレル、[The frontier]ジャングルポケット、[Something Blue]ダイワスカーレット、[オートクチュール・メモリー]アストンマーチャン、[All'alba vincerò!]テイエムオペラオー,
30174,角色卡池,2023-06-19 11:00:00,2023-06-29 10:59:59,[☆キラ★ドキ☆ワク∞マベ∞]マーベラスサンデー,
50021,角色卡池,2023-06-19 11:00:00,2023-07-10 10:59:59,[举世无双·樱花耀夜]樱花千代王、[CODE：淋面装饰]美浦波旁、[精确无比·巧克力大师]荣进闪耀、[墨绿柔线]目白雅丹、[Starry Nocturne]爱慕织姬、[锦绣·溢彩盛典]北部玄驹、[Natural Brilliance]里见光钻、[砺光韧线]目白光明、[星夜猫咪舞会]青云天空、[胜利之星]富士奇石、[叠瓣花蕾]西野花、[四白流星之袭]八重无敌、[RUN＆WIN]优秀素质、[洁白傲气的激励之服]帝王光辉、[全时狂欢]艾尼风神、[Line Breakthrough]目白善信、[朔月挚爱]真机伶、[Titania]美妙姿势、[稻荷因缘江户紫]稻荷一、[悬铃木魔女]东商变革、[Bubblegum☆Memories]大树快车、[假日宝石蓝]目白多伯、[unsigned]空中神宫、[涟漪佳人]目白麦昆、[RUN！乱！发射！！]黄金船、[黑铁的壮志]青竹回忆、[阴阳八卦☆开运服]小林历奇、[黄昏凯旋]醒目飞鹰、[梦想传递员]胜利奖券、[另类工程师]成田大进、[可可爱爱的六出冰花]雪之美人、[Rocket☆Star]采珠、[爱丽♡僵尸]爱丽数码、[Dot-o'-Lantern]名将怒涛、[Flare]阿斯顿真弓、[Fluttertail Spirit]山人西风、[轰鸣雷神]玉藻十字、[梦之金原]稻荷一、[死中求生]中山庆典、[Butterfly Sting]奇锐骏、[不会结冰的生命之水]伏特加、[绯红的星月之夜]大和赤骥、[Heroic Author]荒漠英雄、[饿狼]成田白仁、[压轴主角·庆鹤之志]北部玄驹、[当红之星·荣兴之翠]里见光钻,
50023,角色卡池,2023-06-19 11:00:00,2023-07-10 10:59:59,[星辉之航]北幸樽前、[Fun☆Fun☆嗨翻天]大拓太阳神、[MELTY GIFT]艾尼风神、[玛格丽特拿铁]目白莱恩、[Wicked Punk]新光风、[Clear Bliss]ミスターシービー、[華麗なる紅玉]ダイイチルビー、[Onyx Soldier]シンボリクリスエス、[Neige Émeraude]メジロアルダン、[Fleur Enneigée]サクラチヨノオー、[Saisir le rêve]サクラローレル、[Universe-Naut]ネオユニヴァース、[ブルー・タービュランス]マチカネタンホイザ、[レッドホット☆リーダー]サクラバクシンオー、[みらくるめーくあっぷ！]ヒシミラクル、[身に纏うケラヴノス]タニノギムレット、[Sweet Juneberry]ニシノフラワー、[Hungry Veil]ヒシアマゾン,
30177,支援卡,2023-06-29 11:00:00,2023-07-10 10:59:59,[優しい月]ゴールドシチー、[カモメのように]メジロパーマー,
30176,角色卡池,2023-06-29 11:00:00,2023-07-10 10:59:59,[Ultra☆Marine]バンブーメモリー、[Aurore☆Vacances]トーセンジョーダン,
30179,支援卡,2023-07-10 11:00:00,2023-07-21 10:59:59,[TT Ignition！]双涡轮、[啊，华丽一族]第一红宝,
30178,角色卡池,2023-07-10 11:00:00,2023-07-21 10:59:59,[登竜之頂]カツラギエース,
50025,角色卡池,2023-07-15 20:00:00,2023-07-21 10:59:59,[喜乐无边]东海帝王、[星光跃动]小栗帽、[pf.胜利公式]琵琶晨光、[飞跃地平线]东海帝王、[Maverick]成田白仁、[超级加急！全彩PP膜特殊加工]爱丽数码、[雪纺丝带木乃伊]超级溪流、[奇迹的胜利之星]小栗帽、[嫣红圣诞颂歌]琵琶晨光、[Noble Seamair]美妙姿势、[锦绣·溢彩盛典]北部玄驹、[Line Breakthrough]目白善信、[Titania]美妙姿势、[unsigned]空中神宫、[爱丽♡僵尸]爱丽数码、[Fluttertail Spirit]山人西风、[Butterfly Sting]奇锐骏、[不会结冰的生命之水]伏特加、[绯红的星月之夜]大和赤骥、[饿狼]成田白仁、[压轴主角·庆鹤之志]北部玄驹、[星辉之航]北幸樽前、[Fun☆Fun☆嗨翻天]大拓太阳神、[Clear Bliss]ミスターシービー、[華麗なる紅玉]ダイイチルビー、[Onyx Soldier]シンボリクリスエス、[登竜之頂]カツラギエース,
50027,角色卡池,2023-07-16 20:00:00,2023-07-21 10:59:59,[喜乐无边]东海帝王、[玫瑰之梦]米浴、[O sole suo！]好歌剧、[飞跃地平线]东海帝王、[苍蓝/怒涛]名将怒涛、[Make up Vampire！]米浴、[新春初晴·宝蓝绚烂]好歌剧、[Starry Nocturne]爱慕织姬、[锦绣·溢彩盛典]北部玄驹、[阴阳八卦☆开运服]小林历奇、[Dot-o'-Lantern]名将怒涛、[Butterfly Sting]奇锐骏、[绯红的星月之夜]大和赤骥、[压轴主角·庆鹤之志]北部玄驹、[星辉之航]北幸樽前、[Clear Bliss]ミスターシービー、[Onyx Soldier]シンボリクリスエス、[Saisir le rêve]サクラローレル、[ブルー・タービュランス]マチカネタンホイザ、[みらくるめーくあっぷ！]ヒシミラクル、[身に纏うケラヴノス]タニノギムレット、[登竜之頂]カツラギエース,
30181,支援卡,2023-07-21 11:00:00,2023-07-31 10:59:59,[トレセン学園]ワンダーアキュート、[よい茶の飲み置き]グラスワンダー、[ライフロング・ワンダー]ワンダーアキュート,
30180,角色卡池,2023-07-21 11:00:00,2023-07-31 10:59:59,[Féroce]シリウスシンボリ,
30183,支援卡,2023-07-31 11:00:00,2023-08-14 10:59:59,[君と見る泡沫]マンハッタンカフェ、[トばすぜホットサマー！]ジャングルポケット,
30182,角色卡池,2023-07-31 11:00:00,2023-08-14 10:59:59,[Lunatic Lab]アグネスタキオン、[波間のエメラルド]サイレンススズカ,
30185,支援卡,2023-08-14 11:00:00,2023-08-24 10:59:59,[小感伤预警♪]丸善斯基、[燦爛]メジロラモーヌ,
30184,角色卡池,2023-08-14 11:00:00,2023-08-24 10:59:59,[阴阳八卦☆开运服]小林历奇、[星辉之航]北幸樽前,
30187,支援卡,2023-08-24 11:00:00,2023-09-11 10:59:59,[URA職員]佐岳メイ、[L'aubeは迫りて]佐岳メイ、[大望は飛んでいく]エルコンドルパサー,
50030,支援卡,2023-08-24 11:00:00,2023-09-29 10:59:59,[在耀眼景色的前方]无声铃鹿、[有梦想就要大声说出来！]东海帝王、[Run（my）way]黄金城、[好快！好吃！好快！]樱花进王、[哪怕还不能独当一面]西野花、[必杀技！双胡萝卜拳！]微光飞驹、[涡轮引擎马力全开！]双涡轮、[身后迫近的热浪是动力]北部玄驹、[身为新娘！]川上公主、[独享冰凉？]东商变革、[被授予魔力的英雄]荒漠英雄、[队形：PARTY]重炮、[萍水相逢即是福♪]待兼福来,
50032,支援卡,2023-08-24 11:00:00,2023-09-29 10:59:59,[粉色背影]成田路、[那声加油改变了世界]采珠、[坏蛋，举起手来！]大树快车、[小感伤预警♪]丸善斯基、[Q≠0]爱丽速子、[太阳小天使♪]大拓太阳神、[Danke schön]荣进闪耀、[Marvelous☆巧克力盛宴]美丽周日、[The frontier]ジャングルポケット、[カモメのように]メジロパーマー,
50034,支援卡,2023-08-24 11:00:00,2023-09-29 10:59:59,[不沉舰的进击]黄金船、[期待已久的计谋]青云天空、[划破天空的闪电少女！]玉藻十字、[一颗安心糖]超级溪流、[超越那前方的背影]里见光钻、[樱花盛开之时]樱花千代王、[全力嬉闹！]胜利奖券、[43、8、1]中山庆典、[鸣箭嗤天]成田白仁、[独奏·螺旋卡农]曼城茶座,
50036,支援卡,2023-08-24 11:00:00,2023-09-29 10:59:59,[Enchaînement]鲁道夫象征、[可爱的金兰之交们]生野狄杜斯、[It's on the house.]曼城茶座、[月下小恶魔♪]目白善信、[A Win Foreshadowed]克里斯象征、[平安喜乐寄于板羽球中]特别周、[心、夜風にさらわれて]メジロマックイーン、[刻下、桜花爛漫]サクラローレル,
50038,支援卡,2023-08-24 11:00:00,2023-09-29 10:59:59,[伏特加之路]伏特加、[热情的冠军！]神鹰、[这就是我的优俊偶像之道☆]醒目飞鹰、[“要受人喜爱啊”]小栗帽、[心中的烈火无法抑制]八重无敌、[Head-on fight！]青竹回忆、[起舞今宵]帝王光辉、[幸福就在转角后]米浴、[大闹万圣夜！]玉藻十字、[舞动吧·躁动吧·狂欢吧！]大拓太阳神、[夜有黎明，天有祥星]爱慕织姬,
50040,支援卡,2023-08-24 11:00:00,2023-09-29 10:59:59,[“存在”于此的幸福]爱丽数码、[Outfit as No.1]大和赤骥、[乌菈菈的热情之歌♪]春乌菈菈、[奔向理想的熏风]气槽、[啊，华丽一族]第一红宝、[GLAD TIDINGS]成田白仁、[变身！侍者形态！]微光飞驹、[今は瞳を閉じないで]ナイスネイチャ、[Chill chill night*]マヤノトップガン、[ライフロング・ワンダー]ワンダーアキュート,
50042,支援卡,2023-08-24 11:00:00,2023-09-29 10:59:59,[献上全国第一的演出]特别周、[万紫千红中一枝独秀]草上飞、[飞奔吧，闪耀吧]艾尼风神、[B·N·Winner！]胜利奖券、[尽管笑我傻吧]目白善信、[请品尝第一口！]菱曙、[爽快！决胜一击！]目白莱恩、[内心双脚皆温暖]生野狄杜斯,
50044,支援卡,2023-08-24 11:00:00,2023-09-29 10:59:59,[极快！最快！花之风暴！]樱花进王、[让世界更加☆marvelous]美丽周日、[收下这份鼓励吧！]青竹回忆、[光芒四射地奔跑吧∞]神鹰、[TT Ignition！]双涡轮、[燃至天际的祈祷之火]八重无敌、[化为那无人知晓的风]山人西风、[To you]喜嘉奇迹、[絶対皇帝]シンボリルドルフ、[Something Blue]ダイワスカーレット、[優しい月]ゴールドシチー、[トばすぜホットサマー！]ジャングルポケット,
50046,支援卡,2023-08-24 11:00:00,2023-09-29 10:59:59,[全身心的感谢]美妙姿势、[冲向前方7厘米之外]空中神宫、[由故乡直达的助威！]雪之美人、[明天全国都会染红吧♪]青云天空、[即使满身泥土，也要追逐梦想]优秀素质、[可爱的你，美丽的你]真机伶、[倔强的集市]成田大进,
50048,支援卡,2023-08-24 11:00:00,2023-09-29 10:59:59,[饱含心意的纸杯蛋糕]西野花、[Escorte étoile]天狼星象征、[Dear Mr. C.B.]千明代表、[待兼唐☆大冒险]待兼唐怀瑟、[听凭骰运]中山庆典、[帝王！王！王！！！]东海帝王、[奔跑吧，奔跑吧，奔跑吧！！]小栗帽、[Are you merry？]气槽、[难以捉摸的绝世佳人]东商变革、[燦爛]メジロラモーヌ、[ミッション『心の栄養補給』]ミホノブルボン、[オートクチュール・メモリー]アストンマーチャン、[All'alba vincerò!]テイエムオペラオー、[君と見る泡沫]マンハッタンカフェ,
30186,角色卡池,2023-08-24 11:00:00,2023-09-11 10:59:59,[The Proud Road]ナリタトップロード,
50029,角色卡池,2023-08-24 11:00:00,2023-09-29 10:59:59,[闪电少女]真机伶、[流星歌剧]富士奇石、[Buono☆时尚]菱曙、[叠瓣花蕾]西野花、[洁白傲气的激励之服]帝王光辉、[朔月挚爱]真机伶、[Rocket☆Star]采珠、[Flare]阿斯顿真弓、[華麗なる紅玉]ダイイチルビー、[レッドホット☆リーダー]サクラバクシンオー、[Ultra☆Marine]バンブーメモリー,
50031,角色卡池,2023-08-24 11:00:00,2023-09-29 10:59:59,[绯红方程式]丸善斯基、[星光跃动]小栗帽、[狂野前线]大树快车、[橡木王冠]气槽、[真我/1928]黄金城、[飞跃☆夏夜]丸善斯基、[秋樱舞娘]黄金城、[举世无双·樱花耀夜]樱花千代王、[胜利之星]富士奇石、[Titania]美妙姿势、[Bubblegum☆Memories]大树快车、[黑铁的壮志]青竹回忆、[Fluttertail Spirit]山人西风、[Fun☆Fun☆嗨翻天]大拓太阳神、[Sweet Juneberry]ニシノフラワー,
50033,角色卡池,2023-08-24 11:00:00,2023-09-29 10:59:59,[无声无瑕]无声铃鹿、[喜乐无边]东海帝王、[皇帝]鲁道夫象征、[MB-19890425]美浦波旁、[飞跃地平线]东海帝王、[阳光花束]重炮、[青云垂钓者]青云天空、[亚马逊青金石]菱亚马逊、[苍蓝/怒涛]名将怒涛、[Meisterschaft]荣进闪耀,
50035,角色卡池,2023-08-24 11:00:00,2023-09-29 10:59:59,[粉红公主]川上公主、[皓月下的神箭手]鲁道夫象征、[潮流☆Joker]岛川乔丹、[宛延曲线]目白多伯、[奇迹的胜利之星]小栗帽、[Noble Seamair]美妙姿势、[CODE：淋面装饰]美浦波旁、[精确无比·巧克力大师]荣进闪耀、[墨绿柔线]目白雅丹、[Starry Nocturne]爱慕织姬,
50037,角色卡池,2023-08-24 11:00:00,2023-09-29 10:59:59,[星夜猫咪舞会]青云天空、[四白流星之袭]八重无敌、[RUN＆WIN]优秀素质、[全时狂欢]艾尼风神、[悬铃木魔女]东商变革、[假日宝石蓝]目白多伯、[unsigned]空中神宫,
50039,角色卡池,2023-08-24 11:00:00,2023-09-29 10:59:59,[梦想传递员]胜利奖券、[另类工程师]成田大进、[可可爱爱的六出冰花]雪之美人、[Dot-o'-Lantern]名将怒涛、[轰鸣雷神]玉藻十字、[死中求生]中山庆典、[不会结冰的生命之水]伏特加、[Heroic Author]荒漠英雄、[压轴主角·庆鹤之志]北部玄驹、[MELTY GIFT]艾尼风神、[玛格丽特拿铁]目白莱恩,
50041,角色卡池,2023-08-24 11:00:00,2023-09-29 10:59:59,[Clear Bliss]ミスターシービー、[Neige Émeraude]メジロアルダン、[Fleur Enneigée]サクラチヨノオー、[Universe-Naut]ネオユニヴァース、[ブルー・タービュランス]マチカネタンホイザ、[身に纏うケラヴノス]タニノギムレット、[Hungry Veil]ヒシアマゾン、[☆キラ★ドキ☆ワク∞マベ∞]マーベラスサンデー、[Aurore☆Vacances]トーセンジョーダン、[登竜之頂]カツラギエース、[Féroce]シリウスシンボリ、[Lunatic Lab]アグネスタキオン、[波間のエメラルド]サイレンススズカ,
50043,角色卡池,2023-08-24 11:00:00,2023-09-29 10:59:59,[特别追梦者]特别周、[优雅曲线]目白麦昆、[玫瑰之梦]米浴、[O sole suo！]好歌剧、[pf.胜利公式]琵琶晨光、[天际尽头]目白麦昆、[Nevertheless]成田大进、[Maverick]成田白仁、[圣翠治愈师]草上飞、[雀跃♪维他命心拍]特别周、[吉兆秋风]待兼福来、[Make up Vampire！]米浴、[雪纺丝带木乃伊]超级溪流、[Creeping Black]曼城茶座、[嫣红圣诞颂歌]琵琶晨光、[疾风迅雷]玉藻十字、[新春初晴·宝蓝绚烂]好歌剧,
50045,角色卡池,2023-08-24 11:00:00,2023-09-29 10:59:59,[锦绣·溢彩盛典]北部玄驹、[Natural Brilliance]里见光钻、[砺光韧线]目白光明、[Line Breakthrough]目白善信、[涟漪佳人]目白麦昆、[RUN！乱！发射！！]黄金船、[梦之金原]稻荷一、[绯红的星月之夜]大和赤骥、[饿狼]成田白仁、[当红之星·荣兴之翠]里见光钻、[Onyx Soldier]シンボリクリスエス、[Saisir le rêve]サクラローレル、[みらくるめーくあっぷ！]ヒシミラクル,
50047,角色卡池,2023-08-24 11:00:00,2023-09-29 10:59:59,[绝对☆LOVE]醒目飞鹰、[羽蛇武斗家]神鹰、[超级加急！全彩PP膜特殊加工]爱丽数码、[明媚新春♪樱花绽放]春乌菈菈、[稻荷因缘江户紫]稻荷一、[阴阳八卦☆开运服]小林历奇、[黄昏凯旋]醒目飞鹰、[爱丽♡僵尸]爱丽数码、[Butterfly Sting]奇锐骏、[星辉之航]北幸樽前、[Wicked Punk]新光风,
30189,支援卡,2023-08-31 11:00:00,2023-09-11 10:59:59,[お助け大将と小さな魔女]キタサンブラック、[鉄火場に咲く菫]ナカヤマフェスタ,
30188,角色卡池,2023-08-31 11:00:00,2023-09-11 10:59:59,[La mode 564]ゴールドシップ,
30191,支援卡,2023-09-11 11:00:00,2023-09-20 10:59:59,[平安喜乐寄于板羽球中]特别周、[心、夜風にさらわれて]メジロマックイーン,
30190,角色卡池,2023-09-11 11:00:00,2023-09-20 10:59:59,[シュヴァリエ・ブル]サトノダイヤモンド,
50051,角色卡池,2023-09-16 19:00:00,2023-09-22 10:59:59,[特别追梦者]特别周、[喜乐无边]东海帝王、[星光跃动]小栗帽、[玫瑰之梦]米浴、[MB-19890425]美浦波旁、[飞跃地平线]东海帝王、[Maverick]成田白仁、[阳光花束]重炮、[圣翠治愈师]草上飞、[羽蛇武斗家]神鹰、[雀跃♪维他命心拍]特别周、[Make up Vampire！]米浴、[奇迹的胜利之星]小栗帽、[CODE：淋面装饰]美浦波旁、[锦绣·溢彩盛典]北部玄驹、[Natural Brilliance]里见光钻、[四白流星之袭]八重无敌、[RUN＆WIN]优秀素质、[洁白傲气的激励之服]帝王光辉、[稻荷因缘江户紫]稻荷一、[梦之金原]稻荷一、[不会结冰的生命之水]伏特加、[绯红的星月之夜]大和赤骥、[饿狼]成田白仁、[当红之星·荣兴之翠]里见光钻、[压轴主角·庆鹤之志]北部玄驹、[Saisir le rêve]サクラローレル、[ブルー・タービュランス]マチカネタンホイザ、[シュヴァリエ・ブル]サトノダイヤモンド,
50053,角色卡池,2023-09-17 19:00:00,2023-09-22 10:59:59,[喜乐无边]东海帝王、[星光跃动]小栗帽、[飞跃地平线]东海帝王、[闪电少女]真机伶、[绝对☆LOVE]醒目飞鹰、[圣翠治愈师]草上飞、[羽蛇武斗家]神鹰、[真我/1928]黄金城、[秋樱舞娘]黄金城、[潮流☆Joker]岛川乔丹、[奇迹的胜利之星]小栗帽、[明媚新春♪樱花绽放]春乌菈菈、[锦绣·溢彩盛典]北部玄驹、[Natural Brilliance]里见光钻、[RUN＆WIN]优秀素质、[Line Breakthrough]目白善信、[朔月挚爱]真机伶、[RUN！乱！发射！！]黄金船、[黄昏凯旋]醒目飞鹰、[死中求生]中山庆典、[当红之星·荣兴之翠]里见光钻、[压轴主角·庆鹤之志]北部玄驹、[Fun☆Fun☆嗨翻天]大拓太阳神、[Universe-Naut]ネオユニヴァース、[ブルー・タービュランス]マチカネタンホイザ、[Aurore☆Vacances]トーセンジョーダン、[Féroce]シリウスシンボリ、[La mode 564]ゴールドシップ、[シュヴァリエ・ブル]サトノダイヤモンド,
30193,支援卡,2023-09-20 11:00:00,2023-09-29 10:59:59,[あまえんぼNight]タイキシャトル、[炎々、闘志を抱き]ヒシアマゾン,
30192,角色卡池,2023-09-20 11:00:00,2023-09-29 10:59:59,[Prism]ケイエスミラクル,
30195,支援卡,2023-09-29 11:00:00,2023-10-10 10:59:59,[トレセン学園]タップダンスシチー、[フォルトゥーナの喝采]タニノギムレット、[高らかにYO-HO!]タップダンスシチー,
30194,角色卡池,2023-09-29 11:00:00,2023-10-10 10:59:59,[Belphegor's Prime]エアシャカール、[Jetblack Automaton]シンボリクリスエス,
50058,支援卡,2023-10-05 11:00:00,2023-11-09 10:59:59,[献上全国第一的演出]特别周、[在耀眼景色的前方]无声铃鹿、[万紫千红中一枝独秀]草上飞、[坏蛋，举起手来！]大树快车、[小感伤预警♪]丸善斯基、[GLAD TIDINGS]成田白仁、[Are you merry？]气槽、[平安喜乐寄于板羽球中]特别周、[絶対皇帝]シンボリルドルフ、[All'alba vincerò!]テイエムオペラオー,
50057,角色卡池,2023-10-05 11:00:00,2023-11-09 10:59:59,[特别追梦者]特别周、[无声无瑕]无声铃鹿、[羽蛇武斗家]神鹰、[雀跃♪维他命心拍]特别周、[明媚新春♪樱花绽放]春乌菈菈、[星夜猫咪舞会]青云天空、[RUN！乱！发射！！]黄金船、[不会结冰的生命之水]伏特加、[绯红的星月之夜]大和赤骥、[波間のエメラルド]サイレンススズカ,
30199,支援卡,2023-10-19 11:00:00,2023-10-30 10:59:59,[とびっきりの金メダル]ナイスネイチャ、[波をかきわけ夢がゆく]ゴールドシップ,
30198,角色卡池,2023-10-19 11:00:00,2023-10-30 10:59:59,[オニキス・ライン]メジロラモーヌ,
30201,支援卡,2023-10-30 11:00:00,2023-11-09 10:59:59,[天より遣われし微笑み]ツルマルツヨシ、[我が舞、巡りて]キングヘイロー,
30200,角色卡池,2023-10-30 11:00:00,2023-11-09 10:59:59,[水干撫子]カワカミプリンセス、[紫雲の夢見取り]トウカイテイオー,
30203,支援卡,2023-11-09 11:00:00,2023-11-20 10:59:59,[あくもー退散！？]マチカネタンホイザ、[かっとばせー！ですわ！？]メジロマックイーン,
50060,支援卡,2023-11-09 11:00:00,2023-12-11 10:59:59,[有梦想就要大声说出来！]东海帝王、[B·N·Winner！]胜利奖券、[身后迫近的热浪是动力]北部玄驹、[超越那前方的背影]里见光钻、[倔强的集市]成田大进、[可爱的金兰之交们]生野狄杜斯、[待兼唐☆大冒险]待兼唐怀瑟、[帝王！王！王！！！]东海帝王、[TT Ignition！]双涡轮、[心、夜風にさらわれて]メジロマックイーン,
50059,角色卡池,2023-11-09 11:00:00,2023-12-11 10:59:59,[喜乐无边]东海帝王、[飞跃地平线]东海帝王、[天际尽头]目白麦昆、[Make up Vampire！]米浴、[嫣红圣诞颂歌]琵琶晨光、[CODE：淋面装饰]美浦波旁、[RUN＆WIN]优秀素质、[Line Breakthrough]目白善信、[涟漪佳人]目白麦昆、[Fun☆Fun☆嗨翻天]大拓太阳神,
30205,支援卡,2023-11-20 11:00:00,2023-11-30 10:59:59,[トレセン学園]サウンズオブアース、[トレセン学園]ヴィルシーナ、[長姉は大変？]ヴィルシーナ、[大地と我らのアンサンブル]サウンズオブアース,
30204,角色卡池,2023-11-20 11:00:00,2023-11-30 10:59:59,[GLITTER!]タップダンスシチー,
30207,支援卡,2023-11-30 11:00:00,2023-12-11 10:59:59,[聖夜、変わるために]メジロドーベル、[冬溶かす熾火]メジロラモーヌ,
30206,角色卡池,2023-11-30 11:00:00,2023-12-11 10:59:59,[赤心のトナカイさん]メジロパーマー、[清らに星澄むスノーロリィタ]メジロブライト,
30208,角色卡池,2023-12-11 11:00:00,2023-12-20 10:59:59,[黒翠千里行]サトノクラウン,
30211,支援卡,2023-12-20 11:00:00,2023-12-28 10:59:59,[トレセン学園]ヴィブロス、[トレセン学園]ロイスアンドロイス、[『最強』は作れる！]ロイスアンドロイス、[会心のウイニングスマイル]ヴィブロス,
30210,角色卡池,2023-12-20 11:00:00,2023-12-28 10:59:59,[Grand itinéraire]シュヴァルグラン,
30213,支援卡,2023-12-28 11:00:00,2024-01-09 10:59:59,[トレセン学園]ドゥラメンテ、[血脈の胎動]ドゥラメンテ、[百花の願いをこの胸に]サトノダイヤモンド,
20013,角色卡池,2023-12-28 11:00:00,2050-01-01 14:00:00,[特别追梦者]特别周、[喜乐无边]东海帝王、[星光跃动]小栗帽、[玫瑰之梦]米浴、[O sole suo！]好歌剧、[MB-19890425]美浦波旁、[pf.胜利公式]琵琶晨光、[飞跃地平线]东海帝王、[闪电少女]真机伶、[绝对☆LOVE]醒目飞鹰、[Maverick]成田白仁、[阳光花束]重炮、[羽蛇武斗家]神鹰、[圣翠治愈师]草上飞、[真我/1928]黄金城、[雀跃♪维他命心拍]特别周、[苍蓝/怒涛]名将怒涛、[超级加急！全彩PP膜特殊加工]爱丽数码、[Make up Vampire！]米浴、[雪纺丝带木乃伊]超级溪流、[秋樱舞娘]黄金城、[潮流☆Joker]岛川乔丹、[奇迹的胜利之星]小栗帽、[嫣红圣诞颂歌]琵琶晨光、[Noble Seamair]美妙姿势、[明媚新春♪樱花绽放]春乌菈菈、[新春初晴·宝蓝绚烂]好歌剧、[CODE：淋面装饰]美浦波旁、[Starry Nocturne]爱慕织姬、[锦绣·溢彩盛典]北部玄驹、[Natural Brilliance]里见光钻、[四白流星之袭]八重无敌、[RUN＆WIN]优秀素质、[洁白傲气的激励之服]帝王光辉、[Line Breakthrough]目白善信、[朔月挚爱]真机伶、[Titania]美妙姿势、[稻荷因缘江户紫]稻荷一、[unsigned]空中神宫、[RUN！乱！发射！！]黄金船、[阴阳八卦☆开运服]小林历奇、[黄昏凯旋]醒目飞鹰、[爱丽♡僵尸]爱丽数码、[Dot-o'-Lantern]名将怒涛、[Fluttertail Spirit]山人西风、[梦之金原]稻荷一、[死中求生]中山庆典、[Butterfly Sting]奇锐骏、[不会结冰的生命之水]伏特加、[绯红的星月之夜]大和赤骥、[饿狼]成田白仁、[压轴主角·庆鹤之志]北部玄驹、[当红之星·荣兴之翠]里见光钻、[星辉之航]北幸樽前、[Fun☆Fun☆嗨翻天]大拓太阳神、[Clear Bliss]ミスターシービー、[華麗なる紅玉]ダイイチルビー、[Onyx Soldier]シンボリクリスエス、[Saisir le rêve]サクラローレル、[Universe-Naut]ネオユニヴァース、[ブルー・タービュランス]マチカネタンホイザ、[みらくるめーくあっぷ！]ヒシミラクル、[身に纏うケラヴノス]タニノギムレット、[Aurore☆Vacances]トーセンジョーダン、[登竜之頂]カツラギエース、[Féroce]シリウスシンボリ、[La mode 564]ゴールドシップ、[シュヴァリエ・ブル]サトノダイヤモンド,
30212,角色卡池,2023-12-28 11:00:00,2024-01-09 10:59:59,[結願のしまい華]キタサンブラック,
50065,支援卡,2024-01-01 11:00:00,2024-02-29 10:59:59,[要不赶紧扎一针？]安心泽刺刺美、[饱含心意的纸杯蛋糕]西野花、[极快！最快！花之风暴！]樱花进王、[“存在”于此的幸福]爱丽数码、[粉色背影]成田路、[让世界更加☆marvelous]美丽周日、[Enchaînement]鲁道夫象征、[Escorte étoile]天狼星象征、[Outfit as No.1]大和赤骥、[收下这份鼓励吧！]青竹回忆、[那声加油改变了世界]采珠、[Dear Mr. C.B.]千明代表、[乌菈菈的热情之歌♪]春乌菈菈、[可爱的金兰之交们]生野狄杜斯、[坏蛋，举起手来！]大树快车、[光芒四射地奔跑吧∞]神鹰、[待兼唐☆大冒险]待兼唐怀瑟、[奔向理想的熏风]气槽、[尊尚敬爱]聚于王座之人、[小感伤预警♪]丸善斯基、[听凭骰运]中山庆典、[It's on the house.]曼城茶座、[from the GROUND UP]明亮光晕、[Q≠0]爱丽速子、[帝王！王！王！！！]东海帝王、[TT Ignition！]双涡轮、[啊，华丽一族]第一红宝、[月下小恶魔♪]目白善信、[太阳小天使♪]大拓太阳神、[A Win Foreshadowed]克里斯象征、[奔跑吧，奔跑吧，奔跑吧！！]小栗帽、[燃至天际的祈祷之火]八重无敌、[Danke schön]荣进闪耀、[GLAD TIDINGS]成田白仁、[Are you merry？]气槽、[化为那无人知晓的风]山人西风、[平安喜乐寄于板羽球中]特别周、[难以捉摸的绝世佳人]东商变革,
50067,支援卡,2024-01-01 11:00:00,2024-02-29 10:59:59,[To you]喜嘉奇迹、[Marvelous☆巧克力盛宴]美丽周日、[变身！侍者形态！]微光飞驹、[燦爛]メジロラモーヌ、[永劫続く栄光へ]祖にして導く者、[今は瞳を閉じないで]ナイスネイチャ、[心、夜風にさらわれて]メジロマックイーン、[絶対皇帝]シンボリルドルフ、[ミッション『心の栄養補給』]ミホノブルボン、[刻下、桜花爛漫]サクラローレル、[The frontier]ジャングルポケット、[Something Blue]ダイワスカーレット、[オートクチュール・メモリー]アストンマーチャン、[All'alba vincerò!]テイエムオペラオー、[Chill chill night*]マヤノトップガン、[優しい月]ゴールドシチー、[カモメのように]メジロパーマー、[ライフロング・ワンダー]ワンダーアキュート、[君と見る泡沫]マンハッタンカフェ、[トばすぜホットサマー！]ジャングルポケット、[L'aubeは迫りて]佐岳メイ、[大望は飛んでいく]エルコンドルパサー、[鉄火場に咲く菫]ナカヤマフェスタ、[炎々、闘志を抱き]ヒシアマゾン、[フォルトゥーナの喝采]タニノギムレット、[高らかにYO-HO!]タップダンスシチー、[波をかきわけ夢がゆく]ゴールドシップ、[天より遣われし微笑み]ツルマルツヨシ、[我が舞、巡りて]キングヘイロー、[かっとばせー！ですわ！？]メジロマックイーン、[大地と我らのアンサンブル]サウンズオブアース、[聖夜、変わるために]メジロドーベル、[冬溶かす熾火]メジロラモーヌ、[会心のウイニングスマイル]ヴィブロス、[血脈の胎動]ドゥラメンテ、[百花の願いをこの胸に]サトノダイヤモンド,
50064,角色卡池,2024-01-01 11:00:00,2024-02-29 10:59:59,[举世无双·樱花耀夜]樱花千代王、[CODE：淋面装饰]美浦波旁、[精确无比·巧克力大师]荣进闪耀、[墨绿柔线]目白雅丹、[Starry Nocturne]爱慕织姬、[锦绣·溢彩盛典]北部玄驹、[Natural Brilliance]里见光钻、[砺光韧线]目白光明、[星夜猫咪舞会]青云天空、[胜利之星]富士奇石、[叠瓣花蕾]西野花、[四白流星之袭]八重无敌、[RUN＆WIN]优秀素质、[洁白傲气的激励之服]帝王光辉、[全时狂欢]艾尼风神、[Line Breakthrough]目白善信、[朔月挚爱]真机伶、[Titania]美妙姿势、[稻荷因缘江户紫]稻荷一、[悬铃木魔女]东商变革、[Bubblegum☆Memories]大树快车、[假日宝石蓝]目白多伯、[unsigned]空中神宫、[涟漪佳人]目白麦昆、[RUN！乱！发射！！]黄金船、[黑铁的壮志]青竹回忆、[阴阳八卦☆开运服]小林历奇、[黄昏凯旋]醒目飞鹰、[梦想传递员]胜利奖券、[另类工程师]成田大进、[可可爱爱的六出冰花]雪之美人、[Rocket☆Star]采珠、[爱丽♡僵尸]爱丽数码、[Dot-o'-Lantern]名将怒涛、[Flare]阿斯顿真弓、[Fluttertail Spirit]山人西风、[轰鸣雷神]玉藻十字、[梦之金原]稻荷一、[死中求生]中山庆典、[Butterfly Sting]奇锐骏、[不会结冰的生命之水]伏特加、[绯红的星月之夜]大和赤骥、[Heroic Author]荒漠英雄、[饿狼]成田白仁、[压轴主角·庆鹤之志]北部玄驹、[当红之星·荣兴之翠]里见光钻,
50066,角色卡池,2024-01-01 11:00:00,2024-02-29 10:59:59,[星辉之航]北幸樽前、[Fun☆Fun☆嗨翻天]大拓太阳神、[MELTY GIFT]艾尼风神、[玛格丽特拿铁]目白莱恩、[Wicked Punk]新光风、[Clear Bliss]ミスターシービー、[華麗なる紅玉]ダイイチルビー、[Onyx Soldier]シンボリクリスエス、[Neige Émeraude]メジロアルダン、[Fleur Enneigée]サクラチヨノオー、[Saisir le rêve]サクラローレル、[Universe-Naut]ネオユニヴァース、[ブルー・タービュランス]マチカネタンホイザ、[レッドホット☆リーダー]サクラバクシンオー、[みらくるめーくあっぷ！]ヒシミラクル、[身に纏うケラヴノス]タニノギムレット、[Sweet Juneberry]ニシノフラワー、[Hungry Veil]ヒシアマゾン、[☆キラ★ドキ☆ワク∞マベ∞]マーベラスサンデー、[Ultra☆Marine]バンブーメモリー、[Aurore☆Vacances]トーセンジョーダン、[登竜之頂]カツラギエース、[Féroce]シリウスシンボリ、[Lunatic Lab]アグネスタキオン、[波間のエメラルド]サイレンススズカ、[The Proud Road]ナリタトップロード、[La mode 564]ゴールドシップ、[シュヴァリエ・ブル]サトノダイヤモンド、[Prism]ケイエスミラクル、[Belphegor's Prime]エアシャカール、[Jetblack Automaton]シンボリクリスエス、[オニキス・ライン]メジロラモーヌ、[水干撫子]カワカミプリンセス、[紫雲の夢見取り]トウカイテイオー、[GLITTER!]タップダンスシチー、[赤心のトナカイさん]メジロパーマー、[清らに星澄むスノーロリィタ]メジロブライト、[黒翠千里行]サトノクラウン、[Grand itinéraire]シュヴァルグラン、[結願のしまい華]キタサンブラック,
30214,角色卡池,2024-01-09 11:00:00,2024-01-19 10:59:59,[ネガイノカサネ]ナイスネイチャ,
30217,支援卡,2024-01-19 11:00:00,2024-01-31 10:59:59,[トレセン学園]ホッコータルマエ、[ギャラルホルンを磨き上げよ]タニノギムレット、[白い翼は舞い戻りて]ホッコータルマエ,
30216,角色卡池,2024-01-19 11:00:00,2024-01-31 10:59:59,[Voyage étincelant]ヴィブロス,
30219,支援卡,2024-01-31 11:00:00,2024-02-14 10:59:59,[トレセン学園]ノースフライト、[小さな笑顔、2つ]ウイニングチケット、[感謝感謝！サクラ吹雪！！]サクラバクシンオー,
30218,角色卡池,2024-01-31 11:00:00,2024-02-14 10:59:59,[茶の子雪ん子]ユキノビジン、[柳緑小夜]マンハッタンカフェ,
50071,角色卡池,2024-02-03 20:00:00,2024-02-09 10:59:59,[特别追梦者]特别周、[喜乐无边]东海帝王、[星光跃动]小栗帽、[皇帝]鲁道夫象征、[玫瑰之梦]米浴、[MB-19890425]美浦波旁、[飞跃地平线]东海帝王、[雀跃♪维他命心拍]特别周、[Make up Vampire！]米浴、[雪纺丝带木乃伊]超级溪流、[皓月下的神箭手]鲁道夫象征、[奇迹的胜利之星]小栗帽、[CODE：淋面装饰]美浦波旁、[锦绣·溢彩盛典]北部玄驹、[Natural Brilliance]里见光钻、[RUN＆WIN]优秀素质、[稻荷因缘江户紫]稻荷一、[梦之金原]稻荷一、[压轴主角·庆鹤之志]北部玄驹、[当红之星·荣兴之翠]里见光钻、[星辉之航]北幸樽前、[Clear Bliss]ミスターシービー、[Onyx Soldier]シンボリクリスエス、[ブルー・タービュランス]マチカネタンホイザ、[身に纏うケラヴノス]タニノギムレット、[登竜之頂]カツラギエース、[シュヴァリエ・ブル]サトノダイヤモンド、[Jetblack Automaton]シンボリクリスエス、[紫雲の夢見取り]トウカイテイオー、[黒翠千里行]サトノクラウン、[Grand itinéraire]シュヴァルグラン、[結願のしまい華]キタサンブラック、[ネガイノカサネ]ナイスネイチャ、[Voyage étincelant]ヴィブロス,
50072,角色卡池,2024-02-04 20:00:00,2024-02-09 10:59:59,[特别追梦者]特别周、[无声无瑕]无声铃鹿、[喜乐无边]东海帝王、[玫瑰之梦]米浴、[O sole suo！]好歌剧、[MB-19890425]美浦波旁、[飞跃地平线]东海帝王、[羽蛇武斗家]神鹰、[雀跃♪维他命心拍]特别周、[Make up Vampire！]米浴、[新春初晴·宝蓝绚烂]好歌剧、[CODE：淋面装饰]美浦波旁、[Starry Nocturne]爱慕织姬、[锦绣·溢彩盛典]北部玄驹、[Natural Brilliance]里见光钻、[RUN＆WIN]优秀素质、[洁白傲气的激励之服]帝王光辉、[RUN！乱！发射！！]黄金船、[Flare]阿斯顿真弓、[Fluttertail Spirit]山人西风、[压轴主角·庆鹤之志]北部玄驹、[当红之星·荣兴之翠]里见光钻、[Fun☆Fun☆嗨翻天]大拓太阳神、[Saisir le rêve]サクラローレル、[波間のエメラルド]サイレンススズカ、[The Proud Road]ナリタトップロード、[La mode 564]ゴールドシップ、[シュヴァリエ・ブル]サトノダイヤモンド、[紫雲の夢見取り]トウカイテイオー、[黒翠千里行]サトノクラウン、[Grand itinéraire]シュヴァルグラン、[結願のしまい華]キタサンブラック、[ネガイノカサネ]ナイスネイチャ,
20015,支援卡,2024-02-14 11:00:00,2050-01-01 14:00:00,[献上全国第一的演出]特别周、[在耀眼景色的前方]无声铃鹿、[有梦想就要大声说出来！]东海帝王、[不沉舰的进击]黄金船、[伏特加之路]伏特加、[万紫千红中一枝独秀]草上飞、[热情的冠军！]神鹰、[期待已久的计谋]青云天空、[划破天空的闪电少女！]玉藻十字、[全身心的感谢]美妙姿势、[飞奔吧，闪耀吧]艾尼风神、[B·N·Winner！]胜利奖券、[冲向前方7厘米之外]空中神宫、[Run（my）way]黄金城、[好快！好吃！好快！]樱花进王、[一颗安心糖]超级溪流、[这就是我的优俊偶像之道☆]醒目飞鹰、[哪怕还不能独当一面]西野花、[必杀技！双胡萝卜拳！]微光飞驹、[欢迎来到特雷森学园！]骏川手纲、[“要受人喜爱啊”]小栗帽、[涡轮引擎马力全开！]双涡轮、[尽管笑我傻吧]目白善信、[身后迫近的热浪是动力]北部玄驹、[超越那前方的背影]里见光钻、[由故乡直达的助威！]雪之美人、[心中的烈火无法抑制]八重无敌、[樱花盛开之时]樱花千代王、[身为新娘！]川上公主、[请品尝第一口！]菱曙、[Head-on fight！]青竹回忆、[明天全国都会染红吧♪]青云天空、[起舞今宵]帝王光辉、[爽快！决胜一击！]目白莱恩、[独享冰凉？]东商变革、[全力嬉闹！]胜利奖券、[即使满身泥土，也要追逐梦想]优秀素质、[幸福就在转角后]米浴、[彻底管理主义]㭴本理子、[内心双脚皆温暖]生野狄杜斯、[大闹万圣夜！]玉藻十字、[被授予魔力的英雄]荒漠英雄、[43、8、1]中山庆典、[可爱的你，美丽的你]真机伶、[鸣箭嗤天]成田白仁、[舞动吧·躁动吧·狂欢吧！]大拓太阳神、[队形：PARTY]重炮、[倔强的集市]成田大进、[独奏·螺旋卡农]曼城茶座、[夜有黎明，天有祥星]爱慕织姬、[萍水相逢即是福♪]待兼福来、[要不赶紧扎一针？]安心泽刺刺美、[饱含心意的纸杯蛋糕]西野花、[极快！最快！花之风暴！]樱花进王、[“存在”于此的幸福]爱丽数码、[粉色背影]成田路、[让世界更加☆marvelous]美丽周日、[Enchaînement]鲁道夫象征、[Escorte étoile]天狼星象征、[Outfit as No.1]大和赤骥、[收下这份鼓励吧！]青竹回忆、[那声加油改变了世界]采珠、[Dear Mr. C.B.]千明代表、[乌菈菈的热情之歌♪]春乌菈菈、[可爱的金兰之交们]生野狄杜斯、[坏蛋，举起手来！]大树快车、[光芒四射地奔跑吧∞]神鹰、[待兼唐☆大冒险]待兼唐怀瑟、[奔向理想的熏风]气槽、[尊尚敬爱]聚于王座之人、[小感伤预警♪]丸善斯基、[听凭骰运]中山庆典、[It's on the house.]曼城茶座、[from the GROUND UP]明亮光晕、[Q≠0]爱丽速子、[帝王！王！王！！！]东海帝王、[TT Ignition！]双涡轮、[啊，华丽一族]第一红宝、[月下小恶魔♪]目白善信、[太阳小天使♪]大拓太阳神、[A Win Foreshadowed]克里斯象征、[奔跑吧，奔跑吧，奔跑吧！！]小栗帽、[燃至天际的祈祷之火]八重无敌、[Danke schön]荣进闪耀、[GLAD TIDINGS]成田白仁、[Are you merry？]气槽、[化为那无人知晓的风]山人西风、[平安喜乐寄于板羽球中]特别周、[难以捉摸的绝世佳人]东商变革、[To you]喜嘉奇迹、[Marvelous☆巧克力盛宴]美丽周日、[变身！侍者形态！]微光飞驹、[燦爛]メジロラモーヌ、[永劫続く栄光へ]祖にして導く者、[今は瞳を閉じないで]ナイスネイチャ、[心、夜風にさらわれて]メジロマックイーン、[絶対皇帝]シンボリルドルフ、[ミッション『心の栄養補給』]ミホノブルボン、[刻下、桜花爛漫]サクラローレル、[The frontier]ジャングルポケット、[Something Blue]ダイワスカーレット、[オートクチュール・メモリー]アストンマーチャン、[All'alba vincerò!]テイエムオペラオー、[Chill chill night*]マヤノトップガン、[優しい月]ゴールドシチー、[カモメのように]メジロパーマー、[ライフロング・ワンダー]ワンダーアキュート、[君と見る泡沫]マンハッタンカフェ、[トばすぜホットサマー！]ジャングルポケット、[L'aubeは迫りて]佐岳メイ、[大望は飛んでいく]エルコンドルパサー、[鉄火場に咲く菫]ナカヤマフェスタ、[炎々、闘志を抱き]ヒシアマゾン、[フォルトゥーナの喝采]タニノギムレット、[高らかにYO-HO!]タップダンスシチー、[波をかきわけ夢がゆく]ゴールドシップ、[天より遣われし微笑み]ツルマルツヨシ、[我が舞、巡りて]キングヘイロー、[かっとばせー！ですわ！？]メジロマックイーン、[大地と我らのアンサンブル]サウンズオブアース、[聖夜、変わるために]メジロドーベル、[冬溶かす熾火]メジロラモーヌ、[会心のウイニングスマイル]ヴィブロス、[血脈の胎動]ドゥラメンテ、[百花の願いをこの胸に]サトノダイヤモンド、[白い翼は舞い戻りて]ホッコータルマエ、[小さな笑顔、2つ]ウイニングチケット、[感謝感謝！サクラ吹雪！！]サクラバクシンオー,
20017,支援卡,2024-02-14 11:00:00,2050-01-01 14:00:00,[献上全国第一的演出]特别周、[在耀眼景色的前方]无声铃鹿、[有梦想就要大声说出来！]东海帝王、[不沉舰的进击]黄金船、[伏特加之路]伏特加、[万紫千红中一枝独秀]草上飞、[热情的冠军！]神鹰、[期待已久的计谋]青云天空、[划破天空的闪电少女！]玉藻十字、[全身心的感谢]美妙姿势、[飞奔吧，闪耀吧]艾尼风神、[B·N·Winner！]胜利奖券、[冲向前方7厘米之外]空中神宫、[Run（my）way]黄金城、[好快！好吃！好快！]樱花进王、[一颗安心糖]超级溪流、[这就是我的优俊偶像之道☆]醒目飞鹰、[哪怕还不能独当一面]西野花、[必杀技！双胡萝卜拳！]微光飞驹、[欢迎来到特雷森学园！]骏川手纲、[“要受人喜爱啊”]小栗帽、[涡轮引擎马力全开！]双涡轮、[尽管笑我傻吧]目白善信、[身后迫近的热浪是动力]北部玄驹、[超越那前方的背影]里见光钻、[由故乡直达的助威！]雪之美人、[心中的烈火无法抑制]八重无敌、[樱花盛开之时]樱花千代王、[身为新娘！]川上公主、[请品尝第一口！]菱曙、[Head-on fight！]青竹回忆、[明天全国都会染红吧♪]青云天空、[起舞今宵]帝王光辉、[爽快！决胜一击！]目白莱恩、[独享冰凉？]东商变革、[全力嬉闹！]胜利奖券、[即使满身泥土，也要追逐梦想]优秀素质、[幸福就在转角后]米浴、[彻底管理主义]㭴本理子、[内心双脚皆温暖]生野狄杜斯、[大闹万圣夜！]玉藻十字、[被授予魔力的英雄]荒漠英雄、[43、8、1]中山庆典、[可爱的你，美丽的你]真机伶、[鸣箭嗤天]成田白仁、[舞动吧·躁动吧·狂欢吧！]大拓太阳神、[队形：PARTY]重炮、[倔强的集市]成田大进、[独奏·螺旋卡农]曼城茶座、[夜有黎明，天有祥星]爱慕织姬、[萍水相逢即是福♪]待兼福来、[要不赶紧扎一针？]安心泽刺刺美、[饱含心意的纸杯蛋糕]西野花、[极快！最快！花之风暴！]樱花进王、[“存在”于此的幸福]爱丽数码、[粉色背影]成田路、[让世界更加☆marvelous]美丽周日、[Enchaînement]鲁道夫象征、[Escorte étoile]天狼星象征、[Outfit as No.1]大和赤骥、[收下这份鼓励吧！]青竹回忆、[那声加油改变了世界]采珠、[Dear Mr. C.B.]千明代表、[乌菈菈的热情之歌♪]春乌菈菈、[可爱的金兰之交们]生野狄杜斯、[坏蛋，举起手来！]大树快车、[光芒四射地奔跑吧∞]神鹰、[待兼唐☆大冒险]待兼唐怀瑟、[奔向理想的熏风]气槽、[尊尚敬爱]聚于王座之人、[小感伤预警♪]丸善斯基、[听凭骰运]中山庆典、[It's on the house.]曼城茶座、[from the GROUND UP]明亮光晕、[Q≠0]爱丽速子、[帝王！王！王！！！]东海帝王、[TT Ignition！]双涡轮、[啊，华丽一族]第一红宝、[月下小恶魔♪]目白善信、[太阳小天使♪]大拓太阳神、[A Win Foreshadowed]克里斯象征、[奔跑吧，奔跑吧，奔跑吧！！]小栗帽、[燃至天际的祈祷之火]八重无敌、[Danke schön]荣进闪耀、[GLAD TIDINGS]成田白仁、[Are you merry？]气槽、[化为那无人知晓的风]山人西风、[平安喜乐寄于板羽球中]特别周、[难以捉摸的绝世佳人]东商变革、[To you]喜嘉奇迹、[Marvelous☆巧克力盛宴]美丽周日、[变身！侍者形态！]微光飞驹、[燦爛]メジロラモーヌ、[永劫続く栄光へ]祖にして導く者、[今は瞳を閉じないで]ナイスネイチャ、[心、夜風にさらわれて]メジロマックイーン、[絶対皇帝]シンボリルドルフ、[ミッション『心の栄養補給』]ミホノブルボン、[刻下、桜花爛漫]サクラローレル、[The frontier]ジャングルポケット、[Something Blue]ダイワスカーレット、[オートクチュール・メモリー]アストンマーチャン、[All'alba vincerò!]テイエムオペラオー、[Chill chill night*]マヤノトップガン、[優しい月]ゴールドシチー、[カモメのように]メジロパーマー、[ライフロング・ワンダー]ワンダーアキュート、[君と見る泡沫]マンハッタンカフェ、[トばすぜホットサマー！]ジャングルポケット、[L'aubeは迫りて]佐岳メイ、[大望は飛んでいく]エルコンドルパサー、[鉄火場に咲く菫]ナカヤマフェスタ、[炎々、闘志を抱き]ヒシアマゾン、[フォルトゥーナの喝采]タニノギムレット、[高らかにYO-HO!]タップダンスシチー、[波をかきわけ夢がゆく]ゴールドシップ、[天より遣われし微笑み]ツルマルツヨシ、[我が舞、巡りて]キングヘイロー、[かっとばせー！ですわ！？]メジロマックイーン、[大地と我らのアンサンブル]サウンズオブアース、[聖夜、変わるために]メジロドーベル、[冬溶かす熾火]メジロラモーヌ、[会心のウイニングスマイル]ヴィブロス、[血脈の胎動]ドゥラメンテ、[百花の願いをこの胸に]サトノダイヤモンド、[白い翼は舞い戻りて]ホッコータルマエ、[小さな笑顔、2つ]ウイニングチケット、[感謝感謝！サクラ吹雪！！]サクラバクシンオー,
20014,角色卡池,2024-02-14 11:00:00,2050-01-01 14:00:00,[特别追梦者]特别周、[无声无瑕]无声铃鹿、[喜乐无边]东海帝王、[绯红方程式]丸善斯基、[星光跃动]小栗帽、[狂野前线]大树快车、[优雅曲线]目白麦昆、[皇帝]鲁道夫象征、[玫瑰之梦]米浴、[O sole suo！]好歌剧、[MB-19890425]美浦波旁、[pf.胜利公式]琵琶晨光、[飞跃地平线]东海帝王、[天际尽头]目白麦昆、[闪电少女]真机伶、[Nevertheless]成田大进、[绝对☆LOVE]醒目飞鹰、[Maverick]成田白仁、[阳光花束]重炮、[橡木王冠]气槽、[青云垂钓者]青云天空、[亚马逊青金石]菱亚马逊、[羽蛇武斗家]神鹰、[圣翠治愈师]草上飞、[流星歌剧]富士奇石、[真我/1928]黄金城、[雀跃♪维他命心拍]特别周、[飞跃☆夏夜]丸善斯基、[苍蓝/怒涛]名将怒涛、[Meisterschaft]荣进闪耀、[吉兆秋风]待兼福来、[Buono☆时尚]菱曙、[超级加急！全彩PP膜特殊加工]爱丽数码、[Make up Vampire！]米浴、[雪纺丝带木乃伊]超级溪流、[粉红公主]川上公主、[Creeping Black]曼城茶座、[皓月下的神箭手]鲁道夫象征、[秋樱舞娘]黄金城、[潮流☆Joker]岛川乔丹、[宛延曲线]目白多伯、[奇迹的胜利之星]小栗帽、[嫣红圣诞颂歌]琵琶晨光、[Noble Seamair]美妙姿势、[疾风迅雷]玉藻十字、[明媚新春♪樱花绽放]春乌菈菈、[新春初晴·宝蓝绚烂]好歌剧、[举世无双·樱花耀夜]樱花千代王、[CODE：淋面装饰]美浦波旁、[精确无比·巧克力大师]荣进闪耀、[墨绿柔线]目白雅丹、[Starry Nocturne]爱慕织姬、[锦绣·溢彩盛典]北部玄驹、[Natural Brilliance]里见光钻、[砺光韧线]目白光明、[星夜猫咪舞会]青云天空、[胜利之星]富士奇石、[叠瓣花蕾]西野花、[四白流星之袭]八重无敌、[RUN＆WIN]优秀素质、[洁白傲气的激励之服]帝王光辉、[全时狂欢]艾尼风神、[Line Breakthrough]目白善信、[朔月挚爱]真机伶、[Titania]美妙姿势、[稻荷因缘江户紫]稻荷一、[悬铃木魔女]东商变革、[Bubblegum☆Memories]大树快车、[假日宝石蓝]目白多伯、[unsigned]空中神宫、[涟漪佳人]目白麦昆、[RUN！乱！发射！！]黄金船、[黑铁的壮志]青竹回忆、[阴阳八卦☆开运服]小林历奇、[黄昏凯旋]醒目飞鹰、[梦想传递员]胜利奖券、[另类工程师]成田大进、[可可爱爱的六出冰花]雪之美人、[Rocket☆Star]采珠、[爱丽♡僵尸]爱丽数码、[Dot-o'-Lantern]名将怒涛、[Flare]阿斯顿真弓、[Fluttertail Spirit]山人西风、[轰鸣雷神]玉藻十字、[梦之金原]稻荷一、[死中求生]中山庆典、[Butterfly Sting]奇锐骏、[不会结冰的生命之水]伏特加、[绯红的星月之夜]大和赤骥、[Heroic Author]荒漠英雄、[饿狼]成田白仁、[压轴主角·庆鹤之志]北部玄驹、[当红之星·荣兴之翠]里见光钻、[星辉之航]北幸樽前、[Fun☆Fun☆嗨翻天]大拓太阳神、[MELTY GIFT]艾尼风神、[玛格丽特拿铁]目白莱恩、[Wicked Punk]新光风、[Clear Bliss]ミスターシービー、[華麗なる紅玉]ダイイチルビー、[Onyx Soldier]シンボリクリスエス、[Neige Émeraude]メジロアルダン、[Fleur Enneigée]サクラチヨノオー、[Saisir le rêve]サクラローレル、[Universe-Naut]ネオユニヴァース、[ブルー・タービュランス]マチカネタンホイザ、[レッドホット☆リーダー]サクラバクシンオー、[みらくるめーくあっぷ！]ヒシミラクル、[身に纏うケラヴノス]タニノギムレット、[Sweet Juneberry]ニシノフラワー、[Hungry Veil]ヒシアマゾン、[☆キラ★ドキ☆ワク∞マベ∞]マーベラスサンデー、[Ultra☆Marine]バンブーメモリー、[Aurore☆Vacances]トーセンジョーダン、[登竜之頂]カツラギエース、[Féroce]シリウスシンボリ、[Lunatic Lab]アグネスタキオン、[波間のエメラルド]サイレンススズカ、[The Proud Road]ナリタトップロード、[La mode 564]ゴールドシップ、[シュヴァリエ・ブル]サトノダイヤモンド、[Prism]ケイエスミラクル、[Belphegor's Prime]エアシャカール、[Jetblack Automaton]シンボリクリスエス、[オニキス・ライン]メジロラモーヌ、[水干撫子]カワカミプリンセス、[紫雲の夢見取り]トウカイテイオー、[GLITTER!]タップダンスシチー、[赤心のトナカイさん]メジロパーマー、[清らに星澄むスノーロリィタ]メジロブライト、[黒翠千里行]サトノクラウン、[Grand itinéraire]シュヴァルグラン、[結願のしまい華]キタサンブラック、[ネガイノカサネ]ナイスネイチャ、[Voyage étincelant]ヴィブロス、[茶の子雪ん子]ユキノビジン、[柳緑小夜]マンハッタンカフェ,
20016,角色卡池,2024-02-14 11:00:00,2050-01-01 14:00:00,[特别追梦者]特别周、[无声无瑕]无声铃鹿、[喜乐无边]东海帝王、[绯红方程式]丸善斯基、[星光跃动]小栗帽、[狂野前线]大树快车、[优雅曲线]目白麦昆、[皇帝]鲁道夫象征、[玫瑰之梦]米浴、[O sole suo！]好歌剧、[MB-19890425]美浦波旁、[pf.胜利公式]琵琶晨光、[飞跃地平线]东海帝王、[天际尽头]目白麦昆、[闪电少女]真机伶、[Nevertheless]成田大进、[绝对☆LOVE]醒目飞鹰、[Maverick]成田白仁、[阳光花束]重炮、[橡木王冠]气槽、[青云垂钓者]青云天空、[亚马逊青金石]菱亚马逊、[羽蛇武斗家]神鹰、[圣翠治愈师]草上飞、[流星歌剧]富士奇石、[真我/1928]黄金城、[雀跃♪维他命心拍]特别周、[飞跃☆夏夜]丸善斯基、[苍蓝/怒涛]名将怒涛、[Meisterschaft]荣进闪耀、[吉兆秋风]待兼福来、[Buono☆时尚]菱曙、[超级加急！全彩PP膜特殊加工]爱丽数码、[Make up Vampire！]米浴、[雪纺丝带木乃伊]超级溪流、[粉红公主]川上公主、[Creeping Black]曼城茶座、[皓月下的神箭手]鲁道夫象征、[秋樱舞娘]黄金城、[潮流☆Joker]岛川乔丹、[宛延曲线]目白多伯、[奇迹的胜利之星]小栗帽、[嫣红圣诞颂歌]琵琶晨光、[Noble Seamair]美妙姿势、[疾风迅雷]玉藻十字、[明媚新春♪樱花绽放]春乌菈菈、[新春初晴·宝蓝绚烂]好歌剧、[举世无双·樱花耀夜]樱花千代王、[CODE：淋面装饰]美浦波旁、[精确无比·巧克力大师]荣进闪耀、[墨绿柔线]目白雅丹、[Starry Nocturne]爱慕织姬、[锦绣·溢彩盛典]北部玄驹、[Natural Brilliance]里见光钻、[砺光韧线]目白光明、[星夜猫咪舞会]青云天空、[胜利之星]富士奇石、[叠瓣花蕾]西野花、[四白流星之袭]八重无敌、[RUN＆WIN]优秀素质、[洁白傲气的激励之服]帝王光辉、[全时狂欢]艾尼风神、[Line Breakthrough]目白善信、[朔月挚爱]真机伶、[Titania]美妙姿势、[稻荷因缘江户紫]稻荷一、[悬铃木魔女]东商变革、[Bubblegum☆Memories]大树快车、[假日宝石蓝]目白多伯、[unsigned]空中神宫、[涟漪佳人]目白麦昆、[RUN！乱！发射！！]黄金船、[黑铁的壮志]青竹回忆、[阴阳八卦☆开运服]小林历奇、[黄昏凯旋]醒目飞鹰、[梦想传递员]胜利奖券、[另类工程师]成田大进、[可可爱爱的六出冰花]雪之美人、[Rocket☆Star]采珠、[爱丽♡僵尸]爱丽数码、[Dot-o'-Lantern]名将怒涛、[Flare]阿斯顿真弓、[Fluttertail Spirit]山人西风、[轰鸣雷神]玉藻十字、[梦之金原]稻荷一、[死中求生]中山庆典、[Butterfly Sting]奇锐骏、[不会结冰的生命之水]伏特加、[绯红的星月之夜]大和赤骥、[Heroic Author]荒漠英雄、[饿狼]成田白仁、[压轴主角·庆鹤之志]北部玄驹、[当红之星·荣兴之翠]里见光钻、[星辉之航]北幸樽前、[Fun☆Fun☆嗨翻天]大拓太阳神、[MELTY GIFT]艾尼风神、[玛格丽特拿铁]目白莱恩、[Wicked Punk]新光风、[Clear Bliss]ミスターシービー、[華麗なる紅玉]ダイイチルビー、[Onyx Soldier]シンボリクリスエス、[Neige Émeraude]メジロアルダン、[Fleur Enneigée]サクラチヨノオー、[Saisir le rêve]サクラローレル、[Universe-Naut]ネオユニヴァース、[ブルー・タービュランス]マチカネタンホイザ、[レッドホット☆リーダー]サクラバクシンオー、[みらくるめーくあっぷ！]ヒシミラクル、[身に纏うケラヴノス]タニノギムレット、[Sweet Juneberry]ニシノフラワー、[Hungry Veil]ヒシアマゾン、[☆キラ★ドキ☆ワク∞マベ∞]マーベラスサンデー、[Ultra☆Marine]バンブーメモリー、[Aurore☆Vacances]トーセンジョーダン、[登竜之頂]カツラギエース、[Féroce]シリウスシンボリ、[Lunatic Lab]アグネスタキオン、[波間のエメラルド]サイレンススズカ、[The Proud Road]ナリタトップロード、[La mode 564]ゴールドシップ、[シュヴァリエ・ブル]サトノダイヤモンド、[Prism]ケイエスミラクル、[Belphegor's Prime]エアシャカール、[Jetblack Automaton]シンボリクリスエス、[オニキス・ライン]メジロラモーヌ、[水干撫子]カワカミプリンセス、[紫雲の夢見取り]トウカイテイオー、[GLITTER!]タップダンスシチー、[赤心のトナカイさん]メジロパーマー、[清らに星澄むスノーロリィタ]メジロブライト、[黒翠千里行]サトノクラウン、[Grand itinéraire]シュヴァルグラン、[結願のしまい華]キタサンブラック、[ネガイノカサネ]ナイスネイチャ、[Voyage étincelant]ヴィブロス、[茶の子雪ん子]ユキノビジン、[柳緑小夜]マンハッタンカフェ,
30220,角色卡池,2024-02-14 11:00:00,2024-02-24 10:59:59,[疾風ペガサス・零式]ビコーペガサス,
30223,支援卡,2024-02-24 11:00:00,2024-03-21 10:59:59,[トレセン学園]オルフェーヴル、[プロデューサー]都留岐涼花、[トレセン学園]ジェンティルドンナ、[Time flies]トーセンジョーダン、[護るべきは無垢の瞳]ヤエノムテキ、[只、君臨す。]オルフェーヴル、[共に描くキラメキ]都留岐涼花,
30222,角色卡池,2024-02-24 11:00:00,2024-03-21 10:59:59,[Mantle of Steel]イクノディクタス、[Red in Black]ドゥラメンテ,
50084,支援卡,2024-03-12 11:00:00,2024-06-30 10:59:59,[献上全国第一的演出]特别周、[在耀眼景色的前方]无声铃鹿、[有梦想就要大声说出来！]东海帝王、[不沉舰的进击]黄金船、[伏特加之路]伏特加、[万紫千红中一枝独秀]草上飞、[热情的冠军！]神鹰、[期待已久的计谋]青云天空、[划破天空的闪电少女！]玉藻十字、[全身心的感谢]美妙姿势、[飞奔吧，闪耀吧]艾尼风神、[B·N·Winner！]胜利奖券、[冲向前方7厘米之外]空中神宫、[Run（my）way]黄金城、[好快！好吃！好快！]樱花进王、[一颗安心糖]超级溪流、[这就是我的优俊偶像之道☆]醒目飞鹰、[哪怕还不能独当一面]西野花、[必杀技！双胡萝卜拳！]微光飞驹、[欢迎来到特雷森学园！]骏川手纲、[“要受人喜爱啊”]小栗帽、[涡轮引擎马力全开！]双涡轮、[尽管笑我傻吧]目白善信、[身后迫近的热浪是动力]北部玄驹、[超越那前方的背影]里见光钻、[由故乡直达的助威！]雪之美人、[心中的烈火无法抑制]八重无敌、[樱花盛开之时]樱花千代王、[身为新娘！]川上公主、[请品尝第一口！]菱曙、[Head-on fight！]青竹回忆、[明天全国都会染红吧♪]青云天空、[起舞今宵]帝王光辉、[爽快！决胜一击！]目白莱恩、[独享冰凉？]东商变革、[全力嬉闹！]胜利奖券、[即使满身泥土，也要追逐梦想]优秀素质、[幸福就在转角后]米浴、[彻底管理主义]㭴本理子、[内心双脚皆温暖]生野狄杜斯、[大闹万圣夜！]玉藻十字、[被授予魔力的英雄]荒漠英雄、[43、8、1]中山庆典、[可爱的你，美丽的你]真机伶、[鸣箭嗤天]成田白仁、[舞动吧·躁动吧·狂欢吧！]大拓太阳神、[队形：PARTY]重炮、[倔强的集市]成田大进、[独奏·螺旋卡农]曼城茶座、[夜有黎明，天有祥星]爱慕织姬、[萍水相逢即是福♪]待兼福来、[要不赶紧扎一针？]安心泽刺刺美、[饱含心意的纸杯蛋糕]西野花、[极快！最快！花之风暴！]樱花进王、[“存在”于此的幸福]爱丽数码、[粉色背影]成田路、[让世界更加☆marvelous]美丽周日、[Enchaînement]鲁道夫象征、[Escorte étoile]天狼星象征、[Outfit as No.1]大和赤骥、[收下这份鼓励吧！]青竹回忆、[那声加油改变了世界]采珠、[Dear Mr. C.B.]千明代表、[乌菈菈的热情之歌♪]春乌菈菈、[可爱的金兰之交们]生野狄杜斯、[坏蛋，举起手来！]大树快车、[光芒四射地奔跑吧∞]神鹰、[待兼唐☆大冒险]待兼唐怀瑟、[奔向理想的熏风]气槽、[尊尚敬爱]聚于王座之人、[小感伤预警♪]丸善斯基、[听凭骰运]中山庆典、[It's on the house.]曼城茶座、[from the GROUND UP]明亮光晕、[Q≠0]爱丽速子、[帝王！王！王！！！]东海帝王、[TT Ignition！]双涡轮、[啊，华丽一族]第一红宝、[月下小恶魔♪]目白善信、[太阳小天使♪]大拓太阳神、[A Win Foreshadowed]克里斯象征、[奔跑吧，奔跑吧，奔跑吧！！]小栗帽、[燃至天际的祈祷之火]八重无敌、[Danke schön]荣进闪耀、[GLAD TIDINGS]成田白仁、[Are you merry？]气槽、[化为那无人知晓的风]山人西风、[平安喜乐寄于板羽球中]特别周、[难以捉摸的绝世佳人]东商变革、[To you]喜嘉奇迹、[Marvelous☆巧克力盛宴]美丽周日、[变身！侍者形态！]微光飞驹、[燦爛]メジロラモーヌ、[永劫続く栄光へ]祖にして導く者、[今は瞳を閉じないで]ナイスネイチャ、[心、夜風にさらわれて]メジロマックイーン、[絶対皇帝]シンボリルドルフ、[ミッション『心の栄養補給』]ミホノブルボン、[刻下、桜花爛漫]サクラローレル、[The frontier]ジャングルポケット、[Something Blue]ダイワスカーレット、[オートクチュール・メモリー]アストンマーチャン、[All'alba vincerò!]テイエムオペラオー、[Chill chill night*]マヤノトップガン、[優しい月]ゴールドシチー、[カモメのように]メジロパーマー、[ライフロング・ワンダー]ワンダーアキュート、[君と見る泡沫]マンハッタンカフェ、[トばすぜホットサマー！]ジャングルポケット、[L'aubeは迫りて]佐岳メイ、[大望は飛んでいく]エルコンドルパサー、[鉄火場に咲く菫]ナカヤマフェスタ、[炎々、闘志を抱き]ヒシアマゾン、[フォルトゥーナの喝采]タニノギムレット、[高らかにYO-HO!]タップダンスシチー、[波をかきわけ夢がゆく]ゴールドシップ、[天より遣われし微笑み]ツルマルツヨシ、[我が舞、巡りて]キングヘイロー、[かっとばせー！ですわ！？]メジロマックイーン、[大地と我らのアンサンブル]サウンズオブアース、[聖夜、変わるために]メジロドーベル、[冬溶かす熾火]メジロラモーヌ、[会心のウイニングスマイル]ヴィブロス、[血脈の胎動]ドゥラメンテ、[百花の願いをこの胸に]サトノダイヤモンド、[白い翼は舞い戻りて]ホッコータルマエ、[小さな笑顔、2つ]ウイニングチケット、[感謝感謝！サクラ吹雪！！]サクラバクシンオー,
30224,角色卡池,2024-03-12 11:00:00,2024-03-21 10:59:59,[ZOKU-ZOKU GIZMO]トランセンド,
50083,角色卡池,2024-03-12 11:00:00,2024-06-30 10:59:59,[特别追梦者]特别周、[无声无瑕]无声铃鹿、[喜乐无边]东海帝王、[绯红方程式]丸善斯基、[星光跃动]小栗帽、[狂野前线]大树快车、[优雅曲线]目白麦昆、[皇帝]鲁道夫象征、[玫瑰之梦]米浴、[O sole suo！]好歌剧、[MB-19890425]美浦波旁、[pf.胜利公式]琵琶晨光、[飞跃地平线]东海帝王、[天际尽头]目白麦昆、[闪电少女]真机伶、[Nevertheless]成田大进、[绝对☆LOVE]醒目飞鹰、[Maverick]成田白仁、[阳光花束]重炮、[橡木王冠]气槽、[青云垂钓者]青云天空、[亚马逊青金石]菱亚马逊、[羽蛇武斗家]神鹰、[圣翠治愈师]草上飞、[流星歌剧]富士奇石、[真我/1928]黄金城、[雀跃♪维他命心拍]特别周、[飞跃☆夏夜]丸善斯基、[苍蓝/怒涛]名将怒涛、[Meisterschaft]荣进闪耀、[吉兆秋风]待兼福来、[Buono☆时尚]菱曙、[超级加急！全彩PP膜特殊加工]爱丽数码、[Make up Vampire！]米浴、[雪纺丝带木乃伊]超级溪流、[粉红公主]川上公主、[Creeping Black]曼城茶座、[皓月下的神箭手]鲁道夫象征、[秋樱舞娘]黄金城、[潮流☆Joker]岛川乔丹、[宛延曲线]目白多伯、[奇迹的胜利之星]小栗帽、[嫣红圣诞颂歌]琵琶晨光、[Noble Seamair]美妙姿势、[疾风迅雷]玉藻十字、[明媚新春♪樱花绽放]春乌菈菈、[新春初晴·宝蓝绚烂]好歌剧、[举世无双·樱花耀夜]樱花千代王、[CODE：淋面装饰]美浦波旁、[精确无比·巧克力大师]荣进闪耀、[墨绿柔线]目白雅丹、[Starry Nocturne]爱慕织姬、[锦绣·溢彩盛典]北部玄驹、[Natural Brilliance]里见光钻、[砺光韧线]目白光明、[星夜猫咪舞会]青云天空、[胜利之星]富士奇石、[叠瓣花蕾]西野花、[四白流星之袭]八重无敌、[RUN＆WIN]优秀素质、[洁白傲气的激励之服]帝王光辉、[全时狂欢]艾尼风神、[Line Breakthrough]目白善信、[朔月挚爱]真机伶、[Titania]美妙姿势、[稻荷因缘江户紫]稻荷一、[悬铃木魔女]东商变革、[Bubblegum☆Memories]大树快车、[假日宝石蓝]目白多伯、[unsigned]空中神宫、[涟漪佳人]目白麦昆、[RUN！乱！发射！！]黄金船、[黑铁的壮志]青竹回忆、[阴阳八卦☆开运服]小林历奇、[黄昏凯旋]醒目飞鹰、[梦想传递员]胜利奖券、[另类工程师]成田大进、[可可爱爱的六出冰花]雪之美人、[Rocket☆Star]采珠、[爱丽♡僵尸]爱丽数码、[Dot-o'-Lantern]名将怒涛、[Flare]阿斯顿真弓、[Fluttertail Spirit]山人西风、[轰鸣雷神]玉藻十字、[梦之金原]稻荷一、[死中求生]中山庆典、[Butterfly Sting]奇锐骏、[不会结冰的生命之水]伏特加、[绯红的星月之夜]大和赤骥、[Heroic Author]荒漠英雄、[饿狼]成田白仁、[压轴主角·庆鹤之志]北部玄驹、[当红之星·荣兴之翠]里见光钻、[星辉之航]北幸樽前、[Fun☆Fun☆嗨翻天]大拓太阳神、[MELTY GIFT]艾尼风神、[玛格丽特拿铁]目白莱恩、[Wicked Punk]新光风、[Clear Bliss]ミスターシービー、[華麗なる紅玉]ダイイチルビー、[Onyx Soldier]シンボリクリスエス、[Neige Émeraude]メジロアルダン、[Fleur Enneigée]サクラチヨノオー、[Saisir le rêve]サクラローレル、[Universe-Naut]ネオユニヴァース、[ブルー・タービュランス]マチカネタンホイザ、[レッドホット☆リーダー]サクラバクシンオー、[みらくるめーくあっぷ！]ヒシミラクル、[身に纏うケラヴノス]タニノギムレット、[Sweet Juneberry]ニシノフラワー、[Hungry Veil]ヒシアマゾン、[☆キラ★ドキ☆ワク∞マベ∞]マーベラスサンデー、[Ultra☆Marine]バンブーメモリー、[Aurore☆Vacances]トーセンジョーダン、[登竜之頂]カツラギエース、[Féroce]シリウスシンボリ、[Lunatic Lab]アグネスタキオン、[波間のエメラルド]サイレンススズカ、[The Proud Road]ナリタトップロード、[La mode 564]ゴールドシップ、[シュヴァリエ・ブル]サトノダイヤモンド、[Prism]ケイエスミラクル、[Belphegor's Prime]エアシャカール、[Jetblack Automaton]シンボリクリスエス、[オニキス・ライン]メジロラモーヌ、[水干撫子]カワカミプリンセス、[紫雲の夢見取り]トウカイテイオー、[GLITTER!]タップダンスシチー、[赤心のトナカイさん]メジロパーマー、[清らに星澄むスノーロリィタ]メジロブライト、[黒翠千里行]サトノクラウン、[Grand itinéraire]シュヴァルグラン、[結願のしまい華]キタサンブラック、[ネガイノカサネ]ナイスネイチャ、[Voyage étincelant]ヴィブロス、[茶の子雪ん子]ユキノビジン、[柳緑小夜]マンハッタンカフェ,
30227,支援卡,2024-03-21 11:00:00,2024-03-29 10:59:59,[トレセン学園]シュヴァルグラン、[トレセン学園]ラインクラフト、[Cheers!]タップダンスシチー、[Over the Ocean]シュヴァルグラン,
30226,角色卡池,2024-03-21 11:00:00,2024-03-29 10:59:59,[Dream Successor]ラインクラフト,
50085,角色卡池,2024-03-22 20:00:00,2024-03-28 10:59:59,[喜乐无边]东海帝王、[飞跃地平线]东海帝王、[羽蛇武斗家]神鹰、[吉兆秋风]待兼福来、[Creeping Black]曼城茶座、[潮流☆Joker]岛川乔丹、[锦绣·溢彩盛典]北部玄驹、[Natural Brilliance]里见光钻、[梦想传递员]胜利奖券、[Butterfly Sting]奇锐骏、[不会结冰的生命之水]伏特加、[绯红的星月之夜]大和赤骥、[压轴主角·庆鹤之志]北部玄驹、[当红之星·荣兴之翠]里见光钻、[星辉之航]北幸樽前、[Clear Bliss]ミスターシービー、[Onyx Soldier]シンボリクリスエス、[ブルー・タービュランス]マチカネタンホイザ、[身に纏うケラヴノス]タニノギムレット、[Aurore☆Vacances]トーセンジョーダン、[The Proud Road]ナリタトップロード、[シュヴァリエ・ブル]サトノダイヤモンド、[Jetblack Automaton]シンボリクリスエス、[紫雲の夢見取り]トウカイテイオー、[GLITTER!]タップダンスシチー、[結願のしまい華]キタサンブラック、[柳緑小夜]マンハッタンカフェ、[Red in Black]ドゥラメンテ、[Dream Successor]ラインクラフト,
50086,角色卡池,2024-03-23 20:00:00,2024-03-28 10:59:59,[喜乐无边]东海帝王、[O sole suo！]好歌剧、[飞跃地平线]东海帝王、[Maverick]成田白仁、[Creeping Black]曼城茶座、[新春初晴·宝蓝绚烂]好歌剧、[Starry Nocturne]爱慕织姬、[锦绣·溢彩盛典]北部玄驹、[RUN＆WIN]优秀素质、[RUN！乱！发射！！]黄金船、[梦想传递员]胜利奖券、[饿狼]成田白仁、[压轴主角·庆鹤之志]北部玄驹、[Saisir le rêve]サクラローレル、[みらくるめーくあっぷ！]ヒシミラクル、[身に纏うケラヴノス]タニノギムレット、[Lunatic Lab]アグネスタキオン、[La mode 564]ゴールドシップ、[紫雲の夢見取り]トウカイテイオー、[Grand itinéraire]シュヴァルグラン、[結願のしまい華]キタサンブラック、[ネガイノカサネ]ナイスネイチャ、[Voyage étincelant]ヴィブロス、[柳緑小夜]マンハッタンカフェ、[Red in Black]ドゥラメンテ、[Dream Successor]ラインクラフト,
30229,支援卡,2024-03-29 11:00:00,2024-04-09 10:59:59,[白い鳥のアラベスク]ケイエスミラクル、[浚いの風]ヤマニンゼファー,
30228,角色卡池,2024-03-29 11:00:00,2024-04-09 10:59:59,[Flowing Blue]ダイイチルビー、[Joyful Jamboree!]ダイタクヘリオス,
30233,支援卡,2024-04-09 11:00:00,2024-04-19 10:59:59,[トレセン学園]ネオユニヴァース、[道端フィードバック]エアシャカール、[V.E.R.2285のあなたへ]ネオユニヴァース,
30232,角色卡池,2024-04-09 11:00:00,2024-04-19 10:59:59,[Glorious Coat]ウイニングチケット,
30234,角色卡池,2024-04-19 11:00:00,2024-04-30 10:59:59,[リトモ・デッラ・テッラ]サウンズオブアース,
30237,支援卡,2024-04-30 11:00:00,2024-05-10 10:59:59,[トレセン学園]ヒシミラクル、[トレセン学園]ノーリーズン、[わーく・あ・みらくる！]ヒシミラクル、[Take Them Down!]ナリタタイシン,
30236,角色卡池,2024-04-30 11:00:00,2024-05-10 10:59:59,[慈雨華影]スーパークリーク、[黒将Zen]ヤエノムテキ,
30238,角色卡池,2024-04-30 11:00:00,2024-05-10 10:59:59,[亚马逊青金石]菱亚马逊、[举世无双·樱花耀夜]樱花千代王、[Fleur Enneigée]サクラチヨノオー、[Hungry Veil]ヒシアマゾン、[登竜之頂]カツラギエース,
30243,支援卡,2024-05-10 11:00:00,2024-05-20 10:59:59,[トレセン学園]ダンツフレーム、[ぬりぬりシェイプアップ！]ダンツフレーム、[明日のライド・オン]ウオッカ,
30242,角色卡池,2024-05-10 11:00:00,2024-05-20 10:59:59,[Σ Experiment]アグネスタキオン,
30244,角色卡池,2024-05-20 11:00:00,2024-05-30 10:59:59,[Looking Fly!]ノースフライト,
50088,支援卡,2024-05-24 11:00:00,2024-06-13 10:59:59,[冲向前方7厘米之外]空中神宫、[Run（my）way]黄金城、[“要受人喜爱啊”]小栗帽、[由故乡直达的助威！]雪之美人、[起舞今宵]帝王光辉、[幸福就在转角后]米浴、[可爱的你，美丽的你]真机伶、[独奏·螺旋卡农]曼城茶座、[夜有黎明，天有祥星]爱慕织姬、[“存在”于此的幸福]爱丽数码、[粉色背影]成田路、[Outfit as No.1]大和赤骥、[乌菈菈的热情之歌♪]春乌菈菈、[It's on the house.]曼城茶座、[Q≠0]爱丽速子、[奔跑吧，奔跑吧，奔跑吧！！]小栗帽、[The frontier]ジャングルポケット、[Something Blue]ダイワスカーレット、[All'alba vincerò!]テイエムオペラオー、[優しい月]ゴールドシチー、[君と見る泡沫]マンハッタンカフェ、[トばすぜホットサマー！]ジャングルポケット、[我が舞、巡りて]キングヘイロー、[わーく・あ・みらくる！]ヒシミラクル,
50087,角色卡池,2024-05-24 11:00:00,2024-06-13 10:59:59,[O sole suo！]好歌剧、[流星歌剧]富士奇石、[苍蓝/怒涛]名将怒涛、[Creeping Black]曼城茶座、[新春初晴·宝蓝绚烂]好歌剧、[胜利之星]富士奇石、[Dot-o'-Lantern]名将怒涛、[Lunatic Lab]アグネスタキオン、[The Proud Road]ナリタトップロード、[柳緑小夜]マンハッタンカフェ、[Σ Experiment]アグネスタキオン,
30247,支援卡,2024-05-30 11:00:00,2024-06-13 10:59:59,[アルストロメリアの夢]ヴィブロス、[幸福の匂いにまどろむ]セイウンスカイ,
30246,角色卡池,2024-05-30 11:00:00,2024-06-13 10:59:59,[Evergreen Identity]キングヘイロー、[リアライズ・ルーン]スイープトウショウ,
50091,支援卡,2024-06-03 11:00:00,2024-07-01 10:59:59,[全身心的感谢]美妙姿势、[冲向前方7厘米之外]空中神宫、[由故乡直达的助威！]雪之美人、[明天全国都会染红吧♪]青云天空、[即使满身泥土，也要追逐梦想]优秀素质、[可爱的你，美丽的你]真机伶、[倔强的集市]成田大进、[饱含心意的纸杯蛋糕]西野花、[Escorte étoile]天狼星象征、[Dear Mr. C.B.]千明代表、[待兼唐☆大冒险]待兼唐怀瑟、[听凭骰运]中山庆典、[帝王！王！王！！！]东海帝王、[奔跑吧，奔跑吧，奔跑吧！！]小栗帽、[Are you merry？]气槽、[难以捉摸的绝世佳人]东商变革、[燦爛]メジロラモーヌ、[ミッション『心の栄養補給』]ミホノブルボン、[オートクチュール・メモリー]アストンマーチャン、[All'alba vincerò!]テイエムオペラオー、[君と見る泡沫]マンハッタンカフェ、[鉄火場に咲く菫]ナカヤマフェスタ、[かっとばせー！ですわ！？]メジロマックイーン、[百花の願いをこの胸に]サトノダイヤモンド、[V.E.R.2285のあなたへ]ネオユニヴァース、[Take Them Down!]ナリタタイシン,
30250,角色卡池,2024-06-13 11:00:00,2024-06-26 10:59:59,[王者の喊声]ジャングルポケット,
30253,支援卡,2024-06-26 11:00:00,2024-07-19 10:59:59,[トレセン学園]秋川理事長、[謹製ッ！特大夢にんじん！]秋川理事長、[朝焼け苺の畑にて]ニシノフラワー,
50093,支援卡,2024-06-26 11:00:00,2024-07-29 10:59:59,[To you]喜嘉奇迹、[Marvelous☆巧克力盛宴]美丽周日、[变身！侍者形态！]微光飞驹、[燦爛]メジロラモーヌ、[永劫続く栄光へ]祖にして導く者、[今は瞳を閉じないで]ナイスネイチャ、[心、夜風にさらわれて]メジロマックイーン、[絶対皇帝]シンボリルドルフ、[ミッション『心の栄養補給』]ミホノブルボン、[刻下、桜花爛漫]サクラローレル、[The frontier]ジャングルポケット、[Something Blue]ダイワスカーレット、[オートクチュール・メモリー]アストンマーチャン、[All'alba vincerò!]テイエムオペラオー、[Chill chill night*]マヤノトップガン、[優しい月]ゴールドシチー、[カモメのように]メジロパーマー、[ライフロング・ワンダー]ワンダーアキュート、[君と見る泡沫]マンハッタンカフェ、[トばすぜホットサマー！]ジャングルポケット、[L'aubeは迫りて]佐岳メイ、[大望は飛んでいく]エルコンドルパサー、[鉄火場に咲く菫]ナカヤマフェスタ、[炎々、闘志を抱き]ヒシアマゾン、[フォルトゥーナの喝采]タニノギムレット、[高らかにYO-HO!]タップダンスシチー、[波をかきわけ夢がゆく]ゴールドシップ、[天より遣われし微笑み]ツルマルツヨシ、[我が舞、巡りて]キングヘイロー、[かっとばせー！ですわ！？]メジロマックイーン、[大地と我らのアンサンブル]サウンズオブアース、[聖夜、変わるために]メジロドーベル、[冬溶かす熾火]メジロラモーヌ、[会心のウイニングスマイル]ヴィブロス、[血脈の胎動]ドゥラメンテ、[百花の願いをこの胸に]サトノダイヤモンド,
50095,支援卡,2024-06-26 11:00:00,2024-07-29 10:59:59,[白い翼は舞い戻りて]ホッコータルマエ、[小さな笑顔、2つ]ウイニングチケット、[感謝感謝！サクラ吹雪！！]サクラバクシンオー、[只、君臨す。]オルフェーヴル、[共に描くキラメキ]都留岐涼花、[Over the Ocean]シュヴァルグラン、[白い鳥のアラベスク]ケイエスミラクル、[浚いの風]ヤマニンゼファー、[V.E.R.2285のあなたへ]ネオユニヴァース、[わーく・あ・みらくる！]ヒシミラクル、[Take Them Down!]ナリタタイシン、[明日のライド・オン]ウオッカ、[アルストロメリアの夢]ヴィブロス、[幸福の匂いにまどろむ]セイウンスカイ,
30252,角色卡池,2024-06-26 11:00:00,2024-07-19 10:59:59,[夢路のよすが]ドリームジャーニー,
50092,角色卡池,2024-06-26 11:00:00,2024-07-29 10:59:59,[星辉之航]北幸樽前、[Fun☆Fun☆嗨翻天]大拓太阳神、[MELTY GIFT]艾尼风神、[玛格丽特拿铁]目白莱恩、[Wicked Punk]新光风、[Clear Bliss]ミスターシービー、[華麗なる紅玉]ダイイチルビー、[Onyx Soldier]シンボリクリスエス、[Neige Émeraude]メジロアルダン、[Fleur Enneigée]サクラチヨノオー、[Saisir le rêve]サクラローレル、[Universe-Naut]ネオユニヴァース、[ブルー・タービュランス]マチカネタンホイザ、[レッドホット☆リーダー]サクラバクシンオー、[みらくるめーくあっぷ！]ヒシミラクル、[身に纏うケラヴノス]タニノギムレット、[Sweet Juneberry]ニシノフラワー、[Hungry Veil]ヒシアマゾン、[☆キラ★ドキ☆ワク∞マベ∞]マーベラスサンデー、[Ultra☆Marine]バンブーメモリー、[Aurore☆Vacances]トーセンジョーダン、[登竜之頂]カツラギエース、[Féroce]シリウスシンボリ、[Lunatic Lab]アグネスタキオン、[波間のエメラルド]サイレンススズカ、[The Proud Road]ナリタトップロード、[La mode 564]ゴールドシップ、[シュヴァリエ・ブル]サトノダイヤモンド、[Prism]ケイエスミラクル、[Belphegor's Prime]エアシャカール、[Jetblack Automaton]シンボリクリスエス、[オニキス・ライン]メジロラモーヌ、[水干撫子]カワカミプリンセス、[紫雲の夢見取り]トウカイテイオー、[GLITTER!]タップダンスシチー、[赤心のトナカイさん]メジロパーマー、[清らに星澄むスノーロリィタ]メジロブライト、[黒翠千里行]サトノクラウン、[Grand itinéraire]シュヴァルグラン、[結願のしまい華]キタサンブラック,
50094,角色卡池,2024-06-26 11:00:00,2024-07-29 10:59:59,[ネガイノカサネ]ナイスネイチャ、[Voyage étincelant]ヴィブロス、[茶の子雪ん子]ユキノビジン、[柳緑小夜]マンハッタンカフェ、[Red in Black]ドゥラメンテ、[ZOKU-ZOKU GIZMO]トランセンド、[Dream Successor]ラインクラフト、[Flowing Blue]ダイイチルビー、[Joyful Jamboree!]ダイタクヘリオス、[Glorious Coat]ウイニングチケット、[リトモ・デッラ・テッラ]サウンズオブアース、[慈雨華影]スーパークリーク、[黒将Zen]ヤエノムテキ、[Σ Experiment]アグネスタキオン、[Looking Fly!]ノースフライト、[Evergreen Identity]キングヘイロー、[リアライズ・ルーン]スイープトウショウ,
50096,支援卡,2024-07-01 11:00:00,2024-08-01 10:59:59,[在耀眼景色的前方]无声铃鹿、[有梦想就要大声说出来！]东海帝王、[Run（my）way]黄金城、[好快！好吃！好快！]樱花进王、[哪怕还不能独当一面]西野花、[必杀技！双胡萝卜拳！]微光飞驹、[涡轮引擎马力全开！]双涡轮、[身后迫近的热浪是动力]北部玄驹、[身为新娘！]川上公主、[独享冰凉？]东商变革、[被授予魔力的英雄]荒漠英雄、[队形：PARTY]重炮、[萍水相逢即是福♪]待兼福来、[粉色背影]成田路、[那声加油改变了世界]采珠、[坏蛋，举起手来！]大树快车、[小感伤预警♪]丸善斯基、[Q≠0]爱丽速子、[太阳小天使♪]大拓太阳神、[Danke schön]荣进闪耀、[Marvelous☆巧克力盛宴]美丽周日、[The frontier]ジャングルポケット、[カモメのように]メジロパーマー、[大望は飛んでいく]エルコンドルパサー、[波をかきわけ夢がゆく]ゴールドシップ、[聖夜、変わるために]メジロドーベル、[血脈の胎動]ドゥラメンテ、[感謝感謝！サクラ吹雪！！]サクラバクシンオー、[浚いの風]ヤマニンゼファー、[アルストロメリアの夢]ヴィブロス,
30257,支援卡,2024-07-09 11:00:00,2024-07-19 10:59:59,[お守りパワーで福徳円満！]マチカネフクキタル、[そして幕は上がる]ダンツフレーム,
30256,角色卡池,2024-07-09 11:00:00,2024-07-19 10:59:59,[Yummy Dreamy Fairy]ライスシャワー,
30258,角色卡池,2024-07-19 11:00:00,2024-07-29 10:59:59,[真実一路]カルストンライトオ,
30261,支援卡,2024-07-29 11:00:00,2024-08-14 10:59:59,[波間のオフショット]スマートファルコン、[Lucky☆Summertime]コパノリッキー,
30260,角色卡池,2024-07-29 11:00:00,2024-08-14 10:59:59,[Reines Plätschern]エイシンフラッシュ、[パステルマリン・ロコドル]ホッコータルマエ,
50097,角色卡池,2024-07-29 11:00:00,2024-08-14 10:59:59,[雀跃♪维他命心拍]特别周、[飞跃☆夏夜]丸善斯基、[Bubblegum☆Memories]大树快车、[假日宝石蓝]目白多伯、[涟漪佳人]目白麦昆、[RUN！乱！发射！！]黄金船、[Ultra☆Marine]バンブーメモリー、[Aurore☆Vacances]トーセンジョーダン、[Lunatic Lab]アグネスタキオン、[波間のエメラルド]サイレンススズカ,
50098,支援卡,2024-08-01 11:00:00,2024-09-02 10:59:59,[伏特加之路]伏特加、[热情的冠军！]神鹰、[这就是我的优俊偶像之道☆]醒目飞鹰、[“要受人喜爱啊”]小栗帽、[心中的烈火无法抑制]八重无敌、[Head-on fight！]青竹回忆、[起舞今宵]帝王光辉、[幸福就在转角后]米浴、[大闹万圣夜！]玉藻十字、[舞动吧·躁动吧·狂欢吧！]大拓太阳神、[夜有黎明，天有祥星]爱慕织姬、[“存在”于此的幸福]爱丽数码、[Outfit as No.1]大和赤骥、[乌菈菈的热情之歌♪]春乌菈菈、[奔向理想的熏风]气槽、[啊，华丽一族]第一红宝、[GLAD TIDINGS]成田白仁、[变身！侍者形态！]微光飞驹、[今は瞳を閉じないで]ナイスネイチャ、[Chill chill night*]マヤノトップガン、[ライフロング・ワンダー]ワンダーアキュート、[炎々、闘志を抱き]ヒシアマゾン、[天より遣われし微笑み]ツルマルツヨシ、[冬溶かす熾火]メジロラモーヌ、[小さな笑顔、2つ]ウイニングチケット、[白い鳥のアラベスク]ケイエスミラクル、[幸福の匂いにまどろむ]セイウンスカイ、[朝焼け苺の畑にて]ニシノフラワー,
30265,支援卡,2024-08-14 11:00:00,2024-08-24 10:59:59,[救いはあるよっ♪]メジロパーマー、[歴史も美食も余すところなく]ファインモーション,
20018,角色卡池,2024-08-14 11:00:00,2050-01-01 14:00:00,[特别追梦者]特别周、[无声无瑕]无声铃鹿、[喜乐无边]东海帝王、[星光跃动]小栗帽、[皇帝]鲁道夫象征、[玫瑰之梦]米浴、[O sole suo！]好歌剧、[MB-19890425]美浦波旁、[飞跃地平线]东海帝王、[Maverick]成田白仁、[羽蛇武斗家]神鹰、[雀跃♪维他命心拍]特别周、[吉兆秋风]待兼福来、[Make up Vampire！]米浴、[雪纺丝带木乃伊]超级溪流、[Creeping Black]曼城茶座、[皓月下的神箭手]鲁道夫象征、[潮流☆Joker]岛川乔丹、[奇迹的胜利之星]小栗帽、[新春初晴·宝蓝绚烂]好歌剧、[CODE：淋面装饰]美浦波旁、[Starry Nocturne]爱慕织姬、[锦绣·溢彩盛典]北部玄驹、[Natural Brilliance]里见光钻、[RUN＆WIN]优秀素质、[洁白傲气的激励之服]帝王光辉、[稻荷因缘江户紫]稻荷一、[RUN！乱！发射！！]黄金船、[梦想传递员]胜利奖券、[Flare]阿斯顿真弓、[Fluttertail Spirit]山人西风、[梦之金原]稻荷一、[Butterfly Sting]奇锐骏、[不会结冰的生命之水]伏特加、[绯红的星月之夜]大和赤骥、[饿狼]成田白仁、[压轴主角·庆鹤之志]北部玄驹、[当红之星·荣兴之翠]里见光钻、[星辉之航]北幸樽前、[Fun☆Fun☆嗨翻天]大拓太阳神、[Clear Bliss]ミスターシービー、[Onyx Soldier]シンボリクリスエス、[Saisir le rêve]サクラローレル、[ブルー・タービュランス]マチカネタンホイザ、[みらくるめーくあっぷ！]ヒシミラクル、[身に纏うケラヴノス]タニノギムレット、[Aurore☆Vacances]トーセンジョーダン、[登竜之頂]カツラギエース、[Lunatic Lab]アグネスタキオン、[波間のエメラルド]サイレンススズカ、[The Proud Road]ナリタトップロード、[La mode 564]ゴールドシップ、[シュヴァリエ・ブル]サトノダイヤモンド、[Jetblack Automaton]シンボリクリスエス、[紫雲の夢見取り]トウカイテイオー、[GLITTER!]タップダンスシチー、[黒翠千里行]サトノクラウン、[Grand itinéraire]シュヴァルグラン、[結願のしまい華]キタサンブラック、[ネガイノカサネ]ナイスネイチャ、[Voyage étincelant]ヴィブロス、[柳緑小夜]マンハッタンカフェ、[Red in Black]ドゥラメンテ、[Dream Successor]ラインクラフト,
30269,支援卡,2024-08-24 11:00:00,2024-09-10 10:59:59,[トレセン学園]スティルインラブ、[トレセン学園]ブエナビスタ、[みんなにグッドマーベラス☆]マーベラスサンデー、[Devilish Whispers]スティルインラブ,
30268,角色卡池,2024-08-24 11:00:00,2024-09-10 10:59:59,[Regina dei fiori]ジェンティルドンナ,
30271,支援卡,2024-08-30 11:00:00,2024-09-10 10:59:59,[月下のSunshine]タイキシャトル、[悩み事かい？ポニーちゃん]フジキセキ,
30270,角色卡池,2024-08-30 11:00:00,2024-09-10 10:59:59,[Like “ZEER”]ネオユニヴァース、[Inlaid Stories]ゼンノロブロイ,
50104,角色卡池,2024-09-01 16:00:00,2024-09-07 10:59:59,[星光跃动]小栗帽、[奇迹的胜利之星]小栗帽、[锦绣·溢彩盛典]北部玄驹、[Natural Brilliance]里见光钻、[洁白傲气的激励之服]帝王光辉、[压轴主角·庆鹤之志]北部玄驹、[当红之星·荣兴之翠]里见光钻、[星辉之航]北幸樽前、[Onyx Soldier]シンボリクリスエス、[シュヴァリエ・ブル]サトノダイヤモンド、[Jetblack Automaton]シンボリクリスエス、[結願のしまい華]キタサンブラック、[Red in Black]ドゥラメンテ、[Dream Successor]ラインクラフト、[Evergreen Identity]キングヘイロー、[王者の喊声]ジャングルポケット、[パステルマリン・ロコドル]ホッコータルマエ,
50105,支援卡,2024-09-02 11:00:00,2024-10-01 10:59:59,[献上全国第一的演出]特别周、[万紫千红中一枝独秀]草上飞、[飞奔吧，闪耀吧]艾尼风神、[B·N·Winner！]胜利奖券、[尽管笑我傻吧]目白善信、[请品尝第一口！]菱曙、[爽快！决胜一击！]目白莱恩、[内心双脚皆温暖]生野狄杜斯、[极快！最快！花之风暴！]樱花进王、[让世界更加☆marvelous]美丽周日、[收下这份鼓励吧！]青竹回忆、[光芒四射地奔跑吧∞]神鹰、[TT Ignition！]双涡轮、[燃至天际的祈祷之火]八重无敌、[化为那无人知晓的风]山人西风、[To you]喜嘉奇迹、[絶対皇帝]シンボリルドルフ、[Something Blue]ダイワスカーレット、[優しい月]ゴールドシチー、[トばすぜホットサマー！]ジャングルポケット、[高らかにYO-HO!]タップダンスシチー、[我が舞、巡りて]キングヘイロー、[会心のウイニングスマイル]ヴィブロス、[只、君臨す。]オルフェーヴル、[明日のライド・オン]ウオッカ,
30275,支援卡,2024-09-10 11:00:00,2024-09-30 10:59:59,[トレセン学園]エスポワールシチー、[君の花衣]サクラローレル、[KNOCK 'EM DOWN!]エスポワールシチー,
30274,角色卡池,2024-09-10 11:00:00,2024-09-30 10:59:59,[Future Weaver]シーザリオ,
30277,支援卡,2024-09-20 11:00:00,2024-09-30 10:59:59,[トレセン学園]シーザリオ,
20019,角色卡池,2024-09-20 11:00:00,2050-01-01 14:00:00,[喜乐无边]东海帝王、[星光跃动]小栗帽、[玫瑰之梦]米浴、[O sole suo！]好歌剧、[pf.胜利公式]琵琶晨光、[飞跃地平线]东海帝王、[Maverick]成田白仁、[苍蓝/怒涛]名将怒涛、[超级加急！全彩PP膜特殊加工]爱丽数码、[雪纺丝带木乃伊]超级溪流、[Make up Vampire！]米浴、[奇迹的胜利之星]小栗帽、[嫣红圣诞颂歌]琵琶晨光、[Noble Seamair]美妙姿势、[新春初晴·宝蓝绚烂]好歌剧、[Starry Nocturne]爱慕织姬、[锦绣·溢彩盛典]北部玄驹、[Line Breakthrough]目白善信、[Titania]美妙姿势、[unsigned]空中神宫、[阴阳八卦☆开运服]小林历奇、[爱丽♡僵尸]爱丽数码、[Dot-o'-Lantern]名将怒涛、[Fluttertail Spirit]山人西风、[Butterfly Sting]奇锐骏、[不会结冰的生命之水]伏特加、[绯红的星月之夜]大和赤骥、[饿狼]成田白仁、[压轴主角·庆鹤之志]北部玄驹、[星辉之航]北幸樽前、[Fun☆Fun☆嗨翻天]大拓太阳神、[Clear Bliss]ミスターシービー、[華麗なる紅玉]ダイイチルビー、[Onyx Soldier]シンボリクリスエス、[Saisir le rêve]サクラローレル、[ブルー・タービュランス]マチカネタンホイザ、[みらくるめーくあっぷ！]ヒシミラクル、[身に纏うケラヴノス]タニノギムレット、[登竜之頂]カツラギエース,
20020,角色卡池,2024-09-20 11:00:00,2050-01-01 14:00:00,[特别追梦者]特别周、[喜乐无边]东海帝王、[星光跃动]小栗帽、[玫瑰之梦]米浴、[MB-19890425]美浦波旁、[飞跃地平线]东海帝王、[闪电少女]真机伶、[绝对☆LOVE]醒目飞鹰、[Maverick]成田白仁、[阳光花束]重炮、[圣翠治愈师]草上飞、[羽蛇武斗家]神鹰、[真我/1928]黄金城、[雀跃♪维他命心拍]特别周、[Make up Vampire！]米浴、[秋樱舞娘]黄金城、[潮流☆Joker]岛川乔丹、[奇迹的胜利之星]小栗帽、[明媚新春♪樱花绽放]春乌菈菈、[CODE：淋面装饰]美浦波旁、[锦绣·溢彩盛典]北部玄驹、[Natural Brilliance]里见光钻、[四白流星之袭]八重无敌、[RUN＆WIN]优秀素质、[洁白傲气的激励之服]帝王光辉、[Line Breakthrough]目白善信、[朔月挚爱]真机伶、[稻荷因缘江户紫]稻荷一、[RUN！乱！发射！！]黄金船、[黄昏凯旋]醒目飞鹰、[梦之金原]稻荷一、[死中求生]中山庆典、[不会结冰的生命之水]伏特加、[绯红的星月之夜]大和赤骥、[饿狼]成田白仁、[当红之星·荣兴之翠]里见光钻、[压轴主角·庆鹤之志]北部玄驹、[Fun☆Fun☆嗨翻天]大拓太阳神、[Saisir le rêve]サクラローレル、[Universe-Naut]ネオユニヴァース、[ブルー・タービュランス]マチカネタンホイザ、[Aurore☆Vacances]トーセンジョーダン、[Féroce]シリウスシンボリ、[La mode 564]ゴールドシップ、[シュヴァリエ・ブル]サトノダイヤモンド,
30276,角色卡池,2024-09-20 11:00:00,2024-09-30 10:59:59,[Chevalier fidèle]デュランダル,
50106,角色卡池,2024-09-29 19:00:00,2024-10-05 10:59:59,[星光跃动]小栗帽、[真我/1928]黄金城、[雪纺丝带木乃伊]超级溪流、[秋樱舞娘]黄金城、[奇迹的胜利之星]小栗帽、[疾风迅雷]玉藻十字、[明媚新春♪樱花绽放]春乌菈菈、[四白流星之袭]八重无敌、[稻荷因缘江户紫]稻荷一、[轰鸣雷神]玉藻十字、[梦之金原]稻荷一、[Butterfly Sting]奇锐骏、[GLITTER!]タップダンスシチー、[ZOKU-ZOKU GIZMO]トランセンド、[Dream Successor]ラインクラフト、[慈雨華影]スーパークリーク、[黒将Zen]ヤエノムテキ,
30279,支援卡,2024-09-30 11:00:00,2024-10-11 10:59:59,[牙を立て、リフレイン]ヒシアマゾン、[咆哮のアポヤンド]ナリタブライアン,
30278,角色卡池,2024-09-30 11:00:00,2024-10-11 10:59:59,[Be♪Witched]シーキングザパール、[ろっきん☆MewMeow]マヤノトップガン,
50107,支援卡,2024-10-01 11:00:00,2024-11-01 10:59:59,[全身心的感谢]美妙姿势、[冲向前方7厘米之外]空中神宫、[由故乡直达的助威！]雪之美人、[明天全国都会染红吧♪]青云天空、[即使满身泥土，也要追逐梦想]优秀素质、[可爱的你，美丽的你]真机伶、[倔强的集市]成田大进、[饱含心意的纸杯蛋糕]西野花、[Escorte étoile]天狼星象征、[Dear Mr. C.B.]千明代表、[待兼唐☆大冒险]待兼唐怀瑟、[听凭骰运]中山庆典、[帝王！王！王！！！]东海帝王、[奔跑吧，奔跑吧，奔跑吧！！]小栗帽、[Are you merry？]气槽、[难以捉摸的绝世佳人]东商变革、[燦爛]メジロラモーヌ、[ミッション『心の栄養補給』]ミホノブルボン、[オートクチュール・メモリー]アストンマーチャン、[All'alba vincerò!]テイエムオペラオー、[君と見る泡沫]マンハッタンカフェ、[鉄火場に咲く菫]ナカヤマフェスタ、[かっとばせー！ですわ！？]メジロマックイーン、[百花の願いをこの胸に]サトノダイヤモンド、[V.E.R.2285のあなたへ]ネオユニヴァース、[Take Them Down!]ナリタタイシン、[Lucky☆Summertime]コパノリッキー、[月下のSunshine]タイキシャトル,
30282,角色卡池,2024-10-11 11:00:00,2024-10-29 10:59:59,[POPPING!]バブルガムフェロー,
50108,角色卡池,2024-10-20 19:00:00,2024-10-26 10:59:59,[阳光花束]重炮、[举世无双·樱花耀夜]樱花千代王、[叠瓣花蕾]西野花、[Clear Bliss]ミスターシービー、[Onyx Soldier]シンボリクリスエス、[Fleur Enneigée]サクラチヨノオー、[Saisir le rêve]サクラローレル、[身に纏うケラヴノス]タニノギムレット、[Sweet Juneberry]ニシノフラワー、[登竜之頂]カツラギエース、[Jetblack Automaton]シンボリクリスエス、[Grand itinéraire]シュヴァルグラン、[Dream Successor]ラインクラフト、[王者の喊声]ジャングルポケット、[ろっきん☆MewMeow]マヤノトップガン,
30285,支援卡,2024-10-29 11:00:00,2024-11-18 10:59:59,[Cocoon]エアシャカール、[緋色の君へ風が吹く]ダイワスカーレット,
50110,支援卡,2024-10-29 11:00:00,2024-11-28 10:59:59,[To you]喜嘉奇迹、[Marvelous☆巧克力盛宴]美丽周日、[变身！侍者形态！]微光飞驹、[燦爛]メジロラモーヌ、[永劫続く栄光へ]祖にして導く者、[今は瞳を閉じないで]ナイスネイチャ、[心、夜風にさらわれて]メジロマックイーン、[絶対皇帝]シンボリルドルフ、[ミッション『心の栄養補給』]ミホノブルボン、[刻下、桜花爛漫]サクラローレル、[The frontier]ジャングルポケット、[Something Blue]ダイワスカーレット、[オートクチュール・メモリー]アストンマーチャン、[All'alba vincerò!]テイエムオペラオー、[Chill chill night*]マヤノトップガン、[優しい月]ゴールドシチー、[カモメのように]メジロパーマー、[ライフロング・ワンダー]ワンダーアキュート、[君と見る泡沫]マンハッタンカフェ、[トばすぜホットサマー！]ジャングルポケット、[L'aubeは迫りて]佐岳メイ、[大望は飛んでいく]エルコンドルパサー、[鉄火場に咲く菫]ナカヤマフェスタ、[炎々、闘志を抱き]ヒシアマゾン、[フォルトゥーナの喝采]タニノギムレット、[高らかにYO-HO!]タップダンスシチー、[波をかきわけ夢がゆく]ゴールドシップ、[天より遣われし微笑み]ツルマルツヨシ、[我が舞、巡りて]キングヘイロー、[かっとばせー！ですわ！？]メジロマックイーン、[大地と我らのアンサンブル]サウンズオブアース、[聖夜、変わるために]メジロドーベル、[冬溶かす熾火]メジロラモーヌ、[会心のウイニングスマイル]ヴィブロス、[血脈の胎動]ドゥラメンテ、[百花の願いをこの胸に]サトノダイヤモンド,
50112,支援卡,2024-10-29 11:00:00,2024-11-28 10:59:59,[白い翼は舞い戻りて]ホッコータルマエ、[小さな笑顔、2つ]ウイニングチケット、[感謝感謝！サクラ吹雪！！]サクラバクシンオー、[只、君臨す。]オルフェーヴル、[共に描くキラメキ]都留岐涼花、[Over the Ocean]シュヴァルグラン、[白い鳥のアラベスク]ケイエスミラクル、[浚いの風]ヤマニンゼファー、[V.E.R.2285のあなたへ]ネオユニヴァース、[わーく・あ・みらくる！]ヒシミラクル、[Take Them Down!]ナリタタイシン、[明日のライド・オン]ウオッカ、[アルストロメリアの夢]ヴィブロス、[幸福の匂いにまどろむ]セイウンスカイ、[謹製ッ！特大夢にんじん！]秋川理事長、[朝焼け苺の畑にて]ニシノフラワー、[そして幕は上がる]ダンツフレーム、[波間のオフショット]スマートファルコン、[Lucky☆Summertime]コパノリッキー、[歴史も美食も余すところなく]ファインモーション、[Devilish Whispers]スティルインラブ、[月下のSunshine]タイキシャトル、[悩み事かい？ポニーちゃん]フジキセキ、[KNOCK 'EM DOWN!]エスポワールシチー、[牙を立て、リフレイン]ヒシアマゾン、[咆哮のアポヤンド]ナリタブライアン,
30284,角色卡池,2024-10-29 11:00:00,2024-11-18 10:59:59,[Engineered Victory]ビワハヤヒデ,
50109,角色卡池,2024-10-29 11:00:00,2024-11-28 10:59:59,[星辉之航]北幸樽前、[Fun☆Fun☆嗨翻天]大拓太阳神、[MELTY GIFT]艾尼风神、[玛格丽特拿铁]目白莱恩、[Wicked Punk]新光风、[Clear Bliss]ミスターシービー、[華麗なる紅玉]ダイイチルビー、[Onyx Soldier]シンボリクリスエス、[Neige Émeraude]メジロアルダン、[Fleur Enneigée]サクラチヨノオー、[Saisir le rêve]サクラローレル、[Universe-Naut]ネオユニヴァース、[ブルー・タービュランス]マチカネタンホイザ、[レッドホット☆リーダー]サクラバクシンオー、[みらくるめーくあっぷ！]ヒシミラクル、[身に纏うケラヴノス]タニノギムレット、[Sweet Juneberry]ニシノフラワー、[Hungry Veil]ヒシアマゾン、[☆キラ★ドキ☆ワク∞マベ∞]マーベラスサンデー、[Ultra☆Marine]バンブーメモリー、[Aurore☆Vacances]トーセンジョーダン、[登竜之頂]カツラギエース、[Féroce]シリウスシンボリ、[Lunatic Lab]アグネスタキオン、[波間のエメラルド]サイレンススズカ、[The Proud Road]ナリタトップロード、[La mode 564]ゴールドシップ、[シュヴァリエ・ブル]サトノダイヤモンド、[Prism]ケイエスミラクル、[Belphegor's Prime]エアシャカール、[Jetblack Automaton]シンボリクリスエス、[オニキス・ライン]メジロラモーヌ、[水干撫子]カワカミプリンセス、[紫雲の夢見取り]トウカイテイオー、[GLITTER!]タップダンスシチー、[赤心のトナカイさん]メジロパーマー、[清らに星澄むスノーロリィタ]メジロブライト、[黒翠千里行]サトノクラウン、[Grand itinéraire]シュヴァルグラン、[結願のしまい華]キタサンブラック,
50111,角色卡池,2024-10-29 11:00:00,2024-11-28 10:59:59,[ネガイノカサネ]ナイスネイチャ、[Voyage étincelant]ヴィブロス、[茶の子雪ん子]ユキノビジン、[柳緑小夜]マンハッタンカフェ、[Red in Black]ドゥラメンテ、[ZOKU-ZOKU GIZMO]トランセンド、[Dream Successor]ラインクラフト、[Flowing Blue]ダイイチルビー、[Joyful Jamboree!]ダイタクヘリオス、[Glorious Coat]ウイニングチケット、[リトモ・デッラ・テッラ]サウンズオブアース、[慈雨華影]スーパークリーク、[黒将Zen]ヤエノムテキ、[Σ Experiment]アグネスタキオン、[Looking Fly!]ノースフライト、[Evergreen Identity]キングヘイロー、[リアライズ・ルーン]スイープトウショウ、[王者の喊声]ジャングルポケット、[夢路のよすが]ドリームジャーニー、[Yummy Dreamy Fairy]ライスシャワー、[真実一路]カルストンライトオ、[Reines Plätschern]エイシンフラッシュ、[パステルマリン・ロコドル]ホッコータルマエ、[Regina dei fiori]ジェンティルドンナ、[Like “ZEER”]ネオユニヴァース、[Inlaid Stories]ゼンノロブロイ、[Future Weaver]シーザリオ、[Chevalier fidèle]デュランダル、[Be♪Witched]シーキングザパール、[ろっきん☆MewMeow]マヤノトップガン,
50115,角色卡池,2024-10-29 11:00:00,2024-11-28 10:59:59,[举世无双·樱花耀夜]樱花千代王、[CODE：淋面装饰]美浦波旁、[精确无比·巧克力大师]荣进闪耀、[墨绿柔线]目白雅丹、[Starry Nocturne]爱慕织姬、[锦绣·溢彩盛典]北部玄驹、[Natural Brilliance]里见光钻、[砺光韧线]目白光明、[星夜猫咪舞会]青云天空、[胜利之星]富士奇石、[叠瓣花蕾]西野花、[四白流星之袭]八重无敌、[RUN＆WIN]优秀素质、[洁白傲气的激励之服]帝王光辉、[全时狂欢]艾尼风神、[Line Breakthrough]目白善信、[朔月挚爱]真机伶、[Titania]美妙姿势、[稻荷因缘江户紫]稻荷一、[悬铃木魔女]东商变革、[Bubblegum☆Memories]大树快车、[假日宝石蓝]目白多伯、[unsigned]空中神宫、[涟漪佳人]目白麦昆、[RUN！乱！发射！！]黄金船、[黑铁的壮志]青竹回忆、[阴阳八卦☆开运服]小林历奇、[黄昏凯旋]醒目飞鹰、[梦想传递员]胜利奖券、[另类工程师]成田大进、[可可爱爱的六出冰花]雪之美人、[Rocket☆Star]采珠、[爱丽♡僵尸]爱丽数码、[Dot-o'-Lantern]名将怒涛、[Flare]阿斯顿真弓、[Fluttertail Spirit]山人西风、[轰鸣雷神]玉藻十字、[梦之金原]稻荷一、[死中求生]中山庆典、[Butterfly Sting]奇锐骏、[不会结冰的生命之水]伏特加、[绯红的星月之夜]大和赤骥、[Heroic Author]荒漠英雄、[饿狼]成田白仁、[压轴主角·庆鹤之志]北部玄驹、[当红之星·荣兴之翠]里见光钻,
50113,支援卡,2024-11-01 11:00:00,2024-12-02 10:59:59,[粉色背影]成田路、[那声加油改变了世界]采珠、[坏蛋，举起手来！]大树快车、[小感伤预警♪]丸善斯基、[Q≠0]爱丽速子、[太阳小天使♪]大拓太阳神、[Danke schön]荣进闪耀、[Marvelous☆巧克力盛宴]美丽周日、[The frontier]ジャングルポケット、[カモメのように]メジロパーマー、[大望は飛んでいく]エルコンドルパサー、[波をかきわけ夢がゆく]ゴールドシップ、[聖夜、変わるために]メジロドーベル、[血脈の胎動]ドゥラメンテ、[感謝感謝！サクラ吹雪！！]サクラバクシンオー、[浚いの風]ヤマニンゼファー、[アルストロメリアの夢]ヴィブロス、[波間のオフショット]スマートファルコン、[Devilish Whispers]スティルインラブ、[咆哮のアポヤンド]ナリタブライアン,
30289,支援卡,2024-11-08 11:00:00,2024-11-18 10:59:59,[お任せ！オートクチュール]ノースフライト、[COOL⇔CRAZY/Buddy]シンボリクリスエス,
30288,角色卡池,2024-11-08 11:00:00,2024-11-18 10:59:59,[迷光オーヴァライド]ナリタタイシン,
50120,支援卡,2024-11-17 16:00:00,2024-11-23 10:59:59,[粉色背影]成田路、[月下小恶魔♪]目白善信、[难以捉摸的绝世佳人]东商变革、[The frontier]ジャングルポケット、[カモメのように]メジロパーマー、[トばすぜホットサマー！]ジャングルポケット、[聖夜、変わるために]メジロドーベル、[血脈の胎動]ドゥラメンテ、[波間のオフショット]スマートファルコン、[Devilish Whispers]スティルインラブ,
50114,角色卡池,2024-11-17 16:00:00,2024-11-23 10:59:59,[绝对☆LOVE]醒目飞鹰、[宛延曲线]目白多伯、[Starry Nocturne]爱慕织姬、[砺光韧线]目白光明、[Line Breakthrough]目白善信、[悬铃木魔女]东商变革、[假日宝石蓝]目白多伯、[unsigned]空中神宫、[黄昏凯旋]醒目飞鹰、[玛格丽特拿铁]目白莱恩、[The Proud Road]ナリタトップロード、[Belphegor's Prime]エアシャカール、[赤心のトナカイさん]メジロパーマー、[清らに星澄むスノーロリィタ]メジロブライト、[Red in Black]ドゥラメンテ、[ZOKU-ZOKU GIZMO]トランセンド、[Dream Successor]ラインクラフト、[リアライズ・ルーン]スイープトウショウ、[王者の喊声]ジャングルポケット,
30290,角色卡池,2024-11-18 11:00:00,2024-11-28 10:59:59,[Inherited Hope]エアメサイア,
30293,支援卡,2024-11-28 11:00:00,2024-12-10 10:59:59,[【告知】新刊あります！]アグネスデジタル、[不屈の遠吠え]メイショウドトウ,
30292,角色卡池,2024-11-28 11:00:00,2024-12-10 10:59:59,[Celestial Road]ナリタトップロード、[Glacialis Vega]アドマイヤベガ,
50116,角色卡池,2024-11-28 11:00:00,2024-12-10 10:59:59,[奇迹的胜利之星]小栗帽、[嫣红圣诞颂歌]琵琶晨光、[不会结冰的生命之水]伏特加、[绯红的星月之夜]大和赤骥、[赤心のトナカイさん]メジロパーマー、[清らに星澄むスノーロリィタ]メジロブライト、[結願のしまい華]キタサンブラック,
50117,支援卡,2024-12-02 11:00:00,2025-01-06 10:59:59,[Enchaînement]鲁道夫象征、[可爱的金兰之交们]生野狄杜斯、[It's on the house.]曼城茶座、[月下小恶魔♪]目白善信、[A Win Foreshadowed]克里斯象征、[平安喜乐寄于板羽球中]特别周、[心、夜風にさらわれて]メジロマックイーン、[刻下、桜花爛漫]サクラローレル、[フォルトゥーナの喝采]タニノギムレット、[大地と我らのアンサンブル]サウンズオブアース、[白い翼は舞い戻りて]ホッコータルマエ、[Over the Ocean]シュヴァルグラン、[わーく・あ・みらくる！]ヒシミラクル、[そして幕は上がる]ダンツフレーム、[Cocoon]エアシャカール,
30297,支援卡,2024-12-10 11:00:00,2024-12-19 10:59:59,[トレセン学園]ブラストワンピース、[トレセン学園]バブルガムフェロー、[先陣スプラッシュ！]バブルガムフェロー、[Blast Off!]ブラストワンピース,
30296,角色卡池,2024-12-10 11:00:00,2024-12-19 10:59:59,[ドラマティック・チュチュ]ウインバリアシオン,
50119,支援卡,2024-12-15 19:00:00,2024-12-21 10:59:59,[帝王！王！王！！！]东海帝王、[奔跑吧，奔跑吧，奔跑吧！！]小栗帽、[今は瞳を閉じないで]ナイスネイチャ、[The frontier]ジャングルポケット、[オートクチュール・メモリー]アストンマーチャン、[トばすぜホットサマー！]ジャングルポケット、[血脈の胎動]ドゥラメンテ、[Devilish Whispers]スティルインラブ,
50118,角色卡池,2024-12-15 19:00:00,2024-12-21 10:59:59,[喜乐无边]东海帝王、[星光跃动]小栗帽、[飞跃地平线]东海帝王、[闪电少女]真机伶、[圣翠治愈师]草上飞、[潮流☆Joker]岛川乔丹、[奇迹的胜利之星]小栗帽、[RUN＆WIN]优秀素质、[朔月挚爱]真机伶、[Flare]阿斯顿真弓、[Aurore☆Vacances]トーセンジョーダン、[紫雲の夢見取り]トウカイテイオー、[ネガイノカサネ]ナイスネイチャ、[Red in Black]ドゥラメンテ、[Dream Successor]ラインクラフト、[Looking Fly!]ノースフライト、[王者の喊声]ジャングルポケット、[夢路のよすが]ドリームジャーニー,
30298,角色卡池,2024-12-19 11:00:00,2024-12-27 10:59:59,[蒼炎の誉]グラスワンダー,
30301,支援卡,2024-12-27 11:00:00,2025-01-10 10:59:59,[雲煙飛動]シンボリルドルフ、[深窓の少女へ]メジロアルダン,
30300,角色卡池,2024-12-27 11:00:00,2025-01-10 10:59:59,[雅号・墨龍]カツラギエース、[絢爛花道歌舞く君]ミスターシービー,
50122,支援卡,2025-01-01 11:00:00,2025-02-28 10:59:59,[白い翼は舞い戻りて]ホッコータルマエ、[小さな笑顔、2つ]ウイニングチケット、[感謝感謝！サクラ吹雪！！]サクラバクシンオー、[只、君臨す。]オルフェーヴル、[共に描くキラメキ]都留岐涼花、[Over the Ocean]シュヴァルグラン、[白い鳥のアラベスク]ケイエスミラクル、[浚いの風]ヤマニンゼファー、[V.E.R.2285のあなたへ]ネオユニヴァース、[わーく・あ・みらくる！]ヒシミラクル、[Take Them Down!]ナリタタイシン、[明日のライド・オン]ウオッカ、[アルストロメリアの夢]ヴィブロス、[幸福の匂いにまどろむ]セイウンスカイ、[謹製ッ！特大夢にんじん！]秋川理事長、[朝焼け苺の畑にて]ニシノフラワー,
50124,支援卡,2025-01-01 11:00:00,2025-02-28 10:59:59,[そして幕は上がる]ダンツフレーム、[波間のオフショット]スマートファルコン、[Lucky☆Summertime]コパノリッキー、[歴史も美食も余すところなく]ファインモーション、[Devilish Whispers]スティルインラブ、[月下のSunshine]タイキシャトル、[悩み事かい？ポニーちゃん]フジキセキ、[KNOCK 'EM DOWN!]エスポワールシチー、[牙を立て、リフレイン]ヒシアマゾン、[咆哮のアポヤンド]ナリタブライアン、[Cocoon]エアシャカール、[緋色の君へ風が吹く]ダイワスカーレット、[COOL⇔CRAZY/Buddy]シンボリクリスエス、[【告知】新刊あります！]アグネスデジタル、[不屈の遠吠え]メイショウドトウ、[Blast Off!]ブラストワンピース、[雲煙飛動]シンボリルドルフ、[深窓の少女へ]メジロアルダン,
50129,支援卡,2025-01-01 11:00:00,2025-01-31 10:59:59,[饱含心意的纸杯蛋糕]西野花、[极快！最快！花之风暴！]樱花进王、[待兼唐☆大冒险]待兼唐怀瑟、[难以捉摸的绝世佳人]东商变革、[ミッション『心の栄養補給』]ミホノブルボン、[会心のウイニングスマイル]ヴィブロス、[百花の願いをこの胸に]サトノダイヤモンド、[感謝感謝！サクラ吹雪！！]サクラバクシンオー、[アルストロメリアの夢]ヴィブロス、[朝焼け苺の畑にて]ニシノフラワー,
50121,角色卡池,2025-01-01 11:00:00,2025-02-28 10:59:59,[ネガイノカサネ]ナイスネイチャ、[Voyage étincelant]ヴィブロス、[茶の子雪ん子]ユキノビジン、[柳緑小夜]マンハッタンカフェ、[Red in Black]ドゥラメンテ、[ZOKU-ZOKU GIZMO]トランセンド、[Dream Successor]ラインクラフト、[Flowing Blue]ダイイチルビー、[Joyful Jamboree!]ダイタクヘリオス、[Glorious Coat]ウイニングチケット、[リトモ・デッラ・テッラ]サウンズオブアース、[慈雨華影]スーパークリーク、[黒将Zen]ヤエノムテキ、[Σ Experiment]アグネスタキオン、[Looking Fly!]ノースフライト、[Evergreen Identity]キングヘイロー、[リアライズ・ルーン]スイープトウショウ、[王者の喊声]ジャングルポケット、[夢路のよすが]ドリームジャーニー,
50123,角色卡池,2025-01-01 11:00:00,2025-02-28 10:59:59,[Yummy Dreamy Fairy]ライスシャワー、[真実一路]カルストンライトオ、[Reines Plätschern]エイシンフラッシュ、[パステルマリン・ロコドル]ホッコータルマエ、[Regina dei fiori]ジェンティルドンナ、[Like “ZEER”]ネオユニヴァース、[Inlaid Stories]ゼンノロブロイ、[Future Weaver]シーザリオ、[Chevalier fidèle]デュランダル、[Be♪Witched]シーキングザパール、[ろっきん☆MewMeow]マヤノトップガン、[POPPING!]バブルガムフェロー、[Engineered Victory]ビワハヤヒデ、[迷光オーヴァライド]ナリタタイシン、[Inherited Hope]エアメサイア、[Celestial Road]ナリタトップロード、[Glacialis Vega]アドマイヤベガ、[ドラマティック・チュチュ]ウインバリアシオン、[蒼炎の誉]グラスワンダー、[雅号・墨龍]カツラギエース、[絢爛花道歌舞く君]ミスターシービー,
50128,角色卡池,2025-01-01 11:00:00,2025-01-31 10:59:59,[CODE：淋面装饰]美浦波旁、[Natural Brilliance]里见光钻、[叠瓣花蕾]西野花、[悬铃木魔女]东商变革、[当红之星·荣兴之翠]里见光钻、[ブルー・タービュランス]マチカネタンホイザ、[レッドホット☆リーダー]サクラバクシンオー、[Sweet Juneberry]ニシノフラワー、[シュヴァリエ・ブル]サトノダイヤモンド、[Voyage étincelant]ヴィブロス、[リアライズ・ルーン]スイープトウショウ、[Yummy Dreamy Fairy]ライスシャワー,
50125,支援卡,2025-01-06 11:00:00,2025-02-03 10:59:59,[粉色背影]成田路、[那声加油改变了世界]采珠、[坏蛋，举起手来！]大树快车、[小感伤预警♪]丸善斯基、[Q≠0]爱丽速子、[太阳小天使♪]大拓太阳神、[Danke schön]荣进闪耀、[Marvelous☆巧克力盛宴]美丽周日、[The frontier]ジャングルポケット、[カモメのように]メジロパーマー、[大望は飛んでいく]エルコンドルパサー、[波をかきわけ夢がゆく]ゴールドシップ、[聖夜、変わるために]メジロドーベル、[血脈の胎動]ドゥラメンテ、[感謝感謝！サクラ吹雪！！]サクラバクシンオー、[浚いの風]ヤマニンゼファー、[アルストロメリアの夢]ヴィブロス、[波間のオフショット]スマートファルコン、[Devilish Whispers]スティルインラブ、[咆哮のアポヤンド]ナリタブライアン、[不屈の遠吠え]メイショウドトウ,
30305,支援卡,2025-01-10 11:00:00,2025-01-20 10:59:59,[月下麗人]メジロラモーヌ、[飛び立つヴィーナス]シーキングザパール,
20021,角色卡池,2025-01-10 11:00:00,2050-01-01 14:00:00,[O sole suo！]好歌剧、[流星歌剧]富士奇石、[苍蓝/怒涛]名将怒涛、[Creeping Black]曼城茶座、[新春初晴·宝蓝绚烂]好歌剧、[胜利之星]富士奇石、[Dot-o'-Lantern]名将怒涛、[Lunatic Lab]アグネスタキオン、[The Proud Road]ナリタトップロード、[柳緑小夜]マンハッタンカフェ、[Σ Experiment]アグネスタキオン、[王者の喊声]ジャングルポケット、[Celestial Road]ナリタトップロード,
30304,角色卡池,2025-01-10 11:00:00,2025-01-20 10:59:59,[祝ひ寿ぐ神速天女]マルゼンスキー,
30306,角色卡池,2025-01-20 11:00:00,2025-01-31 10:59:59,[衣錦還郷の瑞星]フリオーソ,
30309,支援卡,2025-01-31 11:00:00,2025-02-14 10:59:59,[Cutest in Ur ♡]カレンチャン、[鉄の乙女も微笑んで]イクノディクタス,
30308,角色卡池,2025-01-31 11:00:00,2025-02-14 10:59:59,[溶けない砂糖菓子]アストンマーチャン、[Sugary Wind]ヤマニンゼファー,
50131,支援卡,2025-02-03 11:00:00,2025-03-03 10:59:59,[变身！侍者形态！]微光飞驹、[今は瞳を閉じないで]ナイスネイチャ、[Chill chill night*]マヤノトップガン、[ライフロング・ワンダー]ワンダーアキュート、[炎々、闘志を抱き]ヒシアマゾン、[天より遣われし微笑み]ツルマルツヨシ、[冬溶かす熾火]メジロラモーヌ、[小さな笑顔、2つ]ウイニングチケット、[白い鳥のアラベスク]ケイエスミラクル、[幸福の匂いにまどろむ]セイウンスカイ、[朝焼け苺の畑にて]ニシノフラワー、[KNOCK 'EM DOWN!]エスポワールシチー、[COOL⇔CRAZY/Buddy]シンボリクリスエス、[深窓の少女へ]メジロアルダン,
20023,支援卡,2025-02-14 11:00:00,2050-01-01 14:00:00,[献上全国第一的演出]特别周、[在耀眼景色的前方]无声铃鹿、[有梦想就要大声说出来！]东海帝王、[不沉舰的进击]黄金船、[伏特加之路]伏特加、[万紫千红中一枝独秀]草上飞、[热情的冠军！]神鹰、[期待已久的计谋]青云天空、[划破天空的闪电少女！]玉藻十字、[全身心的感谢]美妙姿势、[飞奔吧，闪耀吧]艾尼风神、[B·N·Winner！]胜利奖券、[冲向前方7厘米之外]空中神宫、[Run（my）way]黄金城、[好快！好吃！好快！]樱花进王、[一颗安心糖]超级溪流、[这就是我的优俊偶像之道☆]醒目飞鹰、[哪怕还不能独当一面]西野花、[必杀技！双胡萝卜拳！]微光飞驹、[欢迎来到特雷森学园！]骏川手纲、[“要受人喜爱啊”]小栗帽、[涡轮引擎马力全开！]双涡轮、[尽管笑我傻吧]目白善信、[身后迫近的热浪是动力]北部玄驹、[超越那前方的背影]里见光钻、[由故乡直达的助威！]雪之美人、[心中的烈火无法抑制]八重无敌、[樱花盛开之时]樱花千代王、[身为新娘！]川上公主、[请品尝第一口！]菱曙、[Head-on fight！]青竹回忆、[明天全国都会染红吧♪]青云天空、[起舞今宵]帝王光辉、[爽快！决胜一击！]目白莱恩、[独享冰凉？]东商变革、[全力嬉闹！]胜利奖券、[即使满身泥土，也要追逐梦想]优秀素质、[幸福就在转角后]米浴、[彻底管理主义]㭴本理子、[内心双脚皆温暖]生野狄杜斯、[大闹万圣夜！]玉藻十字、[被授予魔力的英雄]荒漠英雄、[43、8、1]中山庆典、[可爱的你，美丽的你]真机伶、[鸣箭嗤天]成田白仁、[舞动吧·躁动吧·狂欢吧！]大拓太阳神、[队形：PARTY]重炮、[倔强的集市]成田大进、[独奏·螺旋卡农]曼城茶座、[夜有黎明，天有祥星]爱慕织姬、[萍水相逢即是福♪]待兼福来、[要不赶紧扎一针？]安心泽刺刺美、[饱含心意的纸杯蛋糕]西野花、[极快！最快！花之风暴！]樱花进王、[“存在”于此的幸福]爱丽数码、[粉色背影]成田路、[让世界更加☆marvelous]美丽周日、[Enchaînement]鲁道夫象征、[Escorte étoile]天狼星象征、[Outfit as No.1]大和赤骥、[收下这份鼓励吧！]青竹回忆、[那声加油改变了世界]采珠、[Dear Mr. C.B.]千明代表、[乌菈菈的热情之歌♪]春乌菈菈、[可爱的金兰之交们]生野狄杜斯、[坏蛋，举起手来！]大树快车、[光芒四射地奔跑吧∞]神鹰、[待兼唐☆大冒险]待兼唐怀瑟、[奔向理想的熏风]气槽、[尊尚敬爱]聚于王座之人、[小感伤预警♪]丸善斯基、[听凭骰运]中山庆典、[It's on the house.]曼城茶座、[from the GROUND UP]明亮光晕、[Q≠0]爱丽速子、[帝王！王！王！！！]东海帝王、[TT Ignition！]双涡轮、[啊，华丽一族]第一红宝、[月下小恶魔♪]目白善信、[太阳小天使♪]大拓太阳神、[A Win Foreshadowed]克里斯象征、[奔跑吧，奔跑吧，奔跑吧！！]小栗帽、[燃至天际的祈祷之火]八重无敌、[Danke schön]荣进闪耀、[GLAD TIDINGS]成田白仁、[Are you merry？]气槽、[化为那无人知晓的风]山人西风、[平安喜乐寄于板羽球中]特别周、[难以捉摸的绝世佳人]东商变革、[To you]喜嘉奇迹、[Marvelous☆巧克力盛宴]美丽周日、[变身！侍者形态！]微光飞驹、[燦爛]メジロラモーヌ、[永劫続く栄光へ]祖にして導く者、[今は瞳を閉じないで]ナイスネイチャ、[心、夜風にさらわれて]メジロマックイーン、[絶対皇帝]シンボリルドルフ、[ミッション『心の栄養補給』]ミホノブルボン、[刻下、桜花爛漫]サクラローレル、[The frontier]ジャングルポケット、[Something Blue]ダイワスカーレット、[オートクチュール・メモリー]アストンマーチャン、[All'alba vincerò!]テイエムオペラオー、[Chill chill night*]マヤノトップガン、[優しい月]ゴールドシチー、[カモメのように]メジロパーマー、[ライフロング・ワンダー]ワンダーアキュート、[君と見る泡沫]マンハッタンカフェ、[トばすぜホットサマー！]ジャングルポケット、[L'aubeは迫りて]佐岳メイ、[大望は飛んでいく]エルコンドルパサー、[鉄火場に咲く菫]ナカヤマフェスタ、[炎々、闘志を抱き]ヒシアマゾン、[フォルトゥーナの喝采]タニノギムレット、[高らかにYO-HO!]タップダンスシチー、[波をかきわけ夢がゆく]ゴールドシップ、[天より遣われし微笑み]ツルマルツヨシ、[我が舞、巡りて]キングヘイロー、[かっとばせー！ですわ！？]メジロマックイーン、[大地と我らのアンサンブル]サウンズオブアース、[聖夜、変わるために]メジロドーベル、[冬溶かす熾火]メジロラモーヌ、[会心のウイニングスマイル]ヴィブロス、[血脈の胎動]ドゥラメンテ、[百花の願いをこの胸に]サトノダイヤモンド、[白い翼は舞い戻りて]ホッコータルマエ、[小さな笑顔、2つ]ウイニングチケット、[感謝感謝！サクラ吹雪！！]サクラバクシンオー、[只、君臨す。]オルフェーヴル、[共に描くキラメキ]都留岐涼花、[Over the Ocean]シュヴァルグラン、[白い鳥のアラベスク]ケイエスミラクル、[浚いの風]ヤマニンゼファー、[V.E.R.2285のあなたへ]ネオユニヴァース、[わーく・あ・みらくる！]ヒシミラクル、[Take Them Down!]ナリタタイシン、[明日のライド・オン]ウオッカ、[アルストロメリアの夢]ヴィブロス、[幸福の匂いにまどろむ]セイウンスカイ、[謹製ッ！特大夢にんじん！]秋川理事長、[朝焼け苺の畑にて]ニシノフラワー、[そして幕は上がる]ダンツフレーム、[波間のオフショット]スマートファルコン、[Lucky☆Summertime]コパノリッキー、[歴史も美食も余すところなく]ファインモーション、[Devilish Whispers]スティルインラブ、[月下のSunshine]タイキシャトル、[悩み事かい？ポニーちゃん]フジキセキ、[KNOCK 'EM DOWN!]エスポワールシチー、[牙を立て、リフレイン]ヒシアマゾン、[咆哮のアポヤンド]ナリタブライアン、[Cocoon]エアシャカール、[緋色の君へ風が吹く]ダイワスカーレット、[COOL⇔CRAZY/Buddy]シンボリクリスエス、[【告知】新刊あります！]アグネスデジタル、[不屈の遠吠え]メイショウドトウ、[Blast Off!]ブラストワンピース、[雲煙飛動]シンボリルドルフ、[深窓の少女へ]メジロアルダン、[飛び立つヴィーナス]シーキングザパール、[Cutest in Ur ♡]カレンチャン、[鉄の乙女も微笑んで]イクノディクタス,
20025,支援卡,2025-02-14 11:00:00,2050-01-01 14:00:00,[献上全国第一的演出]特别周、[在耀眼景色的前方]无声铃鹿、[有梦想就要大声说出来！]东海帝王、[不沉舰的进击]黄金船、[伏特加之路]伏特加、[万紫千红中一枝独秀]草上飞、[热情的冠军！]神鹰、[期待已久的计谋]青云天空、[划破天空的闪电少女！]玉藻十字、[全身心的感谢]美妙姿势、[飞奔吧，闪耀吧]艾尼风神、[B·N·Winner！]胜利奖券、[冲向前方7厘米之外]空中神宫、[Run（my）way]黄金城、[好快！好吃！好快！]樱花进王、[一颗安心糖]超级溪流、[这就是我的优俊偶像之道☆]醒目飞鹰、[哪怕还不能独当一面]西野花、[必杀技！双胡萝卜拳！]微光飞驹、[欢迎来到特雷森学园！]骏川手纲、[“要受人喜爱啊”]小栗帽、[涡轮引擎马力全开！]双涡轮、[尽管笑我傻吧]目白善信、[身后迫近的热浪是动力]北部玄驹、[超越那前方的背影]里见光钻、[由故乡直达的助威！]雪之美人、[心中的烈火无法抑制]八重无敌、[樱花盛开之时]樱花千代王、[身为新娘！]川上公主、[请品尝第一口！]菱曙、[Head-on fight！]青竹回忆、[明天全国都会染红吧♪]青云天空、[起舞今宵]帝王光辉、[爽快！决胜一击！]目白莱恩、[独享冰凉？]东商变革、[全力嬉闹！]胜利奖券、[即使满身泥土，也要追逐梦想]优秀素质、[幸福就在转角后]米浴、[彻底管理主义]㭴本理子、[内心双脚皆温暖]生野狄杜斯、[大闹万圣夜！]玉藻十字、[被授予魔力的英雄]荒漠英雄、[43、8、1]中山庆典、[可爱的你，美丽的你]真机伶、[鸣箭嗤天]成田白仁、[舞动吧·躁动吧·狂欢吧！]大拓太阳神、[队形：PARTY]重炮、[倔强的集市]成田大进、[独奏·螺旋卡农]曼城茶座、[夜有黎明，天有祥星]爱慕织姬、[萍水相逢即是福♪]待兼福来、[要不赶紧扎一针？]安心泽刺刺美、[饱含心意的纸杯蛋糕]西野花、[极快！最快！花之风暴！]樱花进王、[“存在”于此的幸福]爱丽数码、[粉色背影]成田路、[让世界更加☆marvelous]美丽周日、[Enchaînement]鲁道夫象征、[Escorte étoile]天狼星象征、[Outfit as No.1]大和赤骥、[收下这份鼓励吧！]青竹回忆、[那声加油改变了世界]采珠、[Dear Mr. C.B.]千明代表、[乌菈菈的热情之歌♪]春乌菈菈、[可爱的金兰之交们]生野狄杜斯、[坏蛋，举起手来！]大树快车、[光芒四射地奔跑吧∞]神鹰、[待兼唐☆大冒险]待兼唐怀瑟、[奔向理想的熏风]气槽、[尊尚敬爱]聚于王座之人、[小感伤预警♪]丸善斯基、[听凭骰运]中山庆典、[It's on the house.]曼城茶座、[from the GROUND UP]明亮光晕、[Q≠0]爱丽速子、[帝王！王！王！！！]东海帝王、[TT Ignition！]双涡轮、[啊，华丽一族]第一红宝、[月下小恶魔♪]目白善信、[太阳小天使♪]大拓太阳神、[A Win Foreshadowed]克里斯象征、[奔跑吧，奔跑吧，奔跑吧！！]小栗帽、[燃至天际的祈祷之火]八重无敌、[Danke schön]荣进闪耀、[GLAD TIDINGS]成田白仁、[Are you merry？]气槽、[化为那无人知晓的风]山人西风、[平安喜乐寄于板羽球中]特别周、[难以捉摸的绝世佳人]东商变革、[To you]喜嘉奇迹、[Marvelous☆巧克力盛宴]美丽周日、[变身！侍者形态！]微光飞驹、[燦爛]メジロラモーヌ、[永劫続く栄光へ]祖にして導く者、[今は瞳を閉じないで]ナイスネイチャ、[心、夜風にさらわれて]メジロマックイーン、[絶対皇帝]シンボリルドルフ、[ミッション『心の栄養補給』]ミホノブルボン、[刻下、桜花爛漫]サクラローレル、[The frontier]ジャングルポケット、[Something Blue]ダイワスカーレット、[オートクチュール・メモリー]アストンマーチャン、[All'alba vincerò!]テイエムオペラオー、[Chill chill night*]マヤノトップガン、[優しい月]ゴールドシチー、[カモメのように]メジロパーマー、[ライフロング・ワンダー]ワンダーアキュート、[君と見る泡沫]マンハッタンカフェ、[トばすぜホットサマー！]ジャングルポケット、[L'aubeは迫りて]佐岳メイ、[大望は飛んでいく]エルコンドルパサー、[鉄火場に咲く菫]ナカヤマフェスタ、[炎々、闘志を抱き]ヒシアマゾン、[フォルトゥーナの喝采]タニノギムレット、[高らかにYO-HO!]タップダンスシチー、[波をかきわけ夢がゆく]ゴールドシップ、[天より遣われし微笑み]ツルマルツヨシ、[我が舞、巡りて]キングヘイロー、[かっとばせー！ですわ！？]メジロマックイーン、[大地と我らのアンサンブル]サウンズオブアース、[聖夜、変わるために]メジロドーベル、[冬溶かす熾火]メジロラモーヌ、[会心のウイニングスマイル]ヴィブロス、[血脈の胎動]ドゥラメンテ、[百花の願いをこの胸に]サトノダイヤモンド、[白い翼は舞い戻りて]ホッコータルマエ、[小さな笑顔、2つ]ウイニングチケット、[感謝感謝！サクラ吹雪！！]サクラバクシンオー、[只、君臨す。]オルフェーヴル、[共に描くキラメキ]都留岐涼花、[Over the Ocean]シュヴァルグラン、[白い鳥のアラベスク]ケイエスミラクル、[浚いの風]ヤマニンゼファー、[V.E.R.2285のあなたへ]ネオユニヴァース、[わーく・あ・みらくる！]ヒシミラクル、[Take Them Down!]ナリタタイシン、[明日のライド・オン]ウオッカ、[アルストロメリアの夢]ヴィブロス、[幸福の匂いにまどろむ]セイウンスカイ、[謹製ッ！特大夢にんじん！]秋川理事長、[朝焼け苺の畑にて]ニシノフラワー、[そして幕は上がる]ダンツフレーム、[波間のオフショット]スマートファルコン、[Lucky☆Summertime]コパノリッキー、[歴史も美食も余すところなく]ファインモーション、[Devilish Whispers]スティルインラブ、[月下のSunshine]タイキシャトル、[悩み事かい？ポニーちゃん]フジキセキ、[KNOCK 'EM DOWN!]エスポワールシチー、[牙を立て、リフレイン]ヒシアマゾン、[咆哮のアポヤンド]ナリタブライアン、[Cocoon]エアシャカール、[緋色の君へ風が吹く]ダイワスカーレット、[COOL⇔CRAZY/Buddy]シンボリクリスエス、[【告知】新刊あります！]アグネスデジタル、[不屈の遠吠え]メイショウドトウ、[Blast Off!]ブラストワンピース、[雲煙飛動]シンボリルドルフ、[深窓の少女へ]メジロアルダン、[飛び立つヴィーナス]シーキングザパール、[Cutest in Ur ♡]カレンチャン、[鉄の乙女も微笑んで]イクノディクタス,
20022,角色卡池,2025-02-14 11:00:00,2050-01-01 14:00:00,[特别追梦者]特别周、[无声无瑕]无声铃鹿、[喜乐无边]东海帝王、[绯红方程式]丸善斯基、[星光跃动]小栗帽、[狂野前线]大树快车、[优雅曲线]目白麦昆、[皇帝]鲁道夫象征、[玫瑰之梦]米浴、[O sole suo！]好歌剧、[MB-19890425]美浦波旁、[pf.胜利公式]琵琶晨光、[飞跃地平线]东海帝王、[天际尽头]目白麦昆、[闪电少女]真机伶、[Nevertheless]成田大进、[绝对☆LOVE]醒目飞鹰、[Maverick]成田白仁、[阳光花束]重炮、[橡木王冠]气槽、[青云垂钓者]青云天空、[亚马逊青金石]菱亚马逊、[羽蛇武斗家]神鹰、[圣翠治愈师]草上飞、[流星歌剧]富士奇石、[真我/1928]黄金城、[雀跃♪维他命心拍]特别周、[飞跃☆夏夜]丸善斯基、[苍蓝/怒涛]名将怒涛、[Meisterschaft]荣进闪耀、[吉兆秋风]待兼福来、[Buono☆时尚]菱曙、[超级加急！全彩PP膜特殊加工]爱丽数码、[Make up Vampire！]米浴、[雪纺丝带木乃伊]超级溪流、[粉红公主]川上公主、[Creeping Black]曼城茶座、[皓月下的神箭手]鲁道夫象征、[秋樱舞娘]黄金城、[潮流☆Joker]岛川乔丹、[宛延曲线]目白多伯、[奇迹的胜利之星]小栗帽、[嫣红圣诞颂歌]琵琶晨光、[Noble Seamair]美妙姿势、[疾风迅雷]玉藻十字、[明媚新春♪樱花绽放]春乌菈菈、[新春初晴·宝蓝绚烂]好歌剧、[举世无双·樱花耀夜]樱花千代王、[CODE：淋面装饰]美浦波旁、[精确无比·巧克力大师]荣进闪耀、[墨绿柔线]目白雅丹、[Starry Nocturne]爱慕织姬、[锦绣·溢彩盛典]北部玄驹、[Natural Brilliance]里见光钻、[砺光韧线]目白光明、[星夜猫咪舞会]青云天空、[胜利之星]富士奇石、[叠瓣花蕾]西野花、[四白流星之袭]八重无敌、[RUN＆WIN]优秀素质、[洁白傲气的激励之服]帝王光辉、[全时狂欢]艾尼风神、[Line Breakthrough]目白善信、[朔月挚爱]真机伶、[Titania]美妙姿势、[稻荷因缘江户紫]稻荷一、[悬铃木魔女]东商变革、[Bubblegum☆Memories]大树快车、[假日宝石蓝]目白多伯、[unsigned]空中神宫、[涟漪佳人]目白麦昆、[RUN！乱！发射！！]黄金船、[黑铁的壮志]青竹回忆、[阴阳八卦☆开运服]小林历奇、[黄昏凯旋]醒目飞鹰、[梦想传递员]胜利奖券、[另类工程师]成田大进、[可可爱爱的六出冰花]雪之美人、[Rocket☆Star]采珠、[爱丽♡僵尸]爱丽数码、[Dot-o'-Lantern]名将怒涛、[Flare]阿斯顿真弓、[Fluttertail Spirit]山人西风、[轰鸣雷神]玉藻十字、[梦之金原]稻荷一、[死中求生]中山庆典、[Butterfly Sting]奇锐骏、[不会结冰的生命之水]伏特加、[绯红的星月之夜]大和赤骥、[Heroic Author]荒漠英雄、[饿狼]成田白仁、[压轴主角·庆鹤之志]北部玄驹、[当红之星·荣兴之翠]里见光钻、[星辉之航]北幸樽前、[Fun☆Fun☆嗨翻天]大拓太阳神、[MELTY GIFT]艾尼风神、[玛格丽特拿铁]目白莱恩、[Wicked Punk]新光风、[Clear Bliss]ミスターシービー、[華麗なる紅玉]ダイイチルビー、[Onyx Soldier]シンボリクリスエス、[Neige Émeraude]メジロアルダン、[Fleur Enneigée]サクラチヨノオー、[Saisir le rêve]サクラローレル、[Universe-Naut]ネオユニヴァース、[ブルー・タービュランス]マチカネタンホイザ、[レッドホット☆リーダー]サクラバクシンオー、[みらくるめーくあっぷ！]ヒシミラクル、[身に纏うケラヴノス]タニノギムレット、[Sweet Juneberry]ニシノフラワー、[Hungry Veil]ヒシアマゾン、[☆キラ★ドキ☆ワク∞マベ∞]マーベラスサンデー、[Ultra☆Marine]バンブーメモリー、[Aurore☆Vacances]トーセンジョーダン、[登竜之頂]カツラギエース、[Féroce]シリウスシンボリ、[Lunatic Lab]アグネスタキオン、[波間のエメラルド]サイレンススズカ、[The Proud Road]ナリタトップロード、[La mode 564]ゴールドシップ、[シュヴァリエ・ブル]サトノダイヤモンド、[Prism]ケイエスミラクル、[Belphegor's Prime]エアシャカール、[Jetblack Automaton]シンボリクリスエス、[オニキス・ライン]メジロラモーヌ、[水干撫子]カワカミプリンセス、[紫雲の夢見取り]トウカイテイオー、[GLITTER!]タップダンスシチー、[赤心のトナカイさん]メジロパーマー、[清らに星澄むスノーロリィタ]メジロブライト、[黒翠千里行]サトノクラウン、[Grand itinéraire]シュヴァルグラン、[結願のしまい華]キタサンブラック、[ネガイノカサネ]ナイスネイチャ、[Voyage étincelant]ヴィブロス、[茶の子雪ん子]ユキノビジン、[柳緑小夜]マンハッタンカフェ、[Red in Black]ドゥラメンテ、[ZOKU-ZOKU GIZMO]トランセンド、[Dream Successor]ラインクラフト、[Flowing Blue]ダイイチルビー、[Joyful Jamboree!]ダイタクヘリオス、[Glorious Coat]ウイニングチケット、[リトモ・デッラ・テッラ]サウンズオブアース、[慈雨華影]スーパークリーク、[黒将Zen]ヤエノムテキ、[Σ Experiment]アグネスタキオン、[Looking Fly!]ノースフライト、[Evergreen Identity]キングヘイロー、[リアライズ・ルーン]スイープトウショウ、[王者の喊声]ジャングルポケット、[夢路のよすが]ドリームジャーニー、[Yummy Dreamy Fairy]ライスシャワー、[真実一路]カルストンライトオ、[Reines Plätschern]エイシンフラッシュ、[パステルマリン・ロコドル]ホッコータルマエ、[Regina dei fiori]ジェンティルドンナ、[Like “ZEER”]ネオユニヴァース、[Inlaid Stories]ゼンノロブロイ、[Future Weaver]シーザリオ、[Chevalier fidèle]デュランダル、[Be♪Witched]シーキングザパール、[ろっきん☆MewMeow]マヤノトップガン、[POPPING!]バブルガムフェロー、[Engineered Victory]ビワハヤヒデ、[迷光オーヴァライド]ナリタタイシン、[Inherited Hope]エアメサイア、[Celestial Road]ナリタトップロード、[Glacialis Vega]アドマイヤベガ、[ドラマティック・チュチュ]ウインバリアシオン、[蒼炎の誉]グラスワンダー、[雅号・墨龍]カツラギエース、[絢爛花道歌舞く君]ミスターシービー、[祝ひ寿ぐ神速天女]マルゼンスキー、[衣錦還郷の瑞星]フリオーソ、[溶けない砂糖菓子]アストンマーチャン、[Sugary Wind]ヤマニンゼファー,
20024,角色卡池,2025-02-14 11:00:00,2050-01-01 14:00:00,[特别追梦者]特别周、[无声无瑕]无声铃鹿、[喜乐无边]东海帝王、[绯红方程式]丸善斯基、[星光跃动]小栗帽、[狂野前线]大树快车、[优雅曲线]目白麦昆、[皇帝]鲁道夫象征、[玫瑰之梦]米浴、[O sole suo！]好歌剧、[MB-19890425]美浦波旁、[pf.胜利公式]琵琶晨光、[飞跃地平线]东海帝王、[天际尽头]目白麦昆、[闪电少女]真机伶、[Nevertheless]成田大进、[绝对☆LOVE]醒目飞鹰、[Maverick]成田白仁、[阳光花束]重炮、[橡木王冠]气槽、[青云垂钓者]青云天空、[亚马逊青金石]菱亚马逊、[羽蛇武斗家]神鹰、[圣翠治愈师]草上飞、[流星歌剧]富士奇石、[真我/1928]黄金城、[雀跃♪维他命心拍]特别周、[飞跃☆夏夜]丸善斯基、[苍蓝/怒涛]名将怒涛、[Meisterschaft]荣进闪耀、[吉兆秋风]待兼福来、[Buono☆时尚]菱曙、[超级加急！全彩PP膜特殊加工]爱丽数码、[Make up Vampire！]米浴、[雪纺丝带木乃伊]超级溪流、[粉红公主]川上公主、[Creeping Black]曼城茶座、[皓月下的神箭手]鲁道夫象征、[秋樱舞娘]黄金城、[潮流☆Joker]岛川乔丹、[宛延曲线]目白多伯、[奇迹的胜利之星]小栗帽、[嫣红圣诞颂歌]琵琶晨光、[Noble Seamair]美妙姿势、[疾风迅雷]玉藻十字、[明媚新春♪樱花绽放]春乌菈菈、[新春初晴·宝蓝绚烂]好歌剧、[举世无双·樱花耀夜]樱花千代王、[CODE：淋面装饰]美浦波旁、[精确无比·巧克力大师]荣进闪耀、[墨绿柔线]目白雅丹、[Starry Nocturne]爱慕织姬、[锦绣·溢彩盛典]北部玄驹、[Natural Brilliance]里见光钻、[砺光韧线]目白光明、[星夜猫咪舞会]青云天空、[胜利之星]富士奇石、[叠瓣花蕾]西野花、[四白流星之袭]八重无敌、[RUN＆WIN]优秀素质、[洁白傲气的激励之服]帝王光辉、[全时狂欢]艾尼风神、[Line Breakthrough]目白善信、[朔月挚爱]真机伶、[Titania]美妙姿势、[稻荷因缘江户紫]稻荷一、[悬铃木魔女]东商变革、[Bubblegum☆Memories]大树快车、[假日宝石蓝]目白多伯、[unsigned]空中神宫、[涟漪佳人]目白麦昆、[RUN！乱！发射！！]黄金船、[黑铁的壮志]青竹回忆、[阴阳八卦☆开运服]小林历奇、[黄昏凯旋]醒目飞鹰、[梦想传递员]胜利奖券、[另类工程师]成田大进、[可可爱爱的六出冰花]雪之美人、[Rocket☆Star]采珠、[爱丽♡僵尸]爱丽数码、[Dot-o'-Lantern]名将怒涛、[Flare]阿斯顿真弓、[Fluttertail Spirit]山人西风、[轰鸣雷神]玉藻十字、[梦之金原]稻荷一、[死中求生]中山庆典、[Butterfly Sting]奇锐骏、[不会结冰的生命之水]伏特加、[绯红的星月之夜]大和赤骥、[Heroic Author]荒漠英雄、[饿狼]成田白仁、[压轴主角·庆鹤之志]北部玄驹、[当红之星·荣兴之翠]里见光钻、[星辉之航]北幸樽前、[Fun☆Fun☆嗨翻天]大拓太阳神、[MELTY GIFT]艾尼风神、[玛格丽特拿铁]目白莱恩、[Wicked Punk]新光风、[Clear Bliss]ミスターシービー、[華麗なる紅玉]ダイイチルビー、[Onyx Soldier]シンボリクリスエス、[Neige Émeraude]メジロアルダン、[Fleur Enneigée]サクラチヨノオー、[Saisir le rêve]サクラローレル、[Universe-Naut]ネオユニヴァース、[ブルー・タービュランス]マチカネタンホイザ、[レッドホット☆リーダー]サクラバクシンオー、[みらくるめーくあっぷ！]ヒシミラクル、[身に纏うケラヴノス]タニノギムレット、[Sweet Juneberry]ニシノフラワー、[Hungry Veil]ヒシアマゾン、[☆キラ★ドキ☆ワク∞マベ∞]マーベラスサンデー、[Ultra☆Marine]バンブーメモリー、[Aurore☆Vacances]トーセンジョーダン、[登竜之頂]カツラギエース、[Féroce]シリウスシンボリ、[Lunatic Lab]アグネスタキオン、[波間のエメラルド]サイレンススズカ、[The Proud Road]ナリタトップロード、[La mode 564]ゴールドシップ、[シュヴァリエ・ブル]サトノダイヤモンド、[Prism]ケイエスミラクル、[Belphegor's Prime]エアシャカール、[Jetblack Automaton]シンボリクリスエス、[オニキス・ライン]メジロラモーヌ、[水干撫子]カワカミプリンセス、[紫雲の夢見取り]トウカイテイオー、[GLITTER!]タップダンスシチー、[赤心のトナカイさん]メジロパーマー、[清らに星澄むスノーロリィタ]メジロブライト、[黒翠千里行]サトノクラウン、[Grand itinéraire]シュヴァルグラン、[結願のしまい華]キタサンブラック、[ネガイノカサネ]ナイスネイチャ、[Voyage étincelant]ヴィブロス、[茶の子雪ん子]ユキノビジン、[柳緑小夜]マンハッタンカフェ、[Red in Black]ドゥラメンテ、[ZOKU-ZOKU GIZMO]トランセンド、[Dream Successor]ラインクラフト、[Flowing Blue]ダイイチルビー、[Joyful Jamboree!]ダイタクヘリオス、[Glorious Coat]ウイニングチケット、[リトモ・デッラ・テッラ]サウンズオブアース、[慈雨華影]スーパークリーク、[黒将Zen]ヤエノムテキ、[Σ Experiment]アグネスタキオン、[Looking Fly!]ノースフライト、[Evergreen Identity]キングヘイロー、[リアライズ・ルーン]スイープトウショウ、[王者の喊声]ジャングルポケット、[夢路のよすが]ドリームジャーニー、[Yummy Dreamy Fairy]ライスシャワー、[真実一路]カルストンライトオ、[Reines Plätschern]エイシンフラッシュ、[パステルマリン・ロコドル]ホッコータルマエ、[Regina dei fiori]ジェンティルドンナ、[Like “ZEER”]ネオユニヴァース、[Inlaid Stories]ゼンノロブロイ、[Future Weaver]シーザリオ、[Chevalier fidèle]デュランダル、[Be♪Witched]シーキングザパール、[ろっきん☆MewMeow]マヤノトップガン、[POPPING!]バブルガムフェロー、[Engineered Victory]ビワハヤヒデ、[迷光オーヴァライド]ナリタタイシン、[Inherited Hope]エアメサイア、[Celestial Road]ナリタトップロード、[Glacialis Vega]アドマイヤベガ、[ドラマティック・チュチュ]ウインバリアシオン、[蒼炎の誉]グラスワンダー、[雅号・墨龍]カツラギエース、[絢爛花道歌舞く君]ミスターシービー、[祝ひ寿ぐ神速天女]マルゼンスキー、[衣錦還郷の瑞星]フリオーソ、[溶けない砂糖菓子]アストンマーチャン、[Sugary Wind]ヤマニンゼファー,
30312,角色卡池,2025-02-14 11:00:00,2025-02-24 10:59:59,[志、高し、強し！]ツルマルツヨシ,
30315,支援卡,2025-02-24 11:00:00,2025-03-21 10:59:59,[トレセン学園]アーモンドアイ、[トレセン学園]ラッキーライラック、[トレセン学園]グランアレグリア、[喜びの咲く刻]ラッキーライラック、[メロンなささやき]メジロマックイーン、[導きの光]伝説の体現者、[世界を変える眼差し]アーモンドアイ,
30314,角色卡池,2025-02-24 11:00:00,2025-03-21 10:59:59,[総攬]オルフェーヴル,
50155,支援卡,2025-03-03 11:00:00,2025-04-01 10:59:59,[燦爛]メジロラモーヌ、[ミッション『心の栄養補給』]ミホノブルボン、[オートクチュール・メモリー]アストンマーチャン、[All'alba vincerò!]テイエムオペラオー、[君と見る泡沫]マンハッタンカフェ、[鉄火場に咲く菫]ナカヤマフェスタ、[かっとばせー！ですわ！？]メジロマックイーン、[百花の願いをこの胸に]サトノダイヤモンド、[V.E.R.2285のあなたへ]ネオユニヴァース、[Take Them Down!]ナリタタイシン、[Lucky☆Summertime]コパノリッキー、[月下のSunshine]タイキシャトル、[緋色の君へ風が吹く]ダイワスカーレット、[【告知】新刊あります！]アグネスデジタル、[雲煙飛動]シンボリルドルフ、[鉄の乙女も微笑んで]イクノディクタス,
30319,支援卡,2025-03-11 11:00:00,2025-03-21 10:59:59,[『しあわせの青いバラ』]ライスシャワー、[春、来たれり]メジロブライト,
50157,支援卡,2025-03-11 11:00:00,2050-01-01 10:59:59,[To you]喜嘉奇迹、[Marvelous☆巧克力盛宴]美丽周日、[变身！侍者形态！]微光飞驹、[燦爛]メジロラモーヌ、[永劫続く栄光へ]祖にして導く者、[今は瞳を閉じないで]ナイスネイチャ、[心、夜風にさらわれて]メジロマックイーン、[絶対皇帝]シンボリルドルフ、[ミッション『心の栄養補給』]ミホノブルボン、[刻下、桜花爛漫]サクラローレル、[The frontier]ジャングルポケット、[Something Blue]ダイワスカーレット、[オートクチュール・メモリー]アストンマーチャン、[All'alba vincerò!]テイエムオペラオー、[Chill chill night*]マヤノトップガン、[優しい月]ゴールドシチー、[カモメのように]メジロパーマー、[ライフロング・ワンダー]ワンダーアキュート、[君と見る泡沫]マンハッタンカフェ、[トばすぜホットサマー！]ジャングルポケット、[L'aubeは迫りて]佐岳メイ、[大望は飛んでいく]エルコンドルパサー、[鉄火場に咲く菫]ナカヤマフェスタ、[炎々、闘志を抱き]ヒシアマゾン、[フォルトゥーナの喝采]タニノギムレット、[高らかにYO-HO!]タップダンスシチー、[波をかきわけ夢がゆく]ゴールドシップ、[天より遣われし微笑み]ツルマルツヨシ、[我が舞、巡りて]キングヘイロー、[かっとばせー！ですわ！？]メジロマックイーン、[大地と我らのアンサンブル]サウンズオブアース、[聖夜、変わるために]メジロドーベル、[冬溶かす熾火]メジロラモーヌ、[会心のウイニングスマイル]ヴィブロス、[血脈の胎動]ドゥラメンテ、[百花の願いをこの胸に]サトノダイヤモンド、[白い翼は舞い戻りて]ホッコータルマエ、[小さな笑顔、2つ]ウイニングチケット、[感謝感謝！サクラ吹雪！！]サクラバクシンオー、[只、君臨す。]オルフェーヴル、[共に描くキラメキ]都留岐涼花、[Over the Ocean]シュヴァルグラン、[白い鳥のアラベスク]ケイエスミラクル、[浚いの風]ヤマニンゼファー、[V.E.R.2285のあなたへ]ネオユニヴァース、[わーく・あ・みらくる！]ヒシミラクル、[Take Them Down!]ナリタタイシン、[明日のライド・オン]ウオッカ、[アルストロメリアの夢]ヴィブロス、[幸福の匂いにまどろむ]セイウンスカイ、[謹製ッ！特大夢にんじん！]秋川理事長、[朝焼け苺の畑にて]ニシノフラワー、[そして幕は上がる]ダンツフレーム、[波間のオフショット]スマートファルコン、[Lucky☆Summertime]コパノリッキー、[歴史も美食も余すところなく]ファインモーション、[Devilish Whispers]スティルインラブ、[月下のSunshine]タイキシャトル、[悩み事かい？ポニーちゃん]フジキセキ、[KNOCK 'EM DOWN!]エスポワールシチー、[牙を立て、リフレイン]ヒシアマゾン、[咆哮のアポヤンド]ナリタブライアン、[Cocoon]エアシャカール、[緋色の君へ風が吹く]ダイワスカーレット、[COOL⇔CRAZY/Buddy]シンボリクリスエス、[【告知】新刊あります！]アグネスデジタル、[不屈の遠吠え]メイショウドトウ、[Blast Off!]ブラストワンピース、[雲煙飛動]シンボリルドルフ、[深窓の少女へ]メジロアルダン、[飛び立つヴィーナス]シーキングザパール、[Cutest in Ur ♡]カレンチャン、[鉄の乙女も微笑んで]イクノディクタス,
20026,角色卡池,2025-03-11 11:00:00,2050-01-01 14:00:00,[特别追梦者]特别周、[喜乐无边]东海帝王、[星光跃动]小栗帽、[皇帝]鲁道夫象征、[玫瑰之梦]米浴、[无声无瑕]无声铃鹿、[O sole suo！]好歌剧、[MB-19890425]美浦波旁、[飞跃地平线]东海帝王、[羽蛇武斗家]神鹰、[雀跃♪维他命心拍]特别周、[Make up Vampire！]米浴、[雪纺丝带木乃伊]超级溪流、[皓月下的神箭手]鲁道夫象征、[奇迹的胜利之星]小栗帽、[新春初晴·宝蓝绚烂]好歌剧、[CODE：淋面装饰]美浦波旁、[Starry Nocturne]爱慕织姬、[锦绣·溢彩盛典]北部玄驹、[Natural Brilliance]里见光钻、[RUN＆WIN]优秀素质、[洁白傲气的激励之服]帝王光辉、[稻荷因缘江户紫]稻荷一、[RUN！乱！发射！！]黄金船、[Flare]阿斯顿真弓、[Fluttertail Spirit]山人西风、[梦之金原]稻荷一、[压轴主角·庆鹤之志]北部玄驹、[当红之星·荣兴之翠]里见光钻、[星辉之航]北幸樽前、[Fun☆Fun☆嗨翻天]大拓太阳神、[Clear Bliss]ミスターシービー、[Onyx Soldier]シンボリクリスエス、[Saisir le rêve]サクラローレル、[ブルー・タービュランス]マチカネタンホイザ、[登竜之頂]カツラギエース、[波間のエメラルド]サイレンススズカ、[The Proud Road]ナリタトップロード、[La mode 564]ゴールドシップ、[シュヴァリエ・ブル]サトノダイヤモンド、[Jetblack Automaton]シンボリクリスエス、[紫雲の夢見取り]トウカイテイオー、[黒翠千里行]サトノクラウン、[Grand itinéraire]シュヴァルグラン、[結願のしまい華]キタサンブラック、[ネガイノカサネ]ナイスネイチャ、[Voyage étincelant]ヴィブロス,
20027,角色卡池,2025-03-11 11:00:00,2050-01-01 14:00:00,[喜乐无边]东海帝王、[O sole suo！]好歌剧、[飞跃地平线]东海帝王、[Maverick]成田白仁、[羽蛇武斗家]神鹰、[吉兆秋风]待兼福来、[Creeping Black]曼城茶座、[潮流☆Joker]岛川乔丹、[新春初晴·宝蓝绚烂]好歌剧、[Starry Nocturne]爱慕织姬、[锦绣·溢彩盛典]北部玄驹、[Natural Brilliance]里见光钻、[RUN＆WIN]优秀素质、[RUN！乱！发射！！]黄金船、[梦想传递员]胜利奖券、[Butterfly Sting]奇锐骏、[不会结冰的生命之水]伏特加、[绯红的星月之夜]大和赤骥、[饿狼]成田白仁、[压轴主角·庆鹤之志]北部玄驹、[当红之星·荣兴之翠]里见光钻、[星辉之航]北幸樽前、[Clear Bliss]ミスターシービー、[Onyx Soldier]シンボリクリスエス、[Saisir le rêve]サクラローレル、[ブルー・タービュランス]マチカネタンホイザ、[みらくるめーくあっぷ！]ヒシミラクル、[身に纏うケラヴノス]タニノギムレット、[Aurore☆Vacances]トーセンジョーダン、[Lunatic Lab]アグネスタキオン、[The Proud Road]ナリタトップロード、[La mode 564]ゴールドシップ、[シュヴァリエ・ブル]サトノダイヤモンド、[Jetblack Automaton]シンボリクリスエス、[紫雲の夢見取り]トウカイテイオー、[GLITTER!]タップダンスシチー、[Grand itinéraire]シュヴァルグラン、[結願のしまい華]キタサンブラック、[ネガイノカサネ]ナイスネイチャ、[Voyage étincelant]ヴィブロス、[柳緑小夜]マンハッタンカフェ、[Red in Black]ドゥラメンテ、[Dream Successor]ラインクラフト,
30318,角色卡池,2025-03-11 11:00:00,2025-03-21 10:59:59,[すまいる・まい・うぇい！]グランアレグリア,
50156,角色卡池,2025-03-11 11:00:00,2050-01-01 10:59:59,[星辉之航]北幸樽前、[Fun☆Fun☆嗨翻天]大拓太阳神、[MELTY GIFT]艾尼风神、[玛格丽特拿铁]目白莱恩、[Wicked Punk]新光风、[Clear Bliss]ミスターシービー、[華麗なる紅玉]ダイイチルビー、[Onyx Soldier]シンボリクリスエス、[Neige Émeraude]メジロアルダン、[Fleur Enneigée]サクラチヨノオー、[Saisir le rêve]サクラローレル、[Universe-Naut]ネオユニヴァース、[ブルー・タービュランス]マチカネタンホイザ、[レッドホット☆リーダー]サクラバクシンオー、[みらくるめーくあっぷ！]ヒシミラクル、[身に纏うケラヴノス]タニノギムレット、[Sweet Juneberry]ニシノフラワー、[Hungry Veil]ヒシアマゾン、[☆キラ★ドキ☆ワク∞マベ∞]マーベラスサンデー、[Ultra☆Marine]バンブーメモリー、[Aurore☆Vacances]トーセンジョーダン、[登竜之頂]カツラギエース、[Féroce]シリウスシンボリ、[Lunatic Lab]アグネスタキオン、[波間のエメラルド]サイレンススズカ、[The Proud Road]ナリタトップロード、[La mode 564]ゴールドシップ、[シュヴァリエ・ブル]サトノダイヤモンド、[Prism]ケイエスミラクル、[Belphegor's Prime]エアシャカール、[Jetblack Automaton]シンボリクリスエス、[オニキス・ライン]メジロラモーヌ、[水干撫子]カワカミプリンセス、[紫雲の夢見取り]トウカイテイオー、[GLITTER!]タップダンスシチー、[赤心のトナカイさん]メジロパーマー、[清らに星澄むスノーロリィタ]メジロブライト、[黒翠千里行]サトノクラウン、[Grand itinéraire]シュヴァルグラン、[結願のしまい華]キタサンブラック、[ネガイノカサネ]ナイスネイチャ、[Voyage étincelant]ヴィブロス、[茶の子雪ん子]ユキノビジン、[柳緑小夜]マンハッタンカフェ、[Red in Black]ドゥラメンテ、[ZOKU-ZOKU GIZMO]トランセンド、[Dream Successor]ラインクラフト、[Flowing Blue]ダイイチルビー、[Joyful Jamboree!]ダイタクヘリオス、[Glorious Coat]ウイニングチケット、[リトモ・デッラ・テッラ]サウンズオブアース、[慈雨華影]スーパークリーク、[黒将Zen]ヤエノムテキ、[Σ Experiment]アグネスタキオン、[Looking Fly!]ノースフライト、[Evergreen Identity]キングヘイロー、[リアライズ・ルーン]スイープトウショウ、[王者の喊声]ジャングルポケット、[夢路のよすが]ドリームジャーニー、[Yummy Dreamy Fairy]ライスシャワー、[真実一路]カルストンライトオ、[Reines Plätschern]エイシンフラッシュ、[パステルマリン・ロコドル]ホッコータルマエ、[Regina dei fiori]ジェンティルドンナ、[Like “ZEER”]ネオユニヴァース、[Inlaid Stories]ゼンノロブロイ、[Future Weaver]シーザリオ、[Chevalier fidèle]デュランダル、[Be♪Witched]シーキングザパール、[ろっきん☆MewMeow]マヤノトップガン、[POPPING!]バブルガムフェロー、[Engineered Victory]ビワハヤヒデ、[迷光オーヴァライド]ナリタタイシン、[Inherited Hope]エアメサイア、[Celestial Road]ナリタトップロード、[Glacialis Vega]アドマイヤベガ、[ドラマティック・チュチュ]ウインバリアシオン、[蒼炎の誉]グラスワンダー、[雅号・墨龍]カツラギエース、[絢爛花道歌舞く君]ミスターシービー、[祝ひ寿ぐ神速天女]マルゼンスキー、[衣錦還郷の瑞星]フリオーソ、[溶けない砂糖菓子]アストンマーチャン、[Sugary Wind]ヤマニンゼファー,
30320,角色卡池,2025-03-21 11:00:00,2025-03-31 10:59:59,[紅色塗早駆具足]ノーリーズン,
30323,支援卡,2025-03-31 11:00:00,2025-04-10 10:59:59,[トレセン学園]ドリームジャーニー、[Ballroom Tempest]ウオッカ、[誘うは夢心地]ドリームジャーニー,
30322,角色卡池,2025-03-31 11:00:00,2025-04-10 10:59:59,[Tap! Tap! Tap!]タップダンスシチー、[With a Twist]タニノギムレット,
50159,支援卡,2025-04-01 11:00:00,2025-05-01 10:59:59,[To you]喜嘉奇迹、[絶対皇帝]シンボリルドルフ、[Something Blue]ダイワスカーレット、[優しい月]ゴールドシチー、[トばすぜホットサマー！]ジャングルポケット、[高らかにYO-HO!]タップダンスシチー、[我が舞、巡りて]キングヘイロー、[会心のウイニングスマイル]ヴィブロス、[只、君臨す。]オルフェーヴル、[明日のライド・オン]ウオッカ、[歴史も美食も余すところなく]ファインモーション、[悩み事かい？ポニーちゃん]フジキセキ、[牙を立て、リフレイン]ヒシアマゾン、[Blast Off!]ブラストワンピース、[Cutest in Ur ♡]カレンチャン,
30327,支援卡,2025-04-10 11:00:00,2025-04-21 10:59:59,[トレセン学園]デアリングタクト、[トレセン学園]デアリングハート、[Daring Music]デアリングハート、[無垢の白妙]デアリングタクト,
50090,支援卡,2025-04-10 11:00:00,2025-04-17 10:59:59,[献上全国第一的演出]特别周、[在耀眼景色的前方]无声铃鹿、[有梦想就要大声说出来！]东海帝王、[不沉舰的进击]黄金船、[伏特加之路]伏特加、[万紫千红中一枝独秀]草上飞、[热情的冠军！]神鹰、[期待已久的计谋]青云天空、[划破天空的闪电少女！]玉藻十字、[全身心的感谢]美妙姿势、[飞奔吧，闪耀吧]艾尼风神、[B·N·Winner！]胜利奖券、[冲向前方7厘米之外]空中神宫、[Run（my）way]黄金城、[好快！好吃！好快！]樱花进王、[一颗安心糖]超级溪流、[这就是我的优俊偶像之道☆]醒目飞鹰、[哪怕还不能独当一面]西野花、[必杀技！双胡萝卜拳！]微光飞驹、[欢迎来到特雷森学园！]骏川手纲、[“要受人喜爱啊”]小栗帽、[涡轮引擎马力全开！]双涡轮、[尽管笑我傻吧]目白善信、[身后迫近的热浪是动力]北部玄驹、[超越那前方的背影]里见光钻、[由故乡直达的助威！]雪之美人、[心中的烈火无法抑制]八重无敌、[樱花盛开之时]樱花千代王、[身为新娘！]川上公主、[请品尝第一口！]菱曙、[Head-on fight！]青竹回忆、[明天全国都会染红吧♪]青云天空、[起舞今宵]帝王光辉、[爽快！决胜一击！]目白莱恩、[独享冰凉？]东商变革、[全力嬉闹！]胜利奖券、[即使满身泥土，也要追逐梦想]优秀素质、[幸福就在转角后]米浴、[彻底管理主义]㭴本理子、[内心双脚皆温暖]生野狄杜斯、[大闹万圣夜！]玉藻十字、[被授予魔力的英雄]荒漠英雄、[43、8、1]中山庆典、[可爱的你，美丽的你]真机伶、[鸣箭嗤天]成田白仁、[舞动吧·躁动吧·狂欢吧！]大拓太阳神、[队形：PARTY]重炮、[倔强的集市]成田大进、[独奏·螺旋卡农]曼城茶座、[夜有黎明，天有祥星]爱慕织姬、[萍水相逢即是福♪]待兼福来、[要不赶紧扎一针？]安心泽刺刺美、[饱含心意的纸杯蛋糕]西野花、[极快！最快！花之风暴！]樱花进王、[“存在”于此的幸福]爱丽数码、[粉色背影]成田路、[让世界更加☆marvelous]美丽周日、[Enchaînement]鲁道夫象征、[Escorte étoile]天狼星象征、[Outfit as No.1]大和赤骥、[收下这份鼓励吧！]青竹回忆、[那声加油改变了世界]采珠、[Dear Mr. C.B.]千明代表、[乌菈菈的热情之歌♪]春乌菈菈、[可爱的金兰之交们]生野狄杜斯、[坏蛋，举起手来！]大树快车、[光芒四射地奔跑吧∞]神鹰、[待兼唐☆大冒险]待兼唐怀瑟、[奔向理想的熏风]气槽、[尊尚敬爱]聚于王座之人、[小感伤预警♪]丸善斯基、[听凭骰运]中山庆典、[It's on the house.]曼城茶座、[from the GROUND UP]明亮光晕、[Q≠0]爱丽速子、[帝王！王！王！！！]东海帝王、[TT Ignition！]双涡轮、[啊，华丽一族]第一红宝、[月下小恶魔♪]目白善信、[太阳小天使♪]大拓太阳神、[A Win Foreshadowed]克里斯象征、[奔跑吧，奔跑吧，奔跑吧！！]小栗帽、[燃至天际的祈祷之火]八重无敌、[Danke schön]荣进闪耀、[GLAD TIDINGS]成田白仁、[Are you merry？]气槽、[化为那无人知晓的风]山人西风、[平安喜乐寄于板羽球中]特别周、[难以捉摸的绝世佳人]东商变革、[To you]喜嘉奇迹、[Marvelous☆巧克力盛宴]美丽周日、[变身！侍者形态！]微光飞驹、[燦爛]メジロラモーヌ、[永劫続く栄光へ]祖にして導く者、[今は瞳を閉じないで]ナイスネイチャ、[心、夜風にさらわれて]メジロマックイーン、[絶対皇帝]シンボリルドルフ、[ミッション『心の栄養補給』]ミホノブルボン、[刻下、桜花爛漫]サクラローレル、[The frontier]ジャングルポケット、[Something Blue]ダイワスカーレット、[オートクチュール・メモリー]アストンマーチャン、[All'alba vincerò!]テイエムオペラオー、[Chill chill night*]マヤノトップガン、[優しい月]ゴールドシチー、[カモメのように]メジロパーマー、[ライフロング・ワンダー]ワンダーアキュート、[君と見る泡沫]マンハッタンカフェ、[トばすぜホットサマー！]ジャングルポケット、[L'aubeは迫りて]佐岳メイ、[大望は飛んでいく]エルコンドルパサー、[鉄火場に咲く菫]ナカヤマフェスタ、[炎々、闘志を抱き]ヒシアマゾン、[フォルトゥーナの喝采]タニノギムレット、[高らかにYO-HO!]タップダンスシチー、[波をかきわけ夢がゆく]ゴールドシップ、[天より遣われし微笑み]ツルマルツヨシ、[我が舞、巡りて]キングヘイロー、[かっとばせー！ですわ！？]メジロマックイーン、[大地と我らのアンサンブル]サウンズオブアース、[聖夜、変わるために]メジロドーベル、[冬溶かす熾火]メジロラモーヌ、[会心のウイニングスマイル]ヴィブロス、[血脈の胎動]ドゥラメンテ、[百花の願いをこの胸に]サトノダイヤモンド、[白い翼は舞い戻りて]ホッコータルマエ、[小さな笑顔、2つ]ウイニングチケット、[感謝感謝！サクラ吹雪！！]サクラバクシンオー、[只、君臨す。]オルフェーヴル、[共に描くキラメキ]都留岐涼花、[Over the Ocean]シュヴァルグラン、[白い鳥のアラベスク]ケイエスミラクル、[浚いの風]ヤマニンゼファー、[V.E.R.2285のあなたへ]ネオユニヴァース、[わーく・あ・みらくる！]ヒシミラクル、[Take Them Down!]ナリタタイシン,
50140,支援卡,2025-04-10 11:00:00,2025-04-17 10:59:59,[Marvelous☆巧克力盛宴]美丽周日、[The frontier]ジャングルポケット、[カモメのように]メジロパーマー、[大望は飛んでいく]エルコンドルパサー、[波をかきわけ夢がゆく]ゴールドシップ、[聖夜、変わるために]メジロドーベル、[血脈の胎動]ドゥラメンテ、[感謝感謝！サクラ吹雪！！]サクラバクシンオー、[浚いの風]ヤマニンゼファー、[アルストロメリアの夢]ヴィブロス、[波間のオフショット]スマートファルコン、[Devilish Whispers]スティルインラブ、[咆哮のアポヤンド]ナリタブライアン、[不屈の遠吠え]メイショウドトウ、[飛び立つヴィーナス]シーキングザパール,
50141,支援卡,2025-04-10 11:00:00,2025-04-17 10:59:59,[心、夜風にさらわれて]メジロマックイーン、[刻下、桜花爛漫]サクラローレル、[フォルトゥーナの喝采]タニノギムレット、[大地と我らのアンサンブル]サウンズオブアース、[白い翼は舞い戻りて]ホッコータルマエ、[Over the Ocean]シュヴァルグラン、[わーく・あ・みらくる！]ヒシミラクル、[そして幕は上がる]ダンツフレーム、[Cocoon]エアシャカール,
50142,支援卡,2025-04-10 11:00:00,2025-04-17 10:59:59,[变身！侍者形态！]微光飞驹、[今は瞳を閉じないで]ナイスネイチャ、[Chill chill night*]マヤノトップガン、[ライフロング・ワンダー]ワンダーアキュート、[炎々、闘志を抱き]ヒシアマゾン、[天より遣われし微笑み]ツルマルツヨシ、[冬溶かす熾火]メジロラモーヌ、[小さな笑顔、2つ]ウイニングチケット、[白い鳥のアラベスク]ケイエスミラクル、[幸福の匂いにまどろむ]セイウンスカイ、[朝焼け苺の畑にて]ニシノフラワー、[KNOCK 'EM DOWN!]エスポワールシチー、[COOL⇔CRAZY/Buddy]シンボリクリスエス、[深窓の少女へ]メジロアルダン,
50143,支援卡,2025-04-10 11:00:00,2025-04-17 10:59:59,[To you]喜嘉奇迹、[絶対皇帝]シンボリルドルフ、[Something Blue]ダイワスカーレット、[優しい月]ゴールドシチー、[トばすぜホットサマー！]ジャングルポケット、[高らかにYO-HO!]タップダンスシチー、[我が舞、巡りて]キングヘイロー、[会心のウイニングスマイル]ヴィブロス、[只、君臨す。]オルフェーヴル、[明日のライド・オン]ウオッカ、[歴史も美食も余すところなく]ファインモーション、[悩み事かい？ポニーちゃん]フジキセキ、[牙を立て、リフレイン]ヒシアマゾン、[Blast Off!]ブラストワンピース、[Cutest in Ur ♡]カレンチャン,
50144,支援卡,2025-04-10 11:00:00,2025-04-17 10:59:59,[燦爛]メジロラモーヌ、[ミッション『心の栄養補給』]ミホノブルボン、[オートクチュール・メモリー]アストンマーチャン、[All'alba vincerò!]テイエムオペラオー、[君と見る泡沫]マンハッタンカフェ、[鉄火場に咲く菫]ナカヤマフェスタ、[かっとばせー！ですわ！？]メジロマックイーン、[百花の願いをこの胸に]サトノダイヤモンド、[V.E.R.2285のあなたへ]ネオユニヴァース、[Take Them Down!]ナリタタイシン、[Lucky☆Summertime]コパノリッキー、[月下のSunshine]タイキシャトル、[緋色の君へ風が吹く]ダイワスカーレット、[【告知】新刊あります！]アグネスデジタル、[雲煙飛動]シンボリルドルフ、[鉄の乙女も微笑んで]イクノディクタス,
30326,角色卡池,2025-04-10 11:00:00,2025-04-21 10:59:59,[Louve stellaire]シリウスシンボリ,
30338,角色卡池,2025-04-10 11:00:00,2025-04-17 10:59:59,[紅色塗早駆具足]ノーリーズン,
50089,角色卡池,2025-04-10 11:00:00,2025-04-17 10:59:59,[特别追梦者]特别周、[无声无瑕]无声铃鹿、[喜乐无边]东海帝王、[绯红方程式]丸善斯基、[星光跃动]小栗帽、[狂野前线]大树快车、[优雅曲线]目白麦昆、[皇帝]鲁道夫象征、[玫瑰之梦]米浴、[O sole suo！]好歌剧、[MB-19890425]美浦波旁、[pf.胜利公式]琵琶晨光、[飞跃地平线]东海帝王、[天际尽头]目白麦昆、[闪电少女]真机伶、[Nevertheless]成田大进、[绝对☆LOVE]醒目飞鹰、[Maverick]成田白仁、[阳光花束]重炮、[橡木王冠]气槽、[青云垂钓者]青云天空、[亚马逊青金石]菱亚马逊、[羽蛇武斗家]神鹰、[圣翠治愈师]草上飞、[流星歌剧]富士奇石、[真我/1928]黄金城、[雀跃♪维他命心拍]特别周、[飞跃☆夏夜]丸善斯基、[苍蓝/怒涛]名将怒涛、[Meisterschaft]荣进闪耀、[吉兆秋风]待兼福来、[Buono☆时尚]菱曙、[超级加急！全彩PP膜特殊加工]爱丽数码、[Make up Vampire！]米浴、[雪纺丝带木乃伊]超级溪流、[粉红公主]川上公主、[Creeping Black]曼城茶座、[皓月下的神箭手]鲁道夫象征、[秋樱舞娘]黄金城、[潮流☆Joker]岛川乔丹、[宛延曲线]目白多伯、[奇迹的胜利之星]小栗帽、[嫣红圣诞颂歌]琵琶晨光、[Noble Seamair]美妙姿势、[疾风迅雷]玉藻十字、[明媚新春♪樱花绽放]春乌菈菈、[新春初晴·宝蓝绚烂]好歌剧、[举世无双·樱花耀夜]樱花千代王、[CODE：淋面装饰]美浦波旁、[精确无比·巧克力大师]荣进闪耀、[墨绿柔线]目白雅丹、[Starry Nocturne]爱慕织姬、[锦绣·溢彩盛典]北部玄驹、[Natural Brilliance]里见光钻、[砺光韧线]目白光明、[星夜猫咪舞会]青云天空、[胜利之星]富士奇石、[叠瓣花蕾]西野花、[四白流星之袭]八重无敌、[RUN＆WIN]优秀素质、[洁白傲气的激励之服]帝王光辉、[全时狂欢]艾尼风神、[Line Breakthrough]目白善信、[朔月挚爱]真机伶、[Titania]美妙姿势、[稻荷因缘江户紫]稻荷一、[悬铃木魔女]东商变革、[Bubblegum☆Memories]大树快车、[假日宝石蓝]目白多伯、[unsigned]空中神宫、[涟漪佳人]目白麦昆、[RUN！乱！发射！！]黄金船、[黑铁的壮志]青竹回忆、[阴阳八卦☆开运服]小林历奇、[黄昏凯旋]醒目飞鹰、[梦想传递员]胜利奖券、[另类工程师]成田大进、[可可爱爱的六出冰花]雪之美人、[Rocket☆Star]采珠、[爱丽♡僵尸]爱丽数码、[Dot-o'-Lantern]名将怒涛、[Flare]阿斯顿真弓、[Fluttertail Spirit]山人西风、[轰鸣雷神]玉藻十字、[梦之金原]稻荷一、[死中求生]中山庆典、[Butterfly Sting]奇锐骏、[不会结冰的生命之水]伏特加、[绯红的星月之夜]大和赤骥、[Heroic Author]荒漠英雄、[饿狼]成田白仁、[压轴主角·庆鹤之志]北部玄驹、[当红之星·荣兴之翠]里见光钻、[星辉之航]北幸樽前、[Fun☆Fun☆嗨翻天]大拓太阳神、[MELTY GIFT]艾尼风神、[玛格丽特拿铁]目白莱恩、[Wicked Punk]新光风、[Clear Bliss]ミスターシービー、[華麗なる紅玉]ダイイチルビー、[Onyx Soldier]シンボリクリスエス、[Neige Émeraude]メジロアルダン、[Fleur Enneigée]サクラチヨノオー、[Saisir le rêve]サクラローレル、[Universe-Naut]ネオユニヴァース、[ブルー・タービュランス]マチカネタンホイザ、[レッドホット☆リーダー]サクラバクシンオー、[みらくるめーくあっぷ！]ヒシミラクル、[身に纏うケラヴノス]タニノギムレット、[Sweet Juneberry]ニシノフラワー、[Hungry Veil]ヒシアマゾン、[☆キラ★ドキ☆ワク∞マベ∞]マーベラスサンデー、[Ultra☆Marine]バンブーメモリー、[Aurore☆Vacances]トーセンジョーダン、[登竜之頂]カツラギエース、[Féroce]シリウスシンボリ、[Lunatic Lab]アグネスタキオン、[波間のエメラルド]サイレンススズカ、[The Proud Road]ナリタトップロード、[La mode 564]ゴールドシップ、[シュヴァリエ・ブル]サトノダイヤモンド、[Prism]ケイエスミラクル、[Belphegor's Prime]エアシャカール、[Jetblack Automaton]シンボリクリスエス、[オニキス・ライン]メジロラモーヌ、[水干撫子]カワカミプリンセス、[紫雲の夢見取り]トウカイテイオー、[GLITTER!]タップダンスシチー、[赤心のトナカイさん]メジロパーマー、[清らに星澄むスノーロリィタ]メジロブライト、[黒翠千里行]サトノクラウン、[Grand itinéraire]シュヴァルグラン、[結願のしまい華]キタサンブラック、[ネガイノカサネ]ナイスネイチャ、[Voyage étincelant]ヴィブロス、[茶の子雪ん子]ユキノビジン、[柳緑小夜]マンハッタンカフェ、[Red in Black]ドゥラメンテ、[ZOKU-ZOKU GIZMO]トランセンド、[Dream Successor]ラインクラフト、[Flowing Blue]ダイイチルビー、[Joyful Jamboree!]ダイタクヘリオス、[Glorious Coat]ウイニングチケット、[リトモ・デッラ・テッラ]サウンズオブアース、[慈雨華影]スーパークリーク、[黒将Zen]ヤエノムテキ,
50132,角色卡池,2025-04-10 11:00:00,2025-04-17 10:59:59,[華麗なる紅玉]ダイイチルビー、[レッドホット☆リーダー]サクラバクシンオー、[Ultra☆Marine]バンブーメモリー、[Prism]ケイエスミラクル、[Evergreen Identity]キングヘイロー、[真実一路]カルストンライトオ、[溶けない砂糖菓子]アストンマーチャン,
50133,角色卡池,2025-04-10 11:00:00,2025-04-17 10:59:59,[Fun☆Fun☆嗨翻天]大拓太阳神、[MELTY GIFT]艾尼风神、[Sweet Juneberry]ニシノフラワー、[茶の子雪ん子]ユキノビジン、[Dream Successor]ラインクラフト、[Flowing Blue]ダイイチルビー、[Joyful Jamboree!]ダイタクヘリオス、[Looking Fly!]ノースフライト、[Chevalier fidèle]デュランダル、[Be♪Witched]シーキングザパール、[祝ひ寿ぐ神速天女]マルゼンスキー、[Sugary Wind]ヤマニンゼファー,
50134,角色卡池,2025-04-10 11:00:00,2025-04-17 10:59:59,[玛格丽特拿铁]目白莱恩、[Neige Émeraude]メジロアルダン、[Fleur Enneigée]サクラチヨノオー、[Universe-Naut]ネオユニヴァース、[ブルー・タービュランス]マチカネタンホイザ、[身に纏うケラヴノス]タニノギムレット、[Hungry Veil]ヒシアマゾン、[☆キラ★ドキ☆ワク∞マベ∞]マーベラスサンデー、[Aurore☆Vacances]トーセンジョーダン、[登竜之頂]カツラギエース、[Féroce]シリウスシンボリ、[Lunatic Lab]アグネスタキオン,
50135,角色卡池,2025-04-10 11:00:00,2025-04-17 10:59:59,[波間のエメラルド]サイレンススズカ、[La mode 564]ゴールドシップ、[シュヴァリエ・ブル]サトノダイヤモンド、[Jetblack Automaton]シンボリクリスエス、[オニキス・ライン]メジロラモーヌ、[水干撫子]カワカミプリンセス、[GLITTER!]タップダンスシチー、[黒翠千里行]サトノクラウン、[Grand itinéraire]シュヴァルグラン、[ネガイノカサネ]ナイスネイチャ、[Voyage étincelant]ヴィブロス、[Red in Black]ドゥラメンテ、[Glorious Coat]ウイニングチケット,
50136,角色卡池,2025-04-10 11:00:00,2025-04-17 10:59:59,[黒将Zen]ヤエノムテキ、[Σ Experiment]アグネスタキオン、[リアライズ・ルーン]スイープトウショウ、[王者の喊声]ジャングルポケット、[Reines Plätschern]エイシンフラッシュ、[Regina dei fiori]ジェンティルドンナ、[Like “ZEER”]ネオユニヴァース、[Inlaid Stories]ゼンノロブロイ、[Future Weaver]シーザリオ、[POPPING!]バブルガムフェロー、[迷光オーヴァライド]ナリタタイシン、[Inherited Hope]エアメサイア、[Glacialis Vega]アドマイヤベガ、[雅号・墨龍]カツラギエース,
50137,角色卡池,2025-04-10 11:00:00,2025-04-17 10:59:59,[Clear Bliss]ミスターシービー、[Onyx Soldier]シンボリクリスエス、[Saisir le rêve]サクラローレル、[みらくるめーくあっぷ！]ヒシミラクル、[The Proud Road]ナリタトップロード、[Belphegor's Prime]エアシャカール、[紫雲の夢見取り]トウカイテイオー、[赤心のトナカイさん]メジロパーマー、[清らに星澄むスノーロリィタ]メジロブライト、[結願のしまい華]キタサンブラック、[夢路のよすが]ドリームジャーニー,
50138,角色卡池,2025-04-10 11:00:00,2025-04-17 10:59:59,[柳緑小夜]マンハッタンカフェ、[リトモ・デッラ・テッラ]サウンズオブアース、[慈雨華影]スーパークリーク、[Yummy Dreamy Fairy]ライスシャワー、[ろっきん☆MewMeow]マヤノトップガン、[Engineered Victory]ビワハヤヒデ、[Celestial Road]ナリタトップロード、[ドラマティック・チュチュ]ウインバリアシオン、[蒼炎の誉]グラスワンダー、[絢爛花道歌舞く君]ミスターシービー,
50139,角色卡池,2025-04-10 11:00:00,2025-04-17 10:59:59,[星辉之航]北幸樽前、[Wicked Punk]新光风、[ZOKU-ZOKU GIZMO]トランセンド、[パステルマリン・ロコドル]ホッコータルマエ、[衣錦還郷の瑞星]フリオーソ,
30328,角色卡池,2025-04-21 11:00:00,2025-04-30 10:59:59,[義心の黒焔]フェノーメノ,
30331,支援卡,2025-04-30 11:00:00,2025-05-12 10:59:59,[トレセン学園]トランセンド、[繋がれパレード・ノーツ♪]トランセンド、[Luz de ensueño]ブエナビスタ,
30330,角色卡池,2025-04-30 11:00:00,2025-05-12 10:59:59,[光彩陸離☆招福衣]コパノリッキー、[ルミナス☆トワラー]スマートファルコン,
30332,角色卡池,2025-04-30 11:00:00,2025-05-21 10:59:59,[星光跃动]小栗帽、[优雅曲线]目白麦昆、[pf.胜利公式]琵琶晨光、[天际尽头]目白麦昆、[闪电少女]真机伶、[青云垂钓者]青云天空、[奇迹的胜利之星]小栗帽、[嫣红圣诞颂歌]琵琶晨光、[疾风迅雷]玉藻十字、[星夜猫咪舞会]青云天空、[朔月挚爱]真机伶、[涟漪佳人]目白麦昆、[RUN！乱！发射！！]黄金船、[轰鸣雷神]玉藻十字、[みらくるめーくあっぷ！]ヒシミラクル、[La mode 564]ゴールドシップ、[Engineered Victory]ビワハヤヒデ,
50161,支援卡,2025-05-01 11:00:00,2025-06-02 10:59:59,[Marvelous☆巧克力盛宴]美丽周日、[The frontier]ジャングルポケット、[カモメのように]メジロパーマー、[大望は飛んでいく]エルコンドルパサー、[波をかきわけ夢がゆく]ゴールドシップ、[聖夜、変わるために]メジロドーベル、[血脈の胎動]ドゥラメンテ、[感謝感謝！サクラ吹雪！！]サクラバクシンオー、[浚いの風]ヤマニンゼファー、[アルストロメリアの夢]ヴィブロス、[波間のオフショット]スマートファルコン、[Devilish Whispers]スティルインラブ、[咆哮のアポヤンド]ナリタブライアン、[不屈の遠吠え]メイショウドトウ、[飛び立つヴィーナス]シーキングザパール、[世界を変える眼差し]アーモンドアイ、[誘うは夢心地]ドリームジャーニー,
30337,支援卡,2025-05-12 11:00:00,2025-05-21 10:59:59,[トレセン学園]カレンブーケドール、[一輪ずつ、喜びを束ねて]カレンブーケドール、[My Beloved Scenery]サイレンススズカ,
30336,角色卡池,2025-05-12 11:00:00,2025-05-21 10:59:59,[Le beau sommet]ヴィルシーナ,
30340,角色卡池,2025-05-21 11:00:00,2025-05-30 10:59:59,[9927 Wishes]ラヴズオンリーユー,
50163,支援卡,2025-05-24 20:00:00,2025-05-30 10:59:59,[燦爛]メジロラモーヌ、[Chill chill night*]マヤノトップガン、[鉄火場に咲く菫]ナカヤマフェスタ、[冬溶かす熾火]メジロラモーヌ、[会心のウイニングスマイル]ヴィブロス、[白い翼は舞い戻りて]ホッコータルマエ、[Over the Ocean]シュヴァルグラン、[アルストロメリアの夢]ヴィブロス、[波間のオフショット]スマートファルコン、[Lucky☆Summertime]コパノリッキー、[Devilish Whispers]スティルインラブ、[KNOCK 'EM DOWN!]エスポワールシチー、[Blast Off!]ブラストワンピース、[飛び立つヴィーナス]シーキングザパール、[世界を変える眼差し]アーモンドアイ,
50162,角色卡池,2025-05-24 20:00:00,2025-05-30 10:59:59,[星辉之航]北幸樽前、[Clear Bliss]ミスターシービー、[ブルー・タービュランス]マチカネタンホイザ、[オニキス・ライン]メジロラモーヌ、[Grand itinéraire]シュヴァルグラン、[Voyage étincelant]ヴィブロス、[ZOKU-ZOKU GIZMO]トランセンド、[Looking Fly!]ノースフライト、[パステルマリン・ロコドル]ホッコータルマエ、[Regina dei fiori]ジェンティルドンナ、[Be♪Witched]シーキングザパール、[ろっきん☆MewMeow]マヤノトップガン、[絢爛花道歌舞く君]ミスターシービー、[衣錦還郷の瑞星]フリオーソ、[すまいる・まい・うぇい！]グランアレグリア、[光彩陸離☆招福衣]コパノリッキー、[ルミナス☆トワラー]スマートファルコン,
50165,支援卡,2025-05-25 20:00:00,2025-05-30 10:59:59,[優しい月]ゴールドシチー、[鉄火場に咲く菫]ナカヤマフェスタ、[波をかきわけ夢がゆく]ゴールドシップ、[只、君臨す。]オルフェーヴル、[咆哮のアポヤンド]ナリタブライアン、[Blast Off!]ブラストワンピース、[深窓の少女へ]メジロアルダン、[世界を変える眼差し]アーモンドアイ、[誘うは夢心地]ドリームジャーニー,
50164,角色卡池,2025-05-25 20:00:00,2025-05-30 10:59:59,[Clear Bliss]ミスターシービー、[Neige Émeraude]メジロアルダン、[Fleur Enneigée]サクラチヨノオー、[La mode 564]ゴールドシップ、[慈雨華影]スーパークリーク、[黒将Zen]ヤエノムテキ、[夢路のよすが]ドリームジャーニー、[真実一路]カルストンライトオ、[Regina dei fiori]ジェンティルドンナ、[Chevalier fidèle]デュランダル、[Engineered Victory]ビワハヤヒデ、[ドラマティック・チュチュ]ウインバリアシオン、[絢爛花道歌舞く君]ミスターシービー、[総攬]オルフェーヴル、[すまいる・まい・うぇい！]グランアレグリア、[義心の黒焔]フェノーメノ,
30343,支援卡,2025-05-30 11:00:00,2025-06-13 10:59:59,[トレセン学園]エアメサイア、[Unveiled Dream]ラインクラフト、[Blooming Buds]デアリングハート,
30342,角色卡池,2025-05-30 11:00:00,2025-06-13 10:59:59,[Untouchable Eden]メジロラモーヌ、[Twinbell Queen]シーザリオ,
50166,支援卡,2025-06-02 11:00:00,2025-07-01 10:59:59,[燦爛]メジロラモーヌ、[ミッション『心の栄養補給』]ミホノブルボン、[オートクチュール・メモリー]アストンマーチャン、[All'alba vincerò!]テイエムオペラオー、[君と見る泡沫]マンハッタンカフェ、[鉄火場に咲く菫]ナカヤマフェスタ、[かっとばせー！ですわ！？]メジロマックイーン、[百花の願いをこの胸に]サトノダイヤモンド、[V.E.R.2285のあなたへ]ネオユニヴァース、[Take Them Down!]ナリタタイシン、[Lucky☆Summertime]コパノリッキー、[月下のSunshine]タイキシャトル、[緋色の君へ風が吹く]ダイワスカーレット、[【告知】新刊あります！]アグネスデジタル、[雲煙飛動]シンボリルドルフ、[鉄の乙女も微笑んで]イクノディクタス、[無垢の白妙]デアリングタクト,
30346,角色卡池,2025-06-13 11:00:00,2025-07-11 10:59:59,[陸離の編纂者]クロノジェネシス,
30349,支援卡,2025-06-27 11:00:00,2025-07-22 10:59:59,[無人島PJ責任者]タッカーブライン、[白き稲妻の如く]タマモクロス、[本能は吼えているか！？]タッカーブライン,
50168,支援卡,2025-06-27 11:00:00,2025-07-31 10:59:59,[そして幕は上がる]ダンツフレーム、[咆哮のアポヤンド]ナリタブライアン、[COOL⇔CRAZY/Buddy]シンボリクリスエス、[不屈の遠吠え]メイショウドトウ、[春、来たれり]メジロブライト、[無垢の白妙]デアリングタクト、[Luz de ensueño]ブエナビスタ、[My Beloved Scenery]サイレンススズカ,
50169,支援卡,2025-06-27 11:00:00,2025-07-31 10:59:59,[Take Them Down!]ナリタタイシン、[Devilish Whispers]スティルインラブ、[Cocoon]エアシャカール、[緋色の君へ風が吹く]ダイワスカーレット、[雲煙飛動]シンボリルドルフ、[深窓の少女へ]メジロアルダン、[世界を変える眼差し]アーモンドアイ、[誘うは夢心地]ドリームジャーニー,
30348,角色卡池,2025-06-27 11:00:00,2025-07-22 10:59:59,[Boho Flare]ゴールドシチー,
50167,角色卡池,2025-06-27 11:00:00,2025-07-31 10:59:59,[王者の喊声]ジャングルポケット、[Regina dei fiori]ジェンティルドンナ、[Celestial Road]ナリタトップロード、[Glacialis Vega]アドマイヤベガ、[ドラマティック・チュチュ]ウインバリアシオン、[雅号・墨龍]カツラギエース、[絢爛花道歌舞く君]ミスターシービー、[Tap! Tap! Tap!]タップダンスシチー、[義心の黒焔]フェノーメノ、[9927 Wishes]ラヴズオンリーユー,
50171,支援卡,2025-07-01 11:00:00,2025-08-01 10:59:59,[To you]喜嘉奇迹、[絶対皇帝]シンボリルドルフ、[Something Blue]ダイワスカーレット、[優しい月]ゴールドシチー、[トばすぜホットサマー！]ジャングルポケット、[高らかにYO-HO!]タップダンスシチー、[我が舞、巡りて]キングヘイロー、[会心のウイニングスマイル]ヴィブロス、[只、君臨す。]オルフェーヴル、[明日のライド・オン]ウオッカ、[歴史も美食も余すところなく]ファインモーション、[悩み事かい？ポニーちゃん]フジキセキ、[牙を立て、リフレイン]ヒシアマゾン、[Blast Off!]ブラストワンピース、[Cutest in Ur ♡]カレンチャン、[繋がれパレード・ノーツ♪]トランセンド、[My Beloved Scenery]サイレンススズカ,
30353,支援卡,2025-07-11 11:00:00,2025-07-22 10:59:59,[私たちのプリンセス流儀]カワカミプリンセス、[瞳に闘志を胸に勝利の渇望を]メジロライアン,
30352,角色卡池,2025-07-11 11:00:00,2025-07-22 10:59:59,[Hello Hello Island]アイネスフウジン,
30355,支援卡,2025-07-22 11:00:00,2025-07-31 10:59:59,[トレセン学園]フサイチパンドラ,
30354,角色卡池,2025-07-22 11:00:00,2025-07-31 10:59:59,[Assorted Cuteness♡]フサイチパンドラ,
30357,支援卡,2025-07-31 11:00:00,2025-08-14 10:59:59,[トレセン学園]ウインバリアシオン、[水面のプリンシパル]ウインバリアシオン、[Tranquillo]ドゥラメンテ,
30356,角色卡池,2025-07-31 11:00:00,2025-08-14 10:59:59,[晴島花麗]サトノクラウン、[夏凪ネイビードロップ]シュヴァルグラン,
50173,支援卡,2025-08-01 11:00:00,2025-09-01 10:59:59,[变身！侍者形态！]微光飞驹、[今は瞳を閉じないで]ナイスネイチャ、[Chill chill night*]マヤノトップガン、[ライフロング・ワンダー]ワンダーアキュート、[炎々、闘志を抱き]ヒシアマゾン、[天より遣われし微笑み]ツルマルツヨシ、[冬溶かす熾火]メジロラモーヌ、[小さな笑顔、2つ]ウイニングチケット、[白い鳥のアラベスク]ケイエスミラクル、[幸福の匂いにまどろむ]セイウンスカイ、[朝焼け苺の畑にて]ニシノフラワー、[KNOCK 'EM DOWN!]エスポワールシチー、[COOL⇔CRAZY/Buddy]シンボリクリスエス、[深窓の少女へ]メジロアルダン、[Ballroom Tempest]ウオッカ、[Luz de ensueño]ブエナビスタ、[白き稲妻の如く]タマモクロス,
30360,角色卡池,2025-08-14 11:00:00,2025-08-24 10:59:59,[Éclat d'été]ヴィブロス,
30363,支援卡,2025-08-24 11:00:00,2025-09-19 10:59:59,[トレセン学園]ステイゴールド、[トレセン学園]アドマイヤグルーヴ、[トレセン学園]クロノジェネシス、[気まぐれ渡り星]ステイゴールド、[氷結晶の静域]アドマイヤグルーヴ,
30362,角色卡池,2025-08-24 11:00:00,2025-09-19 10:59:59,[緋想の誓衣]スティルインラブ,
30365,支援卡,2025-08-29 11:00:00,2025-09-09 10:59:59,[トレセン学園]カルストンライトオ、[トレセン学園]デュランダル、[カルストンライトオ、猫です]カルストンライトオ、[今宵、我が君のために]デュランダル,
30364,角色卡池,2025-08-29 11:00:00,2025-09-09 10:59:59,[秋日色アンダンテ]ケイエスミラクル、[ハッピー・リトル・ノーツ]ヒシミラクル,
50179,支援卡,2025-09-01 11:00:00,2025-10-01 10:59:59,[心、夜風にさらわれて]メジロマックイーン、[刻下、桜花爛漫]サクラローレル、[フォルトゥーナの喝采]タニノギムレット、[大地と我らのアンサンブル]サウンズオブアース、[白い翼は舞い戻りて]ホッコータルマエ、[Over the Ocean]シュヴァルグラン、[わーく・あ・みらくる！]ヒシミラクル、[そして幕は上がる]ダンツフレーム、[Cocoon]エアシャカール、[春、来たれり]メジロブライト、[瞳に闘志を胸に勝利の渇望を]メジロライアン、[Tranquillo]ドゥラメンテ,
30369,支援卡,2025-09-09 11:00:00,2025-09-19 10:59:59,[ニャンともイカすヒーローさ]ビコーペガサス、[Inseparable]ダイイチルビー,
30368,角色卡池,2025-09-09 11:00:00,2025-09-19 10:59:59,[Red Devil Gear]エスポワールシチー,
30370,角色卡池,2025-09-19 11:00:00,2025-09-29 10:59:59,[精粋]ビリーヴ,
30373,支援卡,2025-09-29 11:00:00,2025-10-10 10:59:59,[壇上より魔法を込めて]フジキセキ、[Zirkus der Träume]エイシンフラッシュ,
30372,角色卡池,2025-09-29 11:00:00,2025-10-10 10:59:59,[マジックナイトガーランド]ヒシアケボノ、[トリック☆リボネッタ]マーベラスサンデー,
50180,支援卡,2025-10-01 11:00:00,2025-11-04 10:59:59,[V.E.R.2285のあなたへ]ネオユニヴァース、[Take Them Down!]ナリタタイシン、[Lucky☆Summertime]コパノリッキー、[月下のSunshine]タイキシャトル、[緋色の君へ風が吹く]ダイワスカーレット、[【告知】新刊あります！]アグネスデジタル、[雲煙飛動]シンボリルドルフ、[鉄の乙女も微笑んで]イクノディクタス、[無垢の白妙]デアリングタクト、[Blooming Buds]デアリングハート、[水面のプリンシパル]ウインバリアシオン、[今宵、我が君のために]デュランダル,
30381,支援卡,2025-10-10 11:00:00,2025-10-20 10:59:59,[トレセン学園]サクラチトセオー、[静寂を煎じ]サクラチトセオー、[決意のフローラ]カレンブーケドール,
30380,角色卡池,2025-10-10 11:00:00,2025-10-20 10:59:59,[Highkey☆Hallowed]トーセンジョーダン,
50182,支援卡,2025-10-18 20:00:00,2025-10-24 10:59:59,[そして幕は上がる]ダンツフレーム、[Devilish Whispers]スティルインラブ、[Cutest in Ur ♡]カレンチャン、[My Beloved Scenery]サイレンススズカ、[Unveiled Dream]ラインクラフト、[気まぐれ渡り星]ステイゴールド、[氷結晶の静域]アドマイヤグルーヴ、[カルストンライトオ、猫です]カルストンライトオ、[今宵、我が君のために]デュランダル,
30376,角色卡池,2025-10-18 20:00:00,2025-10-29 10:59:59,[まんなか◎スポットライト]ダンツフレーム,
30378,角色卡池,2025-10-18 20:00:00,2025-10-29 10:59:59,[王者の喊声]ジャングルポケット,
50181,角色卡池,2025-10-18 20:00:00,2025-10-24 10:59:59,[ネガイノカサネ]ナイスネイチャ、[Dream Successor]ラインクラフト、[Σ Experiment]アグネスタキオン、[Evergreen Identity]キングヘイロー、[真実一路]カルストンライトオ、[Future Weaver]シーザリオ、[Chevalier fidèle]デュランダル、[Celestial Road]ナリタトップロード、[Glacialis Vega]アドマイヤベガ、[蒼炎の誉]グラスワンダー、[9927 Wishes]ラヴズオンリーユー、[Twinbell Queen]シーザリオ、[陸離の編纂者]クロノジェネシス、[Assorted Cuteness♡]フサイチパンドラ、[緋想の誓衣]スティルインラブ,
50184,支援卡,2025-10-19 20:00:00,2025-10-24 10:59:59,[白い翼は舞い戻りて]ホッコータルマエ、[Over the Ocean]シュヴァルグラン、[アルストロメリアの夢]ヴィブロス、[繋がれパレード・ノーツ♪]トランセンド、[Luz de ensueño]ブエナビスタ、[Unveiled Dream]ラインクラフト、[Blooming Buds]デアリングハート、[白き稲妻の如く]タマモクロス、[本能は吼えているか！？]タッカーブライン、[瞳に闘志を胸に勝利の渇望を]メジロライアン、[気まぐれ渡り星]ステイゴールド、[氷結晶の静域]アドマイヤグルーヴ,
50183,角色卡池,2025-10-19 20:00:00,2025-10-24 10:59:59,[Voyage étincelant]ヴィブロス、[ZOKU-ZOKU GIZMO]トランセンド、[Dream Successor]ラインクラフト、[慈雨華影]スーパークリーク、[黒将Zen]ヤエノムテキ、[リアライズ・ルーン]スイープトウショウ、[パステルマリン・ロコドル]ホッコータルマエ、[Future Weaver]シーザリオ、[Inherited Hope]エアメサイア、[Le beau sommet]ヴィルシーナ、[Twinbell Queen]シーザリオ、[陸離の編纂者]クロノジェネシス、[Boho Flare]ゴールドシチー、[Hello Hello Island]アイネスフウジン、[Assorted Cuteness♡]フサイチパンドラ、[夏凪ネイビードロップ]シュヴァルグラン、[Éclat d'été]ヴィブロス,
30383,支援卡,2025-10-29 11:00:00,2025-11-19 10:59:59,[ゆこま旅館女将]保科健子、[天才的ユートピア]トウカイテイオー、[ゆるり、ゆこま旅館]保科健子,
50186,支援卡,2025-10-29 11:00:00,2025-11-28 10:59:59,[Lucky☆Summertime]コパノリッキー、[繋がれパレード・ノーツ♪]トランセンド、[Unveiled Dream]ラインクラフト、[Blooming Buds]デアリングハート、[水面のプリンシパル]ウインバリアシオン、[Tranquillo]ドゥラメンテ、[今宵、我が君のために]デュランダル、[壇上より魔法を込めて]フジキセキ,
50187,支援卡,2025-10-29 11:00:00,2025-11-28 10:59:59,[Cocoon]エアシャカール、[雲煙飛動]シンボリルドルフ、[世界を変える眼差し]アーモンドアイ、[誘うは夢心地]ドリームジャーニー、[無垢の白妙]デアリングタクト、[白き稲妻の如く]タマモクロス、[気まぐれ渡り星]ステイゴールド、[Zirkus der Träume]エイシンフラッシュ,
30382,角色卡池,2025-10-29 11:00:00,2025-11-19 10:59:59,[宵闇ネオカグラ]トランセンド,
50185,角色卡池,2025-10-29 11:00:00,2025-11-28 10:59:59,[Looking Fly!]ノースフライト、[総攬]オルフェーヴル、[すまいる・まい・うぇい！]グランアレグリア、[光彩陸離☆招福衣]コパノリッキー、[ルミナス☆トワラー]スマートファルコン、[Le beau sommet]ヴィルシーナ、[Untouchable Eden]メジロラモーヌ、[陸離の編纂者]クロノジェネシス、[夏凪ネイビードロップ]シュヴァルグラン、[トリック☆リボネッタ]マーベラスサンデー,
50188,支援卡,2025-11-04 11:00:00,2025-12-01 10:59:59,[只、君臨す。]オルフェーヴル、[明日のライド・オン]ウオッカ、[歴史も美食も余すところなく]ファインモーション、[悩み事かい？ポニーちゃん]フジキセキ、[牙を立て、リフレイン]ヒシアマゾン、[Blast Off!]ブラストワンピース、[Cutest in Ur ♡]カレンチャン、[繋がれパレード・ノーツ♪]トランセンド、[My Beloved Scenery]サイレンススズカ、[気まぐれ渡り星]ステイゴールド、[Inseparable]ダイイチルビー、[壇上より魔法を込めて]フジキセキ,
