Exchange ID,Top ID,Disp Order,Pay Item Name,Pay Item Num,Change Item Name,Change Item Num,Start Date,End Date
27,2000,40,好友积分,1000,增加可关注上限,1,2017-05-31 15:00:00,2050-08-01 14:59:59
2001,2000,20,好友积分,10000,[乌菈菈～的休息日]春乌菈菈,1,2017-05-31 15:00:00,2050-08-01 14:59:59
2002,2000,4,好友积分,2000,米浴的碎片,5,2017-05-31 15:00:00,2021-03-31 19:59:59
2003,2000,4,好友积分,2000,黄金船的碎片,5,2021-04-30 03:00:00,2021-05-14 19:59:59
2004,2000,5,好友积分,1500,协助积分,1000,2021-04-30 03:00:00,2021-05-14 19:59:59
2005,2000,16,好友积分,20000,养成优俊少女招募券,1,2021-12-01 03:00:00,2050-08-01 14:59:59
2006,2000,17,好友积分,20000,协助卡招募券,1,2021-12-01 03:00:00,2050-08-01 14:59:59
2007,2000,1,好友积分,2000,黄金船的碎片,5,2022-04-28 03:00:00,2022-05-17 19:59:59
2008,2000,2,好友积分,3000,特别周的碎片,5,2022-04-30 07:00:00,2022-05-17 19:59:59
2009,2000,1,好友积分,3000,小栗帽的碎片,5,2022-11-28 03:00:00,2022-12-29 02:59:59
2010,2000,2,好友积分,3000,琵琶晨光的碎片,5,2022-11-28 03:00:00,2022-12-29 02:59:59
2011,2000,5,好友积分,3000,好歌剧的碎片,5,2023-04-17 03:00:00,2023-05-14 19:59:59
2012,2000,6,好友积分,3000,爱慕织姬的碎片,5,2023-04-17 03:00:00,2023-05-14 19:59:59
2013,2000,1,好友积分,3000,黄金城的碎片,5,2023-04-28 03:00:00,2023-05-17 19:59:59
2014,2000,2,好友积分,3000,岛川乔丹的碎片,5,2023-04-28 03:00:00,2023-05-17 19:59:59
2015,2000,3,好友积分,3000,目白善信的碎片,5,2023-04-28 03:00:00,2023-05-17 19:59:59
2016,2000,4,好友积分,3000,大拓太阳神的碎片,5,2023-04-28 03:00:00,2023-05-17 19:59:59
2017,2000,1,好友积分,3000,特别周的碎片,5,2023-10-05 03:00:00,2023-11-09 19:59:59
2018,2000,2,好友积分,3000,东海帝王的碎片,5,2023-10-05 03:00:00,2023-11-09 19:59:59
2019,2000,3,好友积分,3000,目白麦昆的碎片,5,2023-10-05 03:00:00,2023-11-09 19:59:59
2020,2000,1,好友积分,3000,优秀素质的碎片,5,2023-11-09 20:00:00,2023-11-30 19:59:59
2021,2000,2,好友积分,2000,黄金船的碎片,5,2023-11-09 20:00:00,2023-11-30 19:59:59
2022,2000,3,好友积分,3000,美浦波旁的碎片,5,2023-11-09 20:00:00,2023-11-30 19:59:59
2023,2000,3,好友积分,3000,气槽的碎片,5,2023-11-30 20:00:00,2023-12-28 19:59:59
2024,2000,5,好友积分,3000,待兼福来的碎片,5,2023-11-30 20:00:00,2023-12-28 19:59:59
2025,2000,4,好友积分,3000,樱花进王的碎片,5,2023-11-30 20:00:00,2023-12-28 19:59:59
2026,2000,1,好友积分,3000,里见光钻的碎片,5,2023-12-28 20:00:00,2024-01-10 19:59:59
2027,2000,2,好友积分,3000,北部玄驹的碎片,5,2023-12-28 20:00:00,2024-01-10 19:59:59
2028,2000,1,好友积分,3000,伏特加的碎片,5,2023-12-11 03:00:00,2023-12-28 02:59:59
2029,2000,2,好友积分,3000,大和赤骥的碎片,5,2023-12-11 03:00:00,2023-12-28 02:59:59
2030,2000,1,好友积分,3000,菱亚马逊的碎片,5,2024-04-30 03:00:00,2024-05-19 19:59:59
2031,2000,2,好友积分,3000,樱花千代王的碎片,5,2024-04-30 03:00:00,2024-05-19 19:59:59
2032,2000,3,好友积分,3000,葛城荣主的碎片,5,2024-04-30 03:00:00,2024-05-19 19:59:59
2033,2000,1,好友积分,3000,メジロパーマーのピース,5,2024-12-10 03:00:00,2024-12-27 02:59:59
2034,2000,2,好友积分,3000,メジロブライトのピース,5,2024-12-10 03:00:00,2024-12-27 02:59:59
2035,2000,1,好友积分,3000,小栗帽的碎片,5,2025-04-30 03:00:00,2025-05-21 02:59:59
2036,2000,2,好友积分,2000,黄金船的碎片,5,2025-04-30 03:00:00,2025-05-21 02:59:59
2037,2000,3,好友积分,3000,目白麦昆的碎片,5,2025-04-30 03:00:00,2025-05-21 02:59:59
2038,2000,4,好友积分,3000,青云天空的碎片,5,2025-04-30 03:00:00,2025-05-21 02:59:59
2039,2000,5,好友积分,3000,玉藻十字的碎片,5,2025-04-30 03:00:00,2025-05-21 02:59:59
2040,2000,6,好友积分,3000,琵琶晨光的碎片,5,2025-04-30 03:00:00,2025-05-21 02:59:59
2041,2000,7,好友积分,3000,真机伶的碎片,5,2025-04-30 03:00:00,2025-05-21 02:59:59
2042,2000,8,好友积分,3000,菱奇宝的碎片,5,2025-04-30 03:00:00,2025-05-21 02:59:59
2201,2000,201,好友积分,1000,协助积分,1000,2017-05-31 15:00:00,2025-08-29 02:59:59
2250,2000,250,好友积分,200,短距离跑鞋,1,2024-03-12 03:00:00,2025-06-01 02:59:59
2251,2000,251,好友积分,200,英里跑鞋,1,2024-03-12 03:00:00,2025-06-01 02:59:59
2252,2000,252,好友积分,200,中距离跑鞋,1,2024-03-12 03:00:00,2025-06-01 02:59:59
2253,2000,253,好友积分,200,长距离跑鞋,1,2024-03-12 03:00:00,2025-06-01 02:59:59
2254,2000,254,好友积分,200,泥地跑鞋,1,2024-03-12 03:00:00,2025-06-01 02:59:59
2301,2000,301,好友积分,1000,二月锦标赛优胜锦旗,1,2017-05-31 15:00:00,2025-06-01 02:59:59
2302,2000,302,好友积分,1000,中京短途赛优胜锦旗,1,2017-05-31 15:00:00,2025-06-01 02:59:59
2303,2000,303,好友积分,1000,维多利亚英里赛优胜锦旗,1,2017-05-31 15:00:00,2025-06-01 02:59:59
2304,2000,304,好友积分,1000,全国德比优胜锦旗,1,2017-05-31 15:00:00,2025-06-01 02:59:59
2305,2000,305,好友积分,1000,东京英里赛优胜锦旗,1,2017-05-31 15:00:00,2025-06-01 02:59:59
2306,2000,306,好友积分,1000,英里冠军赛优胜锦旗,1,2017-05-31 15:00:00,2025-06-01 02:59:59
2307,2000,101,好友积分,1000,启发书,1,2022-03-07 03:00:00,2023-09-01 02:59:59
2308,2000,102,好友积分,2000,启发专业书,1,2022-03-07 03:00:00,2023-09-01 02:59:59
2309,2000,110,好友积分,4000,稀有启发书,1,2022-03-07 03:00:00,2023-09-01 02:59:59
2310,2000,111,好友积分,6000,稀有启发专业书,1,2022-03-07 03:00:00,2023-09-01 02:59:59
2311,2000,307,好友积分,1000,东京盛典赛优胜锦旗,1,2022-08-19 03:00:00,2025-06-01 02:59:59
2312,2000,308,好友积分,1000,柏市纪念优胜锦旗,1,2022-08-19 03:00:00,2025-06-01 02:59:59
2313,2000,50,好友积分,1000,收藏室钥匙,1,2023-01-27 03:00:00,2024-12-01 02:59:59
2314,2000,101,好友积分,250,启发书,1,2023-09-01 03:00:00,2050-08-01 14:59:59
2315,2000,102,好友积分,500,启发专业书,1,2023-09-01 03:00:00,2050-08-01 14:59:59
2316,2000,110,好友积分,1000,稀有启发书,1,2023-09-01 03:00:00,2024-09-01 02:59:59
2317,2000,111,好友积分,1500,稀有启发专业书,1,2023-09-01 03:00:00,2024-09-01 02:59:59
2318,2000,110,好友积分,1000,稀有启发书,1,2024-09-01 03:00:00,2050-08-01 14:59:59
2319,2000,111,好友积分,1500,稀有启发专业书,1,2024-09-01 03:00:00,2050-08-01 14:59:59
2320,2000,50,好友积分,500,收藏室钥匙,1,2024-12-01 03:00:00,2025-06-01 02:59:59
2321,2000,21,好友积分,2000,[WINNING DREAM]无声铃鹿,1,2025-02-24 03:00:00,2050-08-01 14:59:59
2322,2000,22,好友积分,2000,[SPECIAL DREAMERS！！]里见光钻,1,2025-02-24 03:00:00,2050-08-01 14:59:59
2323,2000,23,好友积分,2000,[U & Me]美浦波旁,1,2025-02-24 03:00:00,2050-08-01 14:59:59
2324,2000,24,好友积分,2000,[Unyielding resolve]克里斯象征,1,2025-02-24 03:00:00,2050-08-01 14:59:59
2325,2000,25,好友积分,2000,[Precious☆Moments]爱慕织姬,1,2025-02-24 03:00:00,2050-08-01 14:59:59
2326,2000,26,好友积分,2000,[Balliamo?]ジェンティルドンナ,1,2025-02-24 03:00:00,2050-08-01 14:59:59
2327,2000,27,好友积分,2000,[我が学び舎へ、愛をこめて]ブエナビスタ,1,2025-02-24 03:00:00,2050-08-01 14:59:59
2328,2000,50,好友积分,500,收藏室钥匙,1,2025-06-01 03:00:00,2025-10-01 02:59:59
2329,2000,250,好友积分,200,短距离跑鞋,1,2025-06-01 03:00:00,2025-10-01 02:59:59
2330,2000,251,好友积分,200,英里跑鞋,1,2025-06-01 03:00:00,2025-10-01 02:59:59
2331,2000,252,好友积分,200,中距离跑鞋,1,2025-06-01 03:00:00,2025-10-01 02:59:59
2332,2000,253,好友积分,200,长距离跑鞋,1,2025-06-01 03:00:00,2025-10-01 02:59:59
2333,2000,254,好友积分,200,泥地跑鞋,1,2025-06-01 03:00:00,2025-10-01 02:59:59
2334,2000,301,好友积分,1000,二月锦标赛优胜锦旗,1,2025-06-01 03:00:00,2025-10-01 02:59:59
2335,2000,302,好友积分,1000,中京短途赛优胜锦旗,1,2025-06-01 03:00:00,2025-10-01 02:59:59
2336,2000,303,好友积分,1000,维多利亚英里赛优胜锦旗,1,2025-06-01 03:00:00,2025-10-01 02:59:59
2337,2000,304,好友积分,1000,全国德比优胜锦旗,1,2025-06-01 03:00:00,2025-10-01 02:59:59
2338,2000,305,好友积分,1000,东京英里赛优胜锦旗,1,2025-06-01 03:00:00,2025-10-01 02:59:59
2339,2000,306,好友积分,1000,英里冠军赛优胜锦旗,1,2025-06-01 03:00:00,2025-10-01 02:59:59
2340,2000,307,好友积分,1000,东京盛典赛优胜锦旗,1,2025-06-01 03:00:00,2025-10-01 02:59:59
2341,2000,308,好友积分,1000,柏市纪念优胜锦旗,1,2025-06-01 03:00:00,2025-10-01 02:59:59
2342,2000,28,好友积分,2000,[NEW TALES AWAIT]グランアレグリア,1,2025-08-24 03:00:00,2050-08-01 14:59:59
2343,2000,250,好友积分,200,短距离跑鞋,1,2025-10-01 03:00:00,2050-08-01 14:59:59
2344,2000,251,好友积分,200,英里跑鞋,1,2025-10-01 03:00:00,2050-08-01 14:59:59
2345,2000,252,好友积分,200,中距离跑鞋,1,2025-10-01 03:00:00,2050-08-01 14:59:59
2346,2000,253,好友积分,200,长距离跑鞋,1,2025-10-01 03:00:00,2050-08-01 14:59:59
2347,2000,254,好友积分,200,泥地跑鞋,1,2025-10-01 03:00:00,2050-08-01 14:59:59
2348,2000,301,好友积分,1000,二月锦标赛优胜锦旗,1,2025-10-01 03:00:00,2050-08-01 14:59:59
2349,2000,302,好友积分,1000,中京短途赛优胜锦旗,1,2025-10-01 03:00:00,2050-08-01 14:59:59
2350,2000,303,好友积分,1000,维多利亚英里赛优胜锦旗,1,2025-10-01 03:00:00,2050-08-01 14:59:59
2351,2000,304,好友积分,1000,全国德比优胜锦旗,1,2025-10-01 03:00:00,2050-08-01 14:59:59
2352,2000,305,好友积分,1000,东京英里赛优胜锦旗,1,2025-10-01 03:00:00,2050-08-01 14:59:59
2353,2000,306,好友积分,1000,英里冠军赛优胜锦旗,1,2025-10-01 03:00:00,2050-08-01 14:59:59
2354,2000,307,好友积分,1000,东京盛典赛优胜锦旗,1,2025-10-01 03:00:00,2050-08-01 14:59:59
2355,2000,308,好友积分,1000,柏市纪念优胜锦旗,1,2025-10-01 03:00:00,2050-08-01 14:59:59
2356,2000,50,好友积分,500,收藏室钥匙,1,2025-10-01 03:00:00,2050-08-01 14:59:59
3101,3000,100101,女神像,1,特别周的碎片,1,2017-05-31 15:00:00,2050-08-01 14:59:59
3102,3000,100201,女神像,1,无声铃鹿的碎片,1,2017-05-31 15:00:00,2050-08-01 14:59:59
3103,3000,100301,女神像,1,东海帝王的碎片,1,2017-05-31 15:00:00,2050-08-01 14:59:59
3104,3000,100401,女神像,1,丸善斯基的碎片,1,2017-05-31 15:00:00,2050-08-01 14:59:59
3105,3000,100601,女神像,1,小栗帽的碎片,1,2017-05-31 15:00:00,2050-08-01 14:59:59
3106,3000,101001,女神像,1,大树快车的碎片,1,2017-05-31 15:00:00,2050-08-01 14:59:59
3107,3000,101301,女神像,1,目白麦昆的碎片,1,2017-05-31 15:00:00,2050-08-01 14:59:59
3108,3000,101701,女神像,1,鲁道夫象征的碎片,1,2017-05-31 15:00:00,2050-08-01 14:59:59
3109,3000,103001,女神像,1,米浴的碎片,1,2017-05-31 15:00:00,2050-08-01 14:59:59
3110,3000,101501,女神像,1,好歌剧的碎片,1,2021-03-02 03:00:00,2050-08-01 14:59:59
3111,3000,102601,女神像,1,美浦波旁的碎片,1,2021-03-09 03:00:00,2050-08-01 14:59:59
3112,3000,102301,女神像,1,琵琶晨光的碎片,1,2021-03-09 03:00:00,2050-08-01 14:59:59
3113,3000,100302,女神像,1,东海帝王的碎片,1,2021-03-30 03:00:00,2050-08-01 14:59:59
3114,3000,101302,女神像,1,目白麦昆的碎片,1,2021-03-30 03:00:00,2050-08-01 14:59:59
3115,3000,103801,女神像,1,真机伶的碎片,1,2021-04-15 03:00:00,2050-08-01 14:59:59
3116,3000,105001,女神像,1,成田大进的碎片,1,2021-04-26 03:00:00,2050-08-01 14:59:59
3117,3000,104601,女神像,1,醒目飞鹰的碎片,1,2021-05-06 03:00:00,2050-08-01 14:59:59
3118,3000,101601,女神像,1,成田白仁的碎片,1,2021-05-17 03:00:00,2050-08-01 14:59:59
3119,3000,101802,女神像,1,气槽的碎片,1,2021-05-28 03:00:00,2050-08-01 14:59:59
3120,3000,102402,女神像,1,重炮的碎片,1,2021-05-28 03:00:00,2050-08-01 14:59:59
3121,3000,102001,女神像,1,青云天空的碎片,1,2021-06-10 03:00:00,2050-08-01 14:59:59
3122,3000,101201,女神像,1,菱亚马逊的碎片,1,2021-06-21 03:00:00,2050-08-01 14:59:59
3123,3000,101102,女神像,1,草上飞的碎片,1,2021-06-29 03:00:00,2050-08-01 14:59:59
3124,3000,101402,女神像,1,神鹰的碎片,1,2021-06-29 03:00:00,2050-08-01 14:59:59
3125,3000,100501,女神像,1,富士奇石的碎片,1,2021-07-12 03:00:00,2050-08-01 14:59:59
3126,3000,104001,女神像,1,黄金城的碎片,1,2021-07-20 03:00:00,2050-08-01 14:59:59
3127,3000,100102,女神像,1,特别周的碎片,1,2021-07-29 03:00:00,2050-08-01 14:59:59
3128,3000,100402,女神像,1,丸善斯基的碎片,1,2021-07-29 03:00:00,2050-08-01 14:59:59
3129,3000,105801,女神像,1,名将怒涛的碎片,1,2021-08-11 03:00:00,2050-08-01 14:59:59
3130,3000,103701,女神像,1,荣进闪耀的碎片,1,2021-08-20 03:00:00,2050-08-01 14:59:59
3131,3000,105602,女神像,1,待兼福来的碎片,1,2021-08-30 03:00:00,2050-08-01 14:59:59
3132,3000,102801,女神像,1,菱曙的碎片,1,2021-09-10 03:00:00,2050-08-01 14:59:59
3133,3000,101901,女神像,1,爱丽数码的碎片,1,2021-09-20 03:00:00,2050-08-01 14:59:59
3134,3000,103002,女神像,1,米浴的碎片,1,2021-09-29 03:00:00,2050-08-01 14:59:59
3135,3000,104502,女神像,1,超级溪流的碎片,1,2021-09-29 03:00:00,2050-08-01 14:59:59
3136,3000,103901,女神像,1,川上公主的碎片,1,2021-10-11 03:00:00,2050-08-01 14:59:59
3137,3000,102501,女神像,1,曼城茶座的碎片,1,2021-10-20 03:00:00,2050-08-01 14:59:59
3138,3000,101702,女神像,1,鲁道夫象征的碎片,1,2021-10-28 03:00:00,2050-08-01 14:59:59
3139,3000,104002,女神像,1,黄金城的碎片,1,2021-10-28 03:00:00,2050-08-01 14:59:59
3140,3000,104801,女神像,1,岛川乔丹的碎片,1,2021-11-08 03:00:00,2050-08-01 14:59:59
3141,3000,105901,女神像,1,目白多伯的碎片,1,2021-11-19 03:00:00,2050-08-01 14:59:59
3142,3000,100602,女神像,1,小栗帽的碎片,1,2021-11-29 03:00:00,2050-08-01 14:59:59
3143,3000,102302,女神像,1,琵琶晨光的碎片,1,2021-11-29 03:00:00,2050-08-01 14:59:59
3144,3000,102201,女神像,1,美妙姿势的碎片,1,2021-12-14 03:00:00,2050-08-01 14:59:59
3145,3000,102101,女神像,1,玉藻十字的碎片,1,2021-12-22 03:00:00,2050-08-01 14:59:59
3146,3000,101502,女神像,1,好歌剧的碎片,1,2021-12-31 03:00:00,2050-08-01 14:59:59
3147,3000,105202,女神像,1,春乌菈菈的碎片,1,2021-12-31 03:00:00,2050-08-01 14:59:59
3148,3000,106901,女神像,1,樱花千代王的碎片,1,2022-01-20 03:00:00,2050-08-01 14:59:59
3149,3000,102602,女神像,1,美浦波旁的碎片,1,2022-01-28 03:00:00,2050-08-01 14:59:59
3150,3000,103702,女神像,1,荣进闪耀的碎片,1,2022-01-28 03:00:00,2050-08-01 14:59:59
3151,3000,107101,女神像,1,目白雅丹的碎片,1,2022-02-08 03:00:00,2050-08-01 14:59:59
3152,3000,103301,女神像,1,爱慕织姬的碎片,1,2022-02-16 03:00:00,2050-08-01 14:59:59
3153,3000,106801,女神像,1,北部玄驹的碎片,1,2022-02-24 03:00:00,2050-08-01 14:59:59
3154,3000,106701,女神像,1,里见光钻的碎片,1,2022-03-07 03:00:00,2050-08-01 14:59:59
3155,3000,107401,女神像,1,目白光明的碎片,1,2022-03-18 03:00:00,2050-08-01 14:59:59
3156,3000,100502,女神像,1,富士奇石的碎片,1,2022-03-29 03:00:00,2050-08-01 14:59:59
3157,3000,102002,女神像,1,青云天空的碎片,1,2022-03-29 03:00:00,2050-08-01 14:59:59
3158,3000,105101,女神像,1,西野花的碎片,1,2022-04-11 03:00:00,2050-08-01 14:59:59
3159,3000,107201,女神像,1,八重无敌的碎片,1,2022-04-19 03:00:00,2050-08-01 14:59:59
3160,3000,106002,女神像,1,优秀素质的碎片,1,2022-04-28 03:00:00,2050-08-01 14:59:59
3161,3000,106102,女神像,1,帝王光辉的碎片,1,2022-04-28 03:00:00,2050-08-01 14:59:59
3162,3000,103101,女神像,1,艾尼风神的碎片,1,2022-05-10 03:00:00,2050-08-01 14:59:59
3163,3000,106401,女神像,1,目白善信的碎片,1,2022-05-20 03:00:00,2050-08-01 14:59:59
3164,3000,102202,女神像,1,美妙姿势的碎片,1,2022-05-30 03:00:00,2050-08-01 14:59:59
3165,3000,103802,女神像,1,真机伶的碎片,1,2022-05-30 03:00:00,2050-08-01 14:59:59
3166,3000,103401,女神像,1,稻荷一的碎片,1,2022-06-10 03:00:00,2050-08-01 14:59:59
3167,3000,104401,女神像,1,东商变革的碎片,1,2022-06-20 03:00:00,2050-08-01 14:59:59
3168,3000,101002,女神像,1,大树快车的碎片,1,2022-06-30 03:00:00,2050-08-01 14:59:59
3169,3000,105902,女神像,1,目白多伯的碎片,1,2022-06-30 03:00:00,2050-08-01 14:59:59
3170,3000,103601,女神像,1,空中神宫的碎片,1,2022-07-11 03:00:00,2050-08-01 14:59:59
3171,3000,100103,女神像,1,特别周的碎片,1,2022-07-20 03:00:00,2050-08-01 14:59:59
3172,3000,100702,女神像,1,黄金船的碎片,1,2022-07-29 03:00:00,2050-08-01 14:59:59
3173,3000,101303,女神像,1,目白麦昆的碎片,1,2022-07-29 03:00:00,2050-08-01 14:59:59
3174,3000,105301,女神像,1,青竹回忆的碎片,1,2022-08-10 03:00:00,2050-08-01 14:59:59
3175,3000,109801,女神像,1,小林历奇的碎片,1,2022-08-19 03:00:00,2050-08-01 14:59:59
3176,3000,104602,女神像,1,醒目飞鹰的碎片,1,2022-08-24 03:00:00,2050-08-01 14:59:59
3177,3000,103502,女神像,1,胜利奖券的碎片,1,2022-08-29 03:00:00,2050-08-01 14:59:59
3178,3000,105002,女神像,1,成田大进的碎片,1,2022-08-29 03:00:00,2050-08-01 14:59:59
3179,3000,102901,女神像,1,雪之美人的碎片,1,2022-09-12 03:00:00,2050-08-01 14:59:59
3180,3000,104201,女神像,1,采珠的碎片,1,2022-09-20 03:00:00,2050-08-01 14:59:59
3181,3000,101902,女神像,1,爱丽数码的碎片,1,2022-09-29 03:00:00,2050-08-01 14:59:59
3182,3000,105802,女神像,1,名将怒涛的碎片,1,2022-09-29 03:00:00,2050-08-01 14:59:59
3183,3000,108701,女神像,1,阿斯顿真弓的碎片,1,2022-10-11 03:00:00,2050-08-01 14:59:59
3184,3000,107801,女神像,1,山人西风的碎片,1,2022-10-19 03:00:00,2050-08-01 14:59:59
3185,3000,102102,女神像,1,玉藻十字的碎片,1,2022-10-28 03:00:00,2050-08-01 14:59:59
3186,3000,103402,女神像,1,稻荷一的碎片,1,2022-10-28 03:00:00,2050-08-01 14:59:59
3187,3000,104901,女神像,1,中山庆典的碎片,1,2022-11-09 03:00:00,2050-08-01 14:59:59
3188,3000,110001,女神像,1,奇锐骏的碎片,1,2022-11-17 03:00:00,2050-08-01 14:59:59
3189,3000,100802,女神像,1,伏特加的碎片,1,2022-11-28 03:00:00,2050-08-01 14:59:59
3190,3000,100902,女神像,1,大和赤骥的碎片,1,2022-11-28 03:00:00,2050-08-01 14:59:59
3191,3000,104701,女神像,1,荒漠英雄的碎片,1,2022-12-12 03:00:00,2050-08-01 14:59:59
3192,3000,101602,女神像,1,成田白仁的碎片,1,2022-12-20 03:00:00,2050-08-01 14:59:59
3193,3000,106702,女神像,1,里见光钻的碎片,1,2022-12-29 03:00:00,2050-08-01 14:59:59
3194,3000,106802,女神像,1,北部玄驹的碎片,1,2022-12-29 03:00:00,2050-08-01 14:59:59
3195,3000,109901,女神像,1,北幸樽前的碎片,1,2023-01-10 03:00:00,2050-08-01 14:59:59
3196,3000,106501,女神像,1,大拓太阳神的碎片,1,2023-01-20 03:00:00,2050-08-01 14:59:59
3197,3000,102702,女神像,1,目白莱恩的碎片,1,2023-01-30 03:00:00,2050-08-01 14:59:59
3198,3000,103102,女神像,1,艾尼风神的碎片,1,2023-01-30 03:00:00,2050-08-01 14:59:59
3199,3000,104301,女神像,1,新光风的碎片,1,2023-02-13 03:00:00,2050-08-01 14:59:59
3200,3000,105701,女神像,1,千明代表的碎片,1,2023-02-24 03:00:00,2050-08-01 14:59:59
3201,3000,100701,女神像,1,黄金船的碎片,1,2017-05-31 15:00:00,2050-08-01 14:59:59
3202,3000,100801,女神像,1,伏特加的碎片,1,2017-05-31 15:00:00,2050-08-01 14:59:59
3203,3000,100901,女神像,1,大和赤骥的碎片,1,2017-05-31 15:00:00,2050-08-01 14:59:59
3204,3000,101101,女神像,1,草上飞的碎片,1,2017-05-31 15:00:00,2050-08-01 14:59:59
3205,3000,101401,女神像,1,神鹰的碎片,1,2017-05-31 15:00:00,2050-08-01 14:59:59
3206,3000,101801,女神像,1,气槽的碎片,1,2017-05-31 15:00:00,2050-08-01 14:59:59
3207,3000,102401,女神像,1,重炮的碎片,1,2017-05-31 15:00:00,2050-08-01 14:59:59
3208,3000,104501,女神像,1,超级溪流的碎片,1,2017-05-31 15:00:00,2050-08-01 14:59:59
3209,3000,106201,女神像,1,待兼唐怀瑟的碎片,1,2022-02-24 03:00:00,2050-08-01 14:59:59
3301,3000,102701,女神像,1,目白莱恩的碎片,1,2017-05-31 15:00:00,2050-08-01 14:59:59
3302,3000,103201,女神像,1,爱丽速子的碎片,1,2017-05-31 15:00:00,2050-08-01 14:59:59
3303,3000,103501,女神像,1,胜利奖券的碎片,1,2017-05-31 15:00:00,2050-08-01 14:59:59
3304,3000,104101,女神像,1,樱花进王的碎片,1,2017-05-31 15:00:00,2050-08-01 14:59:59
3305,3000,105201,女神像,1,春乌菈菈的碎片,1,2017-05-31 15:00:00,2050-08-01 14:59:59
3306,3000,105601,女神像,1,待兼福来的碎片,1,2017-05-31 15:00:00,2050-08-01 14:59:59
3307,3000,106001,女神像,1,优秀素质的碎片,1,2017-05-31 15:00:00,2050-08-01 14:59:59
3308,3000,106101,女神像,1,帝王光辉的碎片,1,2017-05-31 15:00:00,2050-08-01 14:59:59
3309,3000,106601,女神像,1,双涡轮的碎片,1,2023-02-24 03:00:00,2050-08-01 14:59:59
3400,3000,108501,女神像,1,第一红宝的碎片,1,2023-03-10 03:00:00,2050-08-01 14:59:59
3401,3000,108301,女神像,1,克里斯象征的碎片,1,2023-03-20 03:00:00,2050-08-01 14:59:59
3402,3000,106902,女神像,1,樱花千代王的碎片,1,2023-03-29 03:00:00,2050-08-01 14:59:59
3403,3000,107102,女神像,1,目白雅丹的碎片,1,2023-03-29 03:00:00,2050-08-01 14:59:59
3404,3000,107601,女神像,1,樱花桂冠的碎片,1,2023-04-10 03:00:00,2050-08-01 14:59:59
3405,3000,110501,女神像,1,新宇宙的碎片,1,2023-04-19 03:00:00,2050-08-01 14:59:59
3406,3000,104102,女神像,1,樱花进王的碎片,1,2023-04-28 03:00:00,2050-08-01 14:59:59
3407,3000,106202,女神像,1,待兼唐怀瑟的碎片,1,2023-04-28 03:00:00,2050-08-01 14:59:59
3408,3000,110601,女神像,1,菱奇宝的碎片,1,2023-05-10 03:00:00,2050-08-01 14:59:59
3409,3000,108401,女神像,1,谷水琴蕾的碎片,1,2023-05-19 03:00:00,2050-08-01 14:59:59
3410,3000,101202,女神像,1,菱亚马逊的碎片,1,2023-05-29 03:00:00,2050-08-01 14:59:59
3411,3000,105102,女神像,1,西野花的碎片,1,2023-05-29 03:00:00,2050-08-01 14:59:59
3412,3000,105501,女神像,1,美丽周日的碎片,1,2023-06-19 03:00:00,2050-08-01 14:59:59
3413,3000,105302,女神像,1,青竹回忆的碎片,1,2023-06-29 03:00:00,2050-08-01 14:59:59
3414,3000,104802,女神像,1,岛川乔丹的碎片,1,2023-06-29 03:00:00,2050-08-01 14:59:59
3415,3000,110401,女神像,1,葛城荣主的碎片,1,2023-07-10 03:00:00,2050-08-01 14:59:59
3416,3000,107001,女神像,1,天狼星象征的碎片,1,2023-07-21 03:00:00,2050-08-01 14:59:59
3417,3000,103202,女神像,1,爱丽速子的碎片,1,2023-07-31 03:00:00,2050-08-01 14:59:59
3418,3000,100202,女神像,1,无声铃鹿的碎片,1,2023-07-31 03:00:00,2050-08-01 14:59:59
3419,3000,107701,女神像,1,成田路的碎片,1,2023-08-24 03:00:00,2050-08-01 14:59:59
3520,3000,100703,女神像,1,黄金船的碎片,1,2023-08-31 03:00:00,2050-08-01 14:59:59
3521,3000,106703,女神像,1,サトノダイヤモンドのピース,1,2023-09-11 03:00:00,2050-08-01 14:59:59
3522,3000,109301,女神像,1,ケイエスミラクルのピース,1,2023-09-20 03:00:00,2050-08-01 14:59:59
3523,3000,103602,女神像,1,エアシャカールのピース,1,2023-09-29 03:00:00,2050-08-01 14:59:59
3524,3000,108302,女神像,1,シンボリクリスエスのピース,1,2023-09-29 03:00:00,2050-08-01 14:59:59
3525,3000,108601,女神像,1,メジロラモーヌのピース,1,2023-10-19 03:00:00,2050-08-01 14:59:59
3526,3000,100303,女神像,1,トウカイテイオーのピース,1,2023-10-30 03:00:00,2050-08-01 14:59:59
3527,3000,103902,女神像,1,カワカミプリンセスのピース,1,2023-10-30 03:00:00,2050-08-01 14:59:59
3528,3000,110701,女神像,1,タップダンスシチーのピース,1,2023-11-20 03:00:00,2050-08-01 14:59:59
3529,3000,106402,女神像,1,メジロパーマーのピース,1,2023-11-30 03:00:00,2050-08-01 14:59:59
3530,3000,107402,女神像,1,メジロブライトのピース,1,2023-11-30 03:00:00,2050-08-01 14:59:59
3531,3000,108801,女神像,1,サトノクラウンのピース,1,2023-12-11 03:00:00,2050-08-01 14:59:59
3532,3000,108901,女神像,1,シュヴァルグランのピース,1,2023-12-20 03:00:00,2050-08-01 14:59:59
3533,3000,106803,女神像,1,キタサンブラックのピース,1,2023-12-28 03:00:00,2050-08-01 14:59:59
3534,3000,106003,女神像,1,ナイスネイチャのピース,1,2024-01-09 03:00:00,2050-08-01 14:59:59
3535,3000,109101,女神像,1,ヴィブロスのピース,1,2024-01-19 03:00:00,2050-08-01 14:59:59
3536,3000,102502,女神像,1,マンハッタンカフェのピース,1,2024-01-31 03:00:00,2050-08-01 14:59:59
3537,3000,102902,女神像,1,ユキノビジンのピース,1,2024-01-31 03:00:00,2050-08-01 14:59:59
3538,3000,105401,女神像,1,ビコーペガサスのピース,1,2024-02-14 03:00:00,2050-08-01 14:59:59
3539,3000,106301,女神像,1,イクノディクタスのピース,1,2024-02-24 03:00:00,2050-08-01 14:59:59
3540,3000,110801,女神像,1,ドゥラメンテのピース,1,2024-02-24 03:00:00,2050-08-01 14:59:59
3541,3000,108001,女神像,1,トランセンドのピース,1,2024-03-12 03:00:00,2050-08-01 14:59:59
3542,3000,110901,女神像,1,ラインクラフトのピース,1,2024-03-21 03:00:00,2050-08-01 14:59:59
3543,3000,108502,女神像,1,ダイイチルビーのピース,1,2024-03-29 03:00:00,2050-08-01 14:59:59
3544,3000,106502,女神像,1,ダイタクヘリオスのピース,1,2024-03-29 03:00:00,2050-08-01 14:59:59
3545,3000,103503,女神像,1,ウイニングチケットのピース,1,2024-04-09 03:00:00,2050-08-01 14:59:59
3546,3000,110201,女神像,1,サウンズオブアースのピース,1,2024-04-19 03:00:00,2050-08-01 14:59:59
3547,3000,104503,女神像,1,スーパークリークのピース,1,2024-04-30 03:00:00,2050-08-01 14:59:59
3548,3000,107202,女神像,1,ヤエノムテキのピース,1,2024-04-30 03:00:00,2050-08-01 14:59:59
3549,3000,103203,女神像,1,アグネスタキオンのピース,1,2024-05-10 03:00:00,2050-08-01 14:59:59
3550,3000,108201,女神像,1,ノースフライトのピース,1,2024-05-20 03:00:00,2050-08-01 14:59:59
3551,3000,104402,女神像,1,スイープトウショウのピース,1,2024-05-30 03:00:00,2050-08-01 14:59:59
3552,3000,106103,女神像,1,キングヘイローのピース,1,2024-05-30 03:00:00,2050-08-01 14:59:59
3553,3000,109401,女神像,1,ジャングルポケットのピース,1,2024-06-13 03:00:00,2050-08-01 14:59:59
3554,3000,111901,女神像,1,ドリームジャーニーのピース,1,2024-06-26 03:00:00,2050-08-01 14:59:59
3555,3000,103003,女神像,1,ライスシャワーのピース,1,2024-07-09 03:00:00,2050-08-01 14:59:59
3556,3000,112001,女神像,1,カルストンライトオのピース,1,2024-07-19 03:00:00,2050-08-01 14:59:59
3557,3000,103703,女神像,1,エイシンフラッシュのピース,1,2024-07-29 03:00:00,2050-08-01 14:59:59
3558,3000,109902,女神像,1,ホッコータルマエのピース,1,2024-07-29 03:00:00,2050-08-01 14:59:59
3559,3000,111601,女神像,1,ジェンティルドンナのピース,1,2024-08-24 03:00:00,2050-08-01 14:59:59
3560,3000,104702,女神像,1,ゼンノロブロイのピース,1,2024-08-30 03:00:00,2050-08-01 14:59:59
3561,3000,110502,女神像,1,ネオユニヴァースのピース,1,2024-08-30 03:00:00,2050-08-01 14:59:59
3562,3000,111001,女神像,1,シーザリオのピース,1,2024-09-10 03:00:00,2050-08-01 14:59:59
3563,3000,112101,女神像,1,デュランダルのピース,1,2024-09-20 03:00:00,2050-08-01 14:59:59
3564,3000,104202,女神像,1,シーキングザパールのピース,1,2024-09-30 03:00:00,2050-08-01 14:59:59
3565,3000,102403,女神像,1,マヤノトップガンのピース,1,2024-09-30 03:00:00,2050-08-01 14:59:59
3566,3000,112401,女神像,1,バブルガムフェローのピース,1,2024-10-11 03:00:00,2050-08-01 14:59:59
3567,3000,102303,女神像,1,ビワハヤヒデのピース,1,2024-10-29 03:00:00,2050-08-01 14:59:59
3568,3000,105003,女神像,1,ナリタタイシンのピース,1,2024-11-08 03:00:00,2050-08-01 14:59:59
3569,3000,111101,女神像,1,エアメサイアのピース,1,2024-11-18 03:00:00,2050-08-01 14:59:59
3570,3000,103302,女神像,1,アドマイヤベガのピース,1,2024-11-28 03:00:00,2050-08-01 14:59:59
3571,3000,107702,女神像,1,ナリタトップロードのピース,1,2024-11-28 03:00:00,2050-08-01 14:59:59
3572,3000,111701,女神像,1,ウインバリアシオンのピース,1,2024-12-10 03:00:00,2050-08-01 14:59:59
3573,3000,101103,女神像,1,グラスワンダーのピース,1,2024-12-19 03:00:00,2050-08-01 14:59:59
3574,3000,110402,女神像,1,カツラギエースのピース,1,2024-12-27 03:00:00,2050-08-01 14:59:59
3575,3000,105702,女神像,1,ミスターシービーのピース,1,2024-12-27 03:00:00,2050-08-01 14:59:59
3576,3000,100403,女神像,1,マルゼンスキーのピース,1,2025-01-10 03:00:00,2050-08-01 14:59:59
3577,3000,107901,女神像,1,フリオーソのピース,1,2025-01-20 03:00:00,2050-08-01 14:59:59
3578,3000,108702,女神像,1,アストンマーチャンのピース,1,2025-01-31 03:00:00,2050-08-01 14:59:59
3579,3000,107802,女神像,1,ヤマニンゼファーのピース,1,2025-01-31 03:00:00,2050-08-01 14:59:59
3580,3000,107301,女神像,1,ツルマルツヨシのピース,1,2025-02-14 03:00:00,2050-08-01 14:59:59
3581,3000,111501,女神像,1,オルフェーヴルのピース,1,2025-02-24 03:00:00,2050-08-01 14:59:59
3582,3000,113101,女神像,1,グランアレグリアのピース,1,2025-03-11 03:00:00,2050-08-01 14:59:59
3583,3000,109601,女神像,1,ノーリーズンのピース,1,2025-03-21 03:00:00,2050-08-01 14:59:59
3584,3000,110702,女神像,1,タップダンスシチーのピース,1,2025-03-31 03:00:00,2050-08-01 14:59:59
3585,3000,108402,女神像,1,タニノギムレットのピース,1,2025-03-31 03:00:00,2050-08-01 14:59:59
3586,3000,107002,女神像,1,シリウスシンボリのピース,1,2025-04-10 03:00:00,2050-08-01 14:59:59
3587,3000,112701,女神像,1,フェノーメノのピース,1,2025-04-21 03:00:00,2050-08-01 14:59:59
3588,3000,109802,女神像,1,コパノリッキーのピース,1,2025-04-30 03:00:00,2050-08-01 14:59:59
3589,3000,104603,女神像,1,スマートファルコンのピース,1,2025-04-30 03:00:00,2050-08-01 14:59:59
3590,3000,109001,女神像,1,ヴィルシーナのピース,1,2025-05-12 03:00:00,2050-08-01 14:59:59
3591,3000,113201,女神像,1,ラヴズオンリーユーのピース,1,2025-05-21 03:00:00,2050-08-01 14:59:59
3592,3000,108602,女神像,1,メジロラモーヌのピース,1,2025-05-30 03:00:00,2050-08-01 14:59:59
3593,3000,111002,女神像,1,シーザリオのピース,1,2025-05-30 03:00:00,2050-08-01 14:59:59
3594,3000,113301,女神像,1,クロノジェネシスのピース,1,2025-06-13 03:00:00,2050-08-01 14:59:59
3595,3000,104003,女神像,1,ゴールドシチーのピース,1,2025-06-27 03:00:00,2050-08-01 14:59:59
3596,3000,103103,女神像,1,アイネスフウジンのピース,1,2025-07-11 03:00:00,2050-08-01 14:59:59
3597,3000,111301,女神像,1,フサイチパンドラのピース,1,2025-07-22 03:00:00,2050-08-01 14:59:59
3598,3000,110902,女神像,1,ラインクラフトのピース,1,2025-07-22 03:00:00,2050-08-01 14:59:59
3599,3000,108802,女神像,1,サトノクラウンのピース,1,2025-07-31 03:00:00,2050-08-01 14:59:59
3600,3000,108902,女神像,1,シュヴァルグランのピース,1,2025-07-31 03:00:00,2050-08-01 14:59:59
3601,3000,109102,女神像,1,ヴィブロスのピース,1,2025-08-14 03:00:00,2050-08-01 14:59:59
3602,3000,109701,女神像,1,スティルインラブのピース,1,2025-08-24 03:00:00,2050-08-01 14:59:59
3603,3000,109302,女神像,1,ケイエスミラクルのピース,1,2025-08-29 03:00:00,2050-08-01 14:59:59
3604,3000,110602,女神像,1,ヒシミラクルのピース,1,2025-08-29 03:00:00,2050-08-01 14:59:59
3605,3000,108101,女神像,1,エスポワールシチーのピース,1,2025-09-09 03:00:00,2050-08-01 14:59:59
3606,3000,109501,女神像,1,ビリーヴのピース,1,2025-09-19 03:00:00,2050-08-01 14:59:59
3607,3000,102802,女神像,1,ヒシアケボノのピース,1,2025-09-29 03:00:00,2050-08-01 14:59:59
3608,3000,105502,女神像,1,マーベラスサンデーのピース,1,2025-09-29 03:00:00,2050-08-01 14:59:59
3609,3000,104803,女神像,1,トーセンジョーダンのピース,1,2025-10-10 03:00:00,2050-08-01 14:59:59
3610,3000,109201,女神像,1,ダンツフレームのピース,1,2025-10-18 12:00:00,2050-08-01 14:59:59
3611,3000,108002,女神像,1,トランセンドのピース,1,2025-10-29 03:00:00,2050-08-01 14:59:59
4101,4000,101,四叶草,200,养成优俊少女招募券,1,2017-05-31 15:00:00,2050-08-01 14:59:59
4102,4000,102,四叶草,200,协助卡招募券,1,2017-05-31 15:00:00,2050-08-01 14:59:59
4201,4000,201,四叶草,30,金币,5000,2017-05-31 15:00:00,2050-08-01 14:59:59
4301,4000,301,四叶草,30,闹钟,1,2017-05-31 15:00:00,2025-06-01 02:59:59
4302,4000,301,四叶草,30,闹钟,1,2025-06-01 03:00:00,2025-10-01 02:59:59
4401,4000,401,四叶草,20,干劲满溢甜点,1,2017-05-31 15:00:00,2025-06-01 02:59:59
4402,4000,402,四叶草,20,晴天娃娃,1,2017-05-31 15:00:00,2025-06-01 02:59:59
4403,4000,403,四叶草,20,雨天娃娃,1,2017-05-31 15:00:00,2025-06-01 02:59:59
4404,4000,404,四叶草,20,内道抽选球,1,2017-05-31 15:00:00,2025-06-01 02:59:59
4405,4000,405,四叶草,20,外道抽选球,1,2017-05-31 15:00:00,2025-06-01 02:59:59
4406,4000,401,四叶草,20,干劲满溢甜点,1,2025-06-01 03:00:00,2025-10-01 02:59:59
4407,4000,402,四叶草,20,晴天娃娃,1,2025-06-01 03:00:00,2025-10-01 02:59:59
4408,4000,403,四叶草,20,雨天娃娃,1,2025-06-01 03:00:00,2025-10-01 02:59:59
4409,4000,404,四叶草,20,内道抽选球,1,2025-06-01 03:00:00,2025-10-01 02:59:59
4410,4000,405,四叶草,20,外道抽选球,1,2025-06-01 03:00:00,2025-10-01 02:59:59
4411,4000,301,四叶草,30,闹钟,1,2025-10-01 03:00:00,2050-08-01 14:59:59
4412,4000,401,四叶草,20,干劲满溢甜点,1,2025-10-01 03:00:00,2050-08-01 14:59:59
4413,4000,402,四叶草,20,晴天娃娃,1,2025-10-01 03:00:00,2050-08-01 14:59:59
4414,4000,403,四叶草,20,雨天娃娃,1,2025-10-01 03:00:00,2050-08-01 14:59:59
4415,4000,404,四叶草,20,内道抽选球,1,2025-10-01 03:00:00,2050-08-01 14:59:59
4416,4000,405,四叶草,20,外道抽选球,1,2025-10-01 03:00:00,2050-08-01 14:59:59
4550,4000,550,四叶草,4,短距离跑鞋,1,2024-03-12 03:00:00,2025-06-01 02:59:59
4551,4000,551,四叶草,4,英里跑鞋,1,2024-03-12 03:00:00,2025-06-01 02:59:59
4552,4000,552,四叶草,4,中距离跑鞋,1,2024-03-12 03:00:00,2025-06-01 02:59:59
4553,4000,553,四叶草,4,长距离跑鞋,1,2024-03-12 03:00:00,2025-06-01 02:59:59
4554,4000,554,四叶草,4,泥地跑鞋,1,2024-03-12 03:00:00,2025-06-01 02:59:59
4555,4000,550,四叶草,4,短距离跑鞋,1,2025-06-01 03:00:00,2025-10-01 02:59:59
4556,4000,551,四叶草,4,英里跑鞋,1,2025-06-01 03:00:00,2025-10-01 02:59:59
4557,4000,552,四叶草,4,中距离跑鞋,1,2025-06-01 03:00:00,2025-10-01 02:59:59
4558,4000,553,四叶草,4,长距离跑鞋,1,2025-06-01 03:00:00,2025-10-01 02:59:59
4559,4000,554,四叶草,4,泥地跑鞋,1,2025-06-01 03:00:00,2025-10-01 02:59:59
4560,4000,550,四叶草,4,短距离跑鞋,1,2025-10-01 03:00:00,2050-08-01 14:59:59
4561,4000,551,四叶草,4,英里跑鞋,1,2025-10-01 03:00:00,2050-08-01 14:59:59
4562,4000,552,四叶草,4,中距离跑鞋,1,2025-10-01 03:00:00,2050-08-01 14:59:59
4563,4000,553,四叶草,4,长距离跑鞋,1,2025-10-01 03:00:00,2050-08-01 14:59:59
4564,4000,554,四叶草,4,泥地跑鞋,1,2025-10-01 03:00:00,2050-08-01 14:59:59
4601,4000,601,四叶草,100,樱花奖优胜锦旗,1,2017-05-31 15:00:00,2023-09-01 02:59:59
4602,4000,602,四叶草,100,天王奖（春）优胜锦旗,1,2017-05-31 15:00:00,2023-09-01 02:59:59
4603,4000,603,四叶草,100,奥克斯优胜锦旗,1,2017-05-31 15:00:00,2023-09-01 02:59:59
4604,4000,604,四叶草,100,秋华奖优胜锦旗,1,2017-05-31 15:00:00,2023-09-01 02:59:59
4605,4000,605,四叶草,100,天王奖（秋）优胜锦旗,1,2017-05-31 15:00:00,2023-09-01 02:59:59
4606,4000,606,四叶草,100,全国冠军杯优胜锦旗,1,2017-05-31 15:00:00,2023-09-01 02:59:59
4607,4000,607,四叶草,100,全国育成杯经典赛优胜锦旗,1,2022-08-19 03:00:00,2023-09-01 02:59:59
4608,4000,608,四叶草,20,二月锦标赛优胜锦旗,1,2023-09-01 03:00:00,2025-06-01 02:59:59
4609,4000,609,四叶草,20,中京短途赛优胜锦旗,1,2023-09-01 03:00:00,2025-06-01 02:59:59
4610,4000,610,四叶草,20,大阪杯优胜锦旗,1,2023-09-01 03:00:00,2025-06-01 02:59:59
4611,4000,611,四叶草,20,樱花奖优胜锦旗,1,2023-09-01 03:00:00,2025-06-01 02:59:59
4612,4000,612,四叶草,20,皋月奖优胜锦旗,1,2023-09-01 03:00:00,2025-06-01 02:59:59
4613,4000,613,四叶草,20,天王奖（春）优胜锦旗,1,2023-09-01 03:00:00,2025-06-01 02:59:59
4614,4000,614,四叶草,20,广播协会英里杯优胜锦旗,1,2023-09-01 03:00:00,2025-06-01 02:59:59
4615,4000,615,四叶草,20,维多利亚英里赛优胜锦旗,1,2023-09-01 03:00:00,2025-06-01 02:59:59
4616,4000,616,四叶草,20,奥克斯优胜锦旗,1,2023-09-01 03:00:00,2025-06-01 02:59:59
4617,4000,617,四叶草,20,全国德比优胜锦旗,1,2023-09-01 03:00:00,2025-06-01 02:59:59
4618,4000,618,四叶草,20,东京英里赛优胜锦旗,1,2023-09-01 03:00:00,2025-06-01 02:59:59
4619,4000,619,四叶草,20,宝冢纪念优胜锦旗,1,2023-09-01 03:00:00,2025-06-01 02:59:59
4620,4000,620,四叶草,20,短途者锦标赛优胜锦旗,1,2023-09-01 03:00:00,2025-06-01 02:59:59
4621,4000,621,四叶草,20,秋华奖优胜锦旗,1,2023-09-01 03:00:00,2025-06-01 02:59:59
4622,4000,622,四叶草,20,菊花奖优胜锦旗,1,2023-09-01 03:00:00,2025-06-01 02:59:59
4623,4000,623,四叶草,20,天王奖（秋）优胜锦旗,1,2023-09-01 03:00:00,2025-06-01 02:59:59
4624,4000,624,四叶草,20,英里冠军赛优胜锦旗,1,2023-09-01 03:00:00,2025-06-01 02:59:59
4625,4000,625,四叶草,20,伊丽莎白女王杯优胜锦旗,1,2023-09-01 03:00:00,2025-06-01 02:59:59
4626,4000,626,四叶草,20,全国杯优胜锦旗,1,2023-09-01 03:00:00,2025-06-01 02:59:59
4627,4000,627,四叶草,20,全国冠军杯优胜锦旗,1,2023-09-01 03:00:00,2025-06-01 02:59:59
4628,4000,628,四叶草,20,阪神初级少女杯赛优胜锦旗,1,2023-09-01 03:00:00,2025-06-01 02:59:59
4629,4000,629,四叶草,20,朝日杯未来锦标赛优胜锦旗,1,2023-09-01 03:00:00,2025-06-01 02:59:59
4630,4000,630,四叶草,20,中山大奖赛优胜锦旗,1,2023-09-01 03:00:00,2025-06-01 02:59:59
4631,4000,631,四叶草,20,希望锦标赛优胜锦旗,1,2023-09-01 03:00:00,2025-06-01 02:59:59
4632,4000,632,四叶草,20,全国泥地德比优胜锦旗,1,2023-09-01 03:00:00,2025-06-01 02:59:59
4633,4000,633,四叶草,20,全国育成杯短途赛优胜锦旗,1,2023-09-01 03:00:00,2025-06-01 02:59:59
4634,4000,634,四叶草,20,全国育成杯经典赛优胜锦旗,1,2023-09-01 03:00:00,2025-06-01 02:59:59
4635,4000,635,四叶草,20,全国育成杯女士经典赛优胜锦旗,1,2023-09-01 03:00:00,2025-06-01 02:59:59
4636,4000,636,四叶草,20,帝王奖优胜锦旗,1,2023-09-01 03:00:00,2025-06-01 02:59:59
4637,4000,637,四叶草,20,东京盛典赛优胜锦旗,1,2023-09-01 03:00:00,2025-06-01 02:59:59
4638,4000,638,四叶草,20,川崎纪念优胜锦旗,1,2023-09-01 03:00:00,2025-06-01 02:59:59
4639,4000,639,四叶草,20,全国初级优俊优胜锦旗,1,2023-09-01 03:00:00,2025-06-01 02:59:59
4640,4000,640,四叶草,20,柏市纪念优胜锦旗,1,2023-09-01 03:00:00,2025-06-01 02:59:59
4641,4000,641,四叶草,20,英里冠军南部杯优胜锦旗,1,2023-09-01 03:00:00,2025-06-01 02:59:59
4642,4000,601,四叶草,20,二月锦标赛优胜锦旗,1,2025-06-01 03:00:00,2025-10-01 02:59:59
4643,4000,602,四叶草,20,中京短途赛优胜锦旗,1,2025-06-01 03:00:00,2025-10-01 02:59:59
4644,4000,603,四叶草,20,大阪杯优胜锦旗,1,2025-06-01 03:00:00,2025-10-01 02:59:59
4645,4000,604,四叶草,20,樱花奖优胜锦旗,1,2025-06-01 03:00:00,2025-10-01 02:59:59
4646,4000,605,四叶草,20,皋月奖优胜锦旗,1,2025-06-01 03:00:00,2025-10-01 02:59:59
4647,4000,606,四叶草,20,天王奖（春）优胜锦旗,1,2025-06-01 03:00:00,2025-10-01 02:59:59
4648,4000,607,四叶草,20,广播协会英里杯优胜锦旗,1,2025-06-01 03:00:00,2025-10-01 02:59:59
4649,4000,608,四叶草,20,维多利亚英里赛优胜锦旗,1,2025-06-01 03:00:00,2025-10-01 02:59:59
4650,4000,609,四叶草,20,奥克斯优胜锦旗,1,2025-06-01 03:00:00,2025-10-01 02:59:59
4651,4000,610,四叶草,20,全国德比优胜锦旗,1,2025-06-01 03:00:00,2025-10-01 02:59:59
4652,4000,611,四叶草,20,东京英里赛优胜锦旗,1,2025-06-01 03:00:00,2025-10-01 02:59:59
4653,4000,612,四叶草,20,宝冢纪念优胜锦旗,1,2025-06-01 03:00:00,2025-10-01 02:59:59
4654,4000,613,四叶草,20,短途者锦标赛优胜锦旗,1,2025-06-01 03:00:00,2025-10-01 02:59:59
4655,4000,614,四叶草,20,秋华奖优胜锦旗,1,2025-06-01 03:00:00,2025-10-01 02:59:59
4656,4000,615,四叶草,20,菊花奖优胜锦旗,1,2025-06-01 03:00:00,2025-10-01 02:59:59
4657,4000,616,四叶草,20,天王奖（秋）优胜锦旗,1,2025-06-01 03:00:00,2025-10-01 02:59:59
4658,4000,617,四叶草,20,英里冠军赛优胜锦旗,1,2025-06-01 03:00:00,2025-10-01 02:59:59
4659,4000,618,四叶草,20,伊丽莎白女王杯优胜锦旗,1,2025-06-01 03:00:00,2025-10-01 02:59:59
4660,4000,619,四叶草,20,全国杯优胜锦旗,1,2025-06-01 03:00:00,2025-10-01 02:59:59
4661,4000,620,四叶草,20,全国冠军杯优胜锦旗,1,2025-06-01 03:00:00,2025-10-01 02:59:59
4662,4000,621,四叶草,20,阪神初级少女杯赛优胜锦旗,1,2025-06-01 03:00:00,2025-10-01 02:59:59
4663,4000,622,四叶草,20,朝日杯未来锦标赛优胜锦旗,1,2025-06-01 03:00:00,2025-10-01 02:59:59
4664,4000,623,四叶草,20,中山大奖赛优胜锦旗,1,2025-06-01 03:00:00,2025-10-01 02:59:59
4665,4000,624,四叶草,20,希望锦标赛优胜锦旗,1,2025-06-01 03:00:00,2025-10-01 02:59:59
4666,4000,625,四叶草,20,全国泥地德比优胜锦旗,1,2025-06-01 03:00:00,2025-10-01 02:59:59
4667,4000,626,四叶草,20,全国育成杯短途赛优胜锦旗,1,2025-06-01 03:00:00,2025-10-01 02:59:59
4668,4000,627,四叶草,20,全国育成杯经典赛优胜锦旗,1,2025-06-01 03:00:00,2025-10-01 02:59:59
4669,4000,628,四叶草,20,全国育成杯女士经典赛优胜锦旗,1,2025-06-01 03:00:00,2025-10-01 02:59:59
4670,4000,629,四叶草,20,帝王奖优胜锦旗,1,2025-06-01 03:00:00,2025-10-01 02:59:59
4671,4000,630,四叶草,20,东京盛典赛优胜锦旗,1,2025-06-01 03:00:00,2025-10-01 02:59:59
4672,4000,631,四叶草,20,川崎纪念优胜锦旗,1,2025-06-01 03:00:00,2025-10-01 02:59:59
4673,4000,632,四叶草,20,全国初级优俊优胜锦旗,1,2025-06-01 03:00:00,2025-10-01 02:59:59
4674,4000,633,四叶草,20,柏市纪念优胜锦旗,1,2025-06-01 03:00:00,2025-10-01 02:59:59
4675,4000,634,四叶草,20,英里冠军南部杯优胜锦旗,1,2025-06-01 03:00:00,2025-10-01 02:59:59
4676,4000,601,四叶草,20,二月锦标赛优胜锦旗,1,2025-10-01 03:00:00,2050-08-01 14:59:59
4677,4000,602,四叶草,20,中京短途赛优胜锦旗,1,2025-10-01 03:00:00,2050-08-01 14:59:59
4678,4000,603,四叶草,20,大阪杯优胜锦旗,1,2025-10-01 03:00:00,2050-08-01 14:59:59
4679,4000,604,四叶草,20,樱花奖优胜锦旗,1,2025-10-01 03:00:00,2050-08-01 14:59:59
4680,4000,605,四叶草,20,皋月奖优胜锦旗,1,2025-10-01 03:00:00,2050-08-01 14:59:59
4681,4000,606,四叶草,20,天王奖（春）优胜锦旗,1,2025-10-01 03:00:00,2050-08-01 14:59:59
4682,4000,607,四叶草,20,广播协会英里杯优胜锦旗,1,2025-10-01 03:00:00,2050-08-01 14:59:59
4683,4000,608,四叶草,20,维多利亚英里赛优胜锦旗,1,2025-10-01 03:00:00,2050-08-01 14:59:59
4684,4000,609,四叶草,20,奥克斯优胜锦旗,1,2025-10-01 03:00:00,2050-08-01 14:59:59
4685,4000,610,四叶草,20,全国德比优胜锦旗,1,2025-10-01 03:00:00,2050-08-01 14:59:59
4686,4000,611,四叶草,20,东京英里赛优胜锦旗,1,2025-10-01 03:00:00,2050-08-01 14:59:59
4687,4000,612,四叶草,20,宝冢纪念优胜锦旗,1,2025-10-01 03:00:00,2050-08-01 14:59:59
4688,4000,613,四叶草,20,短途者锦标赛优胜锦旗,1,2025-10-01 03:00:00,2050-08-01 14:59:59
4689,4000,614,四叶草,20,秋华奖优胜锦旗,1,2025-10-01 03:00:00,2050-08-01 14:59:59
4690,4000,615,四叶草,20,菊花奖优胜锦旗,1,2025-10-01 03:00:00,2050-08-01 14:59:59
4691,4000,616,四叶草,20,天王奖（秋）优胜锦旗,1,2025-10-01 03:00:00,2050-08-01 14:59:59
4692,4000,617,四叶草,20,英里冠军赛优胜锦旗,1,2025-10-01 03:00:00,2050-08-01 14:59:59
4693,4000,618,四叶草,20,伊丽莎白女王杯优胜锦旗,1,2025-10-01 03:00:00,2050-08-01 14:59:59
4694,4000,619,四叶草,20,全国杯优胜锦旗,1,2025-10-01 03:00:00,2050-08-01 14:59:59
4695,4000,620,四叶草,20,全国冠军杯优胜锦旗,1,2025-10-01 03:00:00,2050-08-01 14:59:59
4696,4000,621,四叶草,20,阪神初级少女杯赛优胜锦旗,1,2025-10-01 03:00:00,2050-08-01 14:59:59
4697,4000,622,四叶草,20,朝日杯未来锦标赛优胜锦旗,1,2025-10-01 03:00:00,2050-08-01 14:59:59
4698,4000,623,四叶草,20,中山大奖赛优胜锦旗,1,2025-10-01 03:00:00,2050-08-01 14:59:59
4699,4000,624,四叶草,20,希望锦标赛优胜锦旗,1,2025-10-01 03:00:00,2050-08-01 14:59:59
4700,4000,625,四叶草,20,全国泥地德比优胜锦旗,1,2025-10-01 03:00:00,2050-08-01 14:59:59
4701,4000,626,四叶草,20,全国育成杯短途赛优胜锦旗,1,2025-10-01 03:00:00,2050-08-01 14:59:59
4702,4000,627,四叶草,20,全国育成杯经典赛优胜锦旗,1,2025-10-01 03:00:00,2050-08-01 14:59:59
4703,4000,628,四叶草,20,全国育成杯女士经典赛优胜锦旗,1,2025-10-01 03:00:00,2050-08-01 14:59:59
4704,4000,629,四叶草,20,帝王奖优胜锦旗,1,2025-10-01 03:00:00,2050-08-01 14:59:59
4705,4000,630,四叶草,20,东京盛典赛优胜锦旗,1,2025-10-01 03:00:00,2050-08-01 14:59:59
4706,4000,631,四叶草,20,川崎纪念优胜锦旗,1,2025-10-01 03:00:00,2050-08-01 14:59:59
4707,4000,632,四叶草,20,全国初级优俊优胜锦旗,1,2025-10-01 03:00:00,2050-08-01 14:59:59
4708,4000,633,四叶草,20,柏市纪念优胜锦旗,1,2025-10-01 03:00:00,2050-08-01 14:59:59
4709,4000,634,四叶草,20,英里冠军南部杯优胜锦旗,1,2025-10-01 03:00:00,2050-08-01 14:59:59
5001,5000,1,新手冲刺3★兑换券,1,[特别追梦者]特别周,1,2017-05-31 15:00:00,2050-08-01 14:59:59
5002,5000,2,新手冲刺3★兑换券,1,[无声无瑕]无声铃鹿,1,2017-05-31 15:00:00,2050-08-01 14:59:59
5003,5000,3,新手冲刺3★兑换券,1,[喜乐无边]东海帝王,1,2017-05-31 15:00:00,2050-08-01 14:59:59
5004,5000,4,新手冲刺3★兑换券,1,[绯红方程式]丸善斯基,1,2017-05-31 15:00:00,2050-08-01 14:59:59
5005,5000,5,新手冲刺3★兑换券,1,[星光跃动]小栗帽,1,2017-05-31 15:00:00,2050-08-01 14:59:59
5006,5000,6,新手冲刺3★兑换券,1,[狂野前线]大树快车,1,2017-05-31 15:00:00,2050-08-01 14:59:59
5007,5000,7,新手冲刺3★兑换券,1,[优雅曲线]目白麦昆,1,2017-05-31 15:00:00,2050-08-01 14:59:59
5008,5000,8,新手冲刺3★兑换券,1,[皇帝]鲁道夫象征,1,2017-05-31 15:00:00,2050-08-01 14:59:59
5009,5000,9,新手冲刺3★兑换券,1,[玫瑰之梦]米浴,1,2017-05-31 15:00:00,2050-08-01 14:59:59
5100,5001,0,优俊箱2 3★兑换券,1,[特别追梦者]特别周,1,2021-08-16 15:00:00,2050-08-01 14:59:59
5101,5001,0,优俊箱2 3★兑换券,1,[雀跃♪维他命心拍]特别周,1,2021-08-16 15:00:00,2050-08-01 14:59:59
5102,5001,0,优俊箱2 3★兑换券,1,[无声无瑕]无声铃鹿,1,2021-08-16 15:00:00,2050-08-01 14:59:59
5103,5001,0,优俊箱2 3★兑换券,1,[喜乐无边]东海帝王,1,2021-08-16 15:00:00,2050-08-01 14:59:59
5104,5001,0,优俊箱2 3★兑换券,1,[飞跃地平线]东海帝王,1,2021-08-16 15:00:00,2050-08-01 14:59:59
5105,5001,0,优俊箱2 3★兑换券,1,[绯红方程式]丸善斯基,1,2021-08-16 15:00:00,2050-08-01 14:59:59
5106,5001,0,优俊箱2 3★兑换券,1,[飞跃☆夏夜]丸善斯基,1,2021-08-16 15:00:00,2050-08-01 14:59:59
5107,5001,0,优俊箱2 3★兑换券,1,[流星歌剧]富士奇石,1,2021-08-16 15:00:00,2050-08-01 14:59:59
5108,5001,0,优俊箱2 3★兑换券,1,[星光跃动]小栗帽,1,2021-08-16 15:00:00,2050-08-01 14:59:59
5109,5001,0,优俊箱2 3★兑换券,1,[狂野前线]大树快车,1,2021-08-16 15:00:00,2050-08-01 14:59:59
5110,5001,0,优俊箱2 3★兑换券,1,[圣翠治愈师]草上飞,1,2021-08-16 15:00:00,2050-08-01 14:59:59
5111,5001,0,优俊箱2 3★兑换券,1,[亚马逊青金石]菱亚马逊,1,2021-08-16 15:00:00,2050-08-01 14:59:59
5112,5001,0,优俊箱2 3★兑换券,1,[优雅曲线]目白麦昆,1,2021-08-16 15:00:00,2050-08-01 14:59:59
5113,5001,0,优俊箱2 3★兑换券,1,[天际尽头]目白麦昆,1,2021-08-16 15:00:00,2050-08-01 14:59:59
5114,5001,0,优俊箱2 3★兑换券,1,[羽蛇武斗家]神鹰,1,2021-08-16 15:00:00,2050-08-01 14:59:59
5115,5001,0,优俊箱2 3★兑换券,1,[O sole suo！]好歌剧,1,2021-08-16 15:00:00,2050-08-01 14:59:59
5116,5001,0,优俊箱2 3★兑换券,1,[Maverick]成田白仁,1,2021-08-16 15:00:00,2050-08-01 14:59:59
5117,5001,0,优俊箱2 3★兑换券,1,[皇帝]鲁道夫象征,1,2021-08-16 15:00:00,2050-08-01 14:59:59
5118,5001,0,优俊箱2 3★兑换券,1,[橡木王冠]气槽,1,2021-08-16 15:00:00,2050-08-01 14:59:59
5119,5001,0,优俊箱2 3★兑换券,1,[青云垂钓者]青云天空,1,2021-08-16 15:00:00,2050-08-01 14:59:59
5120,5001,0,优俊箱2 3★兑换券,1,[pf.胜利公式]琵琶晨光,1,2021-08-16 15:00:00,2050-08-01 14:59:59
5121,5001,0,优俊箱2 3★兑换券,1,[阳光花束]重炮,1,2021-08-16 15:00:00,2050-08-01 14:59:59
5122,5001,0,优俊箱2 3★兑换券,1,[MB-19890425]美浦波旁,1,2021-08-16 15:00:00,2050-08-01 14:59:59
5123,5001,0,优俊箱2 3★兑换券,1,[玫瑰之梦]米浴,1,2021-08-16 15:00:00,2050-08-01 14:59:59
5124,5001,0,优俊箱2 3★兑换券,1,[闪电少女]真机伶,1,2021-08-16 15:00:00,2050-08-01 14:59:59
5125,5001,0,优俊箱2 3★兑换券,1,[真我/1928]黄金城,1,2021-08-16 15:00:00,2050-08-01 14:59:59
5126,5001,0,优俊箱2 3★兑换券,1,[绝对☆LOVE]醒目飞鹰,1,2021-08-16 15:00:00,2050-08-01 14:59:59
5127,5001,0,优俊箱2 3★兑换券,1,[Nevertheless]成田大进,1,2021-08-16 15:00:00,2050-08-01 14:59:59
5128,5001,0,优俊箱2 3★兑换券,1,[苍蓝/怒涛]名将怒涛,1,2021-08-16 15:00:00,2050-08-01 14:59:59
6001,5500,1,新手冲刺超稀有兑换券,1,[献上全国第一的演出]特别周,1,2017-05-31 15:00:00,2050-08-01 14:59:59
6002,5500,2,新手冲刺超稀有兑换券,1,[在耀眼景色的前方]无声铃鹿,1,2017-05-31 15:00:00,2050-08-01 14:59:59
6003,5500,3,新手冲刺超稀有兑换券,1,[有梦想就要大声说出来！]东海帝王,1,2017-05-31 15:00:00,2050-08-01 14:59:59
6004,5500,4,新手冲刺超稀有兑换券,1,[不沉舰的进击]黄金船,1,2017-05-31 15:00:00,2050-08-01 14:59:59
6005,5500,5,新手冲刺超稀有兑换券,1,[伏特加之路]伏特加,1,2017-05-31 15:00:00,2050-08-01 14:59:59
6006,5500,6,新手冲刺超稀有兑换券,1,[万紫千红中一枝独秀]草上飞,1,2017-05-31 15:00:00,2050-08-01 14:59:59
6007,5500,7,新手冲刺超稀有兑换券,1,[热情的冠军！]神鹰,1,2017-05-31 15:00:00,2050-08-01 14:59:59
6008,5500,8,新手冲刺超稀有兑换券,1,[期待已久的计谋]青云天空,1,2017-05-31 15:00:00,2050-08-01 14:59:59
6009,5500,9,新手冲刺超稀有兑换券,1,[划破天空的闪电少女！]玉藻十字,1,2017-05-31 15:00:00,2050-08-01 14:59:59
6010,5500,10,新手冲刺超稀有兑换券,1,[全身心的感谢]美妙姿势,1,2017-05-31 15:00:00,2050-08-01 14:59:59
6011,5500,11,新手冲刺超稀有兑换券,1,[飞奔吧，闪耀吧]艾尼风神,1,2017-05-31 15:00:00,2050-08-01 14:59:59
6012,5500,12,新手冲刺超稀有兑换券,1,[B·N·Winner！]胜利奖券,1,2017-05-31 15:00:00,2050-08-01 14:59:59
6013,5500,13,新手冲刺超稀有兑换券,1,[冲向前方7厘米之外]空中神宫,1,2017-05-31 15:00:00,2050-08-01 14:59:59
6014,5500,14,新手冲刺超稀有兑换券,1,[Run（my）way]黄金城,1,2017-05-31 15:00:00,2050-08-01 14:59:59
6015,5500,15,新手冲刺超稀有兑换券,1,[好快！好吃！好快！]樱花进王,1,2017-05-31 15:00:00,2050-08-01 14:59:59
6016,5500,16,新手冲刺超稀有兑换券,1,[一颗安心糖]超级溪流,1,2017-05-31 15:00:00,2050-08-01 14:59:59
6017,5500,17,新手冲刺超稀有兑换券,1,[这就是我的优俊偶像之道☆]醒目飞鹰,1,2017-05-31 15:00:00,2050-08-01 14:59:59
6018,5500,18,新手冲刺超稀有兑换券,1,[哪怕还不能独当一面]西野花,1,2017-05-31 15:00:00,2050-08-01 14:59:59
6020,5500,20,新手冲刺超稀有兑换券,1,[必杀技！双胡萝卜拳！]微光飞驹,1,2017-05-31 15:00:00,2050-08-01 14:59:59
6021,5500,21,新手冲刺超稀有兑换券,1,[欢迎来到特雷森学园！]骏川手纲,1,2017-05-31 15:00:00,2050-08-01 14:59:59
6022,5501,1,半周年庆典 超稀有兑换券,1,[献上全国第一的演出]特别周,1,2021-08-30 03:00:00,2050-08-17 14:59:59
6023,5501,2,半周年庆典 超稀有兑换券,1,[在耀眼景色的前方]无声铃鹿,1,2021-08-30 03:00:00,2050-08-17 14:59:59
6024,5501,3,半周年庆典 超稀有兑换券,1,[有梦想就要大声说出来！]东海帝王,1,2021-08-30 03:00:00,2050-08-17 14:59:59
6025,5501,4,半周年庆典 超稀有兑换券,1,[不沉舰的进击]黄金船,1,2021-08-30 03:00:00,2050-08-17 14:59:59
6026,5501,5,半周年庆典 超稀有兑换券,1,[伏特加之路]伏特加,1,2021-08-30 03:00:00,2050-08-17 14:59:59
6027,5501,6,半周年庆典 超稀有兑换券,1,[万紫千红中一枝独秀]草上飞,1,2021-08-30 03:00:00,2050-08-17 14:59:59
6028,5501,7,半周年庆典 超稀有兑换券,1,[热情的冠军！]神鹰,1,2021-08-30 03:00:00,2050-08-17 14:59:59
6029,5501,8,半周年庆典 超稀有兑换券,1,[期待已久的计谋]青云天空,1,2021-08-30 03:00:00,2050-08-17 14:59:59
6030,5501,9,半周年庆典 超稀有兑换券,1,[划破天空的闪电少女！]玉藻十字,1,2021-08-30 03:00:00,2050-08-17 14:59:59
6031,5501,10,半周年庆典 超稀有兑换券,1,[全身心的感谢]美妙姿势,1,2021-08-30 03:00:00,2050-08-17 14:59:59
6032,5501,11,半周年庆典 超稀有兑换券,1,[飞奔吧，闪耀吧]艾尼风神,1,2021-08-30 03:00:00,2050-08-17 14:59:59
6033,5501,12,半周年庆典 超稀有兑换券,1,[B·N·Winner！]胜利奖券,1,2021-08-30 03:00:00,2050-08-17 14:59:59
6034,5501,13,半周年庆典 超稀有兑换券,1,[冲向前方7厘米之外]空中神宫,1,2021-08-30 03:00:00,2050-08-17 14:59:59
6035,5501,14,半周年庆典 超稀有兑换券,1,[Run（my）way]黄金城,1,2021-08-30 03:00:00,2050-08-17 14:59:59
6036,5501,15,半周年庆典 超稀有兑换券,1,[好快！好吃！好快！]樱花进王,1,2021-08-30 03:00:00,2050-08-17 14:59:59
6037,5501,16,半周年庆典 超稀有兑换券,1,[一颗安心糖]超级溪流,1,2021-08-30 03:00:00,2050-08-17 14:59:59
6038,5501,17,半周年庆典 超稀有兑换券,1,[这就是我的优俊偶像之道☆]醒目飞鹰,1,2021-08-30 03:00:00,2050-08-17 14:59:59
6039,5501,18,半周年庆典 超稀有兑换券,1,[哪怕还不能独当一面]西野花,1,2021-08-30 03:00:00,2050-08-17 14:59:59
6040,5501,19,半周年庆典 超稀有兑换券,1,[必杀技！双胡萝卜拳！]微光飞驹,1,2021-08-30 03:00:00,2050-08-17 14:59:59
6041,5501,20,半周年庆典 超稀有兑换券,1,[欢迎来到特雷森学园！]骏川手纲,1,2021-08-30 03:00:00,2050-08-17 14:59:59
6042,5501,21,半周年庆典 超稀有兑换券,1,[“要受人喜爱啊”]小栗帽,1,2021-08-30 03:00:00,2050-08-17 14:59:59
6043,5501,22,半周年庆典 超稀有兑换券,1,[涡轮引擎马力全开！]双涡轮,1,2021-08-30 03:00:00,2050-08-17 14:59:59
6044,5501,23,半周年庆典 超稀有兑换券,1,[尽管笑我傻吧]目白善信,1,2021-08-30 03:00:00,2050-08-17 14:59:59
6045,5501,24,半周年庆典 超稀有兑换券,1,[身后迫近的热浪是动力]北部玄驹,1,2021-08-30 03:00:00,2050-08-17 14:59:59
6046,5501,25,半周年庆典 超稀有兑换券,1,[超越那前方的背影]里见光钻,1,2021-08-30 03:00:00,2050-08-17 14:59:59
6047,5501,26,半周年庆典 超稀有兑换券,1,[由故乡直达的助威！]雪之美人,1,2021-08-30 03:00:00,2050-08-17 14:59:59
6048,5501,27,半周年庆典 超稀有兑换券,1,[心中的烈火无法抑制]八重无敌,1,2021-08-30 03:00:00,2050-08-17 14:59:59
6049,5501,28,半周年庆典 超稀有兑换券,1,[樱花盛开之时]樱花千代王,1,2021-08-30 03:00:00,2050-08-17 14:59:59
6050,5501,29,半周年庆典 超稀有兑换券,1,[身为新娘！]川上公主,1,2021-08-30 03:00:00,2050-08-17 14:59:59
6051,5501,30,半周年庆典 超稀有兑换券,1,[请品尝第一口！]菱曙,1,2021-08-30 03:00:00,2050-08-17 14:59:59
6052,5501,31,半周年庆典 超稀有兑换券,1,[Head-on fight！]青竹回忆,1,2021-08-30 03:00:00,2050-08-17 14:59:59
6053,5501,32,半周年庆典 超稀有兑换券,1,[明天全国都会染红吧♪]青云天空,1,2021-08-30 03:00:00,2050-08-17 14:59:59
6054,5501,33,半周年庆典 超稀有兑换券,1,[起舞今宵]帝王光辉,1,2021-08-30 03:00:00,2050-08-17 14:59:59
6055,5501,34,半周年庆典 超稀有兑换券,1,[爽快！决胜一击！]目白莱恩,1,2021-08-30 03:00:00,2050-08-17 14:59:59
6056,5501,35,半周年庆典 超稀有兑换券,1,[独享冰凉？]东商变革,1,2021-08-30 03:00:00,2050-08-17 14:59:59
6057,5501,36,半周年庆典 超稀有兑换券,1,[全力嬉闹！]胜利奖券,1,2021-08-30 03:00:00,2050-08-17 14:59:59
8001,8000,1,社团积分,600,重炮的碎片,5,2017-05-31 15:00:00,2021-03-31 19:59:59
8002,8000,1,社团积分,600,爱丽速子的碎片,5,2021-03-31 20:00:00,2021-04-30 19:59:59
8003,8000,1,社团积分,600,大和赤骥的碎片,5,2021-04-30 20:00:00,2021-05-31 19:59:59
8004,8000,1,社团积分,600,草上飞的碎片,5,2021-05-31 20:00:00,2021-06-30 19:59:59
8005,8000,1,社团积分,600,优秀素质的碎片,5,2021-06-30 20:00:00,2021-07-31 19:59:59
8006,8000,1,社团积分,600,气槽的碎片,5,2021-07-31 20:00:00,2021-08-31 19:59:59
8007,8000,1,社团积分,600,超级溪流的碎片,5,2021-08-31 20:00:00,2021-09-30 19:59:59
8008,8000,1,社团积分,600,伏特加的碎片,5,2021-09-30 20:00:00,2021-10-31 19:59:59
8009,8000,1,社团积分,600,待兼福来的碎片,5,2021-10-31 20:00:00,2021-12-01 02:59:59
8010,8000,1,社团积分,600,春乌菈菈的碎片,5,2021-12-01 03:00:00,2022-01-01 02:59:59
8011,8000,1,社团积分,600,樱花进王的碎片,5,2022-01-01 03:00:00,2022-02-01 02:59:59
8012,8000,1,社团积分,600,神鹰的碎片,5,2022-02-01 03:00:00,2022-03-01 02:59:59
8013,8000,1,社团积分,600,帝王光辉的碎片,5,2022-03-01 03:00:00,2022-04-01 02:59:59
8014,8000,1,社团积分,600,黄金船的碎片,5,2022-04-01 03:00:00,2022-05-01 02:59:59
8015,8000,1,社团积分,600,胜利奖券的碎片,5,2022-05-01 03:00:00,2022-06-01 02:59:59
8016,8000,1,社团积分,600,目白莱恩的碎片,5,2022-06-01 03:00:00,2022-07-01 02:59:59
8017,8000,1,社团积分,600,待兼唐怀瑟的碎片,5,2022-07-01 03:00:00,2022-08-01 02:59:59
8018,8000,1,社团积分,600,樱花进王的碎片,5,2022-08-01 03:00:00,2022-09-01 02:59:59
8019,8000,1,社团积分,600,神鹰的碎片,5,2022-09-01 03:00:00,2022-10-01 02:59:59
8020,8000,1,社团积分,600,草上飞的碎片,5,2022-10-01 03:00:00,2022-11-01 02:59:59
8021,8000,1,社团积分,600,伏特加的碎片,5,2022-11-01 03:00:00,2022-12-01 02:59:59
8022,8000,1,社团积分,600,大和赤骥的碎片,5,2022-12-01 03:00:00,2023-01-01 02:59:59
8023,8000,1,社团积分,600,帝王光辉的碎片,5,2023-01-01 03:00:00,2023-02-01 02:59:59
8024,8000,1,社团积分,600,春乌菈菈的碎片,5,2023-02-01 03:00:00,2023-03-01 02:59:59
8025,8000,1,社团积分,600,爱丽速子的碎片,5,2023-03-01 03:00:00,2023-04-01 02:59:59
8026,8000,1,社团积分,600,重炮的碎片,5,2023-04-01 03:00:00,2023-05-01 02:59:59
8027,8000,1,社团积分,600,气槽的碎片,5,2023-05-01 03:00:00,2023-06-01 02:59:59
8028,8000,1,社团积分,600,目白莱恩的碎片,5,2023-06-01 03:00:00,2023-07-01 02:59:59
8029,8000,1,社团积分,600,待兼唐怀瑟的碎片,5,2023-07-01 03:00:00,2023-08-01 02:59:59
8030,8000,1,社团积分,600,优秀素质的碎片,5,2023-08-01 03:00:00,2023-09-01 02:59:59
8031,8000,1,社团积分,600,待兼福来的碎片,5,2023-09-01 03:00:00,2023-10-01 02:59:59
8032,8000,1,社团积分,600,胜利奖券的碎片,5,2023-10-01 03:00:00,2023-11-01 02:59:59
8033,8000,1,社团积分,600,超级溪流的碎片,5,2023-11-01 03:00:00,2023-12-01 02:59:59
8034,8000,1,社团积分,600,黄金船的碎片,5,2023-12-01 03:00:00,2024-01-01 02:59:59
8035,8000,1,社团积分,600,双涡轮的碎片,5,2024-01-01 03:00:00,2024-02-01 02:59:59
8036,8000,1,社团积分,600,神鹰的碎片,5,2024-01-01 03:00:00,2024-02-01 02:59:59
8037,8000,1,社团积分,600,樱花进王的碎片,5,2024-02-01 03:00:00,2024-03-01 02:59:59
8038,8000,1,社团积分,600,伏特加的碎片,5,2024-02-01 03:00:00,2024-03-01 02:59:59
8039,8000,1,社团积分,600,帝王光辉的碎片,5,2024-03-01 03:00:00,2024-04-01 02:59:59
8040,8000,1,社团积分,600,草上飞的碎片,5,2024-03-01 03:00:00,2024-04-01 02:59:59
8041,8000,1,社团积分,600,春乌菈菈的碎片,5,2024-04-01 03:00:00,2024-05-01 02:59:59
8042,8000,1,社团积分,600,大和赤骥的碎片,5,2024-04-01 03:00:00,2024-05-01 02:59:59
8043,8000,1,社团积分,600,爱丽速子的碎片,5,2024-05-01 03:00:00,2024-06-01 02:59:59
8044,8000,1,社团积分,600,重炮的碎片,5,2024-05-01 03:00:00,2024-06-01 02:59:59
8045,8000,1,社团积分,600,目白莱恩的碎片,5,2024-06-01 03:00:00,2024-07-01 02:59:59
8046,8000,1,社团积分,600,气槽的碎片,5,2024-06-01 03:00:00,2024-07-01 02:59:59
8047,8000,1,社团积分,600,优秀素质的碎片,5,2024-07-01 03:00:00,2024-08-01 02:59:59
8048,8000,1,社团积分,600,待兼唐怀瑟的碎片,5,2024-07-01 03:00:00,2024-08-01 02:59:59
8049,8000,1,社团积分,600,待兼福来的碎片,5,2024-08-01 03:00:00,2024-08-24 02:59:59
8050,8000,1,社团积分,600,超级溪流的碎片,5,2024-08-01 03:00:00,2024-08-24 02:59:59
8201,8000,201,社团积分,100,[身为“王牌”]目白麦昆,1,2017-05-31 15:00:00,2050-08-01 14:59:59
8202,8000,202,社团积分,100,[“幸福”漫天飞舞的时刻]米浴,1,2017-05-31 15:00:00,2050-08-01 14:59:59
8203,8000,203,社团积分,100,[梦想真的可以实现！]胜利奖券,1,2021-04-26 03:00:00,2050-08-01 14:59:59
8204,8000,204,社团积分,100,[Two Pieces]成田白仁,1,2021-07-20 03:00:00,2050-08-01 14:59:59
8205,8000,205,社团积分,100,[追寻未曾见过的景色]无声铃鹿,1,2021-12-22 03:00:00,2050-08-01 14:59:59
8206,8000,206,社团积分,100,[共谱明日的回忆]＜天狼星＞队,1,2022-03-18 03:00:00,2050-08-01 14:59:59
8207,8000,207,社团积分,100,[和我们一起，实现梦想吧！]特别周,1,2022-07-20 03:00:00,2050-08-01 14:59:59
8210,8000,208,社团积分,100,[ティアラが描くレイライン]ラインクラフト,1,2024-03-21 03:00:00,2050-08-01 14:59:59
8211,8000,209,社团积分,100,[慈恵のMother Sea]シーザリオ,1,2024-09-20 03:00:00,2050-08-01 14:59:59
8212,8000,210,社团积分,100,[ゼッタイ☆天才伝説]フサイチパンドラ,1,2025-07-22 03:00:00,2050-08-01 14:59:59
8250,8000,250,社团积分,50,短距离跑鞋,1,2024-03-12 03:00:00,2024-08-01 02:59:59
8251,8000,251,社团积分,50,英里跑鞋,1,2024-03-12 03:00:00,2024-08-01 02:59:59
8252,8000,252,社团积分,50,中距离跑鞋,1,2024-03-12 03:00:00,2024-08-01 02:59:59
8253,8000,253,社团积分,50,长距离跑鞋,1,2024-03-12 03:00:00,2024-08-01 02:59:59
8254,8000,254,社团积分,50,泥地跑鞋,1,2024-03-12 03:00:00,2024-08-01 02:59:59
8301,8000,301,社团积分,250,大阪杯优胜锦旗,1,2017-05-31 15:00:00,2024-08-01 02:59:59
8302,8000,302,社团积分,250,宝冢纪念优胜锦旗,1,2017-05-31 15:00:00,2024-08-01 02:59:59
8303,8000,303,社团积分,250,短途者锦标赛优胜锦旗,1,2017-05-31 15:00:00,2024-08-01 02:59:59
8304,8000,304,社团积分,250,全国育成杯短途赛优胜锦旗,1,2017-05-31 15:00:00,2024-08-01 02:59:59
8305,8000,305,社团积分,250,朝日杯未来锦标赛优胜锦旗,1,2017-05-31 15:00:00,2024-08-01 02:59:59
8306,8000,308,社团积分,50,金币,1500,2017-05-31 15:00:00,2024-08-01 02:59:59
8307,8000,306,社团积分,250,帝王奖优胜锦旗,1,2022-08-19 03:00:00,2024-08-01 02:59:59
8308,8000,307,社团积分,250,英里冠军南部杯优胜锦旗,1,2022-08-19 03:00:00,2024-08-01 02:59:59
8309,8000,250,社团积分,50,短距离跑鞋,1,2024-08-01 03:00:00,2024-08-24 02:59:59
8310,8000,251,社团积分,50,英里跑鞋,1,2024-08-01 03:00:00,2024-08-24 02:59:59
8311,8000,252,社团积分,50,中距离跑鞋,1,2024-08-01 03:00:00,2024-08-24 02:59:59
8312,8000,253,社团积分,50,长距离跑鞋,1,2024-08-01 03:00:00,2024-08-24 02:59:59
8313,8000,254,社团积分,50,泥地跑鞋,1,2024-08-01 03:00:00,2024-08-24 02:59:59
8314,8000,301,社团积分,250,大阪杯优胜锦旗,1,2024-08-01 03:00:00,2024-08-24 02:59:59
8315,8000,302,社团积分,250,宝冢纪念优胜锦旗,1,2024-08-01 03:00:00,2024-08-24 02:59:59
8316,8000,303,社团积分,250,短途者锦标赛优胜锦旗,1,2024-08-01 03:00:00,2024-08-24 02:59:59
8317,8000,304,社团积分,250,全国育成杯短途赛优胜锦旗,1,2024-08-01 03:00:00,2024-08-24 02:59:59
8318,8000,305,社团积分,250,朝日杯未来锦标赛优胜锦旗,1,2024-08-01 03:00:00,2024-08-24 02:59:59
8319,8000,308,社团积分,50,金币,1500,2024-08-01 03:00:00,2024-08-24 02:59:59
8320,8000,306,社团积分,250,帝王奖优胜锦旗,1,2024-08-01 03:00:00,2024-08-24 02:59:59
8321,8000,307,社团积分,250,英里冠军南部杯优胜锦旗,1,2024-08-01 03:00:00,2024-08-24 02:59:59
8401,8000,1,社团积分,15000,★3メイクデビューガチャ第４R,1,2024-08-24 03:00:00,2024-10-01 02:59:59
8402,8000,2,社团积分,8000,彩虹结晶片,1,2024-08-24 03:00:00,2024-10-01 02:59:59
8403,8000,3,社团积分,2000,金结晶片,1,2024-08-24 03:00:00,2024-10-01 02:59:59
8404,8000,300,社团积分,1200,★2以上メイクデビューガチャ第４R,1,2024-08-24 03:00:00,2024-10-01 02:59:59
8405,8000,301,社团积分,1200,SR以上メイクデビューガチャ第４R,1,2024-08-24 03:00:00,2024-10-01 02:59:59
8406,8000,302,社团积分,100,女神像,1,2024-08-24 03:00:00,2024-10-01 02:59:59
8407,8000,303,社团积分,100,梦想光辉,1,2024-08-24 03:00:00,2024-10-01 02:59:59
8408,8000,304,社团积分,1200,稀有启发专业书,1,2024-08-24 03:00:00,2024-10-01 02:59:59
8409,8000,305,社团积分,800,稀有启发书,1,2024-08-24 03:00:00,2024-10-01 02:59:59
8410,8000,306,社团积分,400,启发专业书,1,2024-08-24 03:00:00,2024-10-01 02:59:59
8411,8000,307,社团积分,200,启发书,1,2024-08-24 03:00:00,2024-10-01 02:59:59
8412,8000,308,社团积分,100,能量饮料30,1,2024-08-24 03:00:00,2024-10-01 02:59:59
8413,8000,309,社团积分,100,迷你胡萝卜果冻,1,2024-08-24 03:00:00,2024-10-01 02:59:59
8414,8000,310,社团积分,250,金币,15000,2024-08-24 03:00:00,2024-10-01 02:59:59
8415,8000,311,社团积分,250,协助积分,2500,2024-08-24 03:00:00,2024-10-01 02:59:59
8416,8000,312,社团积分,50,短距离跑鞋,1,2024-08-24 03:00:00,2024-10-01 02:59:59
8417,8000,313,社团积分,50,英里跑鞋,1,2024-08-24 03:00:00,2024-10-01 02:59:59
8418,8000,314,社团积分,50,中距离跑鞋,1,2024-08-24 03:00:00,2024-10-01 02:59:59
8419,8000,315,社团积分,50,长距离跑鞋,1,2024-08-24 03:00:00,2024-10-01 02:59:59
8420,8000,316,社团积分,50,泥地跑鞋,1,2024-08-24 03:00:00,2024-10-01 02:59:59
8421,8000,317,社团积分,250,二月锦标赛优胜锦旗,1,2024-08-24 03:00:00,2024-10-01 02:59:59
8422,8000,318,社团积分,250,中京短途赛优胜锦旗,1,2024-08-24 03:00:00,2024-10-01 02:59:59
8423,8000,319,社团积分,250,大阪杯优胜锦旗,1,2024-08-24 03:00:00,2024-10-01 02:59:59
8424,8000,320,社团积分,250,樱花奖优胜锦旗,1,2024-08-24 03:00:00,2024-10-01 02:59:59
8425,8000,321,社团积分,250,皋月奖优胜锦旗,1,2024-08-24 03:00:00,2024-10-01 02:59:59
8426,8000,322,社团积分,250,天王奖（春）优胜锦旗,1,2024-08-24 03:00:00,2024-10-01 02:59:59
8427,8000,323,社团积分,250,广播协会英里杯优胜锦旗,1,2024-08-24 03:00:00,2024-10-01 02:59:59
8428,8000,324,社团积分,250,维多利亚英里赛优胜锦旗,1,2024-08-24 03:00:00,2024-10-01 02:59:59
8429,8000,325,社团积分,250,奥克斯优胜锦旗,1,2024-08-24 03:00:00,2024-10-01 02:59:59
8430,8000,326,社团积分,250,全国德比优胜锦旗,1,2024-08-24 03:00:00,2024-10-01 02:59:59
8431,8000,327,社团积分,250,东京英里赛优胜锦旗,1,2024-08-24 03:00:00,2024-10-01 02:59:59
8432,8000,328,社团积分,250,宝冢纪念优胜锦旗,1,2024-08-24 03:00:00,2024-10-01 02:59:59
8433,8000,329,社团积分,250,短途者锦标赛优胜锦旗,1,2024-08-24 03:00:00,2024-10-01 02:59:59
8434,8000,330,社团积分,250,秋华奖优胜锦旗,1,2024-08-24 03:00:00,2024-10-01 02:59:59
8435,8000,331,社团积分,250,菊花奖优胜锦旗,1,2024-08-24 03:00:00,2024-10-01 02:59:59
8436,8000,332,社团积分,250,天王奖（秋）优胜锦旗,1,2024-08-24 03:00:00,2024-10-01 02:59:59
8437,8000,333,社团积分,250,英里冠军赛优胜锦旗,1,2024-08-24 03:00:00,2024-10-01 02:59:59
8438,8000,334,社团积分,250,伊丽莎白女王杯优胜锦旗,1,2024-08-24 03:00:00,2024-10-01 02:59:59
8439,8000,335,社团积分,250,全国杯优胜锦旗,1,2024-08-24 03:00:00,2024-10-01 02:59:59
8440,8000,336,社团积分,250,全国冠军杯优胜锦旗,1,2024-08-24 03:00:00,2024-10-01 02:59:59
8441,8000,337,社团积分,250,阪神初级少女杯赛优胜锦旗,1,2024-08-24 03:00:00,2024-10-01 02:59:59
8442,8000,338,社团积分,250,朝日杯未来锦标赛优胜锦旗,1,2024-08-24 03:00:00,2024-10-01 02:59:59
8443,8000,339,社团积分,250,中山大奖赛优胜锦旗,1,2024-08-24 03:00:00,2024-10-01 02:59:59
8444,8000,340,社团积分,250,希望锦标赛优胜锦旗,1,2024-08-24 03:00:00,2024-10-01 02:59:59
8445,8000,341,社团积分,250,全国泥地德比优胜锦旗,1,2024-08-24 03:00:00,2024-10-01 02:59:59
8446,8000,342,社团积分,250,全国育成杯短途赛优胜锦旗,1,2024-08-24 03:00:00,2024-10-01 02:59:59
8447,8000,343,社团积分,250,全国育成杯经典赛优胜锦旗,1,2024-08-24 03:00:00,2024-10-01 02:59:59
8448,8000,344,社团积分,250,全国育成杯女士经典赛优胜锦旗,1,2024-08-24 03:00:00,2024-10-01 02:59:59
8449,8000,345,社团积分,250,帝王奖优胜锦旗,1,2024-08-24 03:00:00,2024-10-01 02:59:59
8450,8000,346,社团积分,250,东京盛典赛优胜锦旗,1,2024-08-24 03:00:00,2024-10-01 02:59:59
8451,8000,347,社团积分,250,川崎纪念优胜锦旗,1,2024-08-24 03:00:00,2024-10-01 02:59:59
8452,8000,348,社团积分,250,全国初级优俊优胜锦旗,1,2024-08-24 03:00:00,2024-10-01 02:59:59
8453,8000,349,社团积分,250,柏市纪念优胜锦旗,1,2024-08-24 03:00:00,2024-10-01 02:59:59
8454,8000,350,社团积分,250,英里冠军南部杯优胜锦旗,1,2024-08-24 03:00:00,2024-10-01 02:59:59
8455,8000,1,社团积分,15000,★3メイクデビューガチャ第４R,1,2024-10-01 03:00:00,2025-03-01 02:59:59
8456,8000,2,社团积分,8000,彩虹结晶片,1,2024-10-01 03:00:00,2050-01-01 02:59:59
8457,8000,3,社团积分,2000,金结晶片,1,2024-10-01 03:00:00,2050-01-01 02:59:59
8458,8000,300,社团积分,1200,★2以上メイクデビューガチャ第４R,1,2024-10-01 03:00:00,2025-03-01 02:59:59
8459,8000,301,社团积分,1200,SR以上メイクデビューガチャ第４R,1,2024-10-01 03:00:00,2025-03-01 02:59:59
8460,8000,302,社团积分,100,女神像,1,2024-10-01 03:00:00,2050-01-01 02:59:59
8461,8000,303,社团积分,100,梦想光辉,1,2024-10-01 03:00:00,2050-01-01 02:59:59
8462,8000,304,社团积分,1200,稀有启发专业书,1,2024-10-01 03:00:00,2050-01-01 02:59:59
8463,8000,305,社团积分,800,稀有启发书,1,2024-10-01 03:00:00,2050-01-01 02:59:59
8464,8000,306,社团积分,400,启发专业书,1,2024-10-01 03:00:00,2050-01-01 02:59:59
8465,8000,307,社团积分,200,启发书,1,2024-10-01 03:00:00,2050-01-01 02:59:59
8466,8000,308,社团积分,100,能量饮料30,1,2024-10-01 03:00:00,2050-01-01 02:59:59
8467,8000,309,社团积分,100,迷你胡萝卜果冻,1,2024-10-01 03:00:00,2050-01-01 02:59:59
8468,8000,310,社团积分,250,金币,15000,2024-10-01 03:00:00,2050-01-01 02:59:59
8469,8000,311,社团积分,250,协助积分,2500,2024-10-01 03:00:00,2025-08-29 02:59:59
8470,8000,312,社团积分,50,短距离跑鞋,1,2024-10-01 03:00:00,2025-06-01 02:59:59
8471,8000,313,社团积分,50,英里跑鞋,1,2024-10-01 03:00:00,2025-06-01 02:59:59
8472,8000,314,社团积分,50,中距离跑鞋,1,2024-10-01 03:00:00,2025-06-01 02:59:59
8473,8000,315,社团积分,50,长距离跑鞋,1,2024-10-01 03:00:00,2025-06-01 02:59:59
8474,8000,316,社团积分,50,泥地跑鞋,1,2024-10-01 03:00:00,2025-06-01 02:59:59
8475,8000,317,社团积分,250,二月锦标赛优胜锦旗,1,2024-10-01 03:00:00,2025-06-01 02:59:59
8476,8000,318,社团积分,250,中京短途赛优胜锦旗,1,2024-10-01 03:00:00,2025-06-01 02:59:59
8477,8000,319,社团积分,250,大阪杯优胜锦旗,1,2024-10-01 03:00:00,2025-06-01 02:59:59
8478,8000,320,社团积分,250,樱花奖优胜锦旗,1,2024-10-01 03:00:00,2025-06-01 02:59:59
8479,8000,321,社团积分,250,皋月奖优胜锦旗,1,2024-10-01 03:00:00,2025-06-01 02:59:59
8480,8000,322,社团积分,250,天王奖（春）优胜锦旗,1,2024-10-01 03:00:00,2025-06-01 02:59:59
8481,8000,323,社团积分,250,广播协会英里杯优胜锦旗,1,2024-10-01 03:00:00,2025-06-01 02:59:59
8482,8000,324,社团积分,250,维多利亚英里赛优胜锦旗,1,2024-10-01 03:00:00,2025-06-01 02:59:59
8483,8000,325,社团积分,250,奥克斯优胜锦旗,1,2024-10-01 03:00:00,2025-06-01 02:59:59
8484,8000,326,社团积分,250,全国德比优胜锦旗,1,2024-10-01 03:00:00,2025-06-01 02:59:59
8485,8000,327,社团积分,250,东京英里赛优胜锦旗,1,2024-10-01 03:00:00,2025-06-01 02:59:59
8486,8000,328,社团积分,250,宝冢纪念优胜锦旗,1,2024-10-01 03:00:00,2025-06-01 02:59:59
8487,8000,329,社团积分,250,短途者锦标赛优胜锦旗,1,2024-10-01 03:00:00,2025-06-01 02:59:59
8488,8000,330,社团积分,250,秋华奖优胜锦旗,1,2024-10-01 03:00:00,2025-06-01 02:59:59
8489,8000,331,社团积分,250,菊花奖优胜锦旗,1,2024-10-01 03:00:00,2025-06-01 02:59:59
8490,8000,332,社团积分,250,天王奖（秋）优胜锦旗,1,2024-10-01 03:00:00,2025-06-01 02:59:59
8491,8000,333,社团积分,250,英里冠军赛优胜锦旗,1,2024-10-01 03:00:00,2025-06-01 02:59:59
8492,8000,334,社团积分,250,伊丽莎白女王杯优胜锦旗,1,2024-10-01 03:00:00,2025-06-01 02:59:59
8493,8000,335,社团积分,250,全国杯优胜锦旗,1,2024-10-01 03:00:00,2025-06-01 02:59:59
8494,8000,336,社团积分,250,全国冠军杯优胜锦旗,1,2024-10-01 03:00:00,2025-06-01 02:59:59
8495,8000,337,社团积分,250,阪神初级少女杯赛优胜锦旗,1,2024-10-01 03:00:00,2025-06-01 02:59:59
8496,8000,338,社团积分,250,朝日杯未来锦标赛优胜锦旗,1,2024-10-01 03:00:00,2025-06-01 02:59:59
8497,8000,339,社团积分,250,中山大奖赛优胜锦旗,1,2024-10-01 03:00:00,2025-06-01 02:59:59
8498,8000,340,社团积分,250,希望锦标赛优胜锦旗,1,2024-10-01 03:00:00,2025-06-01 02:59:59
8499,8000,341,社团积分,250,全国泥地德比优胜锦旗,1,2024-10-01 03:00:00,2025-06-01 02:59:59
8500,8000,342,社团积分,250,全国育成杯短途赛优胜锦旗,1,2024-10-01 03:00:00,2025-06-01 02:59:59
8501,8000,343,社团积分,250,全国育成杯经典赛优胜锦旗,1,2024-10-01 03:00:00,2025-06-01 02:59:59
8502,8000,344,社团积分,250,全国育成杯女士经典赛优胜锦旗,1,2024-10-01 03:00:00,2025-06-01 02:59:59
8503,8000,345,社团积分,250,帝王奖优胜锦旗,1,2024-10-01 03:00:00,2025-06-01 02:59:59
8504,8000,346,社团积分,250,东京盛典赛优胜锦旗,1,2024-10-01 03:00:00,2025-06-01 02:59:59
8505,8000,347,社团积分,250,川崎纪念优胜锦旗,1,2024-10-01 03:00:00,2025-06-01 02:59:59
8506,8000,348,社团积分,250,全国初级优俊优胜锦旗,1,2024-10-01 03:00:00,2025-06-01 02:59:59
8507,8000,349,社团积分,250,柏市纪念优胜锦旗,1,2024-10-01 03:00:00,2025-06-01 02:59:59
8508,8000,350,社团积分,250,英里冠军南部杯优胜锦旗,1,2024-10-01 03:00:00,2025-06-01 02:59:59
8509,8000,1,社团积分,15000,★3メイクデビューガチャ第５R,1,2025-03-01 03:00:00,2050-01-01 02:59:59
8510,8000,300,社团积分,1200,★2以上メイクデビューガチャ第５R,1,2025-03-01 03:00:00,2050-01-01 02:59:59
8511,8000,301,社团积分,1200,SR以上メイクデビューガチャ第５R,1,2025-03-01 03:00:00,2050-01-01 02:59:59
8513,8000,309,社团积分,100,闹钟,1,2025-05-21 03:00:00,2050-01-01 02:59:59
8514,8000,312,社团积分,50,短距离跑鞋,1,2025-06-01 03:00:00,2025-10-01 02:59:59
8515,8000,313,社团积分,50,英里跑鞋,1,2025-06-01 03:00:00,2025-10-01 02:59:59
8516,8000,314,社团积分,50,中距离跑鞋,1,2025-06-01 03:00:00,2025-10-01 02:59:59
8517,8000,315,社团积分,50,长距离跑鞋,1,2025-06-01 03:00:00,2025-10-01 02:59:59
8518,8000,316,社团积分,50,泥地跑鞋,1,2025-06-01 03:00:00,2025-10-01 02:59:59
8519,8000,317,社团积分,250,二月锦标赛优胜锦旗,1,2025-06-01 03:00:00,2025-10-01 02:59:59
8520,8000,318,社团积分,250,中京短途赛优胜锦旗,1,2025-06-01 03:00:00,2025-10-01 02:59:59
8521,8000,319,社团积分,250,大阪杯优胜锦旗,1,2025-06-01 03:00:00,2025-10-01 02:59:59
8522,8000,320,社团积分,250,樱花奖优胜锦旗,1,2025-06-01 03:00:00,2025-10-01 02:59:59
8523,8000,321,社团积分,250,皋月奖优胜锦旗,1,2025-06-01 03:00:00,2025-10-01 02:59:59
8524,8000,322,社团积分,250,天王奖（春）优胜锦旗,1,2025-06-01 03:00:00,2025-10-01 02:59:59
8525,8000,323,社团积分,250,广播协会英里杯优胜锦旗,1,2025-06-01 03:00:00,2025-10-01 02:59:59
8526,8000,324,社团积分,250,维多利亚英里赛优胜锦旗,1,2025-06-01 03:00:00,2025-10-01 02:59:59
8527,8000,325,社团积分,250,奥克斯优胜锦旗,1,2025-06-01 03:00:00,2025-10-01 02:59:59
8528,8000,326,社团积分,250,全国德比优胜锦旗,1,2025-06-01 03:00:00,2025-10-01 02:59:59
8529,8000,327,社团积分,250,东京英里赛优胜锦旗,1,2025-06-01 03:00:00,2025-10-01 02:59:59
8530,8000,328,社团积分,250,宝冢纪念优胜锦旗,1,2025-06-01 03:00:00,2025-10-01 02:59:59
8531,8000,329,社团积分,250,短途者锦标赛优胜锦旗,1,2025-06-01 03:00:00,2025-10-01 02:59:59
8532,8000,330,社团积分,250,秋华奖优胜锦旗,1,2025-06-01 03:00:00,2025-10-01 02:59:59
8533,8000,331,社团积分,250,菊花奖优胜锦旗,1,2025-06-01 03:00:00,2025-10-01 02:59:59
8534,8000,332,社团积分,250,天王奖（秋）优胜锦旗,1,2025-06-01 03:00:00,2025-10-01 02:59:59
8535,8000,333,社团积分,250,英里冠军赛优胜锦旗,1,2025-06-01 03:00:00,2025-10-01 02:59:59
8536,8000,334,社团积分,250,伊丽莎白女王杯优胜锦旗,1,2025-06-01 03:00:00,2025-10-01 02:59:59
8537,8000,335,社团积分,250,全国杯优胜锦旗,1,2025-06-01 03:00:00,2025-10-01 02:59:59
8538,8000,336,社团积分,250,全国冠军杯优胜锦旗,1,2025-06-01 03:00:00,2025-10-01 02:59:59
8539,8000,337,社团积分,250,阪神初级少女杯赛优胜锦旗,1,2025-06-01 03:00:00,2025-10-01 02:59:59
8540,8000,338,社团积分,250,朝日杯未来锦标赛优胜锦旗,1,2025-06-01 03:00:00,2025-10-01 02:59:59
8541,8000,339,社团积分,250,中山大奖赛优胜锦旗,1,2025-06-01 03:00:00,2025-10-01 02:59:59
8542,8000,340,社团积分,250,希望锦标赛优胜锦旗,1,2025-06-01 03:00:00,2025-10-01 02:59:59
8543,8000,341,社团积分,250,全国泥地德比优胜锦旗,1,2025-06-01 03:00:00,2025-10-01 02:59:59
8544,8000,342,社团积分,250,全国育成杯短途赛优胜锦旗,1,2025-06-01 03:00:00,2025-10-01 02:59:59
8545,8000,343,社团积分,250,全国育成杯经典赛优胜锦旗,1,2025-06-01 03:00:00,2025-10-01 02:59:59
8546,8000,344,社团积分,250,全国育成杯女士经典赛优胜锦旗,1,2025-06-01 03:00:00,2025-10-01 02:59:59
8547,8000,345,社团积分,250,帝王奖优胜锦旗,1,2025-06-01 03:00:00,2025-10-01 02:59:59
8548,8000,346,社团积分,250,东京盛典赛优胜锦旗,1,2025-06-01 03:00:00,2025-10-01 02:59:59
8549,8000,347,社团积分,250,川崎纪念优胜锦旗,1,2025-06-01 03:00:00,2025-10-01 02:59:59
8550,8000,348,社团积分,250,全国初级优俊优胜锦旗,1,2025-06-01 03:00:00,2025-10-01 02:59:59
8551,8000,349,社团积分,250,柏市纪念优胜锦旗,1,2025-06-01 03:00:00,2025-10-01 02:59:59
8552,8000,350,社团积分,250,英里冠军南部杯优胜锦旗,1,2025-06-01 03:00:00,2025-10-01 02:59:59
8553,8000,312,社团积分,50,短距离跑鞋,1,2025-10-01 03:00:00,2050-08-01 14:59:59
8554,8000,313,社团积分,50,英里跑鞋,1,2025-10-01 03:00:00,2050-08-01 14:59:59
8555,8000,314,社团积分,50,中距离跑鞋,1,2025-10-01 03:00:00,2050-08-01 14:59:59
8556,8000,315,社团积分,50,长距离跑鞋,1,2025-10-01 03:00:00,2050-08-01 14:59:59
8557,8000,316,社团积分,50,泥地跑鞋,1,2025-10-01 03:00:00,2050-08-01 14:59:59
8558,8000,317,社团积分,250,二月锦标赛优胜锦旗,1,2025-10-01 03:00:00,2050-08-01 14:59:59
8559,8000,318,社团积分,250,中京短途赛优胜锦旗,1,2025-10-01 03:00:00,2050-08-01 14:59:59
8560,8000,319,社团积分,250,大阪杯优胜锦旗,1,2025-10-01 03:00:00,2050-08-01 14:59:59
8561,8000,320,社团积分,250,樱花奖优胜锦旗,1,2025-10-01 03:00:00,2050-08-01 14:59:59
8562,8000,321,社团积分,250,皋月奖优胜锦旗,1,2025-10-01 03:00:00,2050-08-01 14:59:59
8563,8000,322,社团积分,250,天王奖（春）优胜锦旗,1,2025-10-01 03:00:00,2050-08-01 14:59:59
8564,8000,323,社团积分,250,广播协会英里杯优胜锦旗,1,2025-10-01 03:00:00,2050-08-01 14:59:59
8565,8000,324,社团积分,250,维多利亚英里赛优胜锦旗,1,2025-10-01 03:00:00,2050-08-01 14:59:59
8566,8000,325,社团积分,250,奥克斯优胜锦旗,1,2025-10-01 03:00:00,2050-08-01 14:59:59
8567,8000,326,社团积分,250,全国德比优胜锦旗,1,2025-10-01 03:00:00,2050-08-01 14:59:59
8568,8000,327,社团积分,250,东京英里赛优胜锦旗,1,2025-10-01 03:00:00,2050-08-01 14:59:59
8569,8000,328,社团积分,250,宝冢纪念优胜锦旗,1,2025-10-01 03:00:00,2050-08-01 14:59:59
8570,8000,329,社团积分,250,短途者锦标赛优胜锦旗,1,2025-10-01 03:00:00,2050-08-01 14:59:59
8571,8000,330,社团积分,250,秋华奖优胜锦旗,1,2025-10-01 03:00:00,2050-08-01 14:59:59
8572,8000,331,社团积分,250,菊花奖优胜锦旗,1,2025-10-01 03:00:00,2050-08-01 14:59:59
8573,8000,332,社团积分,250,天王奖（秋）优胜锦旗,1,2025-10-01 03:00:00,2050-08-01 14:59:59
8574,8000,333,社团积分,250,英里冠军赛优胜锦旗,1,2025-10-01 03:00:00,2050-08-01 14:59:59
8575,8000,334,社团积分,250,伊丽莎白女王杯优胜锦旗,1,2025-10-01 03:00:00,2050-08-01 14:59:59
8576,8000,335,社团积分,250,全国杯优胜锦旗,1,2025-10-01 03:00:00,2050-08-01 14:59:59
8577,8000,336,社团积分,250,全国冠军杯优胜锦旗,1,2025-10-01 03:00:00,2050-08-01 14:59:59
8578,8000,337,社团积分,250,阪神初级少女杯赛优胜锦旗,1,2025-10-01 03:00:00,2050-08-01 14:59:59
8579,8000,338,社团积分,250,朝日杯未来锦标赛优胜锦旗,1,2025-10-01 03:00:00,2050-08-01 14:59:59
8580,8000,339,社团积分,250,中山大奖赛优胜锦旗,1,2025-10-01 03:00:00,2050-08-01 14:59:59
8581,8000,340,社团积分,250,希望锦标赛优胜锦旗,1,2025-10-01 03:00:00,2050-08-01 14:59:59
8582,8000,341,社团积分,250,全国泥地德比优胜锦旗,1,2025-10-01 03:00:00,2050-08-01 14:59:59
8583,8000,342,社团积分,250,全国育成杯短途赛优胜锦旗,1,2025-10-01 03:00:00,2050-08-01 14:59:59
8584,8000,343,社团积分,250,全国育成杯经典赛优胜锦旗,1,2025-10-01 03:00:00,2050-08-01 14:59:59
8585,8000,344,社团积分,250,全国育成杯女士经典赛优胜锦旗,1,2025-10-01 03:00:00,2050-08-01 14:59:59
8586,8000,345,社团积分,250,帝王奖优胜锦旗,1,2025-10-01 03:00:00,2050-08-01 14:59:59
8587,8000,346,社团积分,250,东京盛典赛优胜锦旗,1,2025-10-01 03:00:00,2050-08-01 14:59:59
8588,8000,347,社团积分,250,川崎纪念优胜锦旗,1,2025-10-01 03:00:00,2050-08-01 14:59:59
8589,8000,348,社团积分,250,全国初级优俊优胜锦旗,1,2025-10-01 03:00:00,2050-08-01 14:59:59
8590,8000,349,社团积分,250,柏市纪念优胜锦旗,1,2025-10-01 03:00:00,2050-08-01 14:59:59
8591,8000,350,社团积分,250,英里冠军南部杯优胜锦旗,1,2025-10-01 03:00:00,2050-08-01 14:59:59
9001,6,1,宝石,10,闹钟,1,2017-05-31 15:00:00,2050-08-01 14:59:59
9002,7,1,宝石,10,闹钟,1,2017-05-31 15:00:00,2050-08-01 14:59:59
10000,9000,0,金币,15000,特别周的碎片,1,2017-05-31 15:00:00,2050-08-01 14:59:59
10001,9000,0,金币,15000,无声铃鹿的碎片,1,2017-05-31 15:00:00,2050-08-01 14:59:59
10002,9000,0,金币,15000,东海帝王的碎片,1,2017-05-31 15:00:00,2050-08-01 14:59:59
10003,9000,0,金币,15000,丸善斯基的碎片,1,2017-05-31 15:00:00,2050-08-01 14:59:59
10004,9000,0,金币,15000,小栗帽的碎片,1,2017-05-31 15:00:00,2050-08-01 14:59:59
10005,9000,0,金币,10000,黄金船的碎片,1,2017-05-31 15:00:00,2050-08-01 14:59:59
10006,9000,0,金币,10000,伏特加的碎片,1,2017-05-31 15:00:00,2050-08-01 14:59:59
10007,9000,0,金币,10000,大和赤骥的碎片,1,2017-05-31 15:00:00,2050-08-01 14:59:59
10008,9000,0,金币,15000,大树快车的碎片,1,2017-05-31 15:00:00,2050-08-01 14:59:59
10009,9000,0,金币,10000,草上飞的碎片,1,2017-05-31 15:00:00,2050-08-01 14:59:59
10010,9000,0,金币,15000,目白麦昆的碎片,1,2017-05-31 15:00:00,2050-08-01 14:59:59
10011,9000,0,金币,10000,神鹰的碎片,1,2017-05-31 15:00:00,2050-08-01 14:59:59
10012,9000,0,金币,15000,鲁道夫象征的碎片,1,2017-05-31 15:00:00,2050-08-01 14:59:59
10013,9000,0,金币,10000,气槽的碎片,1,2017-05-31 15:00:00,2050-08-01 14:59:59
10014,9000,0,金币,10000,重炮的碎片,1,2017-05-31 15:00:00,2050-08-01 14:59:59
10015,9000,0,金币,5000,目白莱恩的碎片,1,2017-05-31 15:00:00,2050-08-01 14:59:59
10016,9000,0,金币,15000,米浴的碎片,1,2017-05-31 15:00:00,2050-08-01 14:59:59
10017,9000,0,金币,5000,爱丽速子的碎片,1,2017-05-31 15:00:00,2050-08-01 14:59:59
10018,9000,0,金币,5000,胜利奖券的碎片,1,2017-05-31 15:00:00,2050-08-01 14:59:59
10019,9000,0,金币,5000,樱花进王的碎片,1,2017-05-31 15:00:00,2050-08-01 14:59:59
10020,9000,0,金币,10000,超级溪流的碎片,1,2017-05-31 15:00:00,2050-08-01 14:59:59
10021,9000,0,金币,5000,春乌菈菈的碎片,1,2017-05-31 15:00:00,2050-08-01 14:59:59
10022,9000,0,金币,5000,待兼福来的碎片,1,2017-05-31 15:00:00,2050-08-01 14:59:59
10023,9000,0,金币,5000,优秀素质的碎片,1,2017-05-31 15:00:00,2050-08-01 14:59:59
10024,9000,0,金币,5000,帝王光辉的碎片,1,2017-05-31 15:00:00,2050-08-01 14:59:59
10025,9000,0,金币,15000,东海帝王的碎片,1,2021-08-16 03:00:00,2050-08-01 14:59:59
10026,9000,0,金币,15000,目白麦昆的碎片,1,2021-08-16 03:00:00,2050-08-01 14:59:59
10027,9000,0,金币,15000,真机伶的碎片,1,2021-08-16 03:00:00,2050-08-01 14:59:59
10028,9000,0,金币,15000,成田大进的碎片,1,2021-08-16 03:00:00,2050-08-01 14:59:59
10029,9000,0,金币,15000,醒目飞鹰的碎片,1,2021-08-16 03:00:00,2050-08-01 14:59:59
10030,9000,0,金币,15000,成田白仁的碎片,1,2021-08-16 03:00:00,2050-08-01 14:59:59
10031,9000,0,金币,15000,气槽的碎片,1,2021-08-16 03:00:00,2050-08-01 14:59:59
10032,9000,0,金币,15000,重炮的碎片,1,2021-08-16 03:00:00,2050-08-01 14:59:59
10033,9000,0,金币,15000,青云天空的碎片,1,2021-08-16 03:00:00,2050-08-01 14:59:59
10034,9000,0,金币,15000,菱亚马逊的碎片,1,2021-08-16 03:00:00,2050-08-01 14:59:59
10035,9000,0,金币,15000,草上飞的碎片,1,2021-08-16 03:00:00,2050-08-01 14:59:59
10036,9000,0,金币,15000,神鹰的碎片,1,2021-08-16 03:00:00,2050-08-01 14:59:59
10037,9000,0,金币,15000,特别周的碎片,1,2021-08-16 03:00:00,2050-08-01 14:59:59
10038,9000,0,金币,15000,丸善斯基的碎片,1,2021-08-16 03:00:00,2050-08-01 14:59:59
10039,9000,0,金币,15000,名将怒涛的碎片,1,2021-08-16 03:00:00,2050-08-01 14:59:59
10040,9000,0,金币,15000,富士奇石的碎片,1,2021-08-16 03:00:00,2050-08-01 14:59:59
10041,9000,0,金币,15000,好歌剧的碎片,1,2021-08-16 03:00:00,2050-08-01 14:59:59
10042,9000,0,金币,15000,黄金城的碎片,1,2021-08-16 03:00:00,2050-08-01 14:59:59
10043,9000,0,金币,15000,美浦波旁的碎片,1,2021-08-16 03:00:00,2050-08-01 14:59:59
10044,9000,0,金币,15000,琵琶晨光的碎片,1,2021-08-16 03:00:00,2050-08-01 14:59:59
10045,9000,0,金币,15000,荣进闪耀的碎片,1,2022-02-14 03:00:00,2050-08-01 14:59:59
10046,9000,0,金币,15000,待兼福来的碎片,1,2022-02-14 03:00:00,2050-08-01 14:59:59
10047,9000,0,金币,15000,米浴的碎片,1,2022-02-14 03:00:00,2050-08-01 14:59:59
10048,9000,0,金币,15000,曼城茶座的碎片,1,2022-02-14 03:00:00,2050-08-01 14:59:59
10049,9000,0,金币,15000,目白多伯的碎片,1,2022-02-14 03:00:00,2050-08-01 14:59:59
10050,9000,0,金币,15000,小栗帽的碎片,1,2022-02-14 03:00:00,2050-08-01 14:59:59
10051,9000,0,金币,15000,玉藻十字的碎片,1,2022-02-14 03:00:00,2050-08-01 14:59:59
10052,9000,0,金币,15000,樱花千代王的碎片,1,2022-02-14 03:00:00,2050-08-01 14:59:59
10053,9000,0,金币,15000,美浦波旁的碎片,1,2022-02-14 03:00:00,2050-08-01 14:59:59
10054,9000,0,金币,15000,荣进闪耀的碎片,1,2022-02-14 03:00:00,2050-08-01 14:59:59
10055,9000,0,金币,15000,目白雅丹的碎片,1,2022-02-14 03:00:00,2050-08-01 14:59:59
10056,9000,0,金币,15000,爱丽数码的碎片,1,2022-02-14 03:00:00,2050-08-01 14:59:59
10057,9000,0,金币,15000,菱曙的碎片,1,2022-02-14 03:00:00,2050-08-01 14:59:59
10058,9000,0,金币,15000,超级溪流的碎片,1,2022-02-14 03:00:00,2050-08-01 14:59:59
10059,9000,0,金币,15000,川上公主的碎片,1,2022-02-14 03:00:00,2050-08-01 14:59:59
10060,9000,0,金币,15000,鲁道夫象征的碎片,1,2022-02-14 03:00:00,2050-08-01 14:59:59
10061,9000,0,金币,15000,黄金城的碎片,1,2022-02-14 03:00:00,2050-08-01 14:59:59
10062,9000,0,金币,15000,岛川乔丹的碎片,1,2022-02-14 03:00:00,2050-08-01 14:59:59
10063,9000,0,金币,15000,琵琶晨光的碎片,1,2022-02-14 03:00:00,2050-08-01 14:59:59
10064,9000,0,金币,15000,美妙姿势的碎片,1,2022-02-14 03:00:00,2050-08-01 14:59:59
10065,9000,0,金币,15000,春乌菈菈的碎片,1,2022-02-14 03:00:00,2050-08-01 14:59:59
10066,9000,0,金币,15000,好歌剧的碎片,1,2022-02-14 03:00:00,2050-08-01 14:59:59
10067,9000,0,金币,15000,目白光明的碎片,1,2022-08-16 03:00:00,2050-08-01 14:59:59
10068,9000,0,金币,15000,青云天空的碎片,1,2022-08-16 03:00:00,2050-08-01 14:59:59
10069,9000,0,金币,15000,富士奇石的碎片,1,2022-08-16 03:00:00,2050-08-01 14:59:59
10070,9000,0,金币,15000,八重无敌的碎片,1,2022-08-16 03:00:00,2050-08-01 14:59:59
10071,9000,0,金币,15000,优秀素质的碎片,1,2022-08-16 03:00:00,2050-08-01 14:59:59
10072,9000,0,金币,15000,艾尼风神的碎片,1,2022-08-16 03:00:00,2050-08-01 14:59:59
10073,9000,0,金币,15000,真机伶的碎片,1,2022-08-16 03:00:00,2050-08-01 14:59:59
10074,9000,0,金币,15000,目白多伯的碎片,1,2022-08-16 03:00:00,2050-08-01 14:59:59
10075,9000,0,金币,15000,目白麦昆的碎片,1,2022-08-16 03:00:00,2050-08-01 14:59:59
10076,9000,0,金币,15000,黄金船的碎片,1,2022-08-16 03:00:00,2050-08-01 14:59:59
10077,9000,0,金币,10000,待兼唐怀瑟的碎片,1,2022-08-16 03:00:00,2050-08-01 14:59:59
10078,9000,0,金币,15000,爱慕织姬的碎片,1,2022-08-16 03:00:00,2050-08-01 14:59:59
10079,9000,0,金币,15000,北部玄驹的碎片,1,2022-08-16 03:00:00,2050-08-01 14:59:59
10080,9000,0,金币,15000,里见光钻的碎片,1,2022-08-16 03:00:00,2050-08-01 14:59:59
10081,9000,0,金币,15000,西野花的碎片,1,2022-08-16 03:00:00,2050-08-01 14:59:59
10082,9000,0,金币,15000,帝王光辉的碎片,1,2022-08-16 03:00:00,2050-08-01 14:59:59
10083,9000,0,金币,15000,目白善信的碎片,1,2022-08-16 03:00:00,2050-08-01 14:59:59
10084,9000,0,金币,15000,美妙姿势的碎片,1,2022-08-16 03:00:00,2050-08-01 14:59:59
10085,9000,0,金币,15000,稻荷一的碎片,1,2022-08-16 03:00:00,2050-08-01 14:59:59
10086,9000,0,金币,15000,东商变革的碎片,1,2022-08-16 03:00:00,2050-08-01 14:59:59
10087,9000,0,金币,15000,大树快车的碎片,1,2022-08-16 03:00:00,2050-08-01 14:59:59
10088,9000,0,金币,15000,空中神宫的碎片,1,2022-08-16 03:00:00,2050-08-01 14:59:59
10089,9000,0,金币,15000,青竹回忆的碎片,1,2022-08-16 03:00:00,2050-08-01 14:59:59
10090,9000,0,金币,15000,小林历奇的碎片,1,2023-02-14 03:00:00,2050-08-01 14:59:59
10091,9000,0,金币,15000,醒目飞鹰的碎片,1,2023-02-14 03:00:00,2050-08-01 14:59:59
10092,9000,0,金币,15000,胜利奖券的碎片,1,2023-02-14 03:00:00,2050-08-01 14:59:59
10093,9000,0,金币,15000,成田大进的碎片,1,2023-02-14 03:00:00,2050-08-01 14:59:59
10094,9000,0,金币,15000,雪之美人的碎片,1,2023-02-14 03:00:00,2050-08-01 14:59:59
10095,9000,0,金币,15000,采珠的碎片,1,2023-02-14 03:00:00,2050-08-01 14:59:59
10096,9000,0,金币,15000,爱丽数码的碎片,1,2023-02-14 03:00:00,2050-08-01 14:59:59
10097,9000,0,金币,15000,名将怒涛的碎片,1,2023-02-14 03:00:00,2050-08-01 14:59:59
10098,9000,0,金币,15000,阿斯顿真弓的碎片,1,2023-02-14 03:00:00,2050-08-01 14:59:59
10099,9000,0,金币,15000,山人西风的碎片,1,2023-02-14 03:00:00,2050-08-01 14:59:59
10100,9000,0,金币,15000,玉藻十字的碎片,1,2023-02-14 03:00:00,2050-08-01 14:59:59
10101,9000,0,金币,15000,稻荷一的碎片,1,2023-02-14 03:00:00,2050-08-01 14:59:59
10102,9000,0,金币,15000,中山庆典的碎片,1,2023-02-14 03:00:00,2050-08-01 14:59:59
10103,9000,0,金币,15000,奇锐骏的碎片,1,2023-02-14 03:00:00,2050-08-01 14:59:59
10104,9000,0,金币,15000,伏特加的碎片,1,2023-02-14 03:00:00,2050-08-01 14:59:59
10105,9000,0,金币,15000,大和赤骥的碎片,1,2023-02-14 03:00:00,2050-08-01 14:59:59
10106,9000,0,金币,15000,荒漠英雄的碎片,1,2023-02-14 03:00:00,2050-08-01 14:59:59
10107,9000,0,金币,15000,成田白仁的碎片,1,2023-02-14 03:00:00,2050-08-01 14:59:59
10108,9000,0,金币,15000,里见光钻的碎片,1,2023-02-14 03:00:00,2050-08-01 14:59:59
10109,9000,0,金币,15000,北部玄驹的碎片,1,2023-02-14 03:00:00,2050-08-01 14:59:59
10110,9000,0,金币,15000,北幸樽前的碎片,1,2023-02-14 03:00:00,2050-08-01 14:59:59
10111,9000,0,金币,15000,大拓太阳神的碎片,1,2023-02-14 03:00:00,2050-08-01 14:59:59
10112,9000,0,金币,15000,目白莱恩的碎片,1,2023-02-14 03:00:00,2050-08-01 14:59:59
10113,9000,0,金币,15000,艾尼风神的碎片,1,2023-02-14 03:00:00,2050-08-01 14:59:59
10114,9000,0,金币,15000,新光风的碎片,1,2023-02-14 03:00:00,2050-08-01 14:59:59
10115,9000,0,金币,15000,千明代表的碎片,1,2023-08-14 20:00:00,2050-08-01 14:59:59
10116,9000,0,金币,15000,克里斯象征的碎片,1,2023-08-14 20:00:00,2050-08-01 14:59:59
10117,9000,0,金币,15000,目白雅丹的碎片,1,2023-08-14 20:00:00,2050-08-01 14:59:59
10118,9000,0,金币,15000,樱花千代王的碎片,1,2023-08-14 20:00:00,2050-08-01 14:59:59
10119,9000,0,金币,15000,新宇宙的碎片,1,2023-08-14 20:00:00,2050-08-01 14:59:59
10120,9000,0,金币,15000,待兼唐怀瑟的碎片,1,2023-08-14 20:00:00,2050-08-01 14:59:59
10121,9000,0,金币,15000,樱花进王的碎片,1,2023-08-14 20:00:00,2050-08-01 14:59:59
10122,9000,0,金币,15000,谷水琴蕾的碎片,1,2023-08-14 20:00:00,2050-08-01 14:59:59
10123,9000,0,金币,15000,美丽周日的碎片,1,2023-08-14 20:00:00,2050-08-01 14:59:59
10124,9000,0,金币,15000,葛城荣主的碎片,1,2023-08-14 20:00:00,2050-08-01 14:59:59
10125,9000,0,金币,15000,爱丽速子的碎片,1,2023-08-14 20:00:00,2050-08-01 14:59:59
10126,9000,0,金币,5000,双涡轮的碎片,1,2023-08-14 20:00:00,2050-08-01 14:59:59
10127,9000,0,金币,15000,第一红宝的碎片,1,2023-08-14 20:00:00,2050-08-01 14:59:59
10128,9000,0,金币,15000,樱花桂冠的碎片,1,2023-08-14 20:00:00,2050-08-01 14:59:59
10129,9000,0,金币,15000,菱奇宝的碎片,1,2023-08-14 20:00:00,2050-08-01 14:59:59
10130,9000,0,金币,15000,菱亚马逊的碎片,1,2023-08-14 20:00:00,2050-08-01 14:59:59
10131,9000,0,金币,15000,西野花的碎片,1,2023-08-14 20:00:00,2050-08-01 14:59:59
10132,9000,0,金币,15000,青竹回忆的碎片,1,2023-08-14 20:00:00,2050-08-01 14:59:59
10133,9000,0,金币,15000,岛川乔丹的碎片,1,2023-08-14 20:00:00,2050-08-01 14:59:59
10134,9000,0,金币,15000,天狼星象征的碎片,1,2023-08-14 20:00:00,2050-08-01 14:59:59
10135,9000,0,金币,15000,无声铃鹿的碎片,1,2023-08-14 20:00:00,2050-08-01 14:59:59
10136,9000,0,金币,15000,成田路的碎片,1,2024-02-14 20:00:00,2050-08-01 14:59:59
10137,9000,0,金币,15000,黄金船的碎片,1,2024-02-14 20:00:00,2050-08-01 14:59:59
10138,9000,0,金币,15000,シンボリクリスエスのピース,1,2024-02-14 20:00:00,2050-08-01 14:59:59
10139,9000,0,金币,15000,メジロラモーヌのピース,1,2024-02-14 20:00:00,2050-08-01 14:59:59
10140,9000,0,金币,15000,タップダンスシチーのピース,1,2024-02-14 20:00:00,2050-08-01 14:59:59
10141,9000,0,金币,15000,メジロブライトのピース,1,2024-02-14 20:00:00,2050-08-01 14:59:59
10142,9000,0,金币,15000,サトノクラウンのピース,1,2024-02-14 20:00:00,2050-08-01 14:59:59
10143,9000,0,金币,15000,ナイスネイチャのピース,1,2024-02-14 20:00:00,2050-08-01 14:59:59
10144,9000,0,金币,15000,マンハッタンカフェのピース,1,2024-02-14 20:00:00,2050-08-01 14:59:59
10145,9000,0,金币,15000,ユキノビジンのピース,1,2024-02-14 20:00:00,2050-08-01 14:59:59
10146,9000,0,金币,15000,サトノダイヤモンドのピース,1,2024-02-14 20:00:00,2050-08-01 14:59:59
10147,9000,0,金币,15000,ケイエスミラクルのピース,1,2024-02-14 20:00:00,2050-08-01 14:59:59
10148,9000,0,金币,15000,エアシャカールのピース,1,2024-02-14 20:00:00,2050-08-01 14:59:59
10149,9000,0,金币,15000,トウカイテイオーのピース,1,2024-02-14 20:00:00,2050-08-01 14:59:59
10150,9000,0,金币,15000,カワカミプリンセスのピース,1,2024-02-14 20:00:00,2050-08-01 14:59:59
10151,9000,0,金币,15000,メジロパーマーのピース,1,2024-02-14 20:00:00,2050-08-01 14:59:59
10152,9000,0,金币,15000,シュヴァルグランのピース,1,2024-02-14 20:00:00,2050-08-01 14:59:59
10153,9000,0,金币,15000,キタサンブラックのピース,1,2024-02-14 20:00:00,2050-08-01 14:59:59
10154,9000,0,金币,15000,ヴィブロスのピース,1,2024-02-14 20:00:00,2050-08-01 14:59:59
10155,9000,0,金币,10000,ビコーペガサスのピース,1,2024-02-14 20:00:00,2050-08-01 14:59:59
10156,9000,0,金币,15000,ラインクラフトのピース,1,2024-08-14 20:00:00,2050-08-01 14:59:59
10157,9000,0,金币,15000,ダイタクヘリオスのピース,1,2024-08-14 20:00:00,2050-08-01 14:59:59
10158,9000,0,金币,15000,サウンズオブアースのピース,1,2024-08-14 20:00:00,2050-08-01 14:59:59
10159,9000,0,金币,15000,ヤエノムテキのピース,1,2024-08-14 20:00:00,2050-08-01 14:59:59
10160,9000,0,金币,15000,アグネスタキオンのピース,1,2024-08-14 20:00:00,2050-08-01 14:59:59
10161,9000,0,金币,15000,ノースフライトのピース,1,2024-08-14 20:00:00,2050-08-01 14:59:59
10162,9000,0,金币,15000,ジャングルポケットのピース,1,2024-08-14 20:00:00,2050-08-01 14:59:59
10163,9000,0,金币,15000,ライスシャワーのピース,1,2024-08-14 20:00:00,2050-08-01 14:59:59
10164,9000,0,金币,15000,エイシンフラッシュのピース,1,2024-08-14 20:00:00,2050-08-01 14:59:59
10165,9000,0,金币,10000,イクノディクタスのピース,1,2024-08-14 20:00:00,2050-08-01 14:59:59
10166,9000,0,金币,15000,ドゥラメンテのピース,1,2024-08-14 20:00:00,2050-08-01 14:59:59
10167,9000,0,金币,15000,トランセンドのピース,1,2024-08-14 20:00:00,2050-08-01 14:59:59
10168,9000,0,金币,15000,ダイイチルビーのピース,1,2024-08-14 20:00:00,2050-08-01 14:59:59
10169,9000,0,金币,15000,ウイニングチケットのピース,1,2024-08-14 20:00:00,2050-08-01 14:59:59
10170,9000,0,金币,15000,スーパークリークのピース,1,2024-08-14 20:00:00,2050-08-01 14:59:59
10171,9000,0,金币,15000,キングヘイローのピース,1,2024-08-14 20:00:00,2050-08-01 14:59:59
10172,9000,0,金币,15000,スイープトウショウのピース,1,2024-08-14 20:00:00,2050-08-01 14:59:59
10173,9000,0,金币,15000,ドリームジャーニーのピース,1,2024-08-14 20:00:00,2050-08-01 14:59:59
10174,9000,0,金币,15000,カルストンライトオのピース,1,2024-08-14 20:00:00,2050-08-01 14:59:59
10175,9000,0,金币,15000,ホッコータルマエのピース,1,2024-08-14 20:00:00,2050-08-01 14:59:59
10176,9000,0,金币,15000,ゼンノロブロイのピース,1,2025-02-14 20:00:00,2050-08-01 14:59:59
10177,9000,0,金币,15000,ネオユニヴァースのピース,1,2025-02-14 20:00:00,2050-08-01 14:59:59
10178,9000,0,金币,15000,デュランダルのピース,1,2025-02-14 20:00:00,2050-08-01 14:59:59
10179,9000,0,金币,15000,シーキングザパールのピース,1,2025-02-14 20:00:00,2050-08-01 14:59:59
10180,9000,0,金币,15000,エアメサイアのピース,1,2025-02-14 20:00:00,2050-08-01 14:59:59
10181,9000,0,金币,15000,ナリタトップロードのピース,1,2025-02-14 20:00:00,2050-08-01 14:59:59
10182,9000,0,金币,15000,ミスターシービーのピース,1,2025-02-14 20:00:00,2050-08-01 14:59:59
10183,9000,0,金币,15000,カツラギエースのピース,1,2025-02-14 20:00:00,2050-08-01 14:59:59
10184,9000,0,金币,15000,マルゼンスキーのピース,1,2025-02-14 20:00:00,2050-08-01 14:59:59
10185,9000,0,金币,15000,フリオーソのピース,1,2025-02-14 20:00:00,2050-08-01 14:59:59
10186,9000,0,金币,15000,ヤマニンゼファーのピース,1,2025-02-14 20:00:00,2050-08-01 14:59:59
10187,9000,0,金币,15000,ジェンティルドンナのピース,1,2025-02-14 20:00:00,2050-08-01 14:59:59
10188,9000,0,金币,15000,シーザリオのピース,1,2025-02-14 20:00:00,2050-08-01 14:59:59
10189,9000,0,金币,15000,マヤノトップガンのピース,1,2025-02-14 20:00:00,2050-08-01 14:59:59
10190,9000,0,金币,15000,バブルガムフェローのピース,1,2025-02-14 20:00:00,2050-08-01 14:59:59
10191,9000,0,金币,15000,ビワハヤヒデのピース,1,2025-02-14 20:00:00,2050-08-01 14:59:59
10192,9000,0,金币,15000,ナリタタイシンのピース,1,2025-02-14 20:00:00,2050-08-01 14:59:59
10193,9000,0,金币,15000,アドマイヤベガのピース,1,2025-02-14 20:00:00,2050-08-01 14:59:59
10194,9000,0,金币,15000,ウインバリアシオンのピース,1,2025-02-14 20:00:00,2050-08-01 14:59:59
10195,9000,0,金币,15000,グラスワンダーのピース,1,2025-02-14 20:00:00,2050-08-01 14:59:59
10196,9000,0,金币,15000,アストンマーチャンのピース,1,2025-02-14 20:00:00,2050-08-01 14:59:59
10197,9000,0,金币,10000,ツルマルツヨシのピース,1,2025-02-14 20:00:00,2050-08-01 14:59:59
10198,9000,0,金币,15000,グランアレグリアのピース,1,2025-08-14 20:00:00,2050-08-01 14:59:59
10199,9000,0,金币,15000,タニノギムレットのピース,1,2025-08-14 20:00:00,2050-08-01 14:59:59
10200,9000,0,金币,15000,タップダンスシチーのピース,1,2025-08-14 20:00:00,2050-08-01 14:59:59
10201,9000,0,金币,15000,スマートファルコンのピース,1,2025-08-14 20:00:00,2050-08-01 14:59:59
10202,9000,0,金币,15000,ヴィルシーナのピース,1,2025-08-14 20:00:00,2050-08-01 14:59:59
10203,9000,0,金币,15000,ラヴズオンリーユーのピース,1,2025-08-14 20:00:00,2050-08-01 14:59:59
10204,9000,0,金币,15000,クロノジェネシスのピース,1,2025-08-14 20:00:00,2050-08-01 14:59:59
10205,9000,0,金币,15000,アイネスフウジンのピース,1,2025-08-14 20:00:00,2050-08-01 14:59:59
10206,9000,0,金币,15000,サトノクラウンのピース,1,2025-08-14 20:00:00,2050-08-01 14:59:59
10207,9000,0,金币,15000,オルフェーヴルのピース,1,2025-08-14 20:00:00,2050-08-01 14:59:59
10208,9000,0,金币,15000,ノーリーズンのピース,1,2025-08-14 20:00:00,2050-08-01 14:59:59
10209,9000,0,金币,15000,シリウスシンボリのピース,1,2025-08-14 20:00:00,2050-08-01 14:59:59
10210,9000,0,金币,15000,フェノーメノのピース,1,2025-08-14 20:00:00,2050-08-01 14:59:59
10211,9000,0,金币,15000,コパノリッキーのピース,1,2025-08-14 20:00:00,2050-08-01 14:59:59
10212,9000,0,金币,15000,メジロラモーヌのピース,1,2025-08-14 20:00:00,2050-08-01 14:59:59
10213,9000,0,金币,15000,シーザリオのピース,1,2025-08-14 20:00:00,2050-08-01 14:59:59
10214,9000,0,金币,15000,ゴールドシチーのピース,1,2025-08-14 20:00:00,2050-08-01 14:59:59
10215,9000,0,金币,15000,フサイチパンドラのピース,1,2025-08-14 20:00:00,2050-08-01 14:59:59
10216,9000,0,金币,15000,シュヴァルグランのピース,1,2025-08-14 20:00:00,2050-08-01 14:59:59
10217,9000,0,金币,15000,ヴィブロスのピース,1,2025-08-14 20:00:00,2050-08-01 14:59:59
10220,9000,0,金币,2000,闹钟,1,2017-05-31 15:00:00,2050-08-01 14:59:59
10221,9000,0,金币,5000,干劲满溢甜点,1,2017-05-31 15:00:00,2050-08-01 14:59:59
10226,9000,0,金币,1000,短距离跑鞋,3,2017-05-31 15:00:00,2050-08-01 14:59:59
10227,9000,0,金币,1000,英里跑鞋,3,2017-05-31 15:00:00,2050-08-01 14:59:59
10228,9000,0,金币,1000,中距离跑鞋,3,2017-05-31 15:00:00,2050-08-01 14:59:59
10229,9000,0,金币,1000,长距离跑鞋,3,2017-05-31 15:00:00,2050-08-01 14:59:59
10230,9000,0,金币,1000,泥地跑鞋,3,2017-05-31 15:00:00,2050-08-01 14:59:59
10232,9000,0,金币,3000,协助积分,500,2017-05-31 15:00:00,2025-08-29 19:59:59
10300,9000,0,金币,5000,二月锦标赛优胜锦旗,1,2021-08-16 03:00:00,2050-08-01 14:59:59
10301,9000,0,金币,5000,中京短途赛优胜锦旗,1,2021-08-16 03:00:00,2050-08-01 14:59:59
10302,9000,0,金币,5000,大阪杯优胜锦旗,1,2021-08-16 03:00:00,2050-08-01 14:59:59
10303,9000,0,金币,5000,樱花奖优胜锦旗,1,2021-08-16 03:00:00,2050-08-01 14:59:59
10304,9000,0,金币,5000,皋月奖优胜锦旗,1,2021-08-16 03:00:00,2050-08-01 14:59:59
10305,9000,0,金币,5000,天王奖（春）优胜锦旗,1,2021-08-16 03:00:00,2050-08-01 14:59:59
10306,9000,0,金币,5000,广播协会英里杯优胜锦旗,1,2021-08-16 03:00:00,2050-08-01 14:59:59
10307,9000,0,金币,5000,维多利亚英里赛优胜锦旗,1,2021-08-16 03:00:00,2050-08-01 14:59:59
10308,9000,0,金币,5000,奥克斯优胜锦旗,1,2021-08-16 03:00:00,2050-08-01 14:59:59
10309,9000,0,金币,5000,全国德比优胜锦旗,1,2021-08-16 03:00:00,2050-08-01 14:59:59
10310,9000,0,金币,5000,东京英里赛优胜锦旗,1,2021-08-16 03:00:00,2050-08-01 14:59:59
10311,9000,0,金币,5000,宝冢纪念优胜锦旗,1,2021-08-16 03:00:00,2050-08-01 14:59:59
10312,9000,0,金币,5000,短途者锦标赛优胜锦旗,1,2021-08-16 03:00:00,2050-08-01 14:59:59
10313,9000,0,金币,5000,秋华奖优胜锦旗,1,2021-08-16 03:00:00,2050-08-01 14:59:59
10314,9000,0,金币,5000,菊花奖优胜锦旗,1,2021-08-16 03:00:00,2050-08-01 14:59:59
10315,9000,0,金币,5000,天王奖（秋）优胜锦旗,1,2021-08-16 03:00:00,2050-08-01 14:59:59
10316,9000,0,金币,5000,英里冠军赛优胜锦旗,1,2021-08-16 03:00:00,2050-08-01 14:59:59
10317,9000,0,金币,5000,伊丽莎白女王杯优胜锦旗,1,2021-08-16 03:00:00,2050-08-01 14:59:59
10318,9000,0,金币,5000,全国杯优胜锦旗,1,2021-08-16 03:00:00,2050-08-01 14:59:59
10319,9000,0,金币,5000,全国冠军杯优胜锦旗,1,2021-08-16 03:00:00,2050-08-01 14:59:59
10320,9000,0,金币,5000,阪神初级少女杯赛优胜锦旗,1,2021-08-16 03:00:00,2050-08-01 14:59:59
10321,9000,0,金币,5000,朝日杯未来锦标赛优胜锦旗,1,2021-08-16 03:00:00,2050-08-01 14:59:59
10322,9000,0,金币,5000,中山大奖赛优胜锦旗,1,2021-08-16 03:00:00,2050-08-01 14:59:59
10323,9000,0,金币,5000,希望锦标赛优胜锦旗,1,2021-08-16 03:00:00,2050-08-01 14:59:59
10324,9000,0,金币,5000,全国泥地德比优胜锦旗,1,2021-08-16 03:00:00,2050-08-01 14:59:59
10325,9000,0,金币,5000,全国育成杯短途赛优胜锦旗,1,2021-08-16 03:00:00,2050-08-01 14:59:59
10326,9000,0,金币,5000,全国育成杯经典赛优胜锦旗,1,2021-08-16 03:00:00,2050-08-01 14:59:59
10327,9000,0,金币,5000,全国育成杯女士经典赛优胜锦旗,1,2021-08-16 03:00:00,2050-08-01 14:59:59
10328,9000,0,金币,5000,帝王奖优胜锦旗,1,2021-08-16 03:00:00,2050-08-01 14:59:59
10329,9000,0,金币,5000,东京盛典赛优胜锦旗,1,2021-08-16 03:00:00,2050-08-01 14:59:59
10330,9000,0,金币,5000,川崎纪念优胜锦旗,1,2022-08-19 03:00:00,2050-08-01 14:59:59
10331,9000,0,金币,5000,全国初级优俊优胜锦旗,1,2022-08-19 03:00:00,2050-08-01 14:59:59
10332,9000,0,金币,5000,柏市纪念优胜锦旗,1,2022-08-19 03:00:00,2050-08-01 14:59:59
10333,9000,0,金币,5000,英里冠军南部杯优胜锦旗,1,2022-08-19 03:00:00,2050-08-01 14:59:59
11000,10000,1,彩虹结晶片,20,彩虹解锁结晶,1,2021-09-21 03:00:00,2050-08-17 14:59:59
11001,10001,2,金结晶片,20,金解锁结晶,1,2021-09-21 03:00:00,2050-08-17 14:59:59
12000,11000,1,考试币,2000,宝石,150,2021-12-14 03:00:00,2021-12-25 02:59:59
12001,11000,2,考试币,10000,彩虹结晶片,1,2021-12-14 03:00:00,2021-12-25 02:59:59
12002,11000,3,考试币,5000,金结晶片,1,2021-12-14 03:00:00,2021-12-25 02:59:59
12003,11000,4,考试币,2000,养成优俊少女招募券,1,2021-12-14 03:00:00,2021-12-25 02:59:59
12004,11000,5,考试币,2000,协助卡招募券,1,2021-12-14 03:00:00,2021-12-25 02:59:59
12005,11000,6,考试币,500,大树快车的碎片,2,2021-12-14 03:00:00,2021-12-25 02:59:59
12006,11000,7,考试币,500,米浴的碎片,2,2021-12-14 03:00:00,2021-12-25 02:59:59
12007,11000,8,考试币,500,待兼福来的碎片,2,2021-12-14 03:00:00,2021-12-25 02:59:59
12008,11000,9,考试币,500,春乌菈菈的碎片,2,2021-12-14 03:00:00,2021-12-25 02:59:59
12009,11000,10,考试币,100,金币,3000,2021-12-14 03:00:00,2021-12-25 02:59:59
12010,11000,11,考试币,100,协助积分,1000,2021-12-14 03:00:00,2021-12-25 02:59:59
12011,11000,12,考试币,50,大阪杯优胜锦旗,1,2021-12-14 03:00:00,2021-12-25 02:59:59
12012,11000,13,考试币,50,宝冢纪念优胜锦旗,1,2021-12-14 03:00:00,2021-12-25 02:59:59
12013,11000,14,考试币,50,天王奖（秋）优胜锦旗,1,2021-12-14 03:00:00,2021-12-25 02:59:59
12014,11000,15,考试币,50,伊丽莎白女王杯优胜锦旗,1,2021-12-14 03:00:00,2021-12-25 02:59:59
12015,11000,16,考试币,50,全国杯优胜锦旗,1,2021-12-14 03:00:00,2021-12-25 02:59:59
12016,11000,17,考试币,50,希望锦标赛优胜锦旗,1,2021-12-14 03:00:00,2021-12-25 02:59:59
12017,11000,18,考试币,20,中距离跑鞋,1,2021-12-14 03:00:00,2021-12-25 02:59:59
12018,11001,1,考试币,1500,宝石,150,2022-03-24 03:00:00,2022-04-01 02:59:59
12019,11001,2,考试币,10000,彩虹结晶片,1,2022-03-24 03:00:00,2022-04-01 02:59:59
12020,11001,3,考试币,5000,金结晶片,1,2022-03-24 03:00:00,2022-04-01 02:59:59
12021,11001,4,考试币,1500,养成优俊少女招募券,1,2022-03-24 03:00:00,2022-04-01 02:59:59
12022,11001,5,考试币,1500,协助卡招募券,1,2022-03-24 03:00:00,2022-04-01 02:59:59
12023,11001,6,考试币,10000,稀有启发专业书,1,2022-03-24 03:00:00,2022-04-01 02:59:59
12024,11001,7,考试币,8000,稀有启发书,1,2022-03-24 03:00:00,2022-04-01 02:59:59
12025,11001,8,考试币,2000,启发专业书,1,2022-03-24 03:00:00,2022-04-01 02:59:59
12026,11001,9,考试币,1000,启发书,1,2022-03-24 03:00:00,2022-04-01 02:59:59
12027,11001,10,考试币,500,鲁道夫象征的碎片,2,2022-03-24 03:00:00,2022-04-01 02:59:59
12028,11001,11,考试币,500,成田白仁的碎片,2,2022-03-24 03:00:00,2022-04-01 02:59:59
12029,11001,12,考试币,500,玉藻十字的碎片,2,2022-03-24 03:00:00,2022-04-01 02:59:59
12030,11001,13,考试币,500,目白麦昆的碎片,2,2022-03-24 03:00:00,2022-04-01 02:59:59
12031,11001,14,考试币,100,金币,3000,2022-03-24 03:00:00,2022-04-01 02:59:59
12032,11001,15,考试币,100,协助积分,1000,2022-03-24 03:00:00,2022-04-01 02:59:59
12033,11001,16,考试币,50,天王奖（春）优胜锦旗,1,2022-03-24 03:00:00,2022-04-01 02:59:59
12034,11001,17,考试币,50,皋月奖优胜锦旗,1,2022-03-24 03:00:00,2022-04-01 02:59:59
12035,11001,18,考试币,50,菊花奖优胜锦旗,1,2022-03-24 03:00:00,2022-04-01 02:59:59
12036,11001,19,考试币,50,宝冢纪念优胜锦旗,1,2022-03-24 03:00:00,2022-04-01 02:59:59
12037,11001,20,考试币,50,中山大奖赛优胜锦旗,1,2022-03-24 03:00:00,2022-04-01 02:59:59
12038,11001,21,考试币,50,全国德比优胜锦旗,1,2022-03-24 03:00:00,2022-04-01 02:59:59
12039,11001,22,考试币,50,天王奖（秋）优胜锦旗,1,2022-03-24 03:00:00,2022-04-01 02:59:59
12040,11001,23,考试币,20,全国杯优胜锦旗,1,2022-03-24 03:00:00,2022-04-01 02:59:59
12041,11001,24,考试币,20,长距离跑鞋,1,2022-03-24 03:00:00,2022-04-01 02:59:59
12042,11001,25,考试币,20,中距离跑鞋,1,2022-03-24 03:00:00,2022-04-01 02:59:59
12043,11002,1,考试币,1500,宝石,150,2022-09-20 03:00:00,2022-10-02 02:59:59
12044,11002,2,考试币,10000,彩虹结晶片,1,2022-09-20 03:00:00,2022-10-02 02:59:59
12045,11002,3,考试币,5000,金结晶片,1,2022-09-20 03:00:00,2022-10-02 02:59:59
12046,11002,4,考试币,1500,养成优俊少女招募券,1,2022-09-20 03:00:00,2022-10-02 02:59:59
12047,11002,5,考试币,1500,协助卡招募券,1,2022-09-20 03:00:00,2022-10-02 02:59:59
12048,11002,6,考试币,6000,稀有启发专业书,1,2022-09-20 03:00:00,2022-10-02 02:59:59
12049,11002,7,考试币,4000,稀有启发书,1,2022-09-20 03:00:00,2022-10-02 02:59:59
12050,11002,8,考试币,2000,启发专业书,1,2022-09-20 03:00:00,2022-10-02 02:59:59
12051,11002,9,考试币,1000,启发书,1,2022-09-20 03:00:00,2022-10-02 02:59:59
12052,11002,10,考试币,500,爱丽速子的碎片,2,2022-09-20 03:00:00,2022-10-02 02:59:59
12053,11002,11,考试币,500,无声铃鹿的碎片,2,2022-09-20 03:00:00,2022-10-02 02:59:59
12054,11002,12,考试币,500,醒目飞鹰的碎片,2,2022-09-20 03:00:00,2022-10-02 02:59:59
12055,11002,13,考试币,500,美浦波旁的碎片,2,2022-09-20 03:00:00,2022-10-02 02:59:59
12056,11002,14,考试币,100,金币,3000,2022-09-20 03:00:00,2022-10-02 02:59:59
12057,11002,15,考试币,100,协助积分,1000,2022-09-20 03:00:00,2022-10-02 02:59:59
12058,11002,16,考试币,50,皋月奖优胜锦旗,1,2022-09-20 03:00:00,2022-10-02 02:59:59
12059,11002,17,考试币,50,全国德比优胜锦旗,1,2022-09-20 03:00:00,2022-10-02 02:59:59
12060,11002,18,考试币,50,宝冢纪念优胜锦旗,1,2022-09-20 03:00:00,2022-10-02 02:59:59
12061,11002,19,考试币,50,菊花奖优胜锦旗,1,2022-09-20 03:00:00,2022-10-02 02:59:59
12062,11002,20,考试币,50,天王奖（秋）优胜锦旗,1,2022-09-20 03:00:00,2022-10-02 02:59:59
12063,11002,21,考试币,50,朝日杯未来锦标赛优胜锦旗,1,2022-09-20 03:00:00,2022-10-02 02:59:59
12064,11002,22,考试币,50,全国泥地德比优胜锦旗,1,2022-09-20 03:00:00,2022-10-02 02:59:59
12065,11002,23,考试币,50,全国育成杯经典赛优胜锦旗,1,2022-09-20 03:00:00,2022-10-02 02:59:59
12066,11002,22,考试币,50,帝王奖优胜锦旗,1,2022-09-20 03:00:00,2022-10-02 02:59:59
12067,11002,23,考试币,50,东京盛典赛优胜锦旗,1,2022-09-20 03:00:00,2022-10-02 02:59:59
12068,11002,24,考试币,20,英里跑鞋,1,2022-09-20 03:00:00,2022-10-02 02:59:59
12069,11002,25,考试币,20,泥地跑鞋,1,2022-09-20 03:00:00,2022-10-02 02:59:59
12070,11003,1,考试币,1500,宝石,150,2023-04-19 03:00:00,2023-05-01 02:59:59
12071,11003,2,考试币,10000,彩虹结晶片,1,2023-04-19 03:00:00,2023-05-01 02:59:59
12072,11003,3,考试币,5000,金结晶片,1,2023-04-19 03:00:00,2023-05-01 02:59:59
12073,11003,4,考试币,5000,梦想光辉,1,2023-04-19 03:00:00,2023-05-01 02:59:59
12074,11003,4,考试币,1500,养成优俊少女招募券,1,2023-04-19 03:00:00,2023-05-01 02:59:59
12075,11003,5,考试币,1500,协助卡招募券,1,2023-04-19 03:00:00,2023-05-01 02:59:59
12076,11003,6,考试币,1000,启发书,1,2023-04-19 03:00:00,2023-05-01 02:59:59
12077,11003,7,考试币,2000,启发专业书,1,2023-04-19 03:00:00,2023-05-01 02:59:59
12078,11003,8,考试币,4000,稀有启发书,1,2023-04-19 03:00:00,2023-05-01 02:59:59
12079,11003,9,考试币,6000,稀有启发专业书,1,2023-04-19 03:00:00,2023-05-01 02:59:59
12080,11003,10,考试币,100,金币,3000,2023-04-19 03:00:00,2023-05-01 02:59:59
12081,11003,11,考试币,100,协助积分,1000,2023-04-19 03:00:00,2023-05-01 02:59:59
12082,11003,12,考试币,50,二月锦标赛优胜锦旗,1,2023-04-19 03:00:00,2023-05-01 02:59:59
12083,11003,13,考试币,50,中京短途赛优胜锦旗,1,2023-04-19 03:00:00,2023-05-01 02:59:59
12084,11003,14,考试币,50,大阪杯优胜锦旗,1,2023-04-19 03:00:00,2023-05-01 02:59:59
12085,11003,15,考试币,50,樱花奖优胜锦旗,1,2023-04-19 03:00:00,2023-05-01 02:59:59
12086,11003,16,考试币,50,皋月奖优胜锦旗,1,2023-04-19 03:00:00,2023-05-01 02:59:59
12087,11003,17,考试币,50,天王奖（春）优胜锦旗,1,2023-04-19 03:00:00,2023-05-01 02:59:59
12088,11003,18,考试币,50,广播协会英里杯优胜锦旗,1,2023-04-19 03:00:00,2023-05-01 02:59:59
12089,11003,19,考试币,50,维多利亚英里赛优胜锦旗,1,2023-04-19 03:00:00,2023-05-01 02:59:59
12090,11003,20,考试币,50,奥克斯优胜锦旗,1,2023-04-19 03:00:00,2023-05-01 02:59:59
12091,11003,21,考试币,50,全国德比优胜锦旗,1,2023-04-19 03:00:00,2023-05-01 02:59:59
12092,11003,22,考试币,50,东京英里赛优胜锦旗,1,2023-04-19 03:00:00,2023-05-01 02:59:59
12093,11003,23,考试币,50,宝冢纪念优胜锦旗,1,2023-04-19 03:00:00,2023-05-01 02:59:59
12094,11003,24,考试币,50,短途者锦标赛优胜锦旗,1,2023-04-19 03:00:00,2023-05-01 02:59:59
12095,11003,25,考试币,50,秋华奖优胜锦旗,1,2023-04-19 03:00:00,2023-05-01 02:59:59
12096,11003,26,考试币,50,菊花奖优胜锦旗,1,2023-04-19 03:00:00,2023-05-01 02:59:59
12097,11003,27,考试币,50,天王奖（秋）优胜锦旗,1,2023-04-19 03:00:00,2023-05-01 02:59:59
12098,11003,28,考试币,50,英里冠军赛优胜锦旗,1,2023-04-19 03:00:00,2023-05-01 02:59:59
12099,11003,29,考试币,50,伊丽莎白女王杯优胜锦旗,1,2023-04-19 03:00:00,2023-05-01 02:59:59
12100,11003,30,考试币,50,全国杯优胜锦旗,1,2023-04-19 03:00:00,2023-05-01 02:59:59
12101,11003,31,考试币,50,全国冠军杯优胜锦旗,1,2023-04-19 03:00:00,2023-05-01 02:59:59
12102,11003,32,考试币,50,阪神初级少女杯赛优胜锦旗,1,2023-04-19 03:00:00,2023-05-01 02:59:59
12103,11003,33,考试币,50,朝日杯未来锦标赛优胜锦旗,1,2023-04-19 03:00:00,2023-05-01 02:59:59
12104,11003,34,考试币,50,中山大奖赛优胜锦旗,1,2023-04-19 03:00:00,2023-05-01 02:59:59
12105,11003,35,考试币,50,希望锦标赛优胜锦旗,1,2023-04-19 03:00:00,2023-05-01 02:59:59
12106,11003,36,考试币,50,全国泥地德比优胜锦旗,1,2023-04-19 03:00:00,2023-05-01 02:59:59
12107,11003,37,考试币,50,全国育成杯短途赛优胜锦旗,1,2023-04-19 03:00:00,2023-05-01 02:59:59
12108,11003,38,考试币,50,全国育成杯经典赛优胜锦旗,1,2023-04-19 03:00:00,2023-05-01 02:59:59
12109,11003,39,考试币,50,全国育成杯女士经典赛优胜锦旗,1,2023-04-19 03:00:00,2023-05-01 02:59:59
12110,11003,40,考试币,50,帝王奖优胜锦旗,1,2023-04-19 03:00:00,2023-05-01 02:59:59
12111,11003,41,考试币,50,东京盛典赛优胜锦旗,1,2023-04-19 03:00:00,2023-05-01 02:59:59
12112,11003,42,考试币,50,川崎纪念优胜锦旗,1,2023-04-19 03:00:00,2023-05-01 02:59:59
12113,11003,43,考试币,50,全国初级优俊优胜锦旗,1,2023-04-19 03:00:00,2023-05-01 02:59:59
12114,11003,44,考试币,50,柏市纪念优胜锦旗,1,2023-04-19 03:00:00,2023-05-01 02:59:59
12115,11003,45,考试币,50,英里冠军南部杯优胜锦旗,1,2023-04-19 03:00:00,2023-05-01 02:59:59
12116,11003,46,考试币,20,短距离跑鞋,1,2023-04-19 03:00:00,2023-05-01 02:59:59
12117,11003,47,考试币,20,英里跑鞋,1,2023-04-19 03:00:00,2023-05-01 02:59:59
12118,11003,48,考试币,20,中距离跑鞋,1,2023-04-19 03:00:00,2023-05-01 02:59:59
12119,11003,49,考试币,20,长距离跑鞋,1,2023-04-19 03:00:00,2023-05-01 02:59:59
12120,11003,50,考试币,20,泥地跑鞋,1,2023-04-19 03:00:00,2023-05-01 02:59:59
12121,11004,1,考试币,1500,宝石,150,2023-08-31 03:00:00,2023-09-14 02:59:59
12122,11004,2,考试币,10000,彩虹结晶片,1,2023-08-31 03:00:00,2023-09-14 02:59:59
12123,11004,3,考试币,5000,金结晶片,1,2023-08-31 03:00:00,2023-09-14 02:59:59
12124,11004,4,考试币,500,梦想光辉,1,2023-08-31 03:00:00,2023-09-14 02:59:59
12125,11004,5,考试币,1500,养成优俊少女招募券,1,2023-08-31 03:00:00,2023-09-14 02:59:59
12126,11004,6,考试币,1500,协助卡招募券,1,2023-08-31 03:00:00,2023-09-14 02:59:59
12127,11004,7,考试币,500,启发书,1,2023-08-31 03:00:00,2023-09-14 02:59:59
12128,11004,8,考试币,1000,启发专业书,1,2023-08-31 03:00:00,2023-09-14 02:59:59
12129,11004,9,考试币,2000,稀有启发书,1,2023-08-31 03:00:00,2023-09-14 02:59:59
12130,11004,10,考试币,3000,稀有启发专业书,1,2023-08-31 03:00:00,2023-09-14 02:59:59
12131,11004,11,考试币,500,黄金船的碎片,2,2023-08-31 03:00:00,2023-09-14 02:59:59
12132,11004,12,考试币,500,神鹰的碎片,2,2023-08-31 03:00:00,2023-09-14 02:59:59
12133,11004,13,考试币,500,曼城茶座的碎片,2,2023-08-31 03:00:00,2023-09-14 02:59:59
12134,11004,14,考试币,500,中山庆典的碎片,2,2023-08-31 03:00:00,2023-09-14 02:59:59
12135,11004,15,考试币,500,里见光钻的碎片,2,2023-08-31 03:00:00,2023-09-14 02:59:59
12136,11004,16,考试币,500,天狼星象征的碎片,2,2023-08-31 03:00:00,2023-09-14 02:59:59
12137,11004,17,考试币,100,金币,3000,2023-08-31 03:00:00,2023-09-14 02:59:59
12138,11004,18,考试币,100,协助积分,1000,2023-08-31 03:00:00,2023-09-14 02:59:59
12139,11004,19,考试币,50,二月锦标赛优胜锦旗,1,2023-08-31 03:00:00,2023-09-14 02:59:59
12140,11004,20,考试币,50,中京短途赛优胜锦旗,1,2023-08-31 03:00:00,2023-09-14 02:59:59
12141,11004,21,考试币,50,大阪杯优胜锦旗,1,2023-08-31 03:00:00,2023-09-14 02:59:59
12142,11004,22,考试币,50,樱花奖优胜锦旗,1,2023-08-31 03:00:00,2023-09-14 02:59:59
12143,11004,23,考试币,50,皋月奖优胜锦旗,1,2023-08-31 03:00:00,2023-09-14 02:59:59
12144,11004,24,考试币,50,天王奖（春）优胜锦旗,1,2023-08-31 03:00:00,2023-09-14 02:59:59
12145,11004,25,考试币,50,广播协会英里杯优胜锦旗,1,2023-08-31 03:00:00,2023-09-14 02:59:59
12146,11004,26,考试币,50,维多利亚英里赛优胜锦旗,1,2023-08-31 03:00:00,2023-09-14 02:59:59
12147,11004,27,考试币,50,奥克斯优胜锦旗,1,2023-08-31 03:00:00,2023-09-14 02:59:59
12148,11004,28,考试币,50,全国德比优胜锦旗,1,2023-08-31 03:00:00,2023-09-14 02:59:59
12149,11004,29,考试币,50,东京英里赛优胜锦旗,1,2023-08-31 03:00:00,2023-09-14 02:59:59
12150,11004,30,考试币,50,宝冢纪念优胜锦旗,1,2023-08-31 03:00:00,2023-09-14 02:59:59
12151,11004,31,考试币,50,短途者锦标赛优胜锦旗,1,2023-08-31 03:00:00,2023-09-14 02:59:59
12152,11004,32,考试币,50,秋华奖优胜锦旗,1,2023-08-31 03:00:00,2023-09-14 02:59:59
12153,11004,33,考试币,50,菊花奖优胜锦旗,1,2023-08-31 03:00:00,2023-09-14 02:59:59
12154,11004,34,考试币,50,天王奖（秋）优胜锦旗,1,2023-08-31 03:00:00,2023-09-14 02:59:59
12155,11004,35,考试币,50,英里冠军赛优胜锦旗,1,2023-08-31 03:00:00,2023-09-14 02:59:59
12156,11004,36,考试币,50,伊丽莎白女王杯优胜锦旗,1,2023-08-31 03:00:00,2023-09-14 02:59:59
12157,11004,37,考试币,50,全国杯优胜锦旗,1,2023-08-31 03:00:00,2023-09-14 02:59:59
12158,11004,38,考试币,50,全国冠军杯优胜锦旗,1,2023-08-31 03:00:00,2023-09-14 02:59:59
12159,11004,39,考试币,50,阪神初级少女杯赛优胜锦旗,1,2023-08-31 03:00:00,2023-09-14 02:59:59
12160,11004,40,考试币,50,朝日杯未来锦标赛优胜锦旗,1,2023-08-31 03:00:00,2023-09-14 02:59:59
12161,11004,41,考试币,50,中山大奖赛优胜锦旗,1,2023-08-31 03:00:00,2023-09-14 02:59:59
12162,11004,42,考试币,50,希望锦标赛优胜锦旗,1,2023-08-31 03:00:00,2023-09-14 02:59:59
12163,11004,43,考试币,50,全国泥地德比优胜锦旗,1,2023-08-31 03:00:00,2023-09-14 02:59:59
12164,11004,44,考试币,50,全国育成杯短途赛优胜锦旗,1,2023-08-31 03:00:00,2023-09-14 02:59:59
12165,11004,45,考试币,50,全国育成杯经典赛优胜锦旗,1,2023-08-31 03:00:00,2023-09-14 02:59:59
12166,11004,46,考试币,50,全国育成杯女士经典赛优胜锦旗,1,2023-08-31 03:00:00,2023-09-14 02:59:59
12167,11004,47,考试币,50,帝王奖优胜锦旗,1,2023-08-31 03:00:00,2023-09-14 02:59:59
12168,11004,48,考试币,50,东京盛典赛优胜锦旗,1,2023-08-31 03:00:00,2023-09-14 02:59:59
12169,11004,49,考试币,50,川崎纪念优胜锦旗,1,2023-08-31 03:00:00,2023-09-14 02:59:59
12170,11004,50,考试币,50,全国初级优俊优胜锦旗,1,2023-08-31 03:00:00,2023-09-14 02:59:59
12171,11004,51,考试币,50,柏市纪念优胜锦旗,1,2023-08-31 03:00:00,2023-09-14 02:59:59
12172,11004,52,考试币,50,英里冠军南部杯优胜锦旗,1,2023-08-31 03:00:00,2023-09-14 02:59:59
12173,11004,53,考试币,20,短距离跑鞋,1,2023-08-31 03:00:00,2023-09-14 02:59:59
12174,11004,54,考试币,20,英里跑鞋,1,2023-08-31 03:00:00,2023-09-14 02:59:59
12175,11004,55,考试币,20,中距离跑鞋,1,2023-08-31 03:00:00,2023-09-14 02:59:59
12176,11004,56,考试币,20,长距离跑鞋,1,2023-08-31 03:00:00,2023-09-14 02:59:59
12177,11004,57,考试币,20,泥地跑鞋,1,2023-08-31 03:00:00,2023-09-14 02:59:59
12178,11005,1,考试币,1500,宝石,150,2024-02-24 03:00:00,2024-03-07 02:59:59
12179,11005,2,考试币,10000,彩虹结晶片,1,2024-02-24 03:00:00,2024-03-07 02:59:59
12180,11005,3,考试币,5000,金结晶片,1,2024-02-24 03:00:00,2024-03-07 02:59:59
12181,11005,4,考试币,500,梦想光辉,1,2024-02-24 03:00:00,2024-03-07 02:59:59
12182,11005,5,考试币,1500,养成优俊少女招募券,1,2024-02-24 03:00:00,2024-03-07 02:59:59
12183,11005,6,考试币,1500,协助卡招募券,1,2024-02-24 03:00:00,2024-03-07 02:59:59
12184,11005,7,考试币,500,启发书,1,2024-02-24 03:00:00,2024-03-07 02:59:59
12185,11005,8,考试币,1000,启发专业书,1,2024-02-24 03:00:00,2024-03-07 02:59:59
12186,11005,9,考试币,2000,稀有启发书,1,2024-02-24 03:00:00,2024-03-07 02:59:59
12187,11005,10,考试币,3000,稀有启发专业书,1,2024-02-24 03:00:00,2024-03-07 02:59:59
12188,11005,11,考试币,500,目白莱恩的碎片,2,2024-02-24 03:00:00,2024-03-07 02:59:59
12189,11005,12,考试币,500,胜利奖券的碎片,2,2024-02-24 03:00:00,2024-03-07 02:59:59
12190,11005,13,考试币,500,岛川乔丹的碎片,2,2024-02-24 03:00:00,2024-03-07 02:59:59
12191,11005,14,考试币,500,八重无敌的碎片,2,2024-02-24 03:00:00,2024-03-07 02:59:59
12192,11005,15,考试币,500,成田路的碎片,2,2024-02-24 03:00:00,2024-03-07 02:59:59
12193,11005,17,考试币,100,金币,3000,2024-02-24 03:00:00,2024-03-07 02:59:59
12194,11005,18,考试币,100,协助积分,1000,2024-02-24 03:00:00,2024-03-07 02:59:59
12195,11005,19,考试币,50,二月锦标赛优胜锦旗,1,2024-02-24 03:00:00,2024-03-07 02:59:59
12196,11005,20,考试币,50,中京短途赛优胜锦旗,1,2024-02-24 03:00:00,2024-03-07 02:59:59
12197,11005,21,考试币,50,大阪杯优胜锦旗,1,2024-02-24 03:00:00,2024-03-07 02:59:59
12198,11005,22,考试币,50,樱花奖优胜锦旗,1,2024-02-24 03:00:00,2024-03-07 02:59:59
12199,11005,23,考试币,50,皋月奖优胜锦旗,1,2024-02-24 03:00:00,2024-03-07 02:59:59
12200,11005,24,考试币,50,天王奖（春）优胜锦旗,1,2024-02-24 03:00:00,2024-03-07 02:59:59
12201,11005,25,考试币,50,广播协会英里杯优胜锦旗,1,2024-02-24 03:00:00,2024-03-07 02:59:59
12202,11005,26,考试币,50,维多利亚英里赛优胜锦旗,1,2024-02-24 03:00:00,2024-03-07 02:59:59
12203,11005,27,考试币,50,奥克斯优胜锦旗,1,2024-02-24 03:00:00,2024-03-07 02:59:59
12204,11005,28,考试币,50,全国德比优胜锦旗,1,2024-02-24 03:00:00,2024-03-07 02:59:59
12205,11005,29,考试币,50,东京英里赛优胜锦旗,1,2024-02-24 03:00:00,2024-03-07 02:59:59
12206,11005,30,考试币,50,宝冢纪念优胜锦旗,1,2024-02-24 03:00:00,2024-03-07 02:59:59
12207,11005,31,考试币,50,短途者锦标赛优胜锦旗,1,2024-02-24 03:00:00,2024-03-07 02:59:59
12208,11005,32,考试币,50,秋华奖优胜锦旗,1,2024-02-24 03:00:00,2024-03-07 02:59:59
12209,11005,33,考试币,50,菊花奖优胜锦旗,1,2024-02-24 03:00:00,2024-03-07 02:59:59
12210,11005,34,考试币,50,天王奖（秋）优胜锦旗,1,2024-02-24 03:00:00,2024-03-07 02:59:59
12211,11005,35,考试币,50,英里冠军赛优胜锦旗,1,2024-02-24 03:00:00,2024-03-07 02:59:59
12212,11005,36,考试币,50,伊丽莎白女王杯优胜锦旗,1,2024-02-24 03:00:00,2024-03-07 02:59:59
12213,11005,37,考试币,50,全国杯优胜锦旗,1,2024-02-24 03:00:00,2024-03-07 02:59:59
12214,11005,38,考试币,50,全国冠军杯优胜锦旗,1,2024-02-24 03:00:00,2024-03-07 02:59:59
12215,11005,39,考试币,50,阪神初级少女杯赛优胜锦旗,1,2024-02-24 03:00:00,2024-03-07 02:59:59
12216,11005,40,考试币,50,朝日杯未来锦标赛优胜锦旗,1,2024-02-24 03:00:00,2024-03-07 02:59:59
12217,11005,41,考试币,50,中山大奖赛优胜锦旗,1,2024-02-24 03:00:00,2024-03-07 02:59:59
12218,11005,42,考试币,50,希望锦标赛优胜锦旗,1,2024-02-24 03:00:00,2024-03-07 02:59:59
12219,11005,43,考试币,50,全国泥地德比优胜锦旗,1,2024-02-24 03:00:00,2024-03-07 02:59:59
12220,11005,44,考试币,50,全国育成杯短途赛优胜锦旗,1,2024-02-24 03:00:00,2024-03-07 02:59:59
12221,11005,45,考试币,50,全国育成杯经典赛优胜锦旗,1,2024-02-24 03:00:00,2024-03-07 02:59:59
12222,11005,46,考试币,50,全国育成杯女士经典赛优胜锦旗,1,2024-02-24 03:00:00,2024-03-07 02:59:59
12223,11005,47,考试币,50,帝王奖优胜锦旗,1,2024-02-24 03:00:00,2024-03-07 02:59:59
12224,11005,48,考试币,50,东京盛典赛优胜锦旗,1,2024-02-24 03:00:00,2024-03-07 02:59:59
12225,11005,49,考试币,50,川崎纪念优胜锦旗,1,2024-02-24 03:00:00,2024-03-07 02:59:59
12226,11005,50,考试币,50,全国初级优俊优胜锦旗,1,2024-02-24 03:00:00,2024-03-07 02:59:59
12227,11005,51,考试币,50,柏市纪念优胜锦旗,1,2024-02-24 03:00:00,2024-03-07 02:59:59
12228,11005,52,考试币,50,英里冠军南部杯优胜锦旗,1,2024-02-24 03:00:00,2024-03-07 02:59:59
12229,11005,53,考试币,20,短距离跑鞋,1,2024-02-24 03:00:00,2024-03-07 02:59:59
12230,11005,54,考试币,20,英里跑鞋,1,2024-02-24 03:00:00,2024-03-07 02:59:59
12231,11005,55,考试币,20,中距离跑鞋,1,2024-02-24 03:00:00,2024-03-07 02:59:59
12232,11005,56,考试币,20,长距离跑鞋,1,2024-02-24 03:00:00,2024-03-07 02:59:59
12233,11005,57,考试币,20,泥地跑鞋,1,2024-02-24 03:00:00,2024-03-07 02:59:59
12234,11006,1,考试币,1500,宝石,150,2024-06-26 03:00:00,2024-07-12 02:59:59
12235,11006,2,考试币,10000,彩虹结晶片,1,2024-06-26 03:00:00,2024-07-12 02:59:59
12236,11006,3,考试币,5000,金结晶片,1,2024-06-26 03:00:00,2024-07-12 02:59:59
12237,11006,4,考试币,500,梦想光辉,1,2024-06-26 03:00:00,2024-07-12 02:59:59
12238,11006,5,考试币,1500,养成优俊少女招募券,1,2024-06-26 03:00:00,2024-07-12 02:59:59
12239,11006,6,考试币,1500,协助卡招募券,1,2024-06-26 03:00:00,2024-07-12 02:59:59
12240,11006,7,考试币,500,启发书,1,2024-06-26 03:00:00,2024-07-12 02:59:59
12241,11006,8,考试币,1000,启发专业书,1,2024-06-26 03:00:00,2024-07-12 02:59:59
12242,11006,9,考试币,2000,稀有启发书,1,2024-06-26 03:00:00,2024-07-12 02:59:59
12243,11006,10,考试币,3000,稀有启发专业书,1,2024-06-26 03:00:00,2024-07-12 02:59:59
12244,11006,11,考试币,500,特别周的碎片,2,2024-06-26 03:00:00,2024-07-12 02:59:59
12245,11006,12,考试币,500,菱曙的碎片,2,2024-06-26 03:00:00,2024-07-12 02:59:59
12246,11006,13,考试币,500,米浴的碎片,2,2024-06-26 03:00:00,2024-07-12 02:59:59
12247,11006,14,考试币,500,西野花的碎片,2,2024-06-26 03:00:00,2024-07-12 02:59:59
12248,11006,15,考试币,500,葛城荣主的碎片,2,2024-06-26 03:00:00,2024-07-12 02:59:59
12249,11006,16,考试币,100,金币,3000,2024-06-26 03:00:00,2024-07-12 02:59:59
12250,11006,17,考试币,100,协助积分,1000,2024-06-26 03:00:00,2024-07-12 02:59:59
12251,11006,18,考试币,50,二月锦标赛优胜锦旗,1,2024-06-26 03:00:00,2024-07-12 02:59:59
12252,11006,19,考试币,50,中京短途赛优胜锦旗,1,2024-06-26 03:00:00,2024-07-12 02:59:59
12253,11006,20,考试币,50,大阪杯优胜锦旗,1,2024-06-26 03:00:00,2024-07-12 02:59:59
12254,11006,21,考试币,50,樱花奖优胜锦旗,1,2024-06-26 03:00:00,2024-07-12 02:59:59
12255,11006,22,考试币,50,皋月奖优胜锦旗,1,2024-06-26 03:00:00,2024-07-12 02:59:59
12256,11006,23,考试币,50,天王奖（春）优胜锦旗,1,2024-06-26 03:00:00,2024-07-12 02:59:59
12257,11006,24,考试币,50,广播协会英里杯优胜锦旗,1,2024-06-26 03:00:00,2024-07-12 02:59:59
12258,11006,25,考试币,50,维多利亚英里赛优胜锦旗,1,2024-06-26 03:00:00,2024-07-12 02:59:59
12259,11006,26,考试币,50,奥克斯优胜锦旗,1,2024-06-26 03:00:00,2024-07-12 02:59:59
12260,11006,27,考试币,50,全国德比优胜锦旗,1,2024-06-26 03:00:00,2024-07-12 02:59:59
12261,11006,28,考试币,50,东京英里赛优胜锦旗,1,2024-06-26 03:00:00,2024-07-12 02:59:59
12262,11006,29,考试币,50,宝冢纪念优胜锦旗,1,2024-06-26 03:00:00,2024-07-12 02:59:59
12263,11006,30,考试币,50,短途者锦标赛优胜锦旗,1,2024-06-26 03:00:00,2024-07-12 02:59:59
12264,11006,31,考试币,50,秋华奖优胜锦旗,1,2024-06-26 03:00:00,2024-07-12 02:59:59
12265,11006,32,考试币,50,菊花奖优胜锦旗,1,2024-06-26 03:00:00,2024-07-12 02:59:59
12266,11006,33,考试币,50,天王奖（秋）优胜锦旗,1,2024-06-26 03:00:00,2024-07-12 02:59:59
12267,11006,34,考试币,50,英里冠军赛优胜锦旗,1,2024-06-26 03:00:00,2024-07-12 02:59:59
12268,11006,35,考试币,50,伊丽莎白女王杯优胜锦旗,1,2024-06-26 03:00:00,2024-07-12 02:59:59
12269,11006,36,考试币,50,全国杯优胜锦旗,1,2024-06-26 03:00:00,2024-07-12 02:59:59
12270,11006,37,考试币,50,全国冠军杯优胜锦旗,1,2024-06-26 03:00:00,2024-07-12 02:59:59
12271,11006,38,考试币,50,阪神初级少女杯赛优胜锦旗,1,2024-06-26 03:00:00,2024-07-12 02:59:59
12272,11006,39,考试币,50,朝日杯未来锦标赛优胜锦旗,1,2024-06-26 03:00:00,2024-07-12 02:59:59
12273,11006,40,考试币,50,中山大奖赛优胜锦旗,1,2024-06-26 03:00:00,2024-07-12 02:59:59
12274,11006,41,考试币,50,希望锦标赛优胜锦旗,1,2024-06-26 03:00:00,2024-07-12 02:59:59
12275,11006,42,考试币,50,全国泥地德比优胜锦旗,1,2024-06-26 03:00:00,2024-07-12 02:59:59
12276,11006,43,考试币,50,全国育成杯短途赛优胜锦旗,1,2024-06-26 03:00:00,2024-07-12 02:59:59
12277,11006,44,考试币,50,全国育成杯经典赛优胜锦旗,1,2024-06-26 03:00:00,2024-07-12 02:59:59
12278,11006,45,考试币,50,全国育成杯女士经典赛优胜锦旗,1,2024-06-26 03:00:00,2024-07-12 02:59:59
12279,11006,46,考试币,50,帝王奖优胜锦旗,1,2024-06-26 03:00:00,2024-07-12 02:59:59
12280,11006,47,考试币,50,东京盛典赛优胜锦旗,1,2024-06-26 03:00:00,2024-07-12 02:59:59
12281,11006,48,考试币,50,川崎纪念优胜锦旗,1,2024-06-26 03:00:00,2024-07-12 02:59:59
12282,11006,49,考试币,50,全国初级优俊优胜锦旗,1,2024-06-26 03:00:00,2024-07-12 02:59:59
12283,11006,50,考试币,50,柏市纪念优胜锦旗,1,2024-06-26 03:00:00,2024-07-12 02:59:59
12284,11006,51,考试币,50,英里冠军南部杯优胜锦旗,1,2024-06-26 03:00:00,2024-07-12 02:59:59
12285,11006,52,考试币,20,短距离跑鞋,1,2024-06-26 03:00:00,2024-07-12 02:59:59
12286,11006,53,考试币,20,英里跑鞋,1,2024-06-26 03:00:00,2024-07-12 02:59:59
12287,11006,54,考试币,20,中距离跑鞋,1,2024-06-26 03:00:00,2024-07-12 02:59:59
12288,11006,55,考试币,20,长距离跑鞋,1,2024-06-26 03:00:00,2024-07-12 02:59:59
12289,11006,56,考试币,20,泥地跑鞋,1,2024-06-26 03:00:00,2024-07-12 02:59:59
12290,11007,1,考试币,1500,宝石,150,2024-10-29 03:00:00,2024-11-11 02:59:59
12291,11007,2,考试币,10000,彩虹结晶片,1,2024-10-29 03:00:00,2024-11-11 02:59:59
12292,11007,3,考试币,5000,金结晶片,1,2024-10-29 03:00:00,2024-11-11 02:59:59
12293,11007,4,考试币,200,梦想光辉,1,2024-10-29 03:00:00,2024-11-11 02:59:59
12294,11007,5,考试币,1500,养成优俊少女招募券,1,2024-10-29 03:00:00,2024-11-11 02:59:59
12295,11007,6,考试币,1500,协助卡招募券,1,2024-10-29 03:00:00,2024-11-11 02:59:59
12296,11007,7,考试币,500,启发书,1,2024-10-29 03:00:00,2024-11-11 02:59:59
12297,11007,8,考试币,1000,启发专业书,1,2024-10-29 03:00:00,2024-11-11 02:59:59
12298,11007,9,考试币,2000,稀有启发书,1,2024-10-29 03:00:00,2024-11-11 02:59:59
12299,11007,10,考试币,2000,稀有启发专业书,1,2024-10-29 03:00:00,2024-11-11 02:59:59
12300,11007,11,考试币,500,琵琶晨光的碎片,2,2024-10-29 03:00:00,2024-11-11 02:59:59
12301,11007,12,考试币,500,空中神宫的碎片,2,2024-10-29 03:00:00,2024-11-11 02:59:59
12302,11007,13,考试币,500,成田大进的碎片,2,2024-10-29 03:00:00,2024-11-11 02:59:59
12303,11007,14,考试币,500,克里斯象征的碎片,2,2024-10-29 03:00:00,2024-11-11 02:59:59
12304,11007,15,考试币,500,谷水琴蕾的碎片,2,2024-10-29 03:00:00,2024-11-11 02:59:59
12305,11007,16,考试币,100,金币,6000,2024-10-29 03:00:00,2024-11-11 02:59:59
12306,11007,17,考试币,100,协助积分,1000,2024-10-29 03:00:00,2024-11-11 02:59:59
12307,11007,18,考试币,50,二月锦标赛优胜锦旗,1,2024-10-29 03:00:00,2024-11-11 02:59:59
12308,11007,19,考试币,50,中京短途赛优胜锦旗,1,2024-10-29 03:00:00,2024-11-11 02:59:59
12309,11007,20,考试币,50,大阪杯优胜锦旗,1,2024-10-29 03:00:00,2024-11-11 02:59:59
12310,11007,21,考试币,50,樱花奖优胜锦旗,1,2024-10-29 03:00:00,2024-11-11 02:59:59
12311,11007,22,考试币,50,皋月奖优胜锦旗,1,2024-10-29 03:00:00,2024-11-11 02:59:59
12312,11007,23,考试币,50,天王奖（春）优胜锦旗,1,2024-10-29 03:00:00,2024-11-11 02:59:59
12313,11007,24,考试币,50,广播协会英里杯优胜锦旗,1,2024-10-29 03:00:00,2024-11-11 02:59:59
12314,11007,25,考试币,50,维多利亚英里赛优胜锦旗,1,2024-10-29 03:00:00,2024-11-11 02:59:59
12315,11007,26,考试币,50,奥克斯优胜锦旗,1,2024-10-29 03:00:00,2024-11-11 02:59:59
12316,11007,27,考试币,50,全国德比优胜锦旗,1,2024-10-29 03:00:00,2024-11-11 02:59:59
12317,11007,28,考试币,50,东京英里赛优胜锦旗,1,2024-10-29 03:00:00,2024-11-11 02:59:59
12318,11007,29,考试币,50,宝冢纪念优胜锦旗,1,2024-10-29 03:00:00,2024-11-11 02:59:59
12319,11007,30,考试币,50,短途者锦标赛优胜锦旗,1,2024-10-29 03:00:00,2024-11-11 02:59:59
12320,11007,31,考试币,50,秋华奖优胜锦旗,1,2024-10-29 03:00:00,2024-11-11 02:59:59
12321,11007,32,考试币,50,菊花奖优胜锦旗,1,2024-10-29 03:00:00,2024-11-11 02:59:59
12322,11007,33,考试币,50,天王奖（秋）优胜锦旗,1,2024-10-29 03:00:00,2024-11-11 02:59:59
12323,11007,34,考试币,50,英里冠军赛优胜锦旗,1,2024-10-29 03:00:00,2024-11-11 02:59:59
12324,11007,35,考试币,50,伊丽莎白女王杯优胜锦旗,1,2024-10-29 03:00:00,2024-11-11 02:59:59
12325,11007,36,考试币,50,全国杯优胜锦旗,1,2024-10-29 03:00:00,2024-11-11 02:59:59
12326,11007,37,考试币,50,全国冠军杯优胜锦旗,1,2024-10-29 03:00:00,2024-11-11 02:59:59
12327,11007,38,考试币,50,阪神初级少女杯赛优胜锦旗,1,2024-10-29 03:00:00,2024-11-11 02:59:59
12328,11007,39,考试币,50,朝日杯未来锦标赛优胜锦旗,1,2024-10-29 03:00:00,2024-11-11 02:59:59
12329,11007,40,考试币,50,中山大奖赛优胜锦旗,1,2024-10-29 03:00:00,2024-11-11 02:59:59
12330,11007,41,考试币,50,希望锦标赛优胜锦旗,1,2024-10-29 03:00:00,2024-11-11 02:59:59
12331,11007,42,考试币,50,全国泥地德比优胜锦旗,1,2024-10-29 03:00:00,2024-11-11 02:59:59
12332,11007,43,考试币,50,全国育成杯短途赛优胜锦旗,1,2024-10-29 03:00:00,2024-11-11 02:59:59
12333,11007,44,考试币,50,全国育成杯经典赛优胜锦旗,1,2024-10-29 03:00:00,2024-11-11 02:59:59
12334,11007,45,考试币,50,全国育成杯女士经典赛优胜锦旗,1,2024-10-29 03:00:00,2024-11-11 02:59:59
12335,11007,46,考试币,50,帝王奖优胜锦旗,1,2024-10-29 03:00:00,2024-11-11 02:59:59
12336,11007,47,考试币,50,东京盛典赛优胜锦旗,1,2024-10-29 03:00:00,2024-11-11 02:59:59
12337,11007,48,考试币,50,川崎纪念优胜锦旗,1,2024-10-29 03:00:00,2024-11-11 02:59:59
12338,11007,49,考试币,50,全国初级优俊优胜锦旗,1,2024-10-29 03:00:00,2024-11-11 02:59:59
12339,11007,50,考试币,50,柏市纪念优胜锦旗,1,2024-10-29 03:00:00,2024-11-11 02:59:59
12340,11007,51,考试币,50,英里冠军南部杯优胜锦旗,1,2024-10-29 03:00:00,2024-11-11 02:59:59
12341,11007,52,考试币,20,短距离跑鞋,1,2024-10-29 03:00:00,2024-11-11 02:59:59
12342,11007,53,考试币,20,英里跑鞋,1,2024-10-29 03:00:00,2024-11-11 02:59:59
12343,11007,54,考试币,20,中距离跑鞋,1,2024-10-29 03:00:00,2024-11-11 02:59:59
12344,11007,55,考试币,20,长距离跑鞋,1,2024-10-29 03:00:00,2024-11-11 02:59:59
12345,11007,56,考试币,20,泥地跑鞋,1,2024-10-29 03:00:00,2024-11-11 02:59:59
12346,11007,57,考试币,100,金币,100,2024-10-29 03:00:00,2024-11-11 02:59:59
12347,11007,58,考试币,100,协助积分,20,2024-10-29 03:00:00,2024-11-11 02:59:59
12348,11008,1,考试币,1500,宝石,150,2025-02-24 03:00:00,2025-03-08 02:59:59
12349,11008,2,考试币,10000,彩虹结晶片,1,2025-02-24 03:00:00,2025-03-08 02:59:59
12350,11008,3,考试币,5000,金结晶片,1,2025-02-24 03:00:00,2025-03-08 02:59:59
12351,11008,4,考试币,200,梦想光辉,1,2025-02-24 03:00:00,2025-03-08 02:59:59
12352,11008,5,考试币,1500,养成优俊少女招募券,1,2025-02-24 03:00:00,2025-03-08 02:59:59
12353,11008,6,考试币,1500,协助卡招募券,1,2025-02-24 03:00:00,2025-03-08 02:59:59
12354,11008,7,考试币,500,启发书,1,2025-02-24 03:00:00,2025-03-08 02:59:59
12355,11008,8,考试币,1000,启发专业书,1,2025-02-24 03:00:00,2025-03-08 02:59:59
12356,11008,9,考试币,2000,稀有启发书,1,2025-02-24 03:00:00,2025-03-08 02:59:59
12357,11008,10,考试币,2000,稀有启发专业书,1,2025-02-24 03:00:00,2025-03-08 02:59:59
12358,11008,11,考试币,500,醒目飞鹰的碎片,2,2025-02-24 03:00:00,2025-03-08 02:59:59
12359,11008,12,考试币,500,天狼星象征的碎片,2,2025-02-24 03:00:00,2025-03-08 02:59:59
12360,11008,13,考试币,500,メジロラモーヌのピース,2,2025-02-24 03:00:00,2025-03-08 02:59:59
12361,11008,14,考试币,500,ジェンティルドンナのピース,2,2025-02-24 03:00:00,2025-03-08 02:59:59
12362,11008,15,考试币,500,オルフェーヴルのピース,2,2025-02-24 03:00:00,2025-03-08 02:59:59
12363,11008,16,考试币,100,金币,6000,2025-02-24 03:00:00,2025-03-08 02:59:59
12364,11008,17,考试币,100,协助积分,1000,2025-02-24 03:00:00,2025-03-08 02:59:59
12365,11008,18,考试币,50,二月锦标赛优胜锦旗,1,2025-02-24 03:00:00,2025-03-08 02:59:59
12366,11008,19,考试币,50,中京短途赛优胜锦旗,1,2025-02-24 03:00:00,2025-03-08 02:59:59
12367,11008,20,考试币,50,大阪杯优胜锦旗,1,2025-02-24 03:00:00,2025-03-08 02:59:59
12368,11008,21,考试币,50,樱花奖优胜锦旗,1,2025-02-24 03:00:00,2025-03-08 02:59:59
12369,11008,22,考试币,50,皋月奖优胜锦旗,1,2025-02-24 03:00:00,2025-03-08 02:59:59
12370,11008,23,考试币,50,天王奖（春）优胜锦旗,1,2025-02-24 03:00:00,2025-03-08 02:59:59
12371,11008,24,考试币,50,广播协会英里杯优胜锦旗,1,2025-02-24 03:00:00,2025-03-08 02:59:59
12372,11008,25,考试币,50,维多利亚英里赛优胜锦旗,1,2025-02-24 03:00:00,2025-03-08 02:59:59
12373,11008,26,考试币,50,奥克斯优胜锦旗,1,2025-02-24 03:00:00,2025-03-08 02:59:59
12374,11008,27,考试币,50,全国德比优胜锦旗,1,2025-02-24 03:00:00,2025-03-08 02:59:59
12375,11008,28,考试币,50,东京英里赛优胜锦旗,1,2025-02-24 03:00:00,2025-03-08 02:59:59
12376,11008,29,考试币,50,宝冢纪念优胜锦旗,1,2025-02-24 03:00:00,2025-03-08 02:59:59
12377,11008,30,考试币,50,短途者锦标赛优胜锦旗,1,2025-02-24 03:00:00,2025-03-08 02:59:59
12378,11008,31,考试币,50,秋华奖优胜锦旗,1,2025-02-24 03:00:00,2025-03-08 02:59:59
12379,11008,32,考试币,50,菊花奖优胜锦旗,1,2025-02-24 03:00:00,2025-03-08 02:59:59
12380,11008,33,考试币,50,天王奖（秋）优胜锦旗,1,2025-02-24 03:00:00,2025-03-08 02:59:59
12381,11008,34,考试币,50,英里冠军赛优胜锦旗,1,2025-02-24 03:00:00,2025-03-08 02:59:59
12382,11008,35,考试币,50,伊丽莎白女王杯优胜锦旗,1,2025-02-24 03:00:00,2025-03-08 02:59:59
12383,11008,36,考试币,50,全国杯优胜锦旗,1,2025-02-24 03:00:00,2025-03-08 02:59:59
12384,11008,37,考试币,50,全国冠军杯优胜锦旗,1,2025-02-24 03:00:00,2025-03-08 02:59:59
12385,11008,38,考试币,50,阪神初级少女杯赛优胜锦旗,1,2025-02-24 03:00:00,2025-03-08 02:59:59
12386,11008,39,考试币,50,朝日杯未来锦标赛优胜锦旗,1,2025-02-24 03:00:00,2025-03-08 02:59:59
12387,11008,40,考试币,50,中山大奖赛优胜锦旗,1,2025-02-24 03:00:00,2025-03-08 02:59:59
12388,11008,41,考试币,50,希望锦标赛优胜锦旗,1,2025-02-24 03:00:00,2025-03-08 02:59:59
12389,11008,42,考试币,50,全国泥地德比优胜锦旗,1,2025-02-24 03:00:00,2025-03-08 02:59:59
12390,11008,43,考试币,50,全国育成杯短途赛优胜锦旗,1,2025-02-24 03:00:00,2025-03-08 02:59:59
12391,11008,44,考试币,50,全国育成杯经典赛优胜锦旗,1,2025-02-24 03:00:00,2025-03-08 02:59:59
12392,11008,45,考试币,50,全国育成杯女士经典赛优胜锦旗,1,2025-02-24 03:00:00,2025-03-08 02:59:59
12393,11008,46,考试币,50,帝王奖优胜锦旗,1,2025-02-24 03:00:00,2025-03-08 02:59:59
12394,11008,47,考试币,50,东京盛典赛优胜锦旗,1,2025-02-24 03:00:00,2025-03-08 02:59:59
12395,11008,48,考试币,50,川崎纪念优胜锦旗,1,2025-02-24 03:00:00,2025-03-08 02:59:59
12396,11008,49,考试币,50,全国初级优俊优胜锦旗,1,2025-02-24 03:00:00,2025-03-08 02:59:59
12397,11008,50,考试币,50,柏市纪念优胜锦旗,1,2025-02-24 03:00:00,2025-03-08 02:59:59
12398,11008,51,考试币,50,英里冠军南部杯优胜锦旗,1,2025-02-24 03:00:00,2025-03-08 02:59:59
12399,11008,52,考试币,20,短距离跑鞋,1,2025-02-24 03:00:00,2025-03-08 02:59:59
12400,11008,53,考试币,20,英里跑鞋,1,2025-02-24 03:00:00,2025-03-08 02:59:59
12401,11008,54,考试币,20,中距离跑鞋,1,2025-02-24 03:00:00,2025-03-08 02:59:59
12402,11008,55,考试币,20,长距离跑鞋,1,2025-02-24 03:00:00,2025-03-08 02:59:59
12403,11008,56,考试币,20,泥地跑鞋,1,2025-02-24 03:00:00,2025-03-08 02:59:59
12404,11008,57,考试币,100,金币,100,2025-02-24 03:00:00,2025-03-08 02:59:59
12405,11008,58,考试币,100,协助积分,20,2025-02-24 03:00:00,2025-03-08 02:59:59
12406,11009,1,考试币,1500,宝石,150,2025-06-27 03:00:00,2025-07-10 02:59:59
12407,11009,2,考试币,10000,彩虹结晶片,1,2025-06-27 03:00:00,2025-07-10 02:59:59
12408,11009,3,考试币,5000,金结晶片,1,2025-06-27 03:00:00,2025-07-10 02:59:59
12409,11009,4,考试币,200,梦想光辉,1,2025-06-27 03:00:00,2025-07-10 02:59:59
12410,11009,5,考试币,1500,养成优俊少女招募券,1,2025-06-27 03:00:00,2025-07-10 02:59:59
12411,11009,6,考试币,1500,协助卡招募券,1,2025-06-27 03:00:00,2025-07-10 02:59:59
12412,11009,7,考试币,500,启发书,1,2025-06-27 03:00:00,2025-07-10 02:59:59
12413,11009,8,考试币,1000,启发专业书,1,2025-06-27 03:00:00,2025-07-10 02:59:59
12414,11009,9,考试币,2000,稀有启发书,1,2025-06-27 03:00:00,2025-07-10 02:59:59
12415,11009,10,考试币,2000,稀有启发专业书,1,2025-06-27 03:00:00,2025-07-10 02:59:59
12416,11009,11,考试币,500,玉藻十字的碎片,2,2025-06-27 03:00:00,2025-07-10 02:59:59
12417,11009,12,考试币,500,目白莱恩的碎片,2,2025-06-27 03:00:00,2025-07-10 02:59:59
12418,11009,13,考试币,500,艾尼风神的碎片,2,2025-06-27 03:00:00,2025-07-10 02:59:59
12419,11009,14,考试币,500,黄金城的碎片,2,2025-06-27 03:00:00,2025-07-10 02:59:59
12420,11009,15,考试币,500,樱花千代王的碎片,2,2025-06-27 03:00:00,2025-07-10 02:59:59
12421,11009,16,考试币,100,金币,6000,2025-06-27 03:00:00,2025-07-10 02:59:59
12422,11009,17,考试币,100,协助积分,1000,2025-06-27 03:00:00,2025-07-10 02:59:59
12423,11009,18,考试币,50,二月锦标赛优胜锦旗,1,2025-06-27 03:00:00,2025-07-10 02:59:59
12424,11009,19,考试币,50,中京短途赛优胜锦旗,1,2025-06-27 03:00:00,2025-07-10 02:59:59
12425,11009,20,考试币,50,大阪杯优胜锦旗,1,2025-06-27 03:00:00,2025-07-10 02:59:59
12426,11009,21,考试币,50,樱花奖优胜锦旗,1,2025-06-27 03:00:00,2025-07-10 02:59:59
12427,11009,22,考试币,50,皋月奖优胜锦旗,1,2025-06-27 03:00:00,2025-07-10 02:59:59
12428,11009,23,考试币,50,天王奖（春）优胜锦旗,1,2025-06-27 03:00:00,2025-07-10 02:59:59
12429,11009,24,考试币,50,广播协会英里杯优胜锦旗,1,2025-06-27 03:00:00,2025-07-10 02:59:59
12430,11009,25,考试币,50,维多利亚英里赛优胜锦旗,1,2025-06-27 03:00:00,2025-07-10 02:59:59
12431,11009,26,考试币,50,奥克斯优胜锦旗,1,2025-06-27 03:00:00,2025-07-10 02:59:59
12432,11009,27,考试币,50,全国德比优胜锦旗,1,2025-06-27 03:00:00,2025-07-10 02:59:59
12433,11009,28,考试币,50,东京英里赛优胜锦旗,1,2025-06-27 03:00:00,2025-07-10 02:59:59
12434,11009,29,考试币,50,宝冢纪念优胜锦旗,1,2025-06-27 03:00:00,2025-07-10 02:59:59
12435,11009,30,考试币,50,短途者锦标赛优胜锦旗,1,2025-06-27 03:00:00,2025-07-10 02:59:59
12436,11009,31,考试币,50,秋华奖优胜锦旗,1,2025-06-27 03:00:00,2025-07-10 02:59:59
12437,11009,32,考试币,50,菊花奖优胜锦旗,1,2025-06-27 03:00:00,2025-07-10 02:59:59
12438,11009,33,考试币,50,天王奖（秋）优胜锦旗,1,2025-06-27 03:00:00,2025-07-10 02:59:59
12439,11009,34,考试币,50,英里冠军赛优胜锦旗,1,2025-06-27 03:00:00,2025-07-10 02:59:59
12440,11009,35,考试币,50,伊丽莎白女王杯优胜锦旗,1,2025-06-27 03:00:00,2025-07-10 02:59:59
12441,11009,36,考试币,50,全国杯优胜锦旗,1,2025-06-27 03:00:00,2025-07-10 02:59:59
12442,11009,37,考试币,50,全国冠军杯优胜锦旗,1,2025-06-27 03:00:00,2025-07-10 02:59:59
12443,11009,38,考试币,50,阪神初级少女杯赛优胜锦旗,1,2025-06-27 03:00:00,2025-07-10 02:59:59
12444,11009,39,考试币,50,朝日杯未来锦标赛优胜锦旗,1,2025-06-27 03:00:00,2025-07-10 02:59:59
12445,11009,40,考试币,50,中山大奖赛优胜锦旗,1,2025-06-27 03:00:00,2025-07-10 02:59:59
12446,11009,41,考试币,50,希望锦标赛优胜锦旗,1,2025-06-27 03:00:00,2025-07-10 02:59:59
12447,11009,42,考试币,50,全国泥地德比优胜锦旗,1,2025-06-27 03:00:00,2025-07-10 02:59:59
12448,11009,43,考试币,50,全国育成杯短途赛优胜锦旗,1,2025-06-27 03:00:00,2025-07-10 02:59:59
12449,11009,44,考试币,50,全国育成杯经典赛优胜锦旗,1,2025-06-27 03:00:00,2025-07-10 02:59:59
12450,11009,45,考试币,50,全国育成杯女士经典赛优胜锦旗,1,2025-06-27 03:00:00,2025-07-10 02:59:59
12451,11009,46,考试币,50,帝王奖优胜锦旗,1,2025-06-27 03:00:00,2025-07-10 02:59:59
12452,11009,47,考试币,50,东京盛典赛优胜锦旗,1,2025-06-27 03:00:00,2025-07-10 02:59:59
12453,11009,48,考试币,50,川崎纪念优胜锦旗,1,2025-06-27 03:00:00,2025-07-10 02:59:59
12454,11009,49,考试币,50,全国初级优俊优胜锦旗,1,2025-06-27 03:00:00,2025-07-10 02:59:59
12455,11009,50,考试币,50,柏市纪念优胜锦旗,1,2025-06-27 03:00:00,2025-07-10 02:59:59
12456,11009,51,考试币,50,英里冠军南部杯优胜锦旗,1,2025-06-27 03:00:00,2025-07-10 02:59:59
12457,11009,52,考试币,20,短距离跑鞋,1,2025-06-27 03:00:00,2025-07-10 02:59:59
12458,11009,53,考试币,20,英里跑鞋,1,2025-06-27 03:00:00,2025-07-10 02:59:59
12459,11009,54,考试币,20,中距离跑鞋,1,2025-06-27 03:00:00,2025-07-10 02:59:59
12460,11009,55,考试币,20,长距离跑鞋,1,2025-06-27 03:00:00,2025-07-10 02:59:59
12461,11009,56,考试币,20,泥地跑鞋,1,2025-06-27 03:00:00,2025-07-10 02:59:59
12462,11009,57,考试币,100,金币,100,2025-06-27 03:00:00,2025-07-10 02:59:59
12463,11009,58,考试币,100,协助积分,20,2025-06-27 03:00:00,2025-07-10 02:59:59
12464,11010,1,考试币,1500,宝石,150,2025-10-29 03:00:00,2025-11-10 02:59:59
12465,11010,2,考试币,10000,彩虹结晶片,1,2025-10-29 03:00:00,2025-11-10 02:59:59
12466,11010,3,考试币,5000,金结晶片,1,2025-10-29 03:00:00,2025-11-10 02:59:59
12467,11010,4,考试币,200,梦想光辉,1,2025-10-29 03:00:00,2025-11-10 02:59:59
12468,11010,5,考试币,1500,养成优俊少女招募券,1,2025-10-29 03:00:00,2025-11-10 02:59:59
12469,11010,6,考试币,1500,协助卡招募券,1,2025-10-29 03:00:00,2025-11-10 02:59:59
12470,11010,7,考试币,500,启发书,1,2025-10-29 03:00:00,2025-11-10 02:59:59
12471,11010,8,考试币,1000,启发专业书,1,2025-10-29 03:00:00,2025-11-10 02:59:59
12472,11010,9,考试币,2000,稀有启发书,1,2025-10-29 03:00:00,2025-11-10 02:59:59
12473,11010,10,考试币,2000,稀有启发专业书,1,2025-10-29 03:00:00,2025-11-10 02:59:59
12474,11010,11,考试币,500,东海帝王的碎片,2,2025-10-29 03:00:00,2025-11-10 02:59:59
12475,11010,12,考试币,500,美浦波旁的碎片,2,2025-10-29 03:00:00,2025-11-10 02:59:59
12476,11010,13,考试币,500,トランセンドのピース,2,2025-10-29 03:00:00,2025-11-10 02:59:59
12477,11010,14,考试币,500,北幸樽前的碎片,2,2025-10-29 03:00:00,2025-11-10 02:59:59
12478,11010,15,考试币,500,奇锐骏的碎片,2,2025-10-29 03:00:00,2025-11-10 02:59:59
12479,11010,16,考试币,100,金币,6000,2025-10-29 03:00:00,2025-11-10 02:59:59
12480,11010,17,考试币,50,二月锦标赛优胜锦旗,1,2025-10-29 03:00:00,2025-11-10 02:59:59
12481,11010,18,考试币,50,中京短途赛优胜锦旗,1,2025-10-29 03:00:00,2025-11-10 02:59:59
12482,11010,19,考试币,50,大阪杯优胜锦旗,1,2025-10-29 03:00:00,2025-11-10 02:59:59
12483,11010,20,考试币,50,樱花奖优胜锦旗,1,2025-10-29 03:00:00,2025-11-10 02:59:59
12484,11010,21,考试币,50,皋月奖优胜锦旗,1,2025-10-29 03:00:00,2025-11-10 02:59:59
12485,11010,22,考试币,50,天王奖（春）优胜锦旗,1,2025-10-29 03:00:00,2025-11-10 02:59:59
12486,11010,23,考试币,50,广播协会英里杯优胜锦旗,1,2025-10-29 03:00:00,2025-11-10 02:59:59
12487,11010,24,考试币,50,维多利亚英里赛优胜锦旗,1,2025-10-29 03:00:00,2025-11-10 02:59:59
12488,11010,25,考试币,50,奥克斯优胜锦旗,1,2025-10-29 03:00:00,2025-11-10 02:59:59
12489,11010,26,考试币,50,全国德比优胜锦旗,1,2025-10-29 03:00:00,2025-11-10 02:59:59
12490,11010,27,考试币,50,东京英里赛优胜锦旗,1,2025-10-29 03:00:00,2025-11-10 02:59:59
12491,11010,28,考试币,50,宝冢纪念优胜锦旗,1,2025-10-29 03:00:00,2025-11-10 02:59:59
12492,11010,29,考试币,50,短途者锦标赛优胜锦旗,1,2025-10-29 03:00:00,2025-11-10 02:59:59
12493,11010,30,考试币,50,秋华奖优胜锦旗,1,2025-10-29 03:00:00,2025-11-10 02:59:59
12494,11010,31,考试币,50,菊花奖优胜锦旗,1,2025-10-29 03:00:00,2025-11-10 02:59:59
12495,11010,32,考试币,50,天王奖（秋）优胜锦旗,1,2025-10-29 03:00:00,2025-11-10 02:59:59
12496,11010,33,考试币,50,英里冠军赛优胜锦旗,1,2025-10-29 03:00:00,2025-11-10 02:59:59
12497,11010,34,考试币,50,伊丽莎白女王杯优胜锦旗,1,2025-10-29 03:00:00,2025-11-10 02:59:59
12498,11010,35,考试币,50,全国杯优胜锦旗,1,2025-10-29 03:00:00,2025-11-10 02:59:59
12499,11010,36,考试币,50,全国冠军杯优胜锦旗,1,2025-10-29 03:00:00,2025-11-10 02:59:59
12500,11010,37,考试币,50,阪神初级少女杯赛优胜锦旗,1,2025-10-29 03:00:00,2025-11-10 02:59:59
12501,11010,38,考试币,50,朝日杯未来锦标赛优胜锦旗,1,2025-10-29 03:00:00,2025-11-10 02:59:59
12502,11010,39,考试币,50,中山大奖赛优胜锦旗,1,2025-10-29 03:00:00,2025-11-10 02:59:59
12503,11010,40,考试币,50,希望锦标赛优胜锦旗,1,2025-10-29 03:00:00,2025-11-10 02:59:59
12504,11010,41,考试币,50,全国泥地德比优胜锦旗,1,2025-10-29 03:00:00,2025-11-10 02:59:59
12505,11010,42,考试币,50,全国育成杯短途赛优胜锦旗,1,2025-10-29 03:00:00,2025-11-10 02:59:59
12506,11010,43,考试币,50,全国育成杯经典赛优胜锦旗,1,2025-10-29 03:00:00,2025-11-10 02:59:59
12507,11010,44,考试币,50,全国育成杯女士经典赛优胜锦旗,1,2025-10-29 03:00:00,2025-11-10 02:59:59
12508,11010,45,考试币,50,帝王奖优胜锦旗,1,2025-10-29 03:00:00,2025-11-10 02:59:59
12509,11010,46,考试币,50,东京盛典赛优胜锦旗,1,2025-10-29 03:00:00,2025-11-10 02:59:59
12510,11010,47,考试币,50,川崎纪念优胜锦旗,1,2025-10-29 03:00:00,2025-11-10 02:59:59
12511,11010,48,考试币,50,全国初级优俊优胜锦旗,1,2025-10-29 03:00:00,2025-11-10 02:59:59
12512,11010,49,考试币,50,柏市纪念优胜锦旗,1,2025-10-29 03:00:00,2025-11-10 02:59:59
12513,11010,50,考试币,50,英里冠军南部杯优胜锦旗,1,2025-10-29 03:00:00,2025-11-10 02:59:59
12514,11010,51,考试币,20,短距离跑鞋,1,2025-10-29 03:00:00,2025-11-10 02:59:59
12515,11010,52,考试币,20,英里跑鞋,1,2025-10-29 03:00:00,2025-11-10 02:59:59
12516,11010,53,考试币,20,中距离跑鞋,1,2025-10-29 03:00:00,2025-11-10 02:59:59
12517,11010,54,考试币,20,长距离跑鞋,1,2025-10-29 03:00:00,2025-11-10 02:59:59
12518,11010,55,考试币,20,泥地跑鞋,1,2025-10-29 03:00:00,2025-11-10 02:59:59
12519,11010,56,考试币,100,金币,100,2025-10-29 03:00:00,2025-11-10 02:59:59
70101,7000,101,彩虹徽章,5,梦想光辉,1,2017-05-31 15:00:00,2023-03-01 02:59:59
70102,7000,101,彩虹徽章,1,梦想光辉,1,2023-03-01 03:00:00,2023-09-01 02:59:59
70103,7000,101,彩虹徽章,1,梦想光辉,10,2023-09-01 03:00:00,2050-08-01 14:59:59
70201,7000,201,彩虹徽章,2,稀有或以上新人出道招募第1期,1,2017-05-31 15:00:00,2023-03-01 02:59:59
70202,7000,202,彩虹徽章,2,养成优俊少女招募券,1,2017-05-31 15:00:00,2050-08-01 14:59:59
70203,7000,203,彩虹徽章,2,协助卡招募券,1,2017-05-31 15:00:00,2050-08-01 14:59:59
70204,7000,201,彩虹徽章,2,稀有或以上新人出道招募第3期,1,2023-03-01 03:00:00,2024-03-01 02:59:59
70205,7000,201,彩虹徽章,2,SR以上メイクデビューガチャ第４R,1,2024-03-01 03:00:00,2025-03-01 02:59:59
70206,7000,201,彩虹徽章,2,SR以上メイクデビューガチャ第５R,1,2025-03-01 03:00:00,2050-08-01 14:59:59
70251,7000,251,彩虹徽章,1,启发书,2,2023-09-01 03:00:00,2050-08-01 14:59:59
70252,7000,252,彩虹徽章,1,启发专业书,1,2023-09-01 03:00:00,2050-08-01 14:59:59
70253,7000,253,彩虹徽章,2,稀有启发书,1,2023-09-01 03:00:00,2024-09-01 02:59:59
70254,7000,254,彩虹徽章,3,稀有启发专业书,1,2023-09-01 03:00:00,2024-09-01 02:59:59
70255,7000,253,彩虹徽章,2,稀有启发书,1,2024-09-01 03:00:00,2050-08-01 14:59:59
70256,7000,254,彩虹徽章,3,稀有启发专业书,1,2024-09-01 03:00:00,2050-08-01 14:59:59
70257,7000,254,彩虹徽章,1,闹钟,4,2025-05-21 03:00:00,2050-08-01 14:59:59
70301,7000,301,彩虹徽章,1,协助积分,2000,2017-05-31 15:00:00,2025-08-29 02:59:59
70350,7000,350,彩虹徽章,1,短距离跑鞋,50,2024-03-12 03:00:00,2025-06-01 02:59:59
70351,7000,351,彩虹徽章,1,英里跑鞋,50,2024-03-12 03:00:00,2025-06-01 02:59:59
70352,7000,352,彩虹徽章,1,中距离跑鞋,50,2024-03-12 03:00:00,2025-06-01 02:59:59
70353,7000,353,彩虹徽章,1,长距离跑鞋,50,2024-03-12 03:00:00,2025-06-01 02:59:59
70354,7000,354,彩虹徽章,1,泥地跑鞋,50,2024-03-12 03:00:00,2025-06-01 02:59:59
70355,7000,350,彩虹徽章,1,短距离跑鞋,50,2025-06-01 03:00:00,2025-10-01 02:59:59
70356,7000,351,彩虹徽章,1,英里跑鞋,50,2025-06-01 03:00:00,2025-10-01 02:59:59
70357,7000,352,彩虹徽章,1,中距离跑鞋,50,2025-06-01 03:00:00,2025-10-01 02:59:59
70358,7000,353,彩虹徽章,1,长距离跑鞋,50,2025-06-01 03:00:00,2025-10-01 02:59:59
70359,7000,354,彩虹徽章,1,泥地跑鞋,50,2025-06-01 03:00:00,2025-10-01 02:59:59
70360,7000,350,彩虹徽章,1,短距离跑鞋,50,2025-10-01 03:00:00,2050-08-01 14:59:59
70361,7000,351,彩虹徽章,1,英里跑鞋,50,2025-10-01 03:00:00,2050-08-01 14:59:59
70362,7000,352,彩虹徽章,1,中距离跑鞋,50,2025-10-01 03:00:00,2050-08-01 14:59:59
70363,7000,353,彩虹徽章,1,长距离跑鞋,50,2025-10-01 03:00:00,2050-08-01 14:59:59
70364,7000,354,彩虹徽章,1,泥地跑鞋,50,2025-10-01 03:00:00,2050-08-01 14:59:59
70401,7000,401,彩虹徽章,1,菊花奖优胜锦旗,1,2017-05-31 15:00:00,2023-09-01 02:59:59
70402,7000,402,彩虹徽章,1,中山大奖赛优胜锦旗,1,2017-05-31 15:00:00,2023-09-01 02:59:59
70403,7000,403,彩虹徽章,1,二月锦标赛优胜锦旗,10,2023-09-01 03:00:00,2025-06-01 02:59:59
70404,7000,404,彩虹徽章,1,中京短途赛优胜锦旗,10,2023-09-01 03:00:00,2025-06-01 02:59:59
70405,7000,405,彩虹徽章,1,大阪杯优胜锦旗,10,2023-09-01 03:00:00,2025-06-01 02:59:59
70406,7000,406,彩虹徽章,1,樱花奖优胜锦旗,10,2023-09-01 03:00:00,2025-06-01 02:59:59
70407,7000,407,彩虹徽章,1,皋月奖优胜锦旗,10,2023-09-01 03:00:00,2025-06-01 02:59:59
70408,7000,408,彩虹徽章,1,天王奖（春）优胜锦旗,10,2023-09-01 03:00:00,2025-06-01 02:59:59
70409,7000,409,彩虹徽章,1,广播协会英里杯优胜锦旗,10,2023-09-01 03:00:00,2025-06-01 02:59:59
70410,7000,410,彩虹徽章,1,维多利亚英里赛优胜锦旗,10,2023-09-01 03:00:00,2025-06-01 02:59:59
70411,7000,411,彩虹徽章,1,奥克斯优胜锦旗,10,2023-09-01 03:00:00,2025-06-01 02:59:59
70412,7000,412,彩虹徽章,1,全国德比优胜锦旗,10,2023-09-01 03:00:00,2025-06-01 02:59:59
70413,7000,413,彩虹徽章,1,东京英里赛优胜锦旗,10,2023-09-01 03:00:00,2025-06-01 02:59:59
70414,7000,414,彩虹徽章,1,宝冢纪念优胜锦旗,10,2023-09-01 03:00:00,2025-06-01 02:59:59
70415,7000,415,彩虹徽章,1,短途者锦标赛优胜锦旗,10,2023-09-01 03:00:00,2025-06-01 02:59:59
70416,7000,416,彩虹徽章,1,秋华奖优胜锦旗,10,2023-09-01 03:00:00,2025-06-01 02:59:59
70417,7000,417,彩虹徽章,1,菊花奖优胜锦旗,10,2023-09-01 03:00:00,2025-06-01 02:59:59
70418,7000,418,彩虹徽章,1,天王奖（秋）优胜锦旗,10,2023-09-01 03:00:00,2025-06-01 02:59:59
70419,7000,419,彩虹徽章,1,英里冠军赛优胜锦旗,10,2023-09-01 03:00:00,2025-06-01 02:59:59
70420,7000,420,彩虹徽章,1,伊丽莎白女王杯优胜锦旗,10,2023-09-01 03:00:00,2025-06-01 02:59:59
70421,7000,421,彩虹徽章,1,全国杯优胜锦旗,10,2023-09-01 03:00:00,2025-06-01 02:59:59
70422,7000,422,彩虹徽章,1,全国冠军杯优胜锦旗,10,2023-09-01 03:00:00,2025-06-01 02:59:59
70423,7000,423,彩虹徽章,1,阪神初级少女杯赛优胜锦旗,10,2023-09-01 03:00:00,2025-06-01 02:59:59
70424,7000,424,彩虹徽章,1,朝日杯未来锦标赛优胜锦旗,10,2023-09-01 03:00:00,2025-06-01 02:59:59
70425,7000,425,彩虹徽章,1,中山大奖赛优胜锦旗,10,2023-09-01 03:00:00,2025-06-01 02:59:59
70426,7000,426,彩虹徽章,1,希望锦标赛优胜锦旗,10,2023-09-01 03:00:00,2025-06-01 02:59:59
70427,7000,427,彩虹徽章,1,全国泥地德比优胜锦旗,10,2023-09-01 03:00:00,2025-06-01 02:59:59
70428,7000,428,彩虹徽章,1,全国育成杯短途赛优胜锦旗,10,2023-09-01 03:00:00,2025-06-01 02:59:59
70429,7000,429,彩虹徽章,1,全国育成杯经典赛优胜锦旗,10,2023-09-01 03:00:00,2025-06-01 02:59:59
70430,7000,430,彩虹徽章,1,全国育成杯女士经典赛优胜锦旗,10,2023-09-01 03:00:00,2025-06-01 02:59:59
70431,7000,431,彩虹徽章,1,帝王奖优胜锦旗,10,2023-09-01 03:00:00,2025-06-01 02:59:59
70432,7000,432,彩虹徽章,1,东京盛典赛优胜锦旗,10,2023-09-01 03:00:00,2025-06-01 02:59:59
70433,7000,433,彩虹徽章,1,川崎纪念优胜锦旗,10,2023-09-01 03:00:00,2025-06-01 02:59:59
70434,7000,434,彩虹徽章,1,全国初级优俊优胜锦旗,10,2023-09-01 03:00:00,2025-06-01 02:59:59
70435,7000,435,彩虹徽章,1,柏市纪念优胜锦旗,10,2023-09-01 03:00:00,2025-06-01 02:59:59
70436,7000,436,彩虹徽章,1,英里冠军南部杯优胜锦旗,10,2023-09-01 03:00:00,2025-06-01 02:59:59
70437,7000,401,彩虹徽章,1,二月锦标赛优胜锦旗,10,2025-06-01 03:00:00,2025-10-01 02:59:59
70438,7000,402,彩虹徽章,1,中京短途赛优胜锦旗,10,2025-06-01 03:00:00,2025-10-01 02:59:59
70439,7000,403,彩虹徽章,1,大阪杯优胜锦旗,10,2025-06-01 03:00:00,2025-10-01 02:59:59
70440,7000,404,彩虹徽章,1,樱花奖优胜锦旗,10,2025-06-01 03:00:00,2025-10-01 02:59:59
70441,7000,405,彩虹徽章,1,皋月奖优胜锦旗,10,2025-06-01 03:00:00,2025-10-01 02:59:59
70442,7000,406,彩虹徽章,1,天王奖（春）优胜锦旗,10,2025-06-01 03:00:00,2025-10-01 02:59:59
70443,7000,407,彩虹徽章,1,广播协会英里杯优胜锦旗,10,2025-06-01 03:00:00,2025-10-01 02:59:59
70444,7000,408,彩虹徽章,1,维多利亚英里赛优胜锦旗,10,2025-06-01 03:00:00,2025-10-01 02:59:59
70445,7000,409,彩虹徽章,1,奥克斯优胜锦旗,10,2025-06-01 03:00:00,2025-10-01 02:59:59
70446,7000,410,彩虹徽章,1,全国德比优胜锦旗,10,2025-06-01 03:00:00,2025-10-01 02:59:59
70447,7000,411,彩虹徽章,1,东京英里赛优胜锦旗,10,2025-06-01 03:00:00,2025-10-01 02:59:59
70448,7000,412,彩虹徽章,1,宝冢纪念优胜锦旗,10,2025-06-01 03:00:00,2025-10-01 02:59:59
70449,7000,413,彩虹徽章,1,短途者锦标赛优胜锦旗,10,2025-06-01 03:00:00,2025-10-01 02:59:59
70450,7000,414,彩虹徽章,1,秋华奖优胜锦旗,10,2025-06-01 03:00:00,2025-10-01 02:59:59
70451,7000,415,彩虹徽章,1,菊花奖优胜锦旗,10,2025-06-01 03:00:00,2025-10-01 02:59:59
70452,7000,416,彩虹徽章,1,天王奖（秋）优胜锦旗,10,2025-06-01 03:00:00,2025-10-01 02:59:59
70453,7000,417,彩虹徽章,1,英里冠军赛优胜锦旗,10,2025-06-01 03:00:00,2025-10-01 02:59:59
70454,7000,418,彩虹徽章,1,伊丽莎白女王杯优胜锦旗,10,2025-06-01 03:00:00,2025-10-01 02:59:59
70455,7000,419,彩虹徽章,1,全国杯优胜锦旗,10,2025-06-01 03:00:00,2025-10-01 02:59:59
70456,7000,420,彩虹徽章,1,全国冠军杯优胜锦旗,10,2025-06-01 03:00:00,2025-10-01 02:59:59
70457,7000,421,彩虹徽章,1,阪神初级少女杯赛优胜锦旗,10,2025-06-01 03:00:00,2025-10-01 02:59:59
70458,7000,422,彩虹徽章,1,朝日杯未来锦标赛优胜锦旗,10,2025-06-01 03:00:00,2025-10-01 02:59:59
70459,7000,423,彩虹徽章,1,中山大奖赛优胜锦旗,10,2025-06-01 03:00:00,2025-10-01 02:59:59
70460,7000,424,彩虹徽章,1,希望锦标赛优胜锦旗,10,2025-06-01 03:00:00,2025-10-01 02:59:59
70461,7000,425,彩虹徽章,1,全国泥地德比优胜锦旗,10,2025-06-01 03:00:00,2025-10-01 02:59:59
70462,7000,426,彩虹徽章,1,全国育成杯短途赛优胜锦旗,10,2025-06-01 03:00:00,2025-10-01 02:59:59
70463,7000,427,彩虹徽章,1,全国育成杯经典赛优胜锦旗,10,2025-06-01 03:00:00,2025-10-01 02:59:59
70464,7000,428,彩虹徽章,1,全国育成杯女士经典赛优胜锦旗,10,2025-06-01 03:00:00,2025-10-01 02:59:59
70465,7000,429,彩虹徽章,1,帝王奖优胜锦旗,10,2025-06-01 03:00:00,2025-10-01 02:59:59
70466,7000,430,彩虹徽章,1,东京盛典赛优胜锦旗,10,2025-06-01 03:00:00,2025-10-01 02:59:59
70467,7000,431,彩虹徽章,1,川崎纪念优胜锦旗,10,2025-06-01 03:00:00,2025-10-01 02:59:59
70468,7000,432,彩虹徽章,1,全国初级优俊优胜锦旗,10,2025-06-01 03:00:00,2025-10-01 02:59:59
70469,7000,433,彩虹徽章,1,柏市纪念优胜锦旗,10,2025-06-01 03:00:00,2025-10-01 02:59:59
70470,7000,434,彩虹徽章,1,英里冠军南部杯优胜锦旗,10,2025-06-01 03:00:00,2025-10-01 02:59:59
70471,7000,401,彩虹徽章,1,二月锦标赛优胜锦旗,10,2025-10-01 03:00:00,2050-08-01 14:59:59
70472,7000,402,彩虹徽章,1,中京短途赛优胜锦旗,10,2025-10-01 03:00:00,2050-08-01 14:59:59
70473,7000,403,彩虹徽章,1,大阪杯优胜锦旗,10,2025-10-01 03:00:00,2050-08-01 14:59:59
70474,7000,404,彩虹徽章,1,樱花奖优胜锦旗,10,2025-10-01 03:00:00,2050-08-01 14:59:59
70475,7000,405,彩虹徽章,1,皋月奖优胜锦旗,10,2025-10-01 03:00:00,2050-08-01 14:59:59
70476,7000,406,彩虹徽章,1,天王奖（春）优胜锦旗,10,2025-10-01 03:00:00,2050-08-01 14:59:59
70477,7000,407,彩虹徽章,1,广播协会英里杯优胜锦旗,10,2025-10-01 03:00:00,2050-08-01 14:59:59
70478,7000,408,彩虹徽章,1,维多利亚英里赛优胜锦旗,10,2025-10-01 03:00:00,2050-08-01 14:59:59
70479,7000,409,彩虹徽章,1,奥克斯优胜锦旗,10,2025-10-01 03:00:00,2050-08-01 14:59:59
70480,7000,410,彩虹徽章,1,全国德比优胜锦旗,10,2025-10-01 03:00:00,2050-08-01 14:59:59
70481,7000,411,彩虹徽章,1,东京英里赛优胜锦旗,10,2025-10-01 03:00:00,2050-08-01 14:59:59
70482,7000,412,彩虹徽章,1,宝冢纪念优胜锦旗,10,2025-10-01 03:00:00,2050-08-01 14:59:59
70483,7000,413,彩虹徽章,1,短途者锦标赛优胜锦旗,10,2025-10-01 03:00:00,2050-08-01 14:59:59
70484,7000,414,彩虹徽章,1,秋华奖优胜锦旗,10,2025-10-01 03:00:00,2050-08-01 14:59:59
70485,7000,415,彩虹徽章,1,菊花奖优胜锦旗,10,2025-10-01 03:00:00,2050-08-01 14:59:59
70486,7000,416,彩虹徽章,1,天王奖（秋）优胜锦旗,10,2025-10-01 03:00:00,2050-08-01 14:59:59
70487,7000,417,彩虹徽章,1,英里冠军赛优胜锦旗,10,2025-10-01 03:00:00,2050-08-01 14:59:59
70488,7000,418,彩虹徽章,1,伊丽莎白女王杯优胜锦旗,10,2025-10-01 03:00:00,2050-08-01 14:59:59
70489,7000,419,彩虹徽章,1,全国杯优胜锦旗,10,2025-10-01 03:00:00,2050-08-01 14:59:59
70490,7000,420,彩虹徽章,1,全国冠军杯优胜锦旗,10,2025-10-01 03:00:00,2050-08-01 14:59:59
70491,7000,421,彩虹徽章,1,阪神初级少女杯赛优胜锦旗,10,2025-10-01 03:00:00,2050-08-01 14:59:59
70492,7000,422,彩虹徽章,1,朝日杯未来锦标赛优胜锦旗,10,2025-10-01 03:00:00,2050-08-01 14:59:59
70493,7000,423,彩虹徽章,1,中山大奖赛优胜锦旗,10,2025-10-01 03:00:00,2050-08-01 14:59:59
70494,7000,424,彩虹徽章,1,希望锦标赛优胜锦旗,10,2025-10-01 03:00:00,2050-08-01 14:59:59
70495,7000,425,彩虹徽章,1,全国泥地德比优胜锦旗,10,2025-10-01 03:00:00,2050-08-01 14:59:59
70496,7000,426,彩虹徽章,1,全国育成杯短途赛优胜锦旗,10,2025-10-01 03:00:00,2050-08-01 14:59:59
70497,7000,427,彩虹徽章,1,全国育成杯经典赛优胜锦旗,10,2025-10-01 03:00:00,2050-08-01 14:59:59
70498,7000,428,彩虹徽章,1,全国育成杯女士经典赛优胜锦旗,10,2025-10-01 03:00:00,2050-08-01 14:59:59
70499,7000,429,彩虹徽章,1,帝王奖优胜锦旗,10,2025-10-01 03:00:00,2050-08-01 14:59:59
70500,7000,430,彩虹徽章,1,东京盛典赛优胜锦旗,10,2025-10-01 03:00:00,2050-08-01 14:59:59
70501,7000,431,彩虹徽章,1,川崎纪念优胜锦旗,10,2025-10-01 03:00:00,2050-08-01 14:59:59
70502,7000,432,彩虹徽章,1,全国初级优俊优胜锦旗,10,2025-10-01 03:00:00,2050-08-01 14:59:59
70503,7000,433,彩虹徽章,1,柏市纪念优胜锦旗,10,2025-10-01 03:00:00,2050-08-01 14:59:59
70504,7000,434,彩虹徽章,1,英里冠军南部杯优胜锦旗,10,2025-10-01 03:00:00,2050-08-01 14:59:59
71101,7001,101,金徽章,50,梦想光辉,1,2017-05-31 15:00:00,2023-03-01 02:59:59
71102,7001,101,金徽章,10,梦想光辉,1,2023-03-01 03:00:00,2023-09-01 02:59:59
71103,7001,101,金徽章,1,梦想光辉,1,2023-09-01 03:00:00,2050-08-01 14:59:59
71201,7001,201,金徽章,10,稀有或以上新人出道招募第1期,1,2017-05-31 15:00:00,2023-03-01 02:59:59
71202,7001,202,金徽章,10,养成优俊少女招募券,1,2017-05-31 15:00:00,2050-08-01 14:59:59
71203,7001,203,金徽章,10,协助卡招募券,1,2017-05-31 15:00:00,2050-08-01 14:59:59
71204,7001,201,金徽章,10,稀有或以上新人出道招募第3期,1,2023-03-01 03:00:00,2024-03-01 02:59:59
71205,7001,201,金徽章,10,SR以上メイクデビューガチャ第４R,1,2024-03-01 03:00:00,2025-03-01 02:59:59
71206,7001,201,金徽章,10,SR以上メイクデビューガチャ第５R,1,2025-03-01 03:00:00,2050-08-01 14:59:59
71251,7001,251,金徽章,5,启发书,1,2023-09-01 03:00:00,2050-08-01 14:59:59
71252,7001,252,金徽章,10,启发专业书,1,2023-09-01 03:00:00,2050-08-01 14:59:59
71253,7001,253,金徽章,20,稀有启发书,1,2023-09-01 03:00:00,2024-09-01 02:59:59
71254,7001,254,金徽章,30,稀有启发专业书,1,2023-09-01 03:00:00,2024-09-01 02:59:59
71255,7001,253,金徽章,20,稀有启发书,1,2024-09-01 03:00:00,2050-08-01 14:59:59
71256,7001,254,金徽章,30,稀有启发专业书,1,2024-09-01 03:00:00,2050-08-01 14:59:59
71257,7001,254,金徽章,5,闹钟,2,2025-05-21 03:00:00,2050-08-01 14:59:59
71301,7001,301,金徽章,1,协助积分,200,2017-05-31 15:00:00,2025-08-29 02:59:59
71350,7001,350,金徽章,1,短距离跑鞋,5,2024-03-12 03:00:00,2025-06-01 02:59:59
71351,7001,351,金徽章,1,英里跑鞋,5,2024-03-12 03:00:00,2025-06-01 02:59:59
71352,7001,352,金徽章,1,中距离跑鞋,5,2024-03-12 03:00:00,2025-06-01 02:59:59
71353,7001,353,金徽章,1,长距离跑鞋,5,2024-03-12 03:00:00,2025-06-01 02:59:59
71354,7001,354,金徽章,1,泥地跑鞋,5,2024-03-12 03:00:00,2025-06-01 02:59:59
71355,7001,350,金徽章,1,短距离跑鞋,5,2025-06-01 03:00:00,2025-10-01 02:59:59
71356,7001,351,金徽章,1,英里跑鞋,5,2025-06-01 03:00:00,2025-10-01 02:59:59
71357,7001,352,金徽章,1,中距离跑鞋,5,2025-06-01 03:00:00,2025-10-01 02:59:59
71358,7001,353,金徽章,1,长距离跑鞋,5,2025-06-01 03:00:00,2025-10-01 02:59:59
71359,7001,354,金徽章,1,泥地跑鞋,5,2025-06-01 03:00:00,2025-10-01 02:59:59
71360,7001,350,金徽章,1,短距离跑鞋,5,2025-10-01 03:00:00,2050-08-01 14:59:59
71361,7001,351,金徽章,1,英里跑鞋,5,2025-10-01 03:00:00,2050-08-01 14:59:59
71362,7001,352,金徽章,1,中距离跑鞋,5,2025-10-01 03:00:00,2050-08-01 14:59:59
71363,7001,353,金徽章,1,长距离跑鞋,5,2025-10-01 03:00:00,2050-08-01 14:59:59
71364,7001,354,金徽章,1,泥地跑鞋,5,2025-10-01 03:00:00,2050-08-01 14:59:59
71401,7001,401,金徽章,3,菊花奖优胜锦旗,1,2017-05-31 15:00:00,2023-09-01 02:59:59
71402,7001,402,金徽章,3,中山大奖赛优胜锦旗,1,2017-05-31 15:00:00,2023-09-01 02:59:59
71403,7001,403,金徽章,1,二月锦标赛优胜锦旗,1,2023-09-01 03:00:00,2025-06-01 02:59:59
71404,7001,404,金徽章,1,中京短途赛优胜锦旗,1,2023-09-01 03:00:00,2025-06-01 02:59:59
71405,7001,405,金徽章,1,大阪杯优胜锦旗,1,2023-09-01 03:00:00,2025-06-01 02:59:59
71406,7001,406,金徽章,1,樱花奖优胜锦旗,1,2023-09-01 03:00:00,2025-06-01 02:59:59
71407,7001,407,金徽章,1,皋月奖优胜锦旗,1,2023-09-01 03:00:00,2025-06-01 02:59:59
71408,7001,408,金徽章,1,天王奖（春）优胜锦旗,1,2023-09-01 03:00:00,2025-06-01 02:59:59
71409,7001,409,金徽章,1,广播协会英里杯优胜锦旗,1,2023-09-01 03:00:00,2025-06-01 02:59:59
71410,7001,410,金徽章,1,维多利亚英里赛优胜锦旗,1,2023-09-01 03:00:00,2025-06-01 02:59:59
71411,7001,411,金徽章,1,奥克斯优胜锦旗,1,2023-09-01 03:00:00,2025-06-01 02:59:59
71412,7001,412,金徽章,1,全国德比优胜锦旗,1,2023-09-01 03:00:00,2025-06-01 02:59:59
71413,7001,413,金徽章,1,东京英里赛优胜锦旗,1,2023-09-01 03:00:00,2025-06-01 02:59:59
71414,7001,414,金徽章,1,宝冢纪念优胜锦旗,1,2023-09-01 03:00:00,2025-06-01 02:59:59
71415,7001,415,金徽章,1,短途者锦标赛优胜锦旗,1,2023-09-01 03:00:00,2025-06-01 02:59:59
71416,7001,416,金徽章,1,秋华奖优胜锦旗,1,2023-09-01 03:00:00,2025-06-01 02:59:59
71417,7001,417,金徽章,1,菊花奖优胜锦旗,1,2023-09-01 03:00:00,2025-06-01 02:59:59
71418,7001,418,金徽章,1,天王奖（秋）优胜锦旗,1,2023-09-01 03:00:00,2025-06-01 02:59:59
71419,7001,419,金徽章,1,英里冠军赛优胜锦旗,1,2023-09-01 03:00:00,2025-06-01 02:59:59
71420,7001,420,金徽章,1,伊丽莎白女王杯优胜锦旗,1,2023-09-01 03:00:00,2025-06-01 02:59:59
71421,7001,421,金徽章,1,全国杯优胜锦旗,1,2023-09-01 03:00:00,2025-06-01 02:59:59
71422,7001,422,金徽章,1,全国冠军杯优胜锦旗,1,2023-09-01 03:00:00,2025-06-01 02:59:59
71423,7001,423,金徽章,1,阪神初级少女杯赛优胜锦旗,1,2023-09-01 03:00:00,2025-06-01 02:59:59
71424,7001,424,金徽章,1,朝日杯未来锦标赛优胜锦旗,1,2023-09-01 03:00:00,2025-06-01 02:59:59
71425,7001,425,金徽章,1,中山大奖赛优胜锦旗,1,2023-09-01 03:00:00,2025-06-01 02:59:59
71426,7001,426,金徽章,1,希望锦标赛优胜锦旗,1,2023-09-01 03:00:00,2025-06-01 02:59:59
71427,7001,427,金徽章,1,全国泥地德比优胜锦旗,1,2023-09-01 03:00:00,2025-06-01 02:59:59
71428,7001,428,金徽章,1,全国育成杯短途赛优胜锦旗,1,2023-09-01 03:00:00,2025-06-01 02:59:59
71429,7001,429,金徽章,1,全国育成杯经典赛优胜锦旗,1,2023-09-01 03:00:00,2025-06-01 02:59:59
71430,7001,430,金徽章,1,全国育成杯女士经典赛优胜锦旗,1,2023-09-01 03:00:00,2025-06-01 02:59:59
71431,7001,431,金徽章,1,帝王奖优胜锦旗,1,2023-09-01 03:00:00,2025-06-01 02:59:59
71432,7001,432,金徽章,1,东京盛典赛优胜锦旗,1,2023-09-01 03:00:00,2025-06-01 02:59:59
71433,7001,433,金徽章,1,川崎纪念优胜锦旗,1,2023-09-01 03:00:00,2025-06-01 02:59:59
71434,7001,434,金徽章,1,全国初级优俊优胜锦旗,1,2023-09-01 03:00:00,2025-06-01 02:59:59
71435,7001,435,金徽章,1,柏市纪念优胜锦旗,1,2023-09-01 03:00:00,2025-06-01 02:59:59
71436,7001,436,金徽章,1,英里冠军南部杯优胜锦旗,1,2023-09-01 03:00:00,2025-06-01 02:59:59
71437,7001,401,金徽章,1,二月锦标赛优胜锦旗,1,2025-06-01 03:00:00,2025-10-01 02:59:59
71438,7001,402,金徽章,1,中京短途赛优胜锦旗,1,2025-06-01 03:00:00,2025-10-01 02:59:59
71439,7001,403,金徽章,1,大阪杯优胜锦旗,1,2025-06-01 03:00:00,2025-10-01 02:59:59
71440,7001,404,金徽章,1,樱花奖优胜锦旗,1,2025-06-01 03:00:00,2025-10-01 02:59:59
71441,7001,405,金徽章,1,皋月奖优胜锦旗,1,2025-06-01 03:00:00,2025-10-01 02:59:59
71442,7001,406,金徽章,1,天王奖（春）优胜锦旗,1,2025-06-01 03:00:00,2025-10-01 02:59:59
71443,7001,407,金徽章,1,广播协会英里杯优胜锦旗,1,2025-06-01 03:00:00,2025-10-01 02:59:59
71444,7001,408,金徽章,1,维多利亚英里赛优胜锦旗,1,2025-06-01 03:00:00,2025-10-01 02:59:59
71445,7001,409,金徽章,1,奥克斯优胜锦旗,1,2025-06-01 03:00:00,2025-10-01 02:59:59
71446,7001,410,金徽章,1,全国德比优胜锦旗,1,2025-06-01 03:00:00,2025-10-01 02:59:59
71447,7001,411,金徽章,1,东京英里赛优胜锦旗,1,2025-06-01 03:00:00,2025-10-01 02:59:59
71448,7001,412,金徽章,1,宝冢纪念优胜锦旗,1,2025-06-01 03:00:00,2025-10-01 02:59:59
71449,7001,413,金徽章,1,短途者锦标赛优胜锦旗,1,2025-06-01 03:00:00,2025-10-01 02:59:59
71450,7001,414,金徽章,1,秋华奖优胜锦旗,1,2025-06-01 03:00:00,2025-10-01 02:59:59
71451,7001,415,金徽章,1,菊花奖优胜锦旗,1,2025-06-01 03:00:00,2025-10-01 02:59:59
71452,7001,416,金徽章,1,天王奖（秋）优胜锦旗,1,2025-06-01 03:00:00,2025-10-01 02:59:59
71453,7001,417,金徽章,1,英里冠军赛优胜锦旗,1,2025-06-01 03:00:00,2025-10-01 02:59:59
71454,7001,418,金徽章,1,伊丽莎白女王杯优胜锦旗,1,2025-06-01 03:00:00,2025-10-01 02:59:59
71455,7001,419,金徽章,1,全国杯优胜锦旗,1,2025-06-01 03:00:00,2025-10-01 02:59:59
71456,7001,420,金徽章,1,全国冠军杯优胜锦旗,1,2025-06-01 03:00:00,2025-10-01 02:59:59
71457,7001,421,金徽章,1,阪神初级少女杯赛优胜锦旗,1,2025-06-01 03:00:00,2025-10-01 02:59:59
71458,7001,422,金徽章,1,朝日杯未来锦标赛优胜锦旗,1,2025-06-01 03:00:00,2025-10-01 02:59:59
71459,7001,423,金徽章,1,中山大奖赛优胜锦旗,1,2025-06-01 03:00:00,2025-10-01 02:59:59
71460,7001,424,金徽章,1,希望锦标赛优胜锦旗,1,2025-06-01 03:00:00,2025-10-01 02:59:59
71461,7001,425,金徽章,1,全国泥地德比优胜锦旗,1,2025-06-01 03:00:00,2025-10-01 02:59:59
71462,7001,426,金徽章,1,全国育成杯短途赛优胜锦旗,1,2025-06-01 03:00:00,2025-10-01 02:59:59
71463,7001,427,金徽章,1,全国育成杯经典赛优胜锦旗,1,2025-06-01 03:00:00,2025-10-01 02:59:59
71464,7001,428,金徽章,1,全国育成杯女士经典赛优胜锦旗,1,2025-06-01 03:00:00,2025-10-01 02:59:59
71465,7001,429,金徽章,1,帝王奖优胜锦旗,1,2025-06-01 03:00:00,2025-10-01 02:59:59
71466,7001,430,金徽章,1,东京盛典赛优胜锦旗,1,2025-06-01 03:00:00,2025-10-01 02:59:59
71467,7001,431,金徽章,1,川崎纪念优胜锦旗,1,2025-06-01 03:00:00,2025-10-01 02:59:59
71468,7001,432,金徽章,1,全国初级优俊优胜锦旗,1,2025-06-01 03:00:00,2025-10-01 02:59:59
71469,7001,433,金徽章,1,柏市纪念优胜锦旗,1,2025-06-01 03:00:00,2025-10-01 02:59:59
71470,7001,434,金徽章,1,英里冠军南部杯优胜锦旗,1,2025-06-01 03:00:00,2025-10-01 02:59:59
71471,7001,401,金徽章,1,二月锦标赛优胜锦旗,1,2025-10-01 03:00:00,2050-08-01 14:59:59
71472,7001,402,金徽章,1,中京短途赛优胜锦旗,1,2025-10-01 03:00:00,2050-08-01 14:59:59
71473,7001,403,金徽章,1,大阪杯优胜锦旗,1,2025-10-01 03:00:00,2050-08-01 14:59:59
71474,7001,404,金徽章,1,樱花奖优胜锦旗,1,2025-10-01 03:00:00,2050-08-01 14:59:59
71475,7001,405,金徽章,1,皋月奖优胜锦旗,1,2025-10-01 03:00:00,2050-08-01 14:59:59
71476,7001,406,金徽章,1,天王奖（春）优胜锦旗,1,2025-10-01 03:00:00,2050-08-01 14:59:59
71477,7001,407,金徽章,1,广播协会英里杯优胜锦旗,1,2025-10-01 03:00:00,2050-08-01 14:59:59
71478,7001,408,金徽章,1,维多利亚英里赛优胜锦旗,1,2025-10-01 03:00:00,2050-08-01 14:59:59
71479,7001,409,金徽章,1,奥克斯优胜锦旗,1,2025-10-01 03:00:00,2050-08-01 14:59:59
71480,7001,410,金徽章,1,全国德比优胜锦旗,1,2025-10-01 03:00:00,2050-08-01 14:59:59
71481,7001,411,金徽章,1,东京英里赛优胜锦旗,1,2025-10-01 03:00:00,2050-08-01 14:59:59
71482,7001,412,金徽章,1,宝冢纪念优胜锦旗,1,2025-10-01 03:00:00,2050-08-01 14:59:59
71483,7001,413,金徽章,1,短途者锦标赛优胜锦旗,1,2025-10-01 03:00:00,2050-08-01 14:59:59
71484,7001,414,金徽章,1,秋华奖优胜锦旗,1,2025-10-01 03:00:00,2050-08-01 14:59:59
71485,7001,415,金徽章,1,菊花奖优胜锦旗,1,2025-10-01 03:00:00,2050-08-01 14:59:59
71486,7001,416,金徽章,1,天王奖（秋）优胜锦旗,1,2025-10-01 03:00:00,2050-08-01 14:59:59
71487,7001,417,金徽章,1,英里冠军赛优胜锦旗,1,2025-10-01 03:00:00,2050-08-01 14:59:59
71488,7001,418,金徽章,1,伊丽莎白女王杯优胜锦旗,1,2025-10-01 03:00:00,2050-08-01 14:59:59
71489,7001,419,金徽章,1,全国杯优胜锦旗,1,2025-10-01 03:00:00,2050-08-01 14:59:59
71490,7001,420,金徽章,1,全国冠军杯优胜锦旗,1,2025-10-01 03:00:00,2050-08-01 14:59:59
71491,7001,421,金徽章,1,阪神初级少女杯赛优胜锦旗,1,2025-10-01 03:00:00,2050-08-01 14:59:59
71492,7001,422,金徽章,1,朝日杯未来锦标赛优胜锦旗,1,2025-10-01 03:00:00,2050-08-01 14:59:59
71493,7001,423,金徽章,1,中山大奖赛优胜锦旗,1,2025-10-01 03:00:00,2050-08-01 14:59:59
71494,7001,424,金徽章,1,希望锦标赛优胜锦旗,1,2025-10-01 03:00:00,2050-08-01 14:59:59
71495,7001,425,金徽章,1,全国泥地德比优胜锦旗,1,2025-10-01 03:00:00,2050-08-01 14:59:59
71496,7001,426,金徽章,1,全国育成杯短途赛优胜锦旗,1,2025-10-01 03:00:00,2050-08-01 14:59:59
71497,7001,427,金徽章,1,全国育成杯经典赛优胜锦旗,1,2025-10-01 03:00:00,2050-08-01 14:59:59
71498,7001,428,金徽章,1,全国育成杯女士经典赛优胜锦旗,1,2025-10-01 03:00:00,2050-08-01 14:59:59
71499,7001,429,金徽章,1,帝王奖优胜锦旗,1,2025-10-01 03:00:00,2050-08-01 14:59:59
71500,7001,430,金徽章,1,东京盛典赛优胜锦旗,1,2025-10-01 03:00:00,2050-08-01 14:59:59
71501,7001,251,金徽章,10,启发专业书,1,2023-03-01 03:00:00,2023-09-01 02:59:59
71502,7001,431,金徽章,1,川崎纪念优胜锦旗,1,2025-10-01 03:00:00,2050-08-01 14:59:59
71503,7001,432,金徽章,1,全国初级优俊优胜锦旗,1,2025-10-01 03:00:00,2050-08-01 14:59:59
71504,7001,433,金徽章,1,柏市纪念优胜锦旗,1,2025-10-01 03:00:00,2050-08-01 14:59:59
71505,7001,434,金徽章,1,英里冠军南部杯优胜锦旗,1,2025-10-01 03:00:00,2050-08-01 14:59:59
72101,7002,101,银徽章,50,梦想光辉,1,2023-03-01 03:00:00,2023-09-01 02:59:59
72102,7002,101,银徽章,5,梦想光辉,1,2023-09-01 03:00:00,2050-08-01 14:59:59
72201,7002,201,银徽章,50,稀有或以上新人出道招募第1期,1,2017-05-31 15:00:00,2023-03-01 02:59:59
72202,7002,202,银徽章,50,养成优俊少女招募券,1,2017-05-31 15:00:00,2050-08-01 14:59:59
72203,7002,203,银徽章,50,协助卡招募券,1,2017-05-31 15:00:00,2050-08-01 14:59:59
72204,7002,201,银徽章,50,稀有或以上新人出道招募第3期,1,2023-03-01 03:00:00,2024-03-01 02:59:59
72205,7002,201,银徽章,50,SR以上メイクデビューガチャ第４R,1,2024-03-01 03:00:00,2025-03-01 02:59:59
72206,7002,201,银徽章,50,SR以上メイクデビューガチャ第５R,1,2025-03-01 03:00:00,2050-08-01 14:59:59
72251,7002,251,银徽章,25,启发书,1,2023-09-01 03:00:00,2050-08-01 14:59:59
72252,7002,252,银徽章,50,启发专业书,1,2023-09-01 03:00:00,2050-08-01 14:59:59
72253,7002,253,银徽章,100,稀有启发书,1,2023-09-01 03:00:00,2024-09-01 02:59:59
72254,7002,254,银徽章,150,稀有启发专业书,1,2023-09-01 03:00:00,2024-09-01 02:59:59
72255,7002,253,银徽章,100,稀有启发书,1,2024-09-01 03:00:00,2050-08-01 14:59:59
72256,7002,254,银徽章,150,稀有启发专业书,1,2024-09-01 03:00:00,2050-08-01 14:59:59
72257,7002,254,银徽章,25,闹钟,1,2025-05-21 03:00:00,2050-08-01 14:59:59
72301,7002,301,银徽章,5,协助积分,100,2017-05-31 15:00:00,2025-08-29 02:59:59
72350,7002,350,银徽章,1,短距离跑鞋,1,2024-03-12 03:00:00,2025-06-01 02:59:59
72351,7002,351,银徽章,1,英里跑鞋,1,2024-03-12 03:00:00,2025-06-01 02:59:59
72352,7002,352,银徽章,1,中距离跑鞋,1,2024-03-12 03:00:00,2025-06-01 02:59:59
72353,7002,353,银徽章,1,长距离跑鞋,1,2024-03-12 03:00:00,2025-06-01 02:59:59
72354,7002,354,银徽章,1,泥地跑鞋,1,2024-03-12 03:00:00,2025-06-01 02:59:59
72355,7002,350,银徽章,1,短距离跑鞋,1,2025-06-01 03:00:00,2025-10-01 02:59:59
72356,7002,351,银徽章,1,英里跑鞋,1,2025-06-01 03:00:00,2025-10-01 02:59:59
72357,7002,352,银徽章,1,中距离跑鞋,1,2025-06-01 03:00:00,2025-10-01 02:59:59
72358,7002,353,银徽章,1,长距离跑鞋,1,2025-06-01 03:00:00,2025-10-01 02:59:59
72359,7002,354,银徽章,1,泥地跑鞋,1,2025-06-01 03:00:00,2025-10-01 02:59:59
72360,7002,350,银徽章,1,短距离跑鞋,1,2025-10-01 03:00:00,2050-08-01 14:59:59
72361,7002,351,银徽章,1,英里跑鞋,1,2025-10-01 03:00:00,2050-08-01 14:59:59
72362,7002,352,银徽章,1,中距离跑鞋,1,2025-10-01 03:00:00,2050-08-01 14:59:59
72363,7002,353,银徽章,1,长距离跑鞋,1,2025-10-01 03:00:00,2050-08-01 14:59:59
72364,7002,354,银徽章,1,泥地跑鞋,1,2025-10-01 03:00:00,2050-08-01 14:59:59
72401,7002,401,银徽章,10,皋月奖优胜锦旗,1,2017-05-31 15:00:00,2023-09-01 02:59:59
72402,7002,402,银徽章,10,广播协会英里杯优胜锦旗,1,2017-05-31 15:00:00,2023-09-01 02:59:59
72403,7002,403,银徽章,10,全国育成杯女士经典赛优胜锦旗,1,2017-05-31 15:00:00,2023-09-01 02:59:59
72404,7002,404,银徽章,10,伊丽莎白女王杯优胜锦旗,1,2017-05-31 15:00:00,2023-09-01 02:59:59
72405,7002,405,银徽章,10,全国杯优胜锦旗,1,2017-05-31 15:00:00,2023-09-01 02:59:59
72406,7002,406,银徽章,10,阪神初级少女杯赛优胜锦旗,1,2017-05-31 15:00:00,2023-09-01 02:59:59
72407,7002,407,银徽章,10,希望锦标赛优胜锦旗,1,2017-05-31 15:00:00,2023-09-01 02:59:59
72408,7002,408,银徽章,10,全国泥地德比优胜锦旗,1,2022-08-19 03:00:00,2023-09-01 02:59:59
72409,7002,409,银徽章,10,川崎纪念优胜锦旗,1,2022-08-19 03:00:00,2023-09-01 02:59:59
72410,7002,401,银徽章,5,二月锦标赛优胜锦旗,1,2023-09-01 03:00:00,2025-06-01 02:59:59
72411,7002,402,银徽章,5,中京短途赛优胜锦旗,1,2023-09-01 03:00:00,2025-06-01 02:59:59
72412,7002,403,银徽章,5,大阪杯优胜锦旗,1,2023-09-01 03:00:00,2025-06-01 02:59:59
72413,7002,404,银徽章,5,樱花奖优胜锦旗,1,2023-09-01 03:00:00,2025-06-01 02:59:59
72414,7002,405,银徽章,5,皋月奖优胜锦旗,1,2023-09-01 03:00:00,2025-06-01 02:59:59
72415,7002,406,银徽章,5,天王奖（春）优胜锦旗,1,2023-09-01 03:00:00,2025-06-01 02:59:59
72416,7002,407,银徽章,5,广播协会英里杯优胜锦旗,1,2023-09-01 03:00:00,2025-06-01 02:59:59
72417,7002,408,银徽章,5,维多利亚英里赛优胜锦旗,1,2023-09-01 03:00:00,2025-06-01 02:59:59
72418,7002,409,银徽章,5,奥克斯优胜锦旗,1,2023-09-01 03:00:00,2025-06-01 02:59:59
72419,7002,410,银徽章,5,全国德比优胜锦旗,1,2023-09-01 03:00:00,2025-06-01 02:59:59
72420,7002,411,银徽章,5,东京英里赛优胜锦旗,1,2023-09-01 03:00:00,2025-06-01 02:59:59
72421,7002,412,银徽章,5,宝冢纪念优胜锦旗,1,2023-09-01 03:00:00,2025-06-01 02:59:59
72422,7002,413,银徽章,5,短途者锦标赛优胜锦旗,1,2023-09-01 03:00:00,2025-06-01 02:59:59
72423,7002,414,银徽章,5,秋华奖优胜锦旗,1,2023-09-01 03:00:00,2025-06-01 02:59:59
72424,7002,415,银徽章,5,菊花奖优胜锦旗,1,2023-09-01 03:00:00,2025-06-01 02:59:59
72425,7002,416,银徽章,5,天王奖（秋）优胜锦旗,1,2023-09-01 03:00:00,2025-06-01 02:59:59
72426,7002,417,银徽章,5,英里冠军赛优胜锦旗,1,2023-09-01 03:00:00,2025-06-01 02:59:59
72427,7002,418,银徽章,5,伊丽莎白女王杯优胜锦旗,1,2023-09-01 03:00:00,2025-06-01 02:59:59
72428,7002,419,银徽章,5,全国杯优胜锦旗,1,2023-09-01 03:00:00,2025-06-01 02:59:59
72429,7002,420,银徽章,5,全国冠军杯优胜锦旗,1,2023-09-01 03:00:00,2025-06-01 02:59:59
72430,7002,421,银徽章,5,阪神初级少女杯赛优胜锦旗,1,2023-09-01 03:00:00,2025-06-01 02:59:59
72431,7002,422,银徽章,5,朝日杯未来锦标赛优胜锦旗,1,2023-09-01 03:00:00,2025-06-01 02:59:59
72432,7002,423,银徽章,5,中山大奖赛优胜锦旗,1,2023-09-01 03:00:00,2025-06-01 02:59:59
72433,7002,424,银徽章,5,希望锦标赛优胜锦旗,1,2023-09-01 03:00:00,2025-06-01 02:59:59
72434,7002,425,银徽章,5,全国泥地德比优胜锦旗,1,2023-09-01 03:00:00,2025-06-01 02:59:59
72435,7002,426,银徽章,5,全国育成杯短途赛优胜锦旗,1,2023-09-01 03:00:00,2025-06-01 02:59:59
72436,7002,427,银徽章,5,全国育成杯经典赛优胜锦旗,1,2023-09-01 03:00:00,2025-06-01 02:59:59
72437,7002,428,银徽章,5,全国育成杯女士经典赛优胜锦旗,1,2023-09-01 03:00:00,2025-06-01 02:59:59
72438,7002,429,银徽章,5,帝王奖优胜锦旗,1,2023-09-01 03:00:00,2025-06-01 02:59:59
72439,7002,430,银徽章,5,东京盛典赛优胜锦旗,1,2023-09-01 03:00:00,2025-06-01 02:59:59
72440,7002,431,银徽章,5,川崎纪念优胜锦旗,1,2023-09-01 03:00:00,2025-06-01 02:59:59
72441,7002,432,银徽章,5,全国初级优俊优胜锦旗,1,2023-09-01 03:00:00,2025-06-01 02:59:59
72442,7002,433,银徽章,5,柏市纪念优胜锦旗,1,2023-09-01 03:00:00,2025-06-01 02:59:59
72443,7002,434,银徽章,5,英里冠军南部杯优胜锦旗,1,2023-09-01 03:00:00,2025-06-01 02:59:59
72444,7002,401,银徽章,5,二月锦标赛优胜锦旗,1,2025-06-01 03:00:00,2025-10-01 02:59:59
72445,7002,402,银徽章,5,中京短途赛优胜锦旗,1,2025-06-01 03:00:00,2025-10-01 02:59:59
72446,7002,403,银徽章,5,大阪杯优胜锦旗,1,2025-06-01 03:00:00,2025-10-01 02:59:59
72447,7002,404,银徽章,5,樱花奖优胜锦旗,1,2025-06-01 03:00:00,2025-10-01 02:59:59
72448,7002,405,银徽章,5,皋月奖优胜锦旗,1,2025-06-01 03:00:00,2025-10-01 02:59:59
72449,7002,406,银徽章,5,天王奖（春）优胜锦旗,1,2025-06-01 03:00:00,2025-10-01 02:59:59
72450,7002,407,银徽章,5,广播协会英里杯优胜锦旗,1,2025-06-01 03:00:00,2025-10-01 02:59:59
72451,7002,408,银徽章,5,维多利亚英里赛优胜锦旗,1,2025-06-01 03:00:00,2025-10-01 02:59:59
72452,7002,409,银徽章,5,奥克斯优胜锦旗,1,2025-06-01 03:00:00,2025-10-01 02:59:59
72453,7002,410,银徽章,5,全国德比优胜锦旗,1,2025-06-01 03:00:00,2025-10-01 02:59:59
72454,7002,411,银徽章,5,东京英里赛优胜锦旗,1,2025-06-01 03:00:00,2025-10-01 02:59:59
72455,7002,412,银徽章,5,宝冢纪念优胜锦旗,1,2025-06-01 03:00:00,2025-10-01 02:59:59
72456,7002,413,银徽章,5,短途者锦标赛优胜锦旗,1,2025-06-01 03:00:00,2025-10-01 02:59:59
72457,7002,414,银徽章,5,秋华奖优胜锦旗,1,2025-06-01 03:00:00,2025-10-01 02:59:59
72458,7002,415,银徽章,5,菊花奖优胜锦旗,1,2025-06-01 03:00:00,2025-10-01 02:59:59
72459,7002,416,银徽章,5,天王奖（秋）优胜锦旗,1,2025-06-01 03:00:00,2025-10-01 02:59:59
72460,7002,417,银徽章,5,英里冠军赛优胜锦旗,1,2025-06-01 03:00:00,2025-10-01 02:59:59
72461,7002,418,银徽章,5,伊丽莎白女王杯优胜锦旗,1,2025-06-01 03:00:00,2025-10-01 02:59:59
72462,7002,419,银徽章,5,全国杯优胜锦旗,1,2025-06-01 03:00:00,2025-10-01 02:59:59
72463,7002,420,银徽章,5,全国冠军杯优胜锦旗,1,2025-06-01 03:00:00,2025-10-01 02:59:59
72464,7002,421,银徽章,5,阪神初级少女杯赛优胜锦旗,1,2025-06-01 03:00:00,2025-10-01 02:59:59
72465,7002,422,银徽章,5,朝日杯未来锦标赛优胜锦旗,1,2025-06-01 03:00:00,2025-10-01 02:59:59
72466,7002,423,银徽章,5,中山大奖赛优胜锦旗,1,2025-06-01 03:00:00,2025-10-01 02:59:59
72467,7002,424,银徽章,5,希望锦标赛优胜锦旗,1,2025-06-01 03:00:00,2025-10-01 02:59:59
72468,7002,425,银徽章,5,全国泥地德比优胜锦旗,1,2025-06-01 03:00:00,2025-10-01 02:59:59
72469,7002,426,银徽章,5,全国育成杯短途赛优胜锦旗,1,2025-06-01 03:00:00,2025-10-01 02:59:59
72470,7002,427,银徽章,5,全国育成杯经典赛优胜锦旗,1,2025-06-01 03:00:00,2025-10-01 02:59:59
72471,7002,428,银徽章,5,全国育成杯女士经典赛优胜锦旗,1,2025-06-01 03:00:00,2025-10-01 02:59:59
72472,7002,429,银徽章,5,帝王奖优胜锦旗,1,2025-06-01 03:00:00,2025-10-01 02:59:59
72473,7002,430,银徽章,5,东京盛典赛优胜锦旗,1,2025-06-01 03:00:00,2025-10-01 02:59:59
72474,7002,431,银徽章,5,川崎纪念优胜锦旗,1,2025-06-01 03:00:00,2025-10-01 02:59:59
72475,7002,432,银徽章,5,全国初级优俊优胜锦旗,1,2025-06-01 03:00:00,2025-10-01 02:59:59
72476,7002,433,银徽章,5,柏市纪念优胜锦旗,1,2025-06-01 03:00:00,2025-10-01 02:59:59
72477,7002,434,银徽章,5,英里冠军南部杯优胜锦旗,1,2025-06-01 03:00:00,2025-10-01 02:59:59
72478,7002,401,银徽章,5,二月锦标赛优胜锦旗,1,2025-10-01 03:00:00,2050-08-01 14:59:59
72479,7002,402,银徽章,5,中京短途赛优胜锦旗,1,2025-10-01 03:00:00,2050-08-01 14:59:59
72480,7002,403,银徽章,5,大阪杯优胜锦旗,1,2025-10-01 03:00:00,2050-08-01 14:59:59
72481,7002,404,银徽章,5,樱花奖优胜锦旗,1,2025-10-01 03:00:00,2050-08-01 14:59:59
72482,7002,405,银徽章,5,皋月奖优胜锦旗,1,2025-10-01 03:00:00,2050-08-01 14:59:59
72483,7002,406,银徽章,5,天王奖（春）优胜锦旗,1,2025-10-01 03:00:00,2050-08-01 14:59:59
72484,7002,407,银徽章,5,广播协会英里杯优胜锦旗,1,2025-10-01 03:00:00,2050-08-01 14:59:59
72485,7002,408,银徽章,5,维多利亚英里赛优胜锦旗,1,2025-10-01 03:00:00,2050-08-01 14:59:59
72486,7002,409,银徽章,5,奥克斯优胜锦旗,1,2025-10-01 03:00:00,2050-08-01 14:59:59
72487,7002,410,银徽章,5,全国德比优胜锦旗,1,2025-10-01 03:00:00,2050-08-01 14:59:59
72488,7002,411,银徽章,5,东京英里赛优胜锦旗,1,2025-10-01 03:00:00,2050-08-01 14:59:59
72489,7002,412,银徽章,5,宝冢纪念优胜锦旗,1,2025-10-01 03:00:00,2050-08-01 14:59:59
72490,7002,413,银徽章,5,短途者锦标赛优胜锦旗,1,2025-10-01 03:00:00,2050-08-01 14:59:59
72491,7002,414,银徽章,5,秋华奖优胜锦旗,1,2025-10-01 03:00:00,2050-08-01 14:59:59
72492,7002,415,银徽章,5,菊花奖优胜锦旗,1,2025-10-01 03:00:00,2050-08-01 14:59:59
72493,7002,416,银徽章,5,天王奖（秋）优胜锦旗,1,2025-10-01 03:00:00,2050-08-01 14:59:59
72494,7002,417,银徽章,5,英里冠军赛优胜锦旗,1,2025-10-01 03:00:00,2050-08-01 14:59:59
72495,7002,418,银徽章,5,伊丽莎白女王杯优胜锦旗,1,2025-10-01 03:00:00,2050-08-01 14:59:59
72496,7002,419,银徽章,5,全国杯优胜锦旗,1,2025-10-01 03:00:00,2050-08-01 14:59:59
72497,7002,420,银徽章,5,全国冠军杯优胜锦旗,1,2025-10-01 03:00:00,2050-08-01 14:59:59
72498,7002,421,银徽章,5,阪神初级少女杯赛优胜锦旗,1,2025-10-01 03:00:00,2050-08-01 14:59:59
72499,7002,422,银徽章,5,朝日杯未来锦标赛优胜锦旗,1,2025-10-01 03:00:00,2050-08-01 14:59:59
72500,7002,423,银徽章,5,中山大奖赛优胜锦旗,1,2025-10-01 03:00:00,2050-08-01 14:59:59
72501,7002,251,银徽章,50,启发书,1,2023-03-01 03:00:00,2023-09-01 02:59:59
72502,7002,424,银徽章,5,希望锦标赛优胜锦旗,1,2025-10-01 03:00:00,2050-08-01 14:59:59
72503,7002,425,银徽章,5,全国泥地德比优胜锦旗,1,2025-10-01 03:00:00,2050-08-01 14:59:59
72504,7002,426,银徽章,5,全国育成杯短途赛优胜锦旗,1,2025-10-01 03:00:00,2050-08-01 14:59:59
72505,7002,427,银徽章,5,全国育成杯经典赛优胜锦旗,1,2025-10-01 03:00:00,2050-08-01 14:59:59
72506,7002,428,银徽章,5,全国育成杯女士经典赛优胜锦旗,1,2025-10-01 03:00:00,2050-08-01 14:59:59
72507,7002,429,银徽章,5,帝王奖优胜锦旗,1,2025-10-01 03:00:00,2050-08-01 14:59:59
72508,7002,430,银徽章,5,东京盛典赛优胜锦旗,1,2025-10-01 03:00:00,2050-08-01 14:59:59
72509,7002,431,银徽章,5,川崎纪念优胜锦旗,1,2025-10-01 03:00:00,2050-08-01 14:59:59
72510,7002,432,银徽章,5,全国初级优俊优胜锦旗,1,2025-10-01 03:00:00,2050-08-01 14:59:59
72511,7002,433,银徽章,5,柏市纪念优胜锦旗,1,2025-10-01 03:00:00,2050-08-01 14:59:59
72512,7002,434,银徽章,5,英里冠军南部杯优胜锦旗,1,2025-10-01 03:00:00,2050-08-01 14:59:59
1001000,1001,0,金币,1500,协助积分,500,2025-08-29 03:00:00,2025-10-06 14:59:59
1002000,1002,0,金币,5000000,★3メイクデビューガチャ第５R,1,2025-10-06 15:00:00,2026-01-31 02:59:59
1002001,1002,1,金币,5000000,SSRメイクデビューガチャ第５R,1,2025-10-06 15:00:00,2026-01-31 02:59:59
1002002,1002,2,金币,4000000,彩虹结晶片,1,2025-10-06 15:00:00,2026-01-31 02:59:59
1002003,1002,3,金币,250000,金结晶片,1,2025-10-06 15:00:00,2026-01-31 02:59:59
1002004,1002,4,金币,100000,★2以上メイクデビューガチャ第５R,1,2025-10-06 15:00:00,2026-01-31 02:59:59
1002005,1002,5,金币,100000,SR以上メイクデビューガチャ第５R,1,2025-10-06 15:00:00,2026-01-31 02:59:59
1002006,1002,6,金币,20000,女神像,1,2025-10-06 15:00:00,2026-01-31 02:59:59
1002007,1002,7,金币,10000,闹钟,1,2025-10-06 15:00:00,2026-01-31 02:59:59
1002008,1002,8,金币,20000,能量饮料30,1,2025-10-06 15:00:00,2026-01-31 02:59:59
1002009,1002,9,金币,20000,迷你胡萝卜果冻,1,2025-10-06 15:00:00,2026-01-31 02:59:59
1002010,1002,10,金币,20000,启发书,1,2025-10-06 15:00:00,2026-01-31 02:59:59
1002011,1002,11,金币,40000,启发专业书,1,2025-10-06 15:00:00,2026-01-31 02:59:59
1002012,1002,12,金币,80000,稀有启发书,1,2025-10-06 15:00:00,2026-01-31 02:59:59
1002013,1002,13,金币,120000,稀有启发专业书,1,2025-10-06 15:00:00,2026-01-31 02:59:59
1002014,1002,14,金币,10000,梦想光辉,1,2025-10-06 15:00:00,2026-01-31 02:59:59
1002015,1002,15,金币,25000,干劲满溢甜点,1,2025-10-06 15:00:00,2026-01-31 02:59:59
1002016,1002,16,金币,25000,晴天娃娃,1,2025-10-06 15:00:00,2026-01-31 02:59:59
1002017,1002,17,金币,25000,雨天娃娃,1,2025-10-06 15:00:00,2026-01-31 02:59:59
1002018,1002,18,金币,25000,内道抽选球,1,2025-10-06 15:00:00,2026-01-31 02:59:59
1002019,1002,19,金币,25000,外道抽选球,1,2025-10-06 15:00:00,2026-01-31 02:59:59
1002020,1002,20,金币,5000,短距离跑鞋,1,2025-10-06 15:00:00,2026-01-31 02:59:59
1002021,1002,21,金币,5000,英里跑鞋,1,2025-10-06 15:00:00,2026-01-31 02:59:59
1002022,1002,22,金币,5000,中距离跑鞋,1,2025-10-06 15:00:00,2026-01-31 02:59:59
1002023,1002,23,金币,5000,长距离跑鞋,1,2025-10-06 15:00:00,2026-01-31 02:59:59
1002024,1002,24,金币,5000,泥地跑鞋,1,2025-10-06 15:00:00,2026-01-31 02:59:59
1002025,1002,25,金币,20000,二月锦标赛优胜锦旗,1,2025-10-06 15:00:00,2026-01-31 02:59:59
1002026,1002,26,金币,20000,中京短途赛优胜锦旗,1,2025-10-06 15:00:00,2026-01-31 02:59:59
1002027,1002,27,金币,20000,大阪杯优胜锦旗,1,2025-10-06 15:00:00,2026-01-31 02:59:59
1002028,1002,28,金币,20000,樱花奖优胜锦旗,1,2025-10-06 15:00:00,2026-01-31 02:59:59
1002029,1002,29,金币,20000,皋月奖优胜锦旗,1,2025-10-06 15:00:00,2026-01-31 02:59:59
1002030,1002,30,金币,20000,天王奖（春）优胜锦旗,1,2025-10-06 15:00:00,2026-01-31 02:59:59
1002031,1002,31,金币,20000,广播协会英里杯优胜锦旗,1,2025-10-06 15:00:00,2026-01-31 02:59:59
1002032,1002,32,金币,20000,维多利亚英里赛优胜锦旗,1,2025-10-06 15:00:00,2026-01-31 02:59:59
1002033,1002,33,金币,20000,奥克斯优胜锦旗,1,2025-10-06 15:00:00,2026-01-31 02:59:59
1002034,1002,34,金币,20000,全国德比优胜锦旗,1,2025-10-06 15:00:00,2026-01-31 02:59:59
1002035,1002,35,金币,20000,东京英里赛优胜锦旗,1,2025-10-06 15:00:00,2026-01-31 02:59:59
1002036,1002,36,金币,20000,宝冢纪念优胜锦旗,1,2025-10-06 15:00:00,2026-01-31 02:59:59
1002037,1002,37,金币,20000,短途者锦标赛优胜锦旗,1,2025-10-06 15:00:00,2026-01-31 02:59:59
1002038,1002,38,金币,20000,秋华奖优胜锦旗,1,2025-10-06 15:00:00,2026-01-31 02:59:59
1002039,1002,39,金币,20000,菊花奖优胜锦旗,1,2025-10-06 15:00:00,2026-01-31 02:59:59
1002040,1002,40,金币,20000,天王奖（秋）优胜锦旗,1,2025-10-06 15:00:00,2026-01-31 02:59:59
1002041,1002,41,金币,20000,英里冠军赛优胜锦旗,1,2025-10-06 15:00:00,2026-01-31 02:59:59
1002042,1002,42,金币,20000,伊丽莎白女王杯优胜锦旗,1,2025-10-06 15:00:00,2026-01-31 02:59:59
1002043,1002,43,金币,20000,全国杯优胜锦旗,1,2025-10-06 15:00:00,2026-01-31 02:59:59
1002044,1002,44,金币,20000,全国冠军杯优胜锦旗,1,2025-10-06 15:00:00,2026-01-31 02:59:59
1002045,1002,45,金币,20000,阪神初级少女杯赛优胜锦旗,1,2025-10-06 15:00:00,2026-01-31 02:59:59
1002046,1002,46,金币,20000,朝日杯未来锦标赛优胜锦旗,1,2025-10-06 15:00:00,2026-01-31 02:59:59
1002047,1002,47,金币,20000,中山大奖赛优胜锦旗,1,2025-10-06 15:00:00,2026-01-31 02:59:59
1002048,1002,48,金币,20000,希望锦标赛优胜锦旗,1,2025-10-06 15:00:00,2026-01-31 02:59:59
1002049,1002,49,金币,20000,全国泥地德比优胜锦旗,1,2025-10-06 15:00:00,2026-01-31 02:59:59
1002050,1002,50,金币,20000,全国育成杯短途赛优胜锦旗,1,2025-10-06 15:00:00,2026-01-31 02:59:59
1002051,1002,51,金币,20000,全国育成杯经典赛优胜锦旗,1,2025-10-06 15:00:00,2026-01-31 02:59:59
1002052,1002,52,金币,20000,全国育成杯女士经典赛优胜锦旗,1,2025-10-06 15:00:00,2026-01-31 02:59:59
1002053,1002,53,金币,20000,帝王奖优胜锦旗,1,2025-10-06 15:00:00,2026-01-31 02:59:59
1002054,1002,54,金币,20000,东京盛典赛优胜锦旗,1,2025-10-06 15:00:00,2026-01-31 02:59:59
1002055,1002,55,金币,20000,川崎纪念优胜锦旗,1,2025-10-06 15:00:00,2026-01-31 02:59:59
1002056,1002,56,金币,20000,全国初级优俊优胜锦旗,1,2025-10-06 15:00:00,2026-01-31 02:59:59
1002057,1002,57,金币,20000,柏市纪念优胜锦旗,1,2025-10-06 15:00:00,2026-01-31 02:59:59
1002058,1002,58,金币,20000,英里冠军南部杯优胜锦旗,1,2025-10-06 15:00:00,2026-01-31 02:59:59
1003000,1003,0,金币,5000000,限定セールオープン上限アップ,1,2025-10-06 15:00:00,2050-08-01 14:59:59
1003001,1003,1,金币,10000000,金の延べ棒,1,2025-10-06 15:00:00,2050-08-01 14:59:59
2000101,20001,101,嘉年华积分,60000,彩虹结晶片,1,2022-01-11 03:00:00,2022-01-21 02:59:59
2000102,20001,102,嘉年华积分,30000,金结晶片,1,2022-01-11 03:00:00,2022-01-21 02:59:59
2000103,20001,201,嘉年华积分,12000,养成优俊少女招募券,1,2022-01-11 03:00:00,2022-01-21 02:59:59
2000104,20001,202,嘉年华积分,12000,协助卡招募券,1,2022-01-11 03:00:00,2022-01-21 02:59:59
2000105,20001,301,嘉年华积分,3000,女神像,1,2022-01-11 03:00:00,2022-01-21 02:59:59
2000106,20001,401,嘉年华积分,1500,草上飞的碎片,1,2022-01-11 03:00:00,2022-01-21 02:59:59
2000107,20001,402,嘉年华积分,1500,帝王光辉的碎片,1,2022-01-11 03:00:00,2022-01-21 02:59:59
2000108,20001,403,嘉年华积分,1500,青云天空的碎片,1,2022-01-11 03:00:00,2022-01-21 02:59:59
2000109,20001,404,嘉年华积分,1500,特别周的碎片,1,2022-01-11 03:00:00,2022-01-21 02:59:59
2000110,20001,405,嘉年华积分,1500,神鹰的碎片,1,2022-01-11 03:00:00,2022-01-21 02:59:59
2000111,20001,406,嘉年华积分,1500,神鹰的碎片,1,2022-01-11 03:00:00,2022-01-21 02:59:59
2000112,20001,501,嘉年华积分,2500,闹钟,1,2022-01-11 03:00:00,2022-01-21 02:59:59
2000114,20001,502,嘉年华积分,1500,干劲满溢甜点,1,2022-01-11 03:00:00,2022-01-21 02:59:59
2000115,20001,601,嘉年华积分,4000,金币,1000,2022-01-11 03:00:00,2022-01-21 02:59:59
2000116,20001,602,嘉年华积分,4000,协助积分,500,2022-01-11 03:00:00,2022-01-21 02:59:59
2000117,20001,603,嘉年华积分,10000,广播协会英里杯优胜锦旗,1,2022-01-11 03:00:00,2022-01-21 02:59:59
2000118,20001,604,嘉年华积分,10000,全国德比优胜锦旗,1,2022-01-11 03:00:00,2022-01-21 02:59:59
2000119,20001,605,嘉年华积分,10000,全国杯优胜锦旗,1,2022-01-11 03:00:00,2022-01-21 02:59:59
2000120,20001,606,嘉年华积分,10000,宝冢纪念优胜锦旗,1,2022-01-11 03:00:00,2022-01-21 02:59:59
2000121,20001,607,嘉年华积分,10000,中山大奖赛优胜锦旗,1,2022-01-11 03:00:00,2022-01-21 02:59:59
2000122,20001,608,嘉年华积分,2000,英里跑鞋,1,2022-01-11 03:00:00,2022-01-21 02:59:59
2000123,5002,1,1周年庆典 3★兑换券,1,[特别追梦者]特别周,1,2022-02-24 03:00:00,2050-08-01 14:59:59
2000124,5002,2,1周年庆典 3★兑换券,1,[雀跃♪维他命心拍]特别周,1,2022-02-24 03:00:00,2050-08-01 14:59:59
2000125,5002,3,1周年庆典 3★兑换券,1,[无声无瑕]无声铃鹿,1,2022-02-24 03:00:00,2050-08-01 14:59:59
2000126,5002,4,1周年庆典 3★兑换券,1,[喜乐无边]东海帝王,1,2022-02-24 03:00:00,2050-08-01 14:59:59
2000127,5002,5,1周年庆典 3★兑换券,1,[飞跃地平线]东海帝王,1,2022-02-24 03:00:00,2050-08-01 14:59:59
2000128,5002,6,1周年庆典 3★兑换券,1,[绯红方程式]丸善斯基,1,2022-02-24 03:00:00,2050-08-01 14:59:59
2000129,5002,7,1周年庆典 3★兑换券,1,[飞跃☆夏夜]丸善斯基,1,2022-02-24 03:00:00,2050-08-01 14:59:59
2000130,5002,8,1周年庆典 3★兑换券,1,[流星歌剧]富士奇石,1,2022-02-24 03:00:00,2050-08-01 14:59:59
2000131,5002,9,1周年庆典 3★兑换券,1,[星光跃动]小栗帽,1,2022-02-24 03:00:00,2050-08-01 14:59:59
2000132,5002,10,1周年庆典 3★兑换券,1,[奇迹的胜利之星]小栗帽,1,2022-02-24 03:00:00,2050-08-01 14:59:59
2000133,5002,11,1周年庆典 3★兑换券,1,[狂野前线]大树快车,1,2022-02-24 03:00:00,2050-08-01 14:59:59
2000134,5002,12,1周年庆典 3★兑换券,1,[圣翠治愈师]草上飞,1,2022-02-24 03:00:00,2050-08-01 14:59:59
2000135,5002,13,1周年庆典 3★兑换券,1,[亚马逊青金石]菱亚马逊,1,2022-02-24 03:00:00,2050-08-01 14:59:59
2000136,5002,14,1周年庆典 3★兑换券,1,[优雅曲线]目白麦昆,1,2022-02-24 03:00:00,2050-08-01 14:59:59
2000137,5002,15,1周年庆典 3★兑换券,1,[天际尽头]目白麦昆,1,2022-02-24 03:00:00,2050-08-01 14:59:59
2000138,5002,16,1周年庆典 3★兑换券,1,[羽蛇武斗家]神鹰,1,2022-02-24 03:00:00,2050-08-01 14:59:59
2000139,5002,17,1周年庆典 3★兑换券,1,[O sole suo！]好歌剧,1,2022-02-24 03:00:00,2050-08-01 14:59:59
2000140,5002,18,1周年庆典 3★兑换券,1,[新春初晴·宝蓝绚烂]好歌剧,1,2022-02-24 03:00:00,2050-08-01 14:59:59
2000141,5002,19,1周年庆典 3★兑换券,1,[Maverick]成田白仁,1,2022-02-24 03:00:00,2050-08-01 14:59:59
2000142,5002,20,1周年庆典 3★兑换券,1,[皇帝]鲁道夫象征,1,2022-02-24 03:00:00,2050-08-01 14:59:59
2000143,5002,21,1周年庆典 3★兑换券,1,[皓月下的神箭手]鲁道夫象征,1,2022-02-24 03:00:00,2050-08-01 14:59:59
2000144,5002,22,1周年庆典 3★兑换券,1,[橡木王冠]气槽,1,2022-02-24 03:00:00,2050-08-01 14:59:59
2000145,5002,23,1周年庆典 3★兑换券,1,[超级加急！全彩PP膜特殊加工]爱丽数码,1,2022-02-24 03:00:00,2050-08-01 14:59:59
2000146,5002,24,1周年庆典 3★兑换券,1,[青云垂钓者]青云天空,1,2022-02-24 03:00:00,2050-08-01 14:59:59
2000147,5002,25,1周年庆典 3★兑换券,1,[疾风迅雷]玉藻十字,1,2022-02-24 03:00:00,2050-08-01 14:59:59
2000148,5002,26,1周年庆典 3★兑换券,1,[Noble Seamair]美妙姿势,1,2022-02-24 03:00:00,2050-08-01 14:59:59
2000149,5002,27,1周年庆典 3★兑换券,1,[pf.胜利公式]琵琶晨光,1,2022-02-24 03:00:00,2050-08-01 14:59:59
2000150,5002,28,1周年庆典 3★兑换券,1,[嫣红圣诞颂歌]琵琶晨光,1,2022-02-24 03:00:00,2050-08-01 14:59:59
2000151,5002,29,1周年庆典 3★兑换券,1,[阳光花束]重炮,1,2022-02-24 03:00:00,2050-08-01 14:59:59
2000152,5002,30,1周年庆典 3★兑换券,1,[Creeping Black]曼城茶座,1,2022-02-24 03:00:00,2050-08-01 14:59:59
2000153,5002,31,1周年庆典 3★兑换券,1,[MB-19890425]美浦波旁,1,2022-02-24 03:00:00,2050-08-01 14:59:59
2000154,5002,32,1周年庆典 3★兑换券,1,[Buono☆时尚]菱曙,1,2022-02-24 03:00:00,2050-08-01 14:59:59
2000155,5002,33,1周年庆典 3★兑换券,1,[玫瑰之梦]米浴,1,2022-02-24 03:00:00,2050-08-01 14:59:59
2000156,5002,34,1周年庆典 3★兑换券,1,[Make up Vampire！]米浴,1,2022-02-24 03:00:00,2050-08-01 14:59:59
2000157,5002,35,1周年庆典 3★兑换券,1,[Meisterschaft]荣进闪耀,1,2022-02-24 03:00:00,2050-08-01 14:59:59
2000158,5002,36,1周年庆典 3★兑换券,1,[闪电少女]真机伶,1,2022-02-24 03:00:00,2050-08-01 14:59:59
2000159,5002,37,1周年庆典 3★兑换券,1,[粉红公主]川上公主,1,2022-02-24 03:00:00,2050-08-01 14:59:59
2000160,5002,38,1周年庆典 3★兑换券,1,[真我/1928]黄金城,1,2022-02-24 03:00:00,2050-08-01 14:59:59
2000161,5002,39,1周年庆典 3★兑换券,1,[秋樱舞娘]黄金城,1,2022-02-24 03:00:00,2050-08-01 14:59:59
2000162,5002,40,1周年庆典 3★兑换券,1,[雪纺丝带木乃伊]超级溪流,1,2022-02-24 03:00:00,2050-08-01 14:59:59
2000163,5002,41,1周年庆典 3★兑换券,1,[绝对☆LOVE]醒目飞鹰,1,2022-02-24 03:00:00,2050-08-01 14:59:59
2000164,5002,42,1周年庆典 3★兑换券,1,[潮流☆Joker]岛川乔丹,1,2022-02-24 03:00:00,2050-08-01 14:59:59
2000165,5002,43,1周年庆典 3★兑换券,1,[Nevertheless]成田大进,1,2022-02-24 03:00:00,2050-08-01 14:59:59
2000166,5002,44,1周年庆典 3★兑换券,1,[明媚新春♪樱花绽放]春乌菈菈,1,2022-02-24 03:00:00,2050-08-01 14:59:59
2000167,5002,45,1周年庆典 3★兑换券,1,[吉兆秋风]待兼福来,1,2022-02-24 03:00:00,2050-08-01 14:59:59
2000168,5002,46,1周年庆典 3★兑换券,1,[苍蓝/怒涛]名将怒涛,1,2022-02-24 03:00:00,2050-08-01 14:59:59
2000169,5002,47,1周年庆典 3★兑换券,1,[宛延曲线]目白多伯,1,2022-02-24 03:00:00,2050-08-01 14:59:59
2000176,5502,1,1周年庆典 超稀有兑换券,1,[献上全国第一的演出]特别周,1,2022-02-24 03:00:00,2050-08-01 14:59:59
2000177,5502,2,1周年庆典 超稀有兑换券,1,[在耀眼景色的前方]无声铃鹿,1,2022-02-24 03:00:00,2050-08-01 14:59:59
2000178,5502,3,1周年庆典 超稀有兑换券,1,[有梦想就要大声说出来！]东海帝王,1,2022-02-24 03:00:00,2050-08-01 14:59:59
2000179,5502,4,1周年庆典 超稀有兑换券,1,[不沉舰的进击]黄金船,1,2022-02-24 03:00:00,2050-08-01 14:59:59
2000180,5502,5,1周年庆典 超稀有兑换券,1,[伏特加之路]伏特加,1,2022-02-24 03:00:00,2050-08-01 14:59:59
2000181,5502,6,1周年庆典 超稀有兑换券,1,[万紫千红中一枝独秀]草上飞,1,2022-02-24 03:00:00,2050-08-01 14:59:59
2000182,5502,7,1周年庆典 超稀有兑换券,1,[热情的冠军！]神鹰,1,2022-02-24 03:00:00,2050-08-01 14:59:59
2000183,5502,8,1周年庆典 超稀有兑换券,1,[期待已久的计谋]青云天空,1,2022-02-24 03:00:00,2050-08-01 14:59:59
2000184,5502,9,1周年庆典 超稀有兑换券,1,[划破天空的闪电少女！]玉藻十字,1,2022-02-24 03:00:00,2050-08-01 14:59:59
2000185,5502,10,1周年庆典 超稀有兑换券,1,[全身心的感谢]美妙姿势,1,2022-02-24 03:00:00,2050-08-01 14:59:59
2000186,5502,11,1周年庆典 超稀有兑换券,1,[飞奔吧，闪耀吧]艾尼风神,1,2022-02-24 03:00:00,2050-08-01 14:59:59
2000187,5502,12,1周年庆典 超稀有兑换券,1,[B·N·Winner！]胜利奖券,1,2022-02-24 03:00:00,2050-08-01 14:59:59
2000188,5502,13,1周年庆典 超稀有兑换券,1,[冲向前方7厘米之外]空中神宫,1,2022-02-24 03:00:00,2050-08-01 14:59:59
2000189,5502,14,1周年庆典 超稀有兑换券,1,[Run（my）way]黄金城,1,2022-02-24 03:00:00,2050-08-01 14:59:59
2000190,5502,15,1周年庆典 超稀有兑换券,1,[好快！好吃！好快！]樱花进王,1,2022-02-24 03:00:00,2050-08-01 14:59:59
2000191,5502,16,1周年庆典 超稀有兑换券,1,[一颗安心糖]超级溪流,1,2022-02-24 03:00:00,2050-08-01 14:59:59
2000192,5502,17,1周年庆典 超稀有兑换券,1,[这就是我的优俊偶像之道☆]醒目飞鹰,1,2022-02-24 03:00:00,2050-08-01 14:59:59
2000193,5502,18,1周年庆典 超稀有兑换券,1,[哪怕还不能独当一面]西野花,1,2022-02-24 03:00:00,2050-08-01 14:59:59
2000194,5502,19,1周年庆典 超稀有兑换券,1,[必杀技！双胡萝卜拳！]微光飞驹,1,2022-02-24 03:00:00,2050-08-01 14:59:59
2000195,5502,20,1周年庆典 超稀有兑换券,1,[欢迎来到特雷森学园！]骏川手纲,1,2022-02-24 03:00:00,2050-08-01 14:59:59
2000196,5502,21,1周年庆典 超稀有兑换券,1,[“要受人喜爱啊”]小栗帽,1,2022-02-24 03:00:00,2050-08-01 14:59:59
2000197,5502,22,1周年庆典 超稀有兑换券,1,[涡轮引擎马力全开！]双涡轮,1,2022-02-24 03:00:00,2050-08-01 14:59:59
2000198,5502,23,1周年庆典 超稀有兑换券,1,[尽管笑我傻吧]目白善信,1,2022-02-24 03:00:00,2050-08-01 14:59:59
2000199,5502,24,1周年庆典 超稀有兑换券,1,[身后迫近的热浪是动力]北部玄驹,1,2022-02-24 03:00:00,2050-08-01 14:59:59
2000200,5502,25,1周年庆典 超稀有兑换券,1,[超越那前方的背影]里见光钻,1,2022-02-24 03:00:00,2050-08-01 14:59:59
2000201,5502,26,1周年庆典 超稀有兑换券,1,[由故乡直达的助威！]雪之美人,1,2022-02-24 03:00:00,2050-08-01 14:59:59
2000202,5502,27,1周年庆典 超稀有兑换券,1,[心中的烈火无法抑制]八重无敌,1,2022-02-24 03:00:00,2050-08-01 14:59:59
2000203,5502,28,1周年庆典 超稀有兑换券,1,[幸福就在转角后]米浴,1,2022-02-24 03:00:00,2050-08-01 14:59:59
2000204,5502,29,1周年庆典 超稀有兑换券,1,[彻底管理主义]㭴本理子,1,2022-02-24 03:00:00,2050-08-01 14:59:59
2000205,5502,30,1周年庆典 超稀有兑换券,1,[樱花盛开之时]樱花千代王,1,2022-02-24 03:00:00,2050-08-01 14:59:59
2000206,5502,31,1周年庆典 超稀有兑换券,1,[身为新娘！]川上公主,1,2022-02-24 03:00:00,2050-08-01 14:59:59
2000207,5502,32,1周年庆典 超稀有兑换券,1,[请品尝第一口！]菱曙,1,2022-02-24 03:00:00,2050-08-01 14:59:59
2000208,5502,33,1周年庆典 超稀有兑换券,1,[Head-on fight！]青竹回忆,1,2022-02-24 03:00:00,2050-08-01 14:59:59
2000209,5502,34,1周年庆典 超稀有兑换券,1,[43、8、1]中山庆典,1,2022-02-24 03:00:00,2050-08-01 14:59:59
2000210,5502,35,1周年庆典 超稀有兑换券,1,[独享冰凉？]东商变革,1,2022-02-24 03:00:00,2050-08-01 14:59:59
2000211,5502,36,1周年庆典 超稀有兑换券,1,[全力嬉闹！]胜利奖券,1,2022-02-24 03:00:00,2050-08-01 14:59:59
2000212,5502,37,1周年庆典 超稀有兑换券,1,[爽快！决胜一击！]目白莱恩,1,2022-02-24 03:00:00,2050-08-01 14:59:59
2000213,5502,38,1周年庆典 超稀有兑换券,1,[即使满身泥土，也要追逐梦想]优秀素质,1,2022-02-24 03:00:00,2050-08-01 14:59:59
2000214,5502,39,1周年庆典 超稀有兑换券,1,[明天全国都会染红吧♪]青云天空,1,2022-02-24 03:00:00,2050-08-01 14:59:59
2000215,5502,40,1周年庆典 超稀有兑换券,1,[起舞今宵]帝王光辉,1,2022-02-24 03:00:00,2050-08-01 14:59:59
2000220,5502,45,1周年庆典 超稀有兑换券,1,[内心双脚皆温暖]生野狄杜斯,1,2022-02-24 03:00:00,2050-08-01 14:59:59
2000221,5502,46,1周年庆典 超稀有兑换券,1,[大闹万圣夜！]玉藻十字,1,2022-02-24 03:00:00,2050-08-01 14:59:59
2000222,5502,47,1周年庆典 超稀有兑换券,1,[被授予魔力的英雄]荒漠英雄,1,2022-02-24 03:00:00,2050-08-01 14:59:59
2000223,5502,48,1周年庆典 超稀有兑换券,1,[可爱的你，美丽的你]真机伶,1,2022-02-24 03:00:00,2050-08-01 14:59:59
2000224,5502,49,1周年庆典 超稀有兑换券,1,[鸣箭嗤天]成田白仁,1,2022-02-24 03:00:00,2050-08-01 14:59:59
2000225,5502,50,1周年庆典 超稀有兑换券,1,[舞动吧·躁动吧·狂欢吧！]大拓太阳神,1,2022-02-24 03:00:00,2050-08-01 14:59:59
2000226,5502,51,1周年庆典 超稀有兑换券,1,[队形：PARTY]重炮,1,2022-02-24 03:00:00,2050-08-01 14:59:59
2000227,5502,52,1周年庆典 超稀有兑换券,1,[倔强的集市]成田大进,1,2022-02-24 03:00:00,2050-08-01 14:59:59
2000228,5502,53,1周年庆典 超稀有兑换券,1,[独奏·螺旋卡农]曼城茶座,1,2022-02-24 03:00:00,2050-08-01 14:59:59
2000229,5502,54,1周年庆典 超稀有兑换券,1,[夜有黎明，天有祥星]爱慕织姬,1,2022-02-24 03:00:00,2050-08-01 14:59:59
2000230,5502,55,1周年庆典 超稀有兑换券,1,[萍水相逢即是福♪]待兼福来,1,2022-02-24 03:00:00,2050-08-01 14:59:59
2000231,20002,101,嘉年华积分,30000,彩虹结晶片,1,2022-04-15 03:00:00,2022-04-25 02:59:59
2000232,20002,102,嘉年华积分,15000,金结晶片,1,2022-04-15 03:00:00,2022-04-25 02:59:59
2000233,20002,201,嘉年华积分,6000,养成优俊少女招募券,1,2022-04-15 03:00:00,2022-04-25 02:59:59
2000234,20002,202,嘉年华积分,6000,协助卡招募券,1,2022-04-15 03:00:00,2022-04-25 02:59:59
2000235,20002,301,嘉年华积分,1500,女神像,1,2022-04-15 03:00:00,2022-04-25 02:59:59
2000236,20002,401,嘉年华积分,700,胜利奖券的碎片,1,2022-04-15 03:00:00,2022-04-25 02:59:59
2000237,20002,402,嘉年华积分,700,爱丽速子的碎片,1,2022-04-15 03:00:00,2022-04-25 02:59:59
2000238,20002,403,嘉年华积分,700,富士奇石的碎片,1,2022-04-15 03:00:00,2022-04-25 02:59:59
2000239,20002,404,嘉年华积分,700,东海帝王的碎片,1,2022-04-15 03:00:00,2022-04-25 02:59:59
2000240,20002,405,嘉年华积分,700,鲁道夫象征的碎片,1,2022-04-15 03:00:00,2022-04-25 02:59:59
2000241,20002,406,嘉年华积分,700,鲁道夫象征的碎片,1,2022-04-15 03:00:00,2022-04-25 02:59:59
2000242,20002,501,嘉年华积分,1200,闹钟,1,2022-04-15 03:00:00,2022-04-25 02:59:59
2000243,20002,502,嘉年华积分,700,干劲满溢甜点,1,2022-04-15 03:00:00,2022-04-25 02:59:59
2000244,20002,601,嘉年华积分,2000,金币,1000,2022-04-15 03:00:00,2022-04-25 02:59:59
2000245,20002,602,嘉年华积分,2000,协助积分,500,2022-04-15 03:00:00,2022-04-25 02:59:59
2000246,20002,603,嘉年华积分,5000,皋月奖优胜锦旗,1,2022-04-15 03:00:00,2022-04-25 02:59:59
2000247,20002,604,嘉年华积分,5000,菊花奖优胜锦旗,1,2022-04-15 03:00:00,2022-04-25 02:59:59
2000248,20002,605,嘉年华积分,5000,天王奖（秋）优胜锦旗,1,2022-04-15 03:00:00,2022-04-25 02:59:59
2000249,20002,606,嘉年华积分,5000,全国杯优胜锦旗,1,2022-04-15 03:00:00,2022-04-25 02:59:59
2000250,20002,607,嘉年华积分,5000,中山大奖赛优胜锦旗,1,2022-04-15 03:00:00,2022-04-25 02:59:59
2000251,20002,608,嘉年华积分,1000,中距离跑鞋,1,2022-04-15 03:00:00,2022-04-25 02:59:59
2000252,5503,1,1.5周年庆典 超稀有兑换券,1,[献上全国第一的演出]特别周,1,2022-08-16 03:00:00,2050-08-01 14:59:59
2000253,5503,2,1.5周年庆典 超稀有兑换券,1,[在耀眼景色的前方]无声铃鹿,1,2022-08-16 03:00:00,2050-08-01 14:59:59
2000254,5503,3,1.5周年庆典 超稀有兑换券,1,[有梦想就要大声说出来！]东海帝王,1,2022-08-16 03:00:00,2050-08-01 14:59:59
2000255,5503,4,1.5周年庆典 超稀有兑换券,1,[不沉舰的进击]黄金船,1,2022-08-16 03:00:00,2050-08-01 14:59:59
2000256,5503,5,1.5周年庆典 超稀有兑换券,1,[伏特加之路]伏特加,1,2022-08-16 03:00:00,2050-08-01 14:59:59
2000257,5503,6,1.5周年庆典 超稀有兑换券,1,[万紫千红中一枝独秀]草上飞,1,2022-08-16 03:00:00,2050-08-01 14:59:59
2000258,5503,7,1.5周年庆典 超稀有兑换券,1,[热情的冠军！]神鹰,1,2022-08-16 03:00:00,2050-08-01 14:59:59
2000259,5503,8,1.5周年庆典 超稀有兑换券,1,[期待已久的计谋]青云天空,1,2022-08-16 03:00:00,2050-08-01 14:59:59
2000260,5503,9,1.5周年庆典 超稀有兑换券,1,[划破天空的闪电少女！]玉藻十字,1,2022-08-16 03:00:00,2050-08-01 14:59:59
2000261,5503,10,1.5周年庆典 超稀有兑换券,1,[全身心的感谢]美妙姿势,1,2022-08-16 03:00:00,2050-08-01 14:59:59
2000262,5503,11,1.5周年庆典 超稀有兑换券,1,[飞奔吧，闪耀吧]艾尼风神,1,2022-08-16 03:00:00,2050-08-01 14:59:59
2000263,5503,12,1.5周年庆典 超稀有兑换券,1,[B·N·Winner！]胜利奖券,1,2022-08-16 03:00:00,2050-08-01 14:59:59
2000264,5503,13,1.5周年庆典 超稀有兑换券,1,[冲向前方7厘米之外]空中神宫,1,2022-08-16 03:00:00,2050-08-01 14:59:59
2000265,5503,14,1.5周年庆典 超稀有兑换券,1,[Run（my）way]黄金城,1,2022-08-16 03:00:00,2050-08-01 14:59:59
2000266,5503,15,1.5周年庆典 超稀有兑换券,1,[好快！好吃！好快！]樱花进王,1,2022-08-16 03:00:00,2050-08-01 14:59:59
2000267,5503,16,1.5周年庆典 超稀有兑换券,1,[一颗安心糖]超级溪流,1,2022-08-16 03:00:00,2050-08-01 14:59:59
2000268,5503,17,1.5周年庆典 超稀有兑换券,1,[这就是我的优俊偶像之道☆]醒目飞鹰,1,2022-08-16 03:00:00,2050-08-01 14:59:59
2000269,5503,18,1.5周年庆典 超稀有兑换券,1,[哪怕还不能独当一面]西野花,1,2022-08-16 03:00:00,2050-08-01 14:59:59
2000270,5503,19,1.5周年庆典 超稀有兑换券,1,[必杀技！双胡萝卜拳！]微光飞驹,1,2022-08-16 03:00:00,2050-08-01 14:59:59
2000271,5503,20,1.5周年庆典 超稀有兑换券,1,[欢迎来到特雷森学园！]骏川手纲,1,2022-08-16 03:00:00,2050-08-01 14:59:59
2000272,5503,21,1.5周年庆典 超稀有兑换券,1,[“要受人喜爱啊”]小栗帽,1,2022-08-16 03:00:00,2050-08-01 14:59:59
2000273,5503,22,1.5周年庆典 超稀有兑换券,1,[涡轮引擎马力全开！]双涡轮,1,2022-08-16 03:00:00,2050-08-01 14:59:59
2000274,5503,23,1.5周年庆典 超稀有兑换券,1,[尽管笑我傻吧]目白善信,1,2022-08-16 03:00:00,2050-08-01 14:59:59
2000275,5503,24,1.5周年庆典 超稀有兑换券,1,[身后迫近的热浪是动力]北部玄驹,1,2022-08-16 03:00:00,2050-08-01 14:59:59
2000276,5503,25,1.5周年庆典 超稀有兑换券,1,[超越那前方的背影]里见光钻,1,2022-08-16 03:00:00,2050-08-01 14:59:59
2000277,5503,26,1.5周年庆典 超稀有兑换券,1,[由故乡直达的助威！]雪之美人,1,2022-08-16 03:00:00,2050-08-01 14:59:59
2000278,5503,27,1.5周年庆典 超稀有兑换券,1,[心中的烈火无法抑制]八重无敌,1,2022-08-16 03:00:00,2050-08-01 14:59:59
2000279,5503,38,1.5周年庆典 超稀有兑换券,1,[幸福就在转角后]米浴,1,2022-08-16 03:00:00,2050-08-01 14:59:59
2000280,5503,39,1.5周年庆典 超稀有兑换券,1,[彻底管理主义]㭴本理子,1,2022-08-16 03:00:00,2050-08-01 14:59:59
2000281,5503,28,1.5周年庆典 超稀有兑换券,1,[樱花盛开之时]樱花千代王,1,2022-08-16 03:00:00,2050-08-01 14:59:59
2000282,5503,29,1.5周年庆典 超稀有兑换券,1,[身为新娘！]川上公主,1,2022-08-16 03:00:00,2050-08-01 14:59:59
2000283,5503,30,1.5周年庆典 超稀有兑换券,1,[请品尝第一口！]菱曙,1,2022-08-16 03:00:00,2050-08-01 14:59:59
2000284,5503,31,1.5周年庆典 超稀有兑换券,1,[Head-on fight！]青竹回忆,1,2022-08-16 03:00:00,2050-08-01 14:59:59
2000285,5503,43,1.5周年庆典 超稀有兑换券,1,[43、8、1]中山庆典,1,2022-08-16 03:00:00,2050-08-01 14:59:59
2000286,5503,35,1.5周年庆典 超稀有兑换券,1,[独享冰凉？]东商变革,1,2022-08-16 03:00:00,2050-08-01 14:59:59
2000287,5503,36,1.5周年庆典 超稀有兑换券,1,[全力嬉闹！]胜利奖券,1,2022-08-16 03:00:00,2050-08-01 14:59:59
2000288,5503,34,1.5周年庆典 超稀有兑换券,1,[爽快！决胜一击！]目白莱恩,1,2022-08-16 03:00:00,2050-08-01 14:59:59
2000289,5503,37,1.5周年庆典 超稀有兑换券,1,[即使满身泥土，也要追逐梦想]优秀素质,1,2022-08-16 03:00:00,2050-08-01 14:59:59
2000290,5503,32,1.5周年庆典 超稀有兑换券,1,[明天全国都会染红吧♪]青云天空,1,2022-08-16 03:00:00,2050-08-01 14:59:59
2000291,5503,33,1.5周年庆典 超稀有兑换券,1,[起舞今宵]帝王光辉,1,2022-08-16 03:00:00,2050-08-01 14:59:59
2000292,5503,40,1.5周年庆典 超稀有兑换券,1,[内心双脚皆温暖]生野狄杜斯,1,2022-08-16 03:00:00,2050-08-01 14:59:59
2000293,5503,41,1.5周年庆典 超稀有兑换券,1,[大闹万圣夜！]玉藻十字,1,2022-08-16 03:00:00,2050-08-01 14:59:59
2000294,5503,42,1.5周年庆典 超稀有兑换券,1,[被授予魔力的英雄]荒漠英雄,1,2022-08-16 03:00:00,2050-08-01 14:59:59
2000295,5503,44,1.5周年庆典 超稀有兑换券,1,[可爱的你，美丽的你]真机伶,1,2022-08-16 03:00:00,2050-08-01 14:59:59
2000296,5503,45,1.5周年庆典 超稀有兑换券,1,[鸣箭嗤天]成田白仁,1,2022-08-16 03:00:00,2050-08-01 14:59:59
2000297,5503,46,1.5周年庆典 超稀有兑换券,1,[舞动吧·躁动吧·狂欢吧！]大拓太阳神,1,2022-08-16 03:00:00,2050-08-01 14:59:59
2000298,5503,47,1.5周年庆典 超稀有兑换券,1,[队形：PARTY]重炮,1,2022-08-16 03:00:00,2050-08-01 14:59:59
2000299,5503,48,1.5周年庆典 超稀有兑换券,1,[倔强的集市]成田大进,1,2022-08-16 03:00:00,2050-08-01 14:59:59
2000300,5503,49,1.5周年庆典 超稀有兑换券,1,[独奏·螺旋卡农]曼城茶座,1,2022-08-16 03:00:00,2050-08-01 14:59:59
2000301,5503,50,1.5周年庆典 超稀有兑换券,1,[夜有黎明，天有祥星]爱慕织姬,1,2022-08-16 03:00:00,2050-08-01 14:59:59
2000302,5503,51,1.5周年庆典 超稀有兑换券,1,[萍水相逢即是福♪]待兼福来,1,2022-08-16 03:00:00,2050-08-01 14:59:59
2000303,5503,52,1.5周年庆典 超稀有兑换券,1,[要不赶紧扎一针？]安心泽刺刺美,1,2022-08-16 03:00:00,2050-08-01 14:59:59
2000304,5503,53,1.5周年庆典 超稀有兑换券,1,[饱含心意的纸杯蛋糕]西野花,1,2022-08-16 03:00:00,2050-08-01 14:59:59
2000305,5503,54,1.5周年庆典 超稀有兑换券,1,[极快！最快！花之风暴！]樱花进王,1,2022-08-16 03:00:00,2050-08-01 14:59:59
2000306,5503,55,1.5周年庆典 超稀有兑换券,1,[“存在”于此的幸福]爱丽数码,1,2022-08-16 03:00:00,2050-08-01 14:59:59
2000307,5503,56,1.5周年庆典 超稀有兑换券,1,[粉色背影]成田路,1,2022-08-16 03:00:00,2050-08-01 14:59:59
2000308,5503,57,1.5周年庆典 超稀有兑换券,1,[让世界更加☆marvelous]美丽周日,1,2022-08-16 03:00:00,2050-08-01 14:59:59
2000309,5503,58,1.5周年庆典 超稀有兑换券,1,[Enchaînement]鲁道夫象征,1,2022-08-16 03:00:00,2050-08-01 14:59:59
2000310,5503,59,1.5周年庆典 超稀有兑换券,1,[Escorte étoile]天狼星象征,1,2022-08-16 03:00:00,2050-08-01 14:59:59
2000311,5503,60,1.5周年庆典 超稀有兑换券,1,[Outfit as No.1]大和赤骥,1,2022-08-16 03:00:00,2050-08-01 14:59:59
2000312,5503,61,1.5周年庆典 超稀有兑换券,1,[收下这份鼓励吧！]青竹回忆,1,2022-08-16 03:00:00,2050-08-01 14:59:59
2000313,5503,62,1.5周年庆典 超稀有兑换券,1,[那声加油改变了世界]采珠,1,2022-08-16 03:00:00,2050-08-01 14:59:59
2000314,5503,63,1.5周年庆典 超稀有兑换券,1,[Dear Mr. C.B.]千明代表,1,2022-08-16 03:00:00,2050-08-01 14:59:59
2000315,5503,64,1.5周年庆典 超稀有兑换券,1,[乌菈菈的热情之歌♪]春乌菈菈,1,2022-08-16 03:00:00,2050-08-01 14:59:59
2000316,5503,65,1.5周年庆典 超稀有兑换券,1,[可爱的金兰之交们]生野狄杜斯,1,2022-08-16 03:00:00,2050-08-01 14:59:59
2000317,5503,66,1.5周年庆典 超稀有兑换券,1,[坏蛋，举起手来！]大树快车,1,2022-08-16 03:00:00,2050-08-01 14:59:59
2000318,5503,67,1.5周年庆典 超稀有兑换券,1,[光芒四射地奔跑吧∞]神鹰,1,2022-08-16 03:00:00,2050-08-01 14:59:59
2000319,5503,68,1.5周年庆典 超稀有兑换券,1,[待兼唐☆大冒险]待兼唐怀瑟,1,2022-08-16 03:00:00,2050-08-01 14:59:59
2000320,5503,69,1.5周年庆典 超稀有兑换券,1,[奔向理想的熏风]气槽,1,2022-08-16 03:00:00,2050-08-01 14:59:59
2000321,5503,70,1.5周年庆典 超稀有兑换券,1,[尊尚敬爱]聚于王座之人,1,2022-08-16 03:00:00,2050-08-01 14:59:59
2000322,5503,71,1.5周年庆典 超稀有兑换券,1,[小感伤预警♪]丸善斯基,1,2022-08-16 03:00:00,2050-08-01 14:59:59
2000323,5503,72,1.5周年庆典 超稀有兑换券,1,[听凭骰运]中山庆典,1,2022-08-16 03:00:00,2050-08-01 14:59:59
2000325,20003,101,嘉年华积分,30000,彩虹结晶片,1,2023-01-23 03:00:00,2023-02-02 02:59:59
2000326,20003,102,嘉年华积分,15000,金结晶片,1,2023-01-23 03:00:00,2023-02-02 02:59:59
2000327,20003,201,嘉年华积分,6000,养成优俊少女招募券,1,2023-01-23 03:00:00,2023-02-02 02:59:59
2000328,20003,202,嘉年华积分,6000,协助卡招募券,1,2023-01-23 03:00:00,2023-02-02 02:59:59
2000329,20003,301,嘉年华积分,1500,女神像,1,2023-01-23 03:00:00,2023-02-02 02:59:59
2000330,20003,401,嘉年华积分,700,菱曙的碎片,1,2023-01-23 03:00:00,2023-02-02 02:59:59
2000331,20003,402,嘉年华积分,700,西野花的碎片,1,2023-01-23 03:00:00,2023-02-02 02:59:59
2000332,20003,403,嘉年华积分,700,大树快车的碎片,1,2023-01-23 03:00:00,2023-02-02 02:59:59
2000333,20003,404,嘉年华积分,700,青竹回忆的碎片,1,2023-01-23 03:00:00,2023-02-02 02:59:59
2000334,20003,405,嘉年华积分,700,真机伶的碎片,1,2023-01-23 03:00:00,2023-02-02 02:59:59
2000335,20003,406,嘉年华积分,700,真机伶的碎片,1,2023-01-23 03:00:00,2023-02-02 02:59:59
2000336,20003,501,嘉年华积分,1200,闹钟,1,2023-01-23 03:00:00,2023-02-02 02:59:59
2000337,20003,502,嘉年华积分,700,干劲满溢甜点,1,2023-01-23 03:00:00,2023-02-02 02:59:59
2000338,20003,601,嘉年华积分,2000,金币,1000,2023-01-23 03:00:00,2023-02-02 02:59:59
2000339,20003,602,嘉年华积分,2000,协助积分,500,2023-01-23 03:00:00,2023-02-02 02:59:59
2000340,20003,603,嘉年华积分,5000,阪神初级少女杯赛优胜锦旗,1,2023-01-23 03:00:00,2023-02-02 02:59:59
2000341,20003,604,嘉年华积分,5000,樱花奖优胜锦旗,1,2023-01-23 03:00:00,2023-02-02 02:59:59
2000342,20003,605,嘉年华积分,5000,短途者锦标赛优胜锦旗,1,2023-01-23 03:00:00,2023-02-02 02:59:59
2000343,20003,606,嘉年华积分,5000,中京短途赛优胜锦旗,1,2023-01-23 03:00:00,2023-02-02 02:59:59
2000344,20003,607,嘉年华积分,5000,维多利亚英里赛优胜锦旗,1,2023-01-23 03:00:00,2023-02-02 02:59:59
2000345,20003,608,嘉年华积分,1000,短距离跑鞋,1,2023-01-23 03:00:00,2023-02-02 02:59:59
2000346,20004,101,嘉年华积分,30000,彩虹结晶片,1,2023-05-22 03:00:00,2023-06-01 02:59:59
2000347,20004,102,嘉年华积分,15000,金结晶片,1,2023-05-22 03:00:00,2023-06-01 02:59:59
2000348,20004,201,嘉年华积分,6000,养成优俊少女招募券,1,2023-05-22 03:00:00,2023-06-01 02:59:59
2000349,20004,202,嘉年华积分,6000,协助卡招募券,1,2023-05-22 03:00:00,2023-06-01 02:59:59
2000350,20004,301,嘉年华积分,1500,女神像,1,2023-05-22 03:00:00,2023-06-01 02:59:59
2000351,20004,401,嘉年华积分,700,小栗帽的碎片,1,2023-05-22 03:00:00,2023-06-01 02:59:59
2000352,20004,402,嘉年华积分,700,目白雅丹的碎片,1,2023-05-22 03:00:00,2023-06-01 02:59:59
2000353,20004,403,嘉年华积分,700,大拓太阳神的碎片,1,2023-05-22 03:00:00,2023-06-01 02:59:59
2000354,20004,404,嘉年华积分,700,待兼唐怀瑟的碎片,1,2023-05-22 03:00:00,2023-06-01 02:59:59
2000355,20004,405,嘉年华积分,700,优秀素质的碎片,1,2023-05-22 03:00:00,2023-06-01 02:59:59
2000356,20004,406,嘉年华积分,700,优秀素质的碎片,1,2023-05-22 03:00:00,2023-06-01 02:59:59
2000357,20004,501,嘉年华积分,1200,闹钟,1,2023-05-22 03:00:00,2023-06-01 02:59:59
2000358,20004,502,嘉年华积分,700,干劲满溢甜点,1,2023-05-22 03:00:00,2023-06-01 02:59:59
2000359,20004,601,嘉年华积分,2000,金币,1000,2023-05-22 03:00:00,2023-06-01 02:59:59
2000360,20004,602,嘉年华积分,2000,协助积分,500,2023-05-22 03:00:00,2023-06-01 02:59:59
2000361,20004,603,嘉年华积分,5000,大阪杯优胜锦旗,1,2023-05-22 03:00:00,2023-06-01 02:59:59
2000362,20004,604,嘉年华积分,5000,宝冢纪念优胜锦旗,1,2023-05-22 03:00:00,2023-06-01 02:59:59
2000363,20004,605,嘉年华积分,5000,天王奖（秋）优胜锦旗,1,2023-05-22 03:00:00,2023-06-01 02:59:59
2000364,20004,606,嘉年华积分,5000,中山大奖赛优胜锦旗,1,2023-05-22 03:00:00,2023-06-01 02:59:59
2000365,20004,607,嘉年华积分,5000,菊花奖优胜锦旗,1,2023-05-22 03:00:00,2023-06-01 02:59:59
2000366,20004,608,嘉年华积分,1000,中距离跑鞋,1,2023-05-22 03:00:00,2023-06-01 02:59:59
2000367,20005,101,嘉年华积分,30000,彩虹结晶片,1,2023-09-22 03:00:00,2023-10-02 02:59:59
2000368,20005,102,嘉年华积分,15000,金结晶片,1,2023-09-22 03:00:00,2023-10-02 02:59:59
2000369,20005,201,嘉年华积分,6000,养成优俊少女招募券,1,2023-09-22 03:00:00,2023-10-02 02:59:59
2000370,20005,202,嘉年华积分,6000,协助卡招募券,1,2023-09-22 03:00:00,2023-10-02 02:59:59
2000371,20005,301,嘉年华积分,1500,女神像,1,2023-09-22 03:00:00,2023-10-02 02:59:59
2000372,20005,401,嘉年华积分,700,琵琶晨光的碎片,1,2023-09-22 03:00:00,2023-10-02 02:59:59
2000373,20005,402,嘉年华积分,700,克里斯象征的碎片,1,2023-09-22 03:00:00,2023-10-02 02:59:59
2000374,20005,403,嘉年华积分,700,荒漠英雄的碎片,1,2023-09-22 03:00:00,2023-10-02 02:59:59
2000375,20005,404,嘉年华积分,700,黄金船的碎片,1,2023-09-22 03:00:00,2023-10-02 02:59:59
2000376,20005,405,嘉年华积分,700,待兼福来的碎片,1,2023-09-22 03:00:00,2023-10-02 02:59:59
2000377,20005,406,嘉年华积分,700,待兼福来的碎片,1,2023-09-22 03:00:00,2023-10-02 02:59:59
2000378,20005,501,嘉年华积分,1200,闹钟,1,2023-09-22 03:00:00,2023-10-02 02:59:59
2000379,20005,502,嘉年华积分,700,干劲满溢甜点,1,2023-09-22 03:00:00,2023-10-02 02:59:59
2000380,20005,601,嘉年华积分,2000,金币,1000,2023-09-22 03:00:00,2023-10-02 02:59:59
2000381,20005,602,嘉年华积分,2000,协助积分,500,2023-09-22 03:00:00,2023-10-02 02:59:59
2000382,20005,603,嘉年华积分,5000,宝冢纪念优胜锦旗,1,2023-09-22 03:00:00,2023-10-02 02:59:59
2000383,20005,604,嘉年华积分,5000,菊花奖优胜锦旗,1,2023-09-22 03:00:00,2023-10-02 02:59:59
2000384,20005,605,嘉年华积分,5000,全国德比优胜锦旗,1,2023-09-22 03:00:00,2023-10-02 02:59:59
2000385,20005,606,嘉年华积分,5000,中山大奖赛优胜锦旗,1,2023-09-22 03:00:00,2023-10-02 02:59:59
2000386,20005,607,嘉年华积分,5000,大阪杯优胜锦旗,1,2023-09-22 03:00:00,2023-10-02 02:59:59
2000387,20005,608,嘉年华积分,1000,长距离跑鞋,1,2023-09-22 03:00:00,2023-10-02 02:59:59
2000388,20006,101,嘉年华积分,30000,彩虹结晶片,1,2023-12-21 03:00:00,2023-12-31 02:59:59
2000389,20006,102,嘉年华积分,15000,金结晶片,1,2023-12-21 03:00:00,2023-12-31 02:59:59
2000390,20006,201,嘉年华积分,6000,养成优俊少女招募券,1,2023-12-21 03:00:00,2023-12-31 02:59:59
2000391,20006,202,嘉年华积分,6000,协助卡招募券,1,2023-12-21 03:00:00,2023-12-31 02:59:59
2000392,20006,301,嘉年华积分,1500,女神像,1,2023-12-21 03:00:00,2023-12-31 02:59:59
2000393,20006,401,嘉年华积分,700,山人西风的碎片,1,2023-12-21 03:00:00,2023-12-31 02:59:59
2000394,20006,402,嘉年华积分,700,美妙姿势的碎片,1,2023-12-21 03:00:00,2023-12-31 02:59:59
2000395,20006,403,嘉年华积分,700,葛城荣主的碎片,1,2023-12-21 03:00:00,2023-12-31 02:59:59
2000396,20006,404,嘉年华积分,700,爱慕织姬的碎片,1,2023-12-21 03:00:00,2023-12-31 02:59:59
2000397,20006,405,嘉年华积分,700,大和赤骥的碎片,1,2023-12-21 03:00:00,2023-12-31 02:59:59
2000398,20006,406,嘉年华积分,700,大和赤骥的碎片,1,2023-12-21 03:00:00,2023-12-31 02:59:59
2000399,20006,501,嘉年华积分,1200,闹钟,1,2023-12-21 03:00:00,2023-12-31 02:59:59
2000400,20006,502,嘉年华积分,700,干劲满溢甜点,1,2023-12-21 03:00:00,2023-12-31 02:59:59
2000401,20006,601,嘉年华积分,2000,金币,1000,2023-12-21 03:00:00,2023-12-31 02:59:59
2000402,20006,602,嘉年华积分,2000,协助积分,500,2023-12-21 03:00:00,2023-12-31 02:59:59
2000403,20006,603,嘉年华积分,5000,大阪杯优胜锦旗,1,2023-12-21 03:00:00,2023-12-31 02:59:59
2000404,20006,604,嘉年华积分,5000,樱花奖优胜锦旗,1,2023-12-21 03:00:00,2023-12-31 02:59:59
2000405,20006,605,嘉年华积分,5000,秋华奖优胜锦旗,1,2023-12-21 03:00:00,2023-12-31 02:59:59
2000406,20006,606,嘉年华积分,5000,伊丽莎白女王杯优胜锦旗,1,2023-12-21 03:00:00,2023-12-31 02:59:59
2000407,20006,607,嘉年华积分,5000,中山大奖赛优胜锦旗,1,2023-12-21 03:00:00,2023-12-31 02:59:59
2000408,20006,608,嘉年华积分,1000,中距离跑鞋,1,2023-12-21 03:00:00,2023-12-31 02:59:59
2000409,20007,101,嘉年华积分,30000,彩虹结晶片,1,2024-10-11 03:00:00,2024-10-23 02:59:59
2000410,20007,102,嘉年华积分,15000,金结晶片,1,2024-10-11 03:00:00,2024-10-23 02:59:59
2000411,20007,201,嘉年华积分,6000,养成优俊少女招募券,1,2024-10-11 03:00:00,2024-10-23 02:59:59
2000412,20007,202,嘉年华积分,6000,协助卡招募券,1,2024-10-11 03:00:00,2024-10-23 02:59:59
2000413,20007,301,嘉年华积分,1500,女神像,1,2024-10-11 03:00:00,2024-10-23 02:59:59
2000414,20007,401,嘉年华积分,700,丸善斯基的碎片,1,2024-10-11 03:00:00,2024-10-23 02:59:59
2000415,20007,402,嘉年华积分,700,艾尼风神的碎片,1,2024-10-11 03:00:00,2024-10-23 02:59:59
2000416,20007,403,嘉年华积分,700,目白多伯的碎片,1,2024-10-11 03:00:00,2024-10-23 02:59:59
2000417,20007,404,嘉年华积分,700,爱丽数码的碎片,1,2024-10-11 03:00:00,2024-10-23 02:59:59
2000418,20007,405,嘉年华积分,700,黄金城的碎片,1,2024-10-11 03:00:00,2024-10-23 02:59:59
2000419,20007,406,嘉年华积分,700,黄金城的碎片,1,2024-10-11 03:00:00,2024-10-23 02:59:59
2000420,20007,501,嘉年华积分,1200,闹钟,1,2024-10-11 03:00:00,2024-10-23 02:59:59
2000421,20007,502,嘉年华积分,700,干劲满溢甜点,1,2024-10-11 03:00:00,2024-10-23 02:59:59
2000422,20007,601,嘉年华积分,2000,金币,1000,2024-10-11 03:00:00,2024-10-23 02:59:59
2000423,20007,602,嘉年华积分,2000,协助积分,500,2024-10-11 03:00:00,2024-10-23 02:59:59
2000424,20007,603,嘉年华积分,1000,短距离跑鞋,1,2024-10-11 03:00:00,2024-10-23 02:59:59
2000425,20007,604,嘉年华积分,1000,英里跑鞋,1,2024-10-11 03:00:00,2024-10-23 02:59:59
2000426,20007,605,嘉年华积分,1000,中距离跑鞋,1,2024-10-11 03:00:00,2024-10-23 02:59:59
2000427,20007,606,嘉年华积分,1000,长距离跑鞋,1,2024-10-11 03:00:00,2024-10-23 02:59:59
2000428,20007,607,嘉年华积分,1000,泥地跑鞋,1,2024-10-11 03:00:00,2024-10-23 02:59:59
2000429,20007,608,嘉年华积分,5000,二月锦标赛优胜锦旗,1,2024-10-11 03:00:00,2024-10-23 02:59:59
2000430,20007,609,嘉年华积分,5000,中京短途赛优胜锦旗,1,2024-10-11 03:00:00,2024-10-23 02:59:59
2000431,20007,610,嘉年华积分,5000,大阪杯优胜锦旗,1,2024-10-11 03:00:00,2024-10-23 02:59:59
2000432,20007,611,嘉年华积分,5000,樱花奖优胜锦旗,1,2024-10-11 03:00:00,2024-10-23 02:59:59
2000433,20007,612,嘉年华积分,5000,皋月奖优胜锦旗,1,2024-10-11 03:00:00,2024-10-23 02:59:59
2000434,20007,613,嘉年华积分,5000,天王奖（春）优胜锦旗,1,2024-10-11 03:00:00,2024-10-23 02:59:59
2000435,20007,614,嘉年华积分,5000,广播协会英里杯优胜锦旗,1,2024-10-11 03:00:00,2024-10-23 02:59:59
2000436,20007,615,嘉年华积分,5000,维多利亚英里赛优胜锦旗,1,2024-10-11 03:00:00,2024-10-23 02:59:59
2000437,20007,616,嘉年华积分,5000,奥克斯优胜锦旗,1,2024-10-11 03:00:00,2024-10-23 02:59:59
2000438,20007,617,嘉年华积分,5000,全国德比优胜锦旗,1,2024-10-11 03:00:00,2024-10-23 02:59:59
2000439,20007,618,嘉年华积分,5000,东京英里赛优胜锦旗,1,2024-10-11 03:00:00,2024-10-23 02:59:59
2000440,20007,619,嘉年华积分,5000,宝冢纪念优胜锦旗,1,2024-10-11 03:00:00,2024-10-23 02:59:59
2000441,20007,620,嘉年华积分,5000,短途者锦标赛优胜锦旗,1,2024-10-11 03:00:00,2024-10-23 02:59:59
2000442,20007,621,嘉年华积分,5000,秋华奖优胜锦旗,1,2024-10-11 03:00:00,2024-10-23 02:59:59
2000443,20007,622,嘉年华积分,5000,菊花奖优胜锦旗,1,2024-10-11 03:00:00,2024-10-23 02:59:59
2000444,20007,623,嘉年华积分,5000,天王奖（秋）优胜锦旗,1,2024-10-11 03:00:00,2024-10-23 02:59:59
2000445,20007,624,嘉年华积分,5000,英里冠军赛优胜锦旗,1,2024-10-11 03:00:00,2024-10-23 02:59:59
2000446,20007,625,嘉年华积分,5000,伊丽莎白女王杯优胜锦旗,1,2024-10-11 03:00:00,2024-10-23 02:59:59
2000447,20007,626,嘉年华积分,5000,全国杯优胜锦旗,1,2024-10-11 03:00:00,2024-10-23 02:59:59
2000448,20007,627,嘉年华积分,5000,全国冠军杯优胜锦旗,1,2024-10-11 03:00:00,2024-10-23 02:59:59
2000449,20007,628,嘉年华积分,5000,阪神初级少女杯赛优胜锦旗,1,2024-10-11 03:00:00,2024-10-23 02:59:59
2000450,20007,629,嘉年华积分,5000,朝日杯未来锦标赛优胜锦旗,1,2024-10-11 03:00:00,2024-10-23 02:59:59
2000451,20007,630,嘉年华积分,5000,中山大奖赛优胜锦旗,1,2024-10-11 03:00:00,2024-10-23 02:59:59
2000452,20007,631,嘉年华积分,5000,希望锦标赛优胜锦旗,1,2024-10-11 03:00:00,2024-10-23 02:59:59
2000453,20007,632,嘉年华积分,5000,全国泥地德比优胜锦旗,1,2024-10-11 03:00:00,2024-10-23 02:59:59
2000454,20007,633,嘉年华积分,5000,全国育成杯短途赛优胜锦旗,1,2024-10-11 03:00:00,2024-10-23 02:59:59
2000455,20007,634,嘉年华积分,5000,全国育成杯经典赛优胜锦旗,1,2024-10-11 03:00:00,2024-10-23 02:59:59
2000456,20007,635,嘉年华积分,5000,全国育成杯女士经典赛优胜锦旗,1,2024-10-11 03:00:00,2024-10-23 02:59:59
2000457,20007,636,嘉年华积分,5000,帝王奖优胜锦旗,1,2024-10-11 03:00:00,2024-10-23 02:59:59
2000458,20007,637,嘉年华积分,5000,东京盛典赛优胜锦旗,1,2024-10-11 03:00:00,2024-10-23 02:59:59
2000459,20007,638,嘉年华积分,5000,川崎纪念优胜锦旗,1,2024-10-11 03:00:00,2024-10-23 02:59:59
2000460,20007,639,嘉年华积分,5000,全国初级优俊优胜锦旗,1,2024-10-11 03:00:00,2024-10-23 02:59:59
2000461,20007,640,嘉年华积分,5000,柏市纪念优胜锦旗,1,2024-10-11 03:00:00,2024-10-23 02:59:59
2000462,20007,641,嘉年华积分,5000,英里冠军南部杯优胜锦旗,1,2024-10-11 03:00:00,2024-10-23 02:59:59
3010001,12002,1,金币,1000,闹钟,1,2022-02-14 03:00:00,2022-03-29 02:59:59
3010002,12002,2,金币,45000,养成优俊少女招募券,1,2022-02-14 03:00:00,2022-03-29 02:59:59
3010003,12002,3,金币,4500,能量饮料30,1,2022-02-24 03:00:00,2022-03-29 02:59:59
3010004,12002,4,金币,45000,协助卡招募券,1,2022-02-24 03:00:00,2022-03-29 02:59:59
3010005,12002,5,金币,3000,干劲满溢甜点,1,2022-03-07 03:00:00,2022-03-29 02:59:59
3010006,12002,6,金币,7500,启发书,1,2022-03-07 03:00:00,2022-03-29 02:59:59
3010007,12002,7,金币,15000,启发专业书,1,2022-03-07 03:00:00,2022-03-29 02:59:59
3010008,12002,8,金币,30000,稀有启发书,1,2022-03-07 03:00:00,2022-03-29 02:59:59
3010009,12002,9,金币,45000,稀有启发专业书,1,2022-03-07 03:00:00,2022-03-29 02:59:59
3020001,12000,1,好友积分,100,闹钟,1,2022-02-14 03:00:00,2022-03-29 02:59:59
3020002,12000,2,好友积分,10000,2★或以上新人出道招募第1期,1,2022-02-14 03:00:00,2022-03-29 02:59:59
3020003,12000,3,好友积分,10000,稀有或以上新人出道招募第1期,1,2022-02-14 03:00:00,2022-03-29 02:59:59
3020004,12000,4,好友积分,300,能量饮料30,1,2022-02-24 03:00:00,2022-03-29 02:59:59
3020005,12000,5,好友积分,3000,养成优俊少女招募券,1,2022-02-24 03:00:00,2022-03-29 02:59:59
3020006,12000,6,好友积分,250,干劲满溢甜点,1,2022-03-07 03:00:00,2022-03-29 02:59:59
3020007,12000,7,好友积分,3000,协助卡招募券,1,2022-03-07 03:00:00,2022-03-29 02:59:59
3020008,12000,8,好友积分,500,启发书,1,2022-03-07 03:00:00,2022-03-29 02:59:59
3020009,12000,9,好友积分,1000,启发专业书,1,2022-03-07 03:00:00,2022-03-29 02:59:59
3020010,12000,10,好友积分,2000,稀有启发书,1,2022-03-07 03:00:00,2022-03-29 02:59:59
3020011,12000,11,好友积分,3000,稀有启发专业书,1,2022-03-07 03:00:00,2022-03-29 02:59:59
3030001,12001,1,社团积分,10,闹钟,1,2022-02-14 03:00:00,2022-03-29 02:59:59
3030002,12001,2,社团积分,300,协助卡招募券,1,2022-02-14 03:00:00,2022-03-29 02:59:59
3030003,12001,3,社团积分,30,能量饮料30,1,2022-02-24 03:00:00,2022-03-29 02:59:59
3030004,12001,4,社团积分,2000,彩虹结晶片,1,2022-02-24 03:00:00,2022-03-29 02:59:59
3030005,12001,5,社团积分,500,金结晶片,1,2022-02-24 03:00:00,2022-03-29 02:59:59
3030006,12001,6,社团积分,25,干劲满溢甜点,1,2022-03-07 03:00:00,2022-03-29 02:59:59
3030007,12001,7,社团积分,300,养成优俊少女招募券,1,2022-03-07 03:00:00,2022-03-29 02:59:59
3030008,12001,8,社团积分,50,启发书,1,2022-03-07 03:00:00,2022-03-29 02:59:59
3030009,12001,9,社团积分,100,启发专业书,1,2022-03-07 03:00:00,2022-03-29 02:59:59
3030010,12001,10,社团积分,200,稀有启发书,1,2022-03-07 03:00:00,2022-03-29 02:59:59
3030011,12001,11,社团积分,300,稀有启发专业书,1,2022-03-07 03:00:00,2022-03-29 02:59:59
3040001,12003,1,金币,1000,闹钟,1,2022-08-16 03:00:00,2022-09-29 02:59:59
3040002,12003,2,金币,15000,启发书,1,2022-08-16 03:00:00,2022-09-29 02:59:59
3040003,12003,3,金币,30000,启发专业书,1,2022-08-16 03:00:00,2022-09-29 02:59:59
3040004,12003,4,金币,60000,稀有启发书,1,2022-08-16 03:00:00,2022-09-29 02:59:59
3040005,12003,5,金币,90000,稀有启发专业书,1,2022-08-16 03:00:00,2022-09-29 02:59:59
3040006,12003,6,金币,2500,干劲满溢甜点,1,2022-08-24 03:00:00,2022-09-29 02:59:59
3040007,12003,7,金币,5000,迷你胡萝卜果冻,1,2022-08-24 03:00:00,2022-09-29 02:59:59
3040008,12003,8,金币,100000,养成优俊少女招募券,1,2022-08-24 03:00:00,2022-09-29 02:59:59
3040009,12003,9,金币,100000,协助卡招募券,1,2022-08-24 03:00:00,2022-09-29 02:59:59
3040010,12003,10,金币,5000,能量饮料30,1,2022-09-02 03:00:00,2022-09-29 02:59:59
3040011,12003,11,金币,100000,养成优俊少女招募券,1,2022-09-02 03:00:00,2022-09-29 02:59:59
3040012,12003,12,金币,100000,协助卡招募券,1,2022-09-02 03:00:00,2022-09-29 02:59:59
3050001,12004,1,好友积分,100,闹钟,1,2022-08-16 03:00:00,2022-09-29 02:59:59
3050002,12004,2,好友积分,500,启发书,1,2022-08-16 03:00:00,2022-09-29 02:59:59
3050003,12004,3,好友积分,1000,启发专业书,1,2022-08-16 03:00:00,2022-09-29 02:59:59
3050004,12004,4,好友积分,2000,稀有启发书,1,2022-08-16 03:00:00,2022-09-29 02:59:59
3050005,12004,5,好友积分,3000,稀有启发专业书,1,2022-08-16 03:00:00,2022-09-29 02:59:59
3050006,12004,6,好友积分,3000,养成优俊少女招募券,1,2022-08-16 03:00:00,2022-09-29 02:59:59
3050007,12004,7,好友积分,3000,协助卡招募券,1,2022-08-16 03:00:00,2022-09-29 02:59:59
3050008,12004,8,好友积分,250,干劲满溢甜点,1,2022-08-24 03:00:00,2022-09-29 02:59:59
3050009,12004,9,好友积分,500,迷你胡萝卜果冻,1,2022-08-24 03:00:00,2022-09-29 02:59:59
3050010,12004,10,好友积分,10000,2★或以上新人出道招募第1期,1,2022-08-24 03:00:00,2022-09-29 02:59:59
3050011,12004,11,好友积分,10000,稀有或以上新人出道招募第1期,1,2022-08-24 03:00:00,2022-09-29 02:59:59
3050012,12004,12,好友积分,500,能量饮料30,1,2022-09-02 03:00:00,2022-09-29 02:59:59
3060001,12005,70,金币,2500,干劲满溢甜点,1,2023-02-14 03:00:00,2023-03-29 02:59:59
3060002,12005,80,金币,5000,迷你胡萝卜果冻,1,2023-02-14 03:00:00,2023-03-29 02:59:59
3060003,12005,10,金币,100000,梦想光辉,1,2023-02-14 03:00:00,2023-03-29 02:59:59
3060004,12005,40,金币,15000,启发书,1,2023-02-14 03:00:00,2023-03-29 02:59:59
3060005,12005,41,金币,30000,启发专业书,1,2023-02-14 03:00:00,2023-03-29 02:59:59
3060006,12005,42,金币,60000,稀有启发书,1,2023-02-14 03:00:00,2023-03-29 02:59:59
3060007,12005,43,金币,90000,稀有启发专业书,1,2023-02-14 03:00:00,2023-03-29 02:59:59
3060008,12005,50,金币,5000,能量饮料30,1,2023-02-24 03:00:00,2023-03-29 02:59:59
3060009,12005,60,金币,1000,闹钟,1,2023-02-24 03:00:00,2023-03-29 02:59:59
3060010,12005,20,金币,100000,养成优俊少女招募券,1,2023-02-24 03:00:00,2023-03-29 02:59:59
3060011,12005,30,金币,100000,协助卡招募券,1,2023-02-24 03:00:00,2023-03-29 02:59:59
3060012,12005,1,金币,400000,彩虹结晶片,1,2023-02-24 03:00:00,2023-03-29 02:59:59
3060013,12005,2,金币,100000,金结晶片,1,2023-02-24 03:00:00,2023-03-29 02:59:59
3060014,12005,71,金币,2500,干劲满溢甜点,1,2023-03-10 03:00:00,2023-03-29 02:59:59
3060015,12005,81,金币,5000,迷你胡萝卜果冻,1,2023-03-10 03:00:00,2023-03-29 02:59:59
3060016,12005,21,金币,100000,养成优俊少女招募券,1,2023-03-10 03:00:00,2023-03-29 02:59:59
3060017,12005,31,金币,100000,协助卡招募券,1,2023-03-10 03:00:00,2023-03-29 02:59:59
3070001,12006,80,好友积分,250,干劲满溢甜点,1,2023-02-14 03:00:00,2023-03-29 02:59:59
3070002,12006,90,好友积分,500,迷你胡萝卜果冻,1,2023-02-14 03:00:00,2023-03-29 02:59:59
3070003,12006,50,好友积分,500,启发书,1,2023-02-14 03:00:00,2023-03-29 02:59:59
3070004,12006,51,好友积分,1000,启发专业书,1,2023-02-14 03:00:00,2023-03-29 02:59:59
3070005,12006,52,好友积分,2000,稀有启发书,1,2023-02-14 03:00:00,2023-03-29 02:59:59
3070006,12006,53,好友积分,3000,稀有启发专业书,1,2023-02-14 03:00:00,2023-03-29 02:59:59
3070007,12006,30,好友积分,3000,养成优俊少女招募券,1,2023-02-14 03:00:00,2023-03-29 02:59:59
3070008,12006,40,好友积分,3000,协助卡招募券,1,2023-02-14 03:00:00,2023-03-29 02:59:59
3070009,12006,60,好友积分,500,能量饮料30,1,2023-02-24 03:00:00,2023-03-29 02:59:59
3070010,12006,70,好友积分,100,闹钟,1,2023-02-24 03:00:00,2023-03-29 02:59:59
3070011,12006,10,好友积分,10000,2★或以上新人出道招募第3期,1,2023-02-24 03:00:00,2023-03-29 02:59:59
3070012,12006,20,好友积分,10000,稀有或以上新人出道招募第3期,1,2023-02-24 03:00:00,2023-03-29 02:59:59
3070013,12006,81,好友积分,250,干劲满溢甜点,1,2023-03-10 03:00:00,2023-03-29 02:59:59
3070014,12006,91,好友积分,500,迷你胡萝卜果冻,1,2023-03-10 03:00:00,2023-03-29 02:59:59
3080001,12007,70,金币,2500,干劲满溢甜点,1,2023-08-14 03:00:00,2023-09-29 02:59:59
3080002,12007,80,金币,5000,迷你胡萝卜果冻,1,2023-08-14 03:00:00,2023-09-29 02:59:59
3080003,12007,10,金币,1000,梦想光辉,1,2023-08-14 03:00:00,2023-09-29 02:59:59
3080004,12007,40,金币,5000,启发书,1,2023-08-14 03:00:00,2023-09-29 02:59:59
3080005,12007,41,金币,10000,启发专业书,1,2023-08-14 03:00:00,2023-09-29 02:59:59
3080006,12007,42,金币,20000,稀有启发书,1,2023-08-14 03:00:00,2023-09-29 02:59:59
3080007,12007,43,金币,30000,稀有启发专业书,1,2023-08-14 03:00:00,2023-09-29 02:59:59
3080008,12007,50,金币,5000,能量饮料30,1,2023-08-24 03:00:00,2023-09-29 02:59:59
3080009,12007,60,金币,1000,闹钟,1,2023-08-24 03:00:00,2023-09-29 02:59:59
3080010,12007,20,金币,100000,养成优俊少女招募券,1,2023-08-24 03:00:00,2023-09-29 02:59:59
3080011,12007,30,金币,100000,协助卡招募券,1,2023-08-24 03:00:00,2023-09-29 02:59:59
3080012,12007,1,金币,400000,彩虹结晶片,1,2023-08-24 03:00:00,2023-09-29 02:59:59
3080013,12007,2,金币,100000,金结晶片,1,2023-08-24 03:00:00,2023-09-29 02:59:59
3080014,12007,71,金币,2500,干劲满溢甜点,1,2023-09-04 03:00:00,2023-09-29 02:59:59
3080015,12007,72,金币,2500,晴天娃娃,1,2023-09-04 03:00:00,2023-09-29 02:59:59
3080016,12007,73,金币,2500,雨天娃娃,1,2023-09-04 03:00:00,2023-09-29 02:59:59
3080017,12007,74,金币,2500,内道抽选球,1,2023-09-04 03:00:00,2023-09-29 02:59:59
3080018,12007,75,金币,2500,外道抽选球,1,2023-09-04 03:00:00,2023-09-29 02:59:59
3080019,12007,81,金币,5000,迷你胡萝卜果冻,1,2023-09-04 03:00:00,2023-09-29 02:59:59
3080020,12007,21,金币,100000,养成优俊少女招募券,1,2023-09-04 03:00:00,2023-09-29 02:59:59
3080021,12007,31,金币,100000,协助卡招募券,1,2023-09-04 03:00:00,2023-09-29 02:59:59
3090001,12008,80,好友积分,250,干劲满溢甜点,1,2023-08-14 03:00:00,2023-09-29 02:59:59
3090002,12008,90,好友积分,500,迷你胡萝卜果冻,1,2023-08-14 03:00:00,2023-09-29 02:59:59
3090003,12008,50,好友积分,125,启发书,1,2023-08-14 03:00:00,2023-09-29 02:59:59
3090004,12008,51,好友积分,250,启发专业书,1,2023-08-14 03:00:00,2023-09-29 02:59:59
3090005,12008,52,好友积分,500,稀有启发书,1,2023-08-14 03:00:00,2023-09-29 02:59:59
3090006,12008,53,好友积分,750,稀有启发专业书,1,2023-08-14 03:00:00,2023-09-29 02:59:59
3090007,12008,30,好友积分,3000,养成优俊少女招募券,1,2023-08-14 03:00:00,2023-09-29 02:59:59
3090008,12008,40,好友积分,3000,协助卡招募券,1,2023-08-14 03:00:00,2023-09-29 02:59:59
3090009,12008,60,好友积分,500,能量饮料30,1,2023-08-24 03:00:00,2023-09-29 02:59:59
3090010,12008,70,好友积分,100,闹钟,1,2023-08-24 03:00:00,2023-09-29 02:59:59
3090011,12008,10,好友积分,5000,2★或以上新人出道招募第3期,1,2023-08-24 03:00:00,2023-09-29 02:59:59
3090012,12008,20,好友积分,5000,稀有或以上新人出道招募第3期,1,2023-08-24 03:00:00,2023-09-29 02:59:59
3090013,12008,81,好友积分,250,干劲满溢甜点,1,2023-09-04 03:00:00,2023-09-29 02:59:59
3090014,12008,82,好友积分,250,晴天娃娃,1,2023-09-04 03:00:00,2023-09-29 02:59:59
3090015,12008,83,好友积分,250,雨天娃娃,1,2023-09-04 03:00:00,2023-09-29 02:59:59
3090016,12008,84,好友积分,250,内道抽选球,1,2023-09-04 03:00:00,2023-09-29 02:59:59
3090017,12008,85,好友积分,250,外道抽选球,1,2023-09-04 03:00:00,2023-09-29 02:59:59
3090018,12008,91,好友积分,500,迷你胡萝卜果冻,1,2023-09-04 03:00:00,2023-09-29 02:59:59
3100001,12009,70,金币,5000,能量饮料30,1,2024-02-14 03:00:00,2024-03-29 02:59:59
3100002,12009,80,金币,1000,闹钟,1,2024-02-14 03:00:00,2024-03-29 02:59:59
3100003,12009,10,金币,1000,梦想光辉,1,2024-02-14 03:00:00,2024-03-29 02:59:59
3100004,12009,40,金币,5000,启发书,1,2024-02-14 03:00:00,2024-03-29 02:59:59
3100005,12009,41,金币,10000,启发专业书,1,2024-02-14 03:00:00,2024-03-29 02:59:59
3100006,12009,42,金币,20000,稀有启发书,1,2024-02-14 03:00:00,2024-03-29 02:59:59
3100007,12009,43,金币,30000,稀有启发专业书,1,2024-02-14 03:00:00,2024-03-29 02:59:59
3100008,12009,71,金币,5000,能量饮料30,1,2024-02-24 03:00:00,2024-03-29 02:59:59
3100009,12009,81,金币,1000,闹钟,1,2024-02-24 03:00:00,2024-03-29 02:59:59
3100010,12009,20,金币,100000,养成优俊少女招募券,1,2024-02-24 03:00:00,2024-03-29 02:59:59
3100011,12009,30,金币,100000,协助卡招募券,1,2024-02-24 03:00:00,2024-03-29 02:59:59
3100012,12009,3,金币,100000,★2以上メイクデビューガチャ第４R,1,2024-02-24 03:00:00,2024-03-29 02:59:59
3100013,12009,4,金币,100000,SR以上メイクデビューガチャ第４R,1,2024-02-24 03:00:00,2024-03-29 02:59:59
3100014,12009,1,金币,400000,彩虹结晶片,1,2024-02-24 03:00:00,2024-03-29 02:59:59
3100015,12009,2,金币,100000,金结晶片,1,2024-02-24 03:00:00,2024-03-29 02:59:59
3100016,12009,82,金币,2500,干劲满溢甜点,1,2024-03-12 03:00:00,2024-03-29 02:59:59
3100017,12009,84,金币,2500,晴天娃娃,1,2024-03-12 03:00:00,2024-03-29 02:59:59
3100018,12009,85,金币,2500,雨天娃娃,1,2024-03-12 03:00:00,2024-03-29 02:59:59
3100019,12009,86,金币,2500,内道抽选球,1,2024-03-12 03:00:00,2024-03-29 02:59:59
3100020,12009,87,金币,2500,外道抽选球,1,2024-03-12 03:00:00,2024-03-29 02:59:59
3100021,12009,83,金币,5000,迷你胡萝卜果冻,1,2024-03-12 03:00:00,2024-03-29 02:59:59
3100022,12009,21,金币,100000,养成优俊少女招募券,1,2024-03-12 03:00:00,2024-03-29 02:59:59
3100023,12009,31,金币,100000,协助卡招募券,1,2024-03-12 03:00:00,2024-03-29 02:59:59
3110001,12010,80,好友积分,500,能量饮料30,1,2024-02-14 03:00:00,2024-03-29 02:59:59
3110002,12010,90,好友积分,100,闹钟,1,2024-02-14 03:00:00,2024-03-29 02:59:59
3110003,12010,50,好友积分,125,启发书,1,2024-02-14 03:00:00,2024-03-29 02:59:59
3110004,12010,51,好友积分,250,启发专业书,1,2024-02-14 03:00:00,2024-03-29 02:59:59
3110005,12010,52,好友积分,500,稀有启发书,1,2024-02-14 03:00:00,2024-03-29 02:59:59
3110006,12010,53,好友积分,750,稀有启发专业书,1,2024-02-14 03:00:00,2024-03-29 02:59:59
3110007,12010,30,好友积分,3000,养成优俊少女招募券,1,2024-02-14 03:00:00,2024-03-29 02:59:59
3110008,12010,40,好友积分,3000,协助卡招募券,1,2024-02-14 03:00:00,2024-03-29 02:59:59
3110009,12010,81,好友积分,500,能量饮料30,1,2024-02-24 03:00:00,2024-03-29 02:59:59
3110010,12010,91,好友积分,100,闹钟,1,2024-02-24 03:00:00,2024-03-29 02:59:59
3110011,12010,10,好友积分,3000,★2以上メイクデビューガチャ第４R,1,2024-02-24 03:00:00,2024-03-29 02:59:59
3110012,12010,20,好友积分,3000,SR以上メイクデビューガチャ第４R,1,2024-02-24 03:00:00,2024-03-29 02:59:59
3110013,12010,92,好友积分,250,干劲满溢甜点,1,2024-03-12 03:00:00,2024-03-29 02:59:59
3110014,12010,94,好友积分,250,晴天娃娃,1,2024-03-12 03:00:00,2024-03-29 02:59:59
3110015,12010,95,好友积分,250,雨天娃娃,1,2024-03-12 03:00:00,2024-03-29 02:59:59
3110016,12010,96,好友积分,250,内道抽选球,1,2024-03-12 03:00:00,2024-03-29 02:59:59
3110017,12010,97,好友积分,250,外道抽选球,1,2024-03-12 03:00:00,2024-03-29 02:59:59
3110018,12010,93,好友积分,500,迷你胡萝卜果冻,1,2024-03-12 03:00:00,2024-03-29 02:59:59
3120001,12011,70,金币,5000,迷你胡萝卜果冻,1,2024-08-14 03:00:00,2024-09-30 02:59:59
3120002,12011,50,金币,1000,闹钟,1,2024-08-14 03:00:00,2024-09-30 02:59:59
3120003,12011,10,金币,500,梦想光辉,1,2024-08-14 03:00:00,2024-09-30 02:59:59
3120004,12011,30,金币,2500,启发书,1,2024-08-14 03:00:00,2024-09-30 02:59:59
3120005,12011,31,金币,5000,启发专业书,1,2024-08-14 03:00:00,2024-09-30 02:59:59
3120006,12011,32,金币,10000,稀有启发书,1,2024-08-14 03:00:00,2024-09-30 02:59:59
3120007,12011,33,金币,15000,稀有启发专业书,1,2024-08-14 03:00:00,2024-09-30 02:59:59
3120008,12011,40,金币,5000,能量饮料30,1,2024-08-24 03:00:00,2024-09-30 02:59:59
3120009,12011,51,金币,1000,闹钟,1,2024-08-24 03:00:00,2024-09-30 02:59:59
3120010,12011,20,金币,100000,养成优俊少女招募券,1,2024-08-24 03:00:00,2024-09-30 02:59:59
3120011,12011,22,金币,100000,协助卡招募券,1,2024-08-24 03:00:00,2024-09-30 02:59:59
3120012,12011,3,金币,100000,★2以上メイクデビューガチャ第４R,1,2024-08-24 03:00:00,2024-09-30 02:59:59
3120013,12011,4,金币,100000,SR以上メイクデビューガチャ第４R,1,2024-08-24 03:00:00,2024-09-30 02:59:59
3120014,12011,1,金币,400000,彩虹结晶片,1,2024-08-24 03:00:00,2024-09-30 02:59:59
3120015,12011,2,金币,100000,金结晶片,1,2024-08-24 03:00:00,2024-09-30 02:59:59
3120016,12011,41,金币,5000,能量饮料30,1,2024-09-10 03:00:00,2024-09-30 02:59:59
3120017,12011,71,金币,5000,迷你胡萝卜果冻,1,2024-09-10 03:00:00,2024-09-30 02:59:59
3120018,12011,60,金币,2500,干劲满溢甜点,1,2024-09-10 03:00:00,2024-09-30 02:59:59
3120019,12011,80,金币,2500,晴天娃娃,1,2024-09-10 03:00:00,2024-09-30 02:59:59
3120020,12011,81,金币,2500,雨天娃娃,1,2024-09-10 03:00:00,2024-09-30 02:59:59
3120021,12011,82,金币,2500,内道抽选球,1,2024-09-10 03:00:00,2024-09-30 02:59:59
3120022,12011,83,金币,2500,外道抽选球,1,2024-09-10 03:00:00,2024-09-30 02:59:59
3120023,12011,21,金币,100000,养成优俊少女招募券,1,2024-09-10 03:00:00,2024-09-30 02:59:59
3120024,12011,23,金币,100000,协助卡招募券,1,2024-09-10 03:00:00,2024-09-30 02:59:59
3130001,12012,70,好友积分,500,迷你胡萝卜果冻,1,2024-08-14 03:00:00,2024-09-30 02:59:59
3130002,12012,50,好友积分,100,闹钟,1,2024-08-14 03:00:00,2024-09-30 02:59:59
3130003,12012,30,好友积分,125,启发书,1,2024-08-14 03:00:00,2024-09-30 02:59:59
3130004,12012,31,好友积分,250,启发专业书,1,2024-08-14 03:00:00,2024-09-30 02:59:59
3130005,12012,32,好友积分,500,稀有启发书,1,2024-08-14 03:00:00,2024-09-30 02:59:59
3130006,12012,33,好友积分,750,稀有启发专业书,1,2024-08-14 03:00:00,2024-09-30 02:59:59
3130007,12012,20,好友积分,3000,养成优俊少女招募券,1,2024-08-14 03:00:00,2024-09-30 02:59:59
3130008,12012,21,好友积分,3000,协助卡招募券,1,2024-08-14 03:00:00,2024-09-30 02:59:59
3130009,12012,40,好友积分,500,能量饮料30,1,2024-08-24 03:00:00,2024-09-30 02:59:59
3130010,12012,51,好友积分,100,闹钟,1,2024-08-24 03:00:00,2024-09-30 02:59:59
3130011,12012,3,好友积分,3000,★2以上メイクデビューガチャ第４R,1,2024-08-24 03:00:00,2024-09-30 02:59:59
3130012,12012,4,好友积分,3000,SR以上メイクデビューガチャ第４R,1,2024-08-24 03:00:00,2024-09-30 02:59:59
3130013,12012,41,好友积分,500,能量饮料30,1,2024-09-10 03:00:00,2024-09-30 02:59:59
3130014,12012,71,好友积分,500,迷你胡萝卜果冻,1,2024-09-10 03:00:00,2024-09-30 02:59:59
3130015,12012,60,好友积分,250,干劲满溢甜点,1,2024-09-10 03:00:00,2024-09-30 02:59:59
3130016,12012,80,好友积分,250,晴天娃娃,1,2024-09-10 03:00:00,2024-09-30 02:59:59
3130017,12012,81,好友积分,250,雨天娃娃,1,2024-09-10 03:00:00,2024-09-30 02:59:59
3130018,12012,82,好友积分,250,内道抽选球,1,2024-09-10 03:00:00,2024-09-30 02:59:59
3130019,12012,83,好友积分,250,外道抽选球,1,2024-09-10 03:00:00,2024-09-30 02:59:59
3140001,12013,70,金币,5000,迷你胡萝卜果冻,1,2025-02-14 03:00:00,2025-03-31 02:59:59
3140002,12013,50,金币,1000,闹钟,1,2025-02-14 03:00:00,2025-03-31 02:59:59
3140003,12013,60,金币,2500,干劲满溢甜点,1,2025-02-14 03:00:00,2025-03-31 02:59:59
3140004,12013,80,金币,2500,晴天娃娃,1,2025-02-14 03:00:00,2025-03-31 02:59:59
3140005,12013,81,金币,2500,雨天娃娃,1,2025-02-14 03:00:00,2025-03-31 02:59:59
3140006,12013,82,金币,2500,内道抽选球,1,2025-02-14 03:00:00,2025-03-31 02:59:59
3140007,12013,83,金币,2500,外道抽选球,1,2025-02-14 03:00:00,2025-03-31 02:59:59
3140008,12013,40,金币,5000,能量饮料30,1,2025-02-24 03:00:00,2025-03-31 02:59:59
3140009,12013,51,金币,1000,闹钟,1,2025-02-24 03:00:00,2025-03-31 02:59:59
3140010,12013,20,金币,100000,养成优俊少女招募券,1,2025-02-24 03:00:00,2025-03-31 02:59:59
3140011,12013,22,金币,100000,协助卡招募券,1,2025-02-24 03:00:00,2025-03-31 02:59:59
3140012,12013,3,金币,100000,★2以上メイクデビューガチャ第５R,1,2025-02-24 03:00:00,2025-03-31 02:59:59
3140013,12013,4,金币,100000,SR以上メイクデビューガチャ第５R,1,2025-02-24 03:00:00,2025-03-31 02:59:59
3140014,12013,1,金币,400000,彩虹结晶片,1,2025-02-24 03:00:00,2025-03-31 02:59:59
3140015,12013,2,金币,100000,金结晶片,1,2025-02-24 03:00:00,2025-03-31 02:59:59
3140016,12013,41,金币,5000,能量饮料30,1,2025-03-11 03:00:00,2025-03-31 02:59:59
3140017,12013,71,金币,5000,迷你胡萝卜果冻,1,2025-03-11 03:00:00,2025-03-31 02:59:59
3140018,12013,10,金币,500,梦想光辉,1,2025-03-11 03:00:00,2025-03-31 02:59:59
3140019,12013,30,金币,2500,启发书,1,2025-03-11 03:00:00,2025-03-31 02:59:59
3140020,12013,31,金币,5000,启发专业书,1,2025-03-11 03:00:00,2025-03-31 02:59:59
3140021,12013,32,金币,10000,稀有启发书,1,2025-03-11 03:00:00,2025-03-31 02:59:59
3140022,12013,33,金币,15000,稀有启发专业书,1,2025-03-11 03:00:00,2025-03-31 02:59:59
3140023,12013,21,金币,100000,养成优俊少女招募券,1,2025-03-11 03:00:00,2025-03-31 02:59:59
3140024,12013,23,金币,100000,协助卡招募券,1,2025-03-11 03:00:00,2025-03-31 02:59:59
3150001,12014,70,好友积分,500,迷你胡萝卜果冻,1,2025-02-14 03:00:00,2025-03-31 02:59:59
3150002,12014,50,好友积分,100,闹钟,1,2025-02-14 03:00:00,2025-03-31 02:59:59
3150003,12014,60,好友积分,250,干劲满溢甜点,1,2025-02-14 03:00:00,2025-03-31 02:59:59
3150004,12014,80,好友积分,250,晴天娃娃,1,2025-02-14 03:00:00,2025-03-31 02:59:59
3150005,12014,81,好友积分,250,雨天娃娃,1,2025-02-14 03:00:00,2025-03-31 02:59:59
3150006,12014,82,好友积分,250,内道抽选球,1,2025-02-14 03:00:00,2025-03-31 02:59:59
3150007,12014,83,好友积分,250,外道抽选球,1,2025-02-14 03:00:00,2025-03-31 02:59:59
3150008,12014,20,好友积分,3000,养成优俊少女招募券,1,2025-02-14 03:00:00,2025-03-31 02:59:59
3150009,12014,21,好友积分,3000,协助卡招募券,1,2025-02-14 03:00:00,2025-03-31 02:59:59
3150010,12014,40,好友积分,500,能量饮料30,1,2025-02-24 03:00:00,2025-03-31 02:59:59
3150011,12014,51,好友积分,100,闹钟,1,2025-02-24 03:00:00,2025-03-31 02:59:59
3150012,12014,3,好友积分,3000,★2以上メイクデビューガチャ第５R,1,2025-02-24 03:00:00,2025-03-31 02:59:59
3150013,12014,4,好友积分,3000,SR以上メイクデビューガチャ第５R,1,2025-02-24 03:00:00,2025-03-31 02:59:59
3150014,12014,45,好友积分,250,收藏室钥匙,1,2025-02-24 03:00:00,2025-03-31 02:59:59
3150015,12014,41,好友积分,500,能量饮料30,1,2025-03-11 03:00:00,2025-03-31 02:59:59
3150016,12014,71,好友积分,500,迷你胡萝卜果冻,1,2025-03-11 03:00:00,2025-03-31 02:59:59
3150017,12014,30,好友积分,125,启发书,1,2025-03-11 03:00:00,2025-03-31 02:59:59
3150018,12014,31,好友积分,250,启发专业书,1,2025-03-11 03:00:00,2025-03-31 02:59:59
3150019,12014,32,好友积分,500,稀有启发书,1,2025-03-11 03:00:00,2025-03-31 02:59:59
3150020,12014,33,好友积分,750,稀有启发专业书,1,2025-03-11 03:00:00,2025-03-31 02:59:59
3160001,12015,19,金币,5000,迷你胡萝卜果冻,1,2025-08-14 03:00:00,2025-09-29 02:59:59
3160002,12015,16,金币,1000,闹钟,1,2025-08-14 03:00:00,2025-09-29 02:59:59
3160003,12015,18,金币,2500,干劲满溢甜点,1,2025-08-14 03:00:00,2025-09-29 02:59:59
3160004,12015,21,金币,2500,晴天娃娃,1,2025-08-14 03:00:00,2025-09-29 02:59:59
3160005,12015,22,金币,2500,雨天娃娃,1,2025-08-14 03:00:00,2025-09-29 02:59:59
3160006,12015,23,金币,2500,内道抽选球,1,2025-08-14 03:00:00,2025-09-29 02:59:59
3160007,12015,24,金币,2500,外道抽选球,1,2025-08-14 03:00:00,2025-09-29 02:59:59
3160008,12015,14,金币,5000,能量饮料30,1,2025-08-24 03:00:00,2025-09-29 02:59:59
3160009,12015,17,金币,1000,闹钟,1,2025-08-24 03:00:00,2025-09-29 02:59:59
3160010,12015,6,金币,100000,养成优俊少女招募券,1,2025-08-24 03:00:00,2025-09-29 02:59:59
3160011,12015,8,金币,100000,协助卡招募券,1,2025-08-24 03:00:00,2025-09-29 02:59:59
3160012,12015,3,金币,100000,★2以上メイクデビューガチャ第５R,1,2025-08-24 03:00:00,2025-09-29 02:59:59
3160013,12015,4,金币,100000,SR以上メイクデビューガチャ第５R,1,2025-08-24 03:00:00,2025-09-29 02:59:59
3160014,12015,1,金币,400000,彩虹结晶片,1,2025-08-24 03:00:00,2025-09-29 02:59:59
3160015,12015,2,金币,100000,金结晶片,1,2025-08-24 03:00:00,2025-09-29 02:59:59
3160016,12015,15,金币,5000,能量饮料30,1,2025-09-09 03:00:00,2025-09-29 02:59:59
3160017,12015,20,金币,5000,迷你胡萝卜果冻,1,2025-09-09 03:00:00,2025-09-29 02:59:59
3160018,12015,5,金币,500,梦想光辉,1,2025-09-09 03:00:00,2025-09-29 02:59:59
3160019,12015,10,金币,2500,启发书,1,2025-09-09 03:00:00,2025-09-29 02:59:59
3160020,12015,11,金币,5000,启发专业书,1,2025-09-09 03:00:00,2025-09-29 02:59:59
3160021,12015,12,金币,10000,稀有启发书,1,2025-09-09 03:00:00,2025-09-29 02:59:59
3160022,12015,13,金币,15000,稀有启发专业书,1,2025-09-09 03:00:00,2025-09-29 02:59:59
3160023,12015,7,金币,100000,养成优俊少女招募券,1,2025-09-09 03:00:00,2025-09-29 02:59:59
3160024,12015,9,金币,100000,协助卡招募券,1,2025-09-09 03:00:00,2025-09-29 02:59:59
3170001,12016,15,好友积分,500,迷你胡萝卜果冻,1,2025-08-14 03:00:00,2025-09-29 02:59:59
3170002,12016,12,好友积分,100,闹钟,1,2025-08-14 03:00:00,2025-09-29 02:59:59
3170003,12016,14,好友积分,250,干劲满溢甜点,1,2025-08-14 03:00:00,2025-09-29 02:59:59
3170004,12016,17,好友积分,250,晴天娃娃,1,2025-08-14 03:00:00,2025-09-29 02:59:59
3170005,12016,18,好友积分,250,雨天娃娃,1,2025-08-14 03:00:00,2025-09-29 02:59:59
3170006,12016,19,好友积分,250,内道抽选球,1,2025-08-14 03:00:00,2025-09-29 02:59:59
3170007,12016,20,好友积分,250,外道抽选球,1,2025-08-14 03:00:00,2025-09-29 02:59:59
3170008,12016,3,好友积分,3000,养成优俊少女招募券,1,2025-08-14 03:00:00,2025-09-29 02:59:59
3170009,12016,4,好友积分,3000,协助卡招募券,1,2025-08-14 03:00:00,2025-09-29 02:59:59
3170010,12016,9,好友积分,500,能量饮料30,1,2025-08-24 03:00:00,2025-09-29 02:59:59
3170011,12016,13,好友积分,100,闹钟,1,2025-08-24 03:00:00,2025-09-29 02:59:59
3170012,12016,1,好友积分,3000,★2以上メイクデビューガチャ第５R,1,2025-08-24 03:00:00,2025-09-29 02:59:59
3170013,12016,2,好友积分,3000,SR以上メイクデビューガチャ第５R,1,2025-08-24 03:00:00,2025-09-29 02:59:59
3170014,12016,11,好友积分,250,收藏室钥匙,1,2025-08-24 03:00:00,2025-09-29 02:59:59
3170015,12016,10,好友积分,500,能量饮料30,1,2025-09-09 03:00:00,2025-09-29 02:59:59
3170016,12016,16,好友积分,500,迷你胡萝卜果冻,1,2025-09-09 03:00:00,2025-09-29 02:59:59
3170017,12016,5,好友积分,125,启发书,1,2025-09-09 03:00:00,2025-09-29 02:59:59
3170018,12016,6,好友积分,250,启发专业书,1,2025-09-09 03:00:00,2025-09-29 02:59:59
3170019,12016,7,好友积分,500,稀有启发书,1,2025-09-09 03:00:00,2025-09-29 02:59:59
3170020,12016,8,好友积分,750,稀有启发专业书,1,2025-09-09 03:00:00,2025-09-29 02:59:59
5003001,5003,1,2周年庆典 3★兑换券,1,[特别追梦者]特别周,1,2023-02-24 03:00:00,2050-08-01 14:59:59
5003002,5003,2,2周年庆典 3★兑换券,1,[无声无瑕]无声铃鹿,1,2023-02-24 03:00:00,2050-08-01 14:59:59
5003003,5003,3,2周年庆典 3★兑换券,1,[喜乐无边]东海帝王,1,2023-02-24 03:00:00,2050-08-01 14:59:59
5003004,5003,4,2周年庆典 3★兑换券,1,[绯红方程式]丸善斯基,1,2023-02-24 03:00:00,2050-08-01 14:59:59
5003005,5003,5,2周年庆典 3★兑换券,1,[星光跃动]小栗帽,1,2023-02-24 03:00:00,2050-08-01 14:59:59
5003006,5003,6,2周年庆典 3★兑换券,1,[狂野前线]大树快车,1,2023-02-24 03:00:00,2050-08-01 14:59:59
5003007,5003,7,2周年庆典 3★兑换券,1,[优雅曲线]目白麦昆,1,2023-02-24 03:00:00,2050-08-01 14:59:59
5003008,5003,8,2周年庆典 3★兑换券,1,[O sole suo！]好歌剧,1,2023-02-24 03:00:00,2050-08-01 14:59:59
5003009,5003,9,2周年庆典 3★兑换券,1,[皇帝]鲁道夫象征,1,2023-02-24 03:00:00,2050-08-01 14:59:59
5003010,5003,10,2周年庆典 3★兑换券,1,[玫瑰之梦]米浴,1,2023-02-24 03:00:00,2050-08-01 14:59:59
5003011,5003,11,2周年庆典 3★兑换券,1,[MB-19890425]美浦波旁,1,2023-02-24 03:00:00,2050-08-01 14:59:59
5003012,5003,12,2周年庆典 3★兑换券,1,[pf.胜利公式]琵琶晨光,1,2023-02-24 03:00:00,2050-08-01 14:59:59
5003013,5003,13,2周年庆典 3★兑换券,1,[飞跃地平线]东海帝王,1,2023-02-24 03:00:00,2050-08-01 14:59:59
5003014,5003,14,2周年庆典 3★兑换券,1,[天际尽头]目白麦昆,1,2023-02-24 03:00:00,2050-08-01 14:59:59
5003015,5003,15,2周年庆典 3★兑换券,1,[闪电少女]真机伶,1,2023-02-24 03:00:00,2050-08-01 14:59:59
5003016,5003,16,2周年庆典 3★兑换券,1,[Nevertheless]成田大进,1,2023-02-24 03:00:00,2050-08-01 14:59:59
5003017,5003,17,2周年庆典 3★兑换券,1,[绝对☆LOVE]醒目飞鹰,1,2023-02-24 03:00:00,2050-08-01 14:59:59
5003018,5003,18,2周年庆典 3★兑换券,1,[Maverick]成田白仁,1,2023-02-24 03:00:00,2050-08-01 14:59:59
5003019,5003,19,2周年庆典 3★兑换券,1,[阳光花束]重炮,1,2023-02-24 03:00:00,2050-08-01 14:59:59
5003020,5003,20,2周年庆典 3★兑换券,1,[橡木王冠]气槽,1,2023-02-24 03:00:00,2050-08-01 14:59:59
5003021,5003,21,2周年庆典 3★兑换券,1,[青云垂钓者]青云天空,1,2023-02-24 03:00:00,2050-08-01 14:59:59
5003022,5003,22,2周年庆典 3★兑换券,1,[亚马逊青金石]菱亚马逊,1,2023-02-24 03:00:00,2050-08-01 14:59:59
5003023,5003,23,2周年庆典 3★兑换券,1,[羽蛇武斗家]神鹰,1,2023-02-24 03:00:00,2050-08-01 14:59:59
5003024,5003,24,2周年庆典 3★兑换券,1,[圣翠治愈师]草上飞,1,2023-02-24 03:00:00,2050-08-01 14:59:59
5003025,5003,25,2周年庆典 3★兑换券,1,[流星歌剧]富士奇石,1,2023-02-24 03:00:00,2050-08-01 14:59:59
5003026,5003,26,2周年庆典 3★兑换券,1,[真我/1928]黄金城,1,2023-02-24 03:00:00,2050-08-01 14:59:59
5003027,5003,27,2周年庆典 3★兑换券,1,[雀跃♪维他命心拍]特别周,1,2023-02-24 03:00:00,2050-08-01 14:59:59
5003028,5003,28,2周年庆典 3★兑换券,1,[飞跃☆夏夜]丸善斯基,1,2023-02-24 03:00:00,2050-08-01 14:59:59
5003029,5003,29,2周年庆典 3★兑换券,1,[苍蓝/怒涛]名将怒涛,1,2023-02-24 03:00:00,2050-08-01 14:59:59
5003030,5003,30,2周年庆典 3★兑换券,1,[Meisterschaft]荣进闪耀,1,2023-02-24 03:00:00,2050-08-01 14:59:59
5003031,5003,31,2周年庆典 3★兑换券,1,[吉兆秋风]待兼福来,1,2023-02-24 03:00:00,2050-08-01 14:59:59
5003032,5003,32,2周年庆典 3★兑换券,1,[Buono☆时尚]菱曙,1,2023-02-24 03:00:00,2050-08-01 14:59:59
5003033,5003,33,2周年庆典 3★兑换券,1,[超级加急！全彩PP膜特殊加工]爱丽数码,1,2023-02-24 03:00:00,2050-08-01 14:59:59
5003034,5003,34,2周年庆典 3★兑换券,1,[Make up Vampire！]米浴,1,2023-02-24 03:00:00,2050-08-01 14:59:59
5003035,5003,35,2周年庆典 3★兑换券,1,[雪纺丝带木乃伊]超级溪流,1,2023-02-24 03:00:00,2050-08-01 14:59:59
5003036,5003,36,2周年庆典 3★兑换券,1,[粉红公主]川上公主,1,2023-02-24 03:00:00,2050-08-01 14:59:59
5003037,5003,37,2周年庆典 3★兑换券,1,[Creeping Black]曼城茶座,1,2023-02-24 03:00:00,2050-08-01 14:59:59
5003038,5003,38,2周年庆典 3★兑换券,1,[皓月下的神箭手]鲁道夫象征,1,2023-02-24 03:00:00,2050-08-01 14:59:59
5003039,5003,39,2周年庆典 3★兑换券,1,[秋樱舞娘]黄金城,1,2023-02-24 03:00:00,2050-08-01 14:59:59
5003040,5003,40,2周年庆典 3★兑换券,1,[潮流☆Joker]岛川乔丹,1,2023-02-24 03:00:00,2050-08-01 14:59:59
5003041,5003,41,2周年庆典 3★兑换券,1,[宛延曲线]目白多伯,1,2023-02-24 03:00:00,2050-08-01 14:59:59
5003042,5003,42,2周年庆典 3★兑换券,1,[奇迹的胜利之星]小栗帽,1,2023-02-24 03:00:00,2050-08-01 14:59:59
5003043,5003,43,2周年庆典 3★兑换券,1,[嫣红圣诞颂歌]琵琶晨光,1,2023-02-24 03:00:00,2050-08-01 14:59:59
5003044,5003,44,2周年庆典 3★兑换券,1,[Noble Seamair]美妙姿势,1,2023-02-24 03:00:00,2050-08-01 14:59:59
5003045,5003,45,2周年庆典 3★兑换券,1,[疾风迅雷]玉藻十字,1,2023-02-24 03:00:00,2050-08-01 14:59:59
5003046,5003,46,2周年庆典 3★兑换券,1,[明媚新春♪樱花绽放]春乌菈菈,1,2023-02-24 03:00:00,2050-08-01 14:59:59
5003047,5003,47,2周年庆典 3★兑换券,1,[新春初晴·宝蓝绚烂]好歌剧,1,2023-02-24 03:00:00,2050-08-01 14:59:59
5003048,5003,48,2周年庆典 3★兑换券,1,[举世无双·樱花耀夜]樱花千代王,1,2023-02-24 03:00:00,2050-08-01 14:59:59
5003049,5003,49,2周年庆典 3★兑换券,1,[CODE：淋面装饰]美浦波旁,1,2023-02-24 03:00:00,2050-08-01 14:59:59
5003050,5003,50,2周年庆典 3★兑换券,1,[精确无比·巧克力大师]荣进闪耀,1,2023-02-24 03:00:00,2050-08-01 14:59:59
5003051,5003,51,2周年庆典 3★兑换券,1,[墨绿柔线]目白雅丹,1,2023-02-24 03:00:00,2050-08-01 14:59:59
5003052,5003,52,2周年庆典 3★兑换券,1,[Starry Nocturne]爱慕织姬,1,2023-02-24 03:00:00,2050-08-01 14:59:59
5003053,5003,53,2周年庆典 3★兑换券,1,[锦绣·溢彩盛典]北部玄驹,1,2023-02-24 03:00:00,2050-08-01 14:59:59
5003054,5003,54,2周年庆典 3★兑换券,1,[Natural Brilliance]里见光钻,1,2023-02-24 03:00:00,2050-08-01 14:59:59
5003055,5003,55,2周年庆典 3★兑换券,1,[砺光韧线]目白光明,1,2023-02-24 03:00:00,2050-08-01 14:59:59
5003056,5003,56,2周年庆典 3★兑换券,1,[星夜猫咪舞会]青云天空,1,2023-02-24 03:00:00,2050-08-01 14:59:59
5003057,5003,57,2周年庆典 3★兑换券,1,[胜利之星]富士奇石,1,2023-02-24 03:00:00,2050-08-01 14:59:59
5003058,5003,58,2周年庆典 3★兑换券,1,[叠瓣花蕾]西野花,1,2023-02-24 03:00:00,2050-08-01 14:59:59
5003059,5003,59,2周年庆典 3★兑换券,1,[四白流星之袭]八重无敌,1,2023-02-24 03:00:00,2050-08-01 14:59:59
5003060,5003,60,2周年庆典 3★兑换券,1,[RUN＆WIN]优秀素质,1,2023-02-24 03:00:00,2050-08-01 14:59:59
5003061,5003,61,2周年庆典 3★兑换券,1,[洁白傲气的激励之服]帝王光辉,1,2023-02-24 03:00:00,2050-08-01 14:59:59
5003062,5003,62,2周年庆典 3★兑换券,1,[全时狂欢]艾尼风神,1,2023-02-24 03:00:00,2050-08-01 14:59:59
5003063,5003,63,2周年庆典 3★兑换券,1,[Line Breakthrough]目白善信,1,2023-02-24 03:00:00,2050-08-01 14:59:59
5003064,5003,64,2周年庆典 3★兑换券,1,[朔月挚爱]真机伶,1,2023-02-24 03:00:00,2050-08-01 14:59:59
5003065,5003,65,2周年庆典 3★兑换券,1,[Titania]美妙姿势,1,2023-02-24 03:00:00,2050-08-01 14:59:59
5003066,5003,66,2周年庆典 3★兑换券,1,[稻荷因缘江户紫]稻荷一,1,2023-02-24 03:00:00,2050-08-01 14:59:59
5003067,5003,67,2周年庆典 3★兑换券,1,[悬铃木魔女]东商变革,1,2023-02-24 03:00:00,2050-08-01 14:59:59
5003068,5003,68,2周年庆典 3★兑换券,1,[Bubblegum☆Memories]大树快车,1,2023-02-24 03:00:00,2050-08-01 14:59:59
5003069,5003,69,2周年庆典 3★兑换券,1,[假日宝石蓝]目白多伯,1,2023-02-24 03:00:00,2050-08-01 14:59:59
5003070,5003,70,2周年庆典 3★兑换券,1,[unsigned]空中神宫,1,2023-02-24 03:00:00,2050-08-01 14:59:59
5003071,5003,71,2周年庆典 3★兑换券,1,[涟漪佳人]目白麦昆,1,2023-02-24 03:00:00,2050-08-01 14:59:59
5003072,5003,72,2周年庆典 3★兑换券,1,[RUN！乱！发射！！]黄金船,1,2023-02-24 03:00:00,2050-08-01 14:59:59
5003073,5003,73,2周年庆典 3★兑换券,1,[黑铁的壮志]青竹回忆,1,2023-02-24 03:00:00,2050-08-01 14:59:59
5003074,5003,74,2周年庆典 3★兑换券,1,[阴阳八卦☆开运服]小林历奇,1,2023-02-24 03:00:00,2050-08-01 14:59:59
5003075,5003,75,2周年庆典 3★兑换券,1,[黄昏凯旋]醒目飞鹰,1,2023-02-24 03:00:00,2050-08-01 14:59:59
5003076,5003,76,2周年庆典 3★兑换券,1,[梦想传递员]胜利奖券,1,2023-02-24 03:00:00,2050-08-01 14:59:59
5003077,5003,77,2周年庆典 3★兑换券,1,[另类工程师]成田大进,1,2023-02-24 03:00:00,2050-08-01 14:59:59
5003078,5003,78,2周年庆典 3★兑换券,1,[可可爱爱的六出冰花]雪之美人,1,2023-02-24 03:00:00,2050-08-01 14:59:59
5003079,5003,79,2周年庆典 3★兑换券,1,[Rocket☆Star]采珠,1,2023-02-24 03:00:00,2050-08-01 14:59:59
5003080,5003,80,2周年庆典 3★兑换券,1,[爱丽♡僵尸]爱丽数码,1,2023-02-24 03:00:00,2050-08-01 14:59:59
5003081,5003,81,2周年庆典 3★兑换券,1,[Dot-o'-Lantern]名将怒涛,1,2023-02-24 03:00:00,2050-08-01 14:59:59
5003082,5003,82,2周年庆典 3★兑换券,1,[Flare]阿斯顿真弓,1,2023-02-24 03:00:00,2050-08-01 14:59:59
5003083,5003,83,2周年庆典 3★兑换券,1,[Fluttertail Spirit]山人西风,1,2023-02-24 03:00:00,2050-08-01 14:59:59
5003084,5003,84,2周年庆典 3★兑换券,1,[轰鸣雷神]玉藻十字,1,2023-02-24 03:00:00,2050-08-01 14:59:59
5003085,5003,85,2周年庆典 3★兑换券,1,[梦之金原]稻荷一,1,2023-02-24 03:00:00,2050-08-01 14:59:59
5003086,5003,86,2周年庆典 3★兑换券,1,[死中求生]中山庆典,1,2023-02-24 03:00:00,2050-08-01 14:59:59
5003087,5003,87,2周年庆典 3★兑换券,1,[Butterfly Sting]奇锐骏,1,2023-02-24 03:00:00,2050-08-01 14:59:59
5003088,5003,88,2周年庆典 3★兑换券,1,[不会结冰的生命之水]伏特加,1,2023-02-24 03:00:00,2050-08-01 14:59:59
5003089,5003,89,2周年庆典 3★兑换券,1,[绯红的星月之夜]大和赤骥,1,2023-02-24 03:00:00,2050-08-01 14:59:59
5003090,5003,90,2周年庆典 3★兑换券,1,[Heroic Author]荒漠英雄,1,2023-02-24 03:00:00,2050-08-01 14:59:59
5003091,5003,91,2周年庆典 3★兑换券,1,[饿狼]成田白仁,1,2023-02-24 03:00:00,2050-08-01 14:59:59
5003092,5003,92,2周年庆典 3★兑换券,1,[压轴主角·庆鹤之志]北部玄驹,1,2023-02-24 03:00:00,2050-08-01 14:59:59
5003093,5003,93,2周年庆典 3★兑换券,1,[当红之星·荣兴之翠]里见光钻,1,2023-02-24 03:00:00,2050-08-01 14:59:59
5004001,5004,1,2.5周年庆典 3★兑换券,1,[特别追梦者]特别周,1,2023-08-24 03:00:00,2050-08-01 14:59:59
5004002,5004,2,2.5周年庆典 3★兑换券,1,[无声无瑕]无声铃鹿,1,2023-08-24 03:00:00,2050-08-01 14:59:59
5004003,5004,3,2.5周年庆典 3★兑换券,1,[喜乐无边]东海帝王,1,2023-08-24 03:00:00,2050-08-01 14:59:59
5004004,5004,4,2.5周年庆典 3★兑换券,1,[绯红方程式]丸善斯基,1,2023-08-24 03:00:00,2050-08-01 14:59:59
5004005,5004,5,2.5周年庆典 3★兑换券,1,[星光跃动]小栗帽,1,2023-08-24 03:00:00,2050-08-01 14:59:59
5004006,5004,6,2.5周年庆典 3★兑换券,1,[狂野前线]大树快车,1,2023-08-24 03:00:00,2050-08-01 14:59:59
5004007,5004,7,2.5周年庆典 3★兑换券,1,[优雅曲线]目白麦昆,1,2023-08-24 03:00:00,2050-08-01 14:59:59
5004008,5004,8,2.5周年庆典 3★兑换券,1,[O sole suo！]好歌剧,1,2023-08-24 03:00:00,2050-08-01 14:59:59
5004009,5004,9,2.5周年庆典 3★兑换券,1,[皇帝]鲁道夫象征,1,2023-08-24 03:00:00,2050-08-01 14:59:59
5004010,5004,10,2.5周年庆典 3★兑换券,1,[玫瑰之梦]米浴,1,2023-08-24 03:00:00,2050-08-01 14:59:59
5004011,5004,11,2.5周年庆典 3★兑换券,1,[MB-19890425]美浦波旁,1,2023-08-24 03:00:00,2050-08-01 14:59:59
5004012,5004,12,2.5周年庆典 3★兑换券,1,[pf.胜利公式]琵琶晨光,1,2023-08-24 03:00:00,2050-08-01 14:59:59
5004013,5004,13,2.5周年庆典 3★兑换券,1,[飞跃地平线]东海帝王,1,2023-08-24 03:00:00,2050-08-01 14:59:59
5004014,5004,14,2.5周年庆典 3★兑换券,1,[天际尽头]目白麦昆,1,2023-08-24 03:00:00,2050-08-01 14:59:59
5004015,5004,15,2.5周年庆典 3★兑换券,1,[闪电少女]真机伶,1,2023-08-24 03:00:00,2050-08-01 14:59:59
5004016,5004,16,2.5周年庆典 3★兑换券,1,[Nevertheless]成田大进,1,2023-08-24 03:00:00,2050-08-01 14:59:59
5004017,5004,17,2.5周年庆典 3★兑换券,1,[绝对☆LOVE]醒目飞鹰,1,2023-08-24 03:00:00,2050-08-01 14:59:59
5004018,5004,18,2.5周年庆典 3★兑换券,1,[Maverick]成田白仁,1,2023-08-24 03:00:00,2050-08-01 14:59:59
5004019,5004,19,2.5周年庆典 3★兑换券,1,[阳光花束]重炮,1,2023-08-24 03:00:00,2050-08-01 14:59:59
5004020,5004,20,2.5周年庆典 3★兑换券,1,[橡木王冠]气槽,1,2023-08-24 03:00:00,2050-08-01 14:59:59
5004021,5004,21,2.5周年庆典 3★兑换券,1,[青云垂钓者]青云天空,1,2023-08-24 03:00:00,2050-08-01 14:59:59
5004022,5004,22,2.5周年庆典 3★兑换券,1,[亚马逊青金石]菱亚马逊,1,2023-08-24 03:00:00,2050-08-01 14:59:59
5004023,5004,23,2.5周年庆典 3★兑换券,1,[羽蛇武斗家]神鹰,1,2023-08-24 03:00:00,2050-08-01 14:59:59
5004024,5004,24,2.5周年庆典 3★兑换券,1,[圣翠治愈师]草上飞,1,2023-08-24 03:00:00,2050-08-01 14:59:59
5004025,5004,25,2.5周年庆典 3★兑换券,1,[流星歌剧]富士奇石,1,2023-08-24 03:00:00,2050-08-01 14:59:59
5004026,5004,26,2.5周年庆典 3★兑换券,1,[真我/1928]黄金城,1,2023-08-24 03:00:00,2050-08-01 14:59:59
5004027,5004,27,2.5周年庆典 3★兑换券,1,[雀跃♪维他命心拍]特别周,1,2023-08-24 03:00:00,2050-08-01 14:59:59
5004028,5004,28,2.5周年庆典 3★兑换券,1,[飞跃☆夏夜]丸善斯基,1,2023-08-24 03:00:00,2050-08-01 14:59:59
5004029,5004,29,2.5周年庆典 3★兑换券,1,[苍蓝/怒涛]名将怒涛,1,2023-08-24 03:00:00,2050-08-01 14:59:59
5004030,5004,30,2.5周年庆典 3★兑换券,1,[Meisterschaft]荣进闪耀,1,2023-08-24 03:00:00,2050-08-01 14:59:59
5004031,5004,31,2.5周年庆典 3★兑换券,1,[吉兆秋风]待兼福来,1,2023-08-24 03:00:00,2050-08-01 14:59:59
5004032,5004,32,2.5周年庆典 3★兑换券,1,[Buono☆时尚]菱曙,1,2023-08-24 03:00:00,2050-08-01 14:59:59
5004033,5004,33,2.5周年庆典 3★兑换券,1,[超级加急！全彩PP膜特殊加工]爱丽数码,1,2023-08-24 03:00:00,2050-08-01 14:59:59
5004034,5004,34,2.5周年庆典 3★兑换券,1,[Make up Vampire！]米浴,1,2023-08-24 03:00:00,2050-08-01 14:59:59
5004035,5004,35,2.5周年庆典 3★兑换券,1,[雪纺丝带木乃伊]超级溪流,1,2023-08-24 03:00:00,2050-08-01 14:59:59
5004036,5004,36,2.5周年庆典 3★兑换券,1,[粉红公主]川上公主,1,2023-08-24 03:00:00,2050-08-01 14:59:59
5004037,5004,37,2.5周年庆典 3★兑换券,1,[Creeping Black]曼城茶座,1,2023-08-24 03:00:00,2050-08-01 14:59:59
5004038,5004,38,2.5周年庆典 3★兑换券,1,[皓月下的神箭手]鲁道夫象征,1,2023-08-24 03:00:00,2050-08-01 14:59:59
5004039,5004,39,2.5周年庆典 3★兑换券,1,[秋樱舞娘]黄金城,1,2023-08-24 03:00:00,2050-08-01 14:59:59
5004040,5004,40,2.5周年庆典 3★兑换券,1,[潮流☆Joker]岛川乔丹,1,2023-08-24 03:00:00,2050-08-01 14:59:59
5004041,5004,41,2.5周年庆典 3★兑换券,1,[宛延曲线]目白多伯,1,2023-08-24 03:00:00,2050-08-01 14:59:59
5004042,5004,42,2.5周年庆典 3★兑换券,1,[奇迹的胜利之星]小栗帽,1,2023-08-24 03:00:00,2050-08-01 14:59:59
5004043,5004,43,2.5周年庆典 3★兑换券,1,[嫣红圣诞颂歌]琵琶晨光,1,2023-08-24 03:00:00,2050-08-01 14:59:59
5004044,5004,44,2.5周年庆典 3★兑换券,1,[Noble Seamair]美妙姿势,1,2023-08-24 03:00:00,2050-08-01 14:59:59
5004045,5004,45,2.5周年庆典 3★兑换券,1,[疾风迅雷]玉藻十字,1,2023-08-24 03:00:00,2050-08-01 14:59:59
5004046,5004,46,2.5周年庆典 3★兑换券,1,[明媚新春♪樱花绽放]春乌菈菈,1,2023-08-24 03:00:00,2050-08-01 14:59:59
5004047,5004,47,2.5周年庆典 3★兑换券,1,[新春初晴·宝蓝绚烂]好歌剧,1,2023-08-24 03:00:00,2050-08-01 14:59:59
5004048,5004,48,2.5周年庆典 3★兑换券,1,[举世无双·樱花耀夜]樱花千代王,1,2023-08-24 03:00:00,2050-08-01 14:59:59
5004049,5004,49,2.5周年庆典 3★兑换券,1,[CODE：淋面装饰]美浦波旁,1,2023-08-24 03:00:00,2050-08-01 14:59:59
5004050,5004,50,2.5周年庆典 3★兑换券,1,[精确无比·巧克力大师]荣进闪耀,1,2023-08-24 03:00:00,2050-08-01 14:59:59
5004051,5004,51,2.5周年庆典 3★兑换券,1,[墨绿柔线]目白雅丹,1,2023-08-24 03:00:00,2050-08-01 14:59:59
5004052,5004,52,2.5周年庆典 3★兑换券,1,[Starry Nocturne]爱慕织姬,1,2023-08-24 03:00:00,2050-08-01 14:59:59
5004053,5004,53,2.5周年庆典 3★兑换券,1,[锦绣·溢彩盛典]北部玄驹,1,2023-08-24 03:00:00,2050-08-01 14:59:59
5004054,5004,54,2.5周年庆典 3★兑换券,1,[Natural Brilliance]里见光钻,1,2023-08-24 03:00:00,2050-08-01 14:59:59
5004055,5004,55,2.5周年庆典 3★兑换券,1,[砺光韧线]目白光明,1,2023-08-24 03:00:00,2050-08-01 14:59:59
5004056,5004,56,2.5周年庆典 3★兑换券,1,[星夜猫咪舞会]青云天空,1,2023-08-24 03:00:00,2050-08-01 14:59:59
5004057,5004,57,2.5周年庆典 3★兑换券,1,[胜利之星]富士奇石,1,2023-08-24 03:00:00,2050-08-01 14:59:59
5004058,5004,58,2.5周年庆典 3★兑换券,1,[叠瓣花蕾]西野花,1,2023-08-24 03:00:00,2050-08-01 14:59:59
5004059,5004,59,2.5周年庆典 3★兑换券,1,[四白流星之袭]八重无敌,1,2023-08-24 03:00:00,2050-08-01 14:59:59
5004060,5004,60,2.5周年庆典 3★兑换券,1,[RUN＆WIN]优秀素质,1,2023-08-24 03:00:00,2050-08-01 14:59:59
5004061,5004,61,2.5周年庆典 3★兑换券,1,[洁白傲气的激励之服]帝王光辉,1,2023-08-24 03:00:00,2050-08-01 14:59:59
5004062,5004,62,2.5周年庆典 3★兑换券,1,[全时狂欢]艾尼风神,1,2023-08-24 03:00:00,2050-08-01 14:59:59
5004063,5004,63,2.5周年庆典 3★兑换券,1,[Line Breakthrough]目白善信,1,2023-08-24 03:00:00,2050-08-01 14:59:59
5004064,5004,64,2.5周年庆典 3★兑换券,1,[朔月挚爱]真机伶,1,2023-08-24 03:00:00,2050-08-01 14:59:59
5004065,5004,65,2.5周年庆典 3★兑换券,1,[Titania]美妙姿势,1,2023-08-24 03:00:00,2050-08-01 14:59:59
5004066,5004,66,2.5周年庆典 3★兑换券,1,[稻荷因缘江户紫]稻荷一,1,2023-08-24 03:00:00,2050-08-01 14:59:59
5004067,5004,67,2.5周年庆典 3★兑换券,1,[悬铃木魔女]东商变革,1,2023-08-24 03:00:00,2050-08-01 14:59:59
5004068,5004,68,2.5周年庆典 3★兑换券,1,[Bubblegum☆Memories]大树快车,1,2023-08-24 03:00:00,2050-08-01 14:59:59
5004069,5004,69,2.5周年庆典 3★兑换券,1,[假日宝石蓝]目白多伯,1,2023-08-24 03:00:00,2050-08-01 14:59:59
5004070,5004,70,2.5周年庆典 3★兑换券,1,[unsigned]空中神宫,1,2023-08-24 03:00:00,2050-08-01 14:59:59
5004071,5004,71,2.5周年庆典 3★兑换券,1,[涟漪佳人]目白麦昆,1,2023-08-24 03:00:00,2050-08-01 14:59:59
5004072,5004,72,2.5周年庆典 3★兑换券,1,[RUN！乱！发射！！]黄金船,1,2023-08-24 03:00:00,2050-08-01 14:59:59
5004073,5004,73,2.5周年庆典 3★兑换券,1,[黑铁的壮志]青竹回忆,1,2023-08-24 03:00:00,2050-08-01 14:59:59
5004074,5004,74,2.5周年庆典 3★兑换券,1,[阴阳八卦☆开运服]小林历奇,1,2023-08-24 03:00:00,2050-08-01 14:59:59
5004075,5004,75,2.5周年庆典 3★兑换券,1,[黄昏凯旋]醒目飞鹰,1,2023-08-24 03:00:00,2050-08-01 14:59:59
5004076,5004,76,2.5周年庆典 3★兑换券,1,[梦想传递员]胜利奖券,1,2023-08-24 03:00:00,2050-08-01 14:59:59
5004077,5004,77,2.5周年庆典 3★兑换券,1,[另类工程师]成田大进,1,2023-08-24 03:00:00,2050-08-01 14:59:59
5004078,5004,78,2.5周年庆典 3★兑换券,1,[可可爱爱的六出冰花]雪之美人,1,2023-08-24 03:00:00,2050-08-01 14:59:59
5004079,5004,79,2.5周年庆典 3★兑换券,1,[Rocket☆Star]采珠,1,2023-08-24 03:00:00,2050-08-01 14:59:59
5004080,5004,80,2.5周年庆典 3★兑换券,1,[爱丽♡僵尸]爱丽数码,1,2023-08-24 03:00:00,2050-08-01 14:59:59
5004081,5004,81,2.5周年庆典 3★兑换券,1,[Dot-o'-Lantern]名将怒涛,1,2023-08-24 03:00:00,2050-08-01 14:59:59
5004082,5004,82,2.5周年庆典 3★兑换券,1,[Flare]阿斯顿真弓,1,2023-08-24 03:00:00,2050-08-01 14:59:59
5004083,5004,83,2.5周年庆典 3★兑换券,1,[Fluttertail Spirit]山人西风,1,2023-08-24 03:00:00,2050-08-01 14:59:59
5004084,5004,84,2.5周年庆典 3★兑换券,1,[轰鸣雷神]玉藻十字,1,2023-08-24 03:00:00,2050-08-01 14:59:59
5004085,5004,85,2.5周年庆典 3★兑换券,1,[梦之金原]稻荷一,1,2023-08-24 03:00:00,2050-08-01 14:59:59
5004086,5004,86,2.5周年庆典 3★兑换券,1,[死中求生]中山庆典,1,2023-08-24 03:00:00,2050-08-01 14:59:59
5004087,5004,87,2.5周年庆典 3★兑换券,1,[Butterfly Sting]奇锐骏,1,2023-08-24 03:00:00,2050-08-01 14:59:59
5004088,5004,88,2.5周年庆典 3★兑换券,1,[不会结冰的生命之水]伏特加,1,2023-08-24 03:00:00,2050-08-01 14:59:59
5004089,5004,89,2.5周年庆典 3★兑换券,1,[绯红的星月之夜]大和赤骥,1,2023-08-24 03:00:00,2050-08-01 14:59:59
5004090,5004,90,2.5周年庆典 3★兑换券,1,[Heroic Author]荒漠英雄,1,2023-08-24 03:00:00,2050-08-01 14:59:59
5004091,5004,91,2.5周年庆典 3★兑换券,1,[饿狼]成田白仁,1,2023-08-24 03:00:00,2050-08-01 14:59:59
5004092,5004,92,2.5周年庆典 3★兑换券,1,[压轴主角·庆鹤之志]北部玄驹,1,2023-08-24 03:00:00,2050-08-01 14:59:59
5004093,5004,93,2.5周年庆典 3★兑换券,1,[当红之星·荣兴之翠]里见光钻,1,2023-08-24 03:00:00,2050-08-01 14:59:59
5004094,5004,94,2.5周年庆典 3★兑换券,1,[星辉之航]北幸樽前,1,2023-08-24 03:00:00,2050-08-01 14:59:59
5004095,5004,95,2.5周年庆典 3★兑换券,1,[Fun☆Fun☆嗨翻天]大拓太阳神,1,2023-08-24 03:00:00,2050-08-01 14:59:59
5004096,5004,96,2.5周年庆典 3★兑换券,1,[MELTY GIFT]艾尼风神,1,2023-08-24 03:00:00,2050-08-01 14:59:59
5004097,5004,97,2.5周年庆典 3★兑换券,1,[玛格丽特拿铁]目白莱恩,1,2023-08-24 03:00:00,2050-08-01 14:59:59
5004098,5004,98,2.5周年庆典 3★兑换券,1,[Wicked Punk]新光风,1,2023-08-24 03:00:00,2050-08-01 14:59:59
5004099,5004,99,2.5周年庆典 3★兑换券,1,[Clear Bliss]千明代表,1,2023-08-24 03:00:00,2050-08-01 14:59:59
5004100,5004,100,2.5周年庆典 3★兑换券,1,[华丽红玉]第一红宝,1,2023-08-24 03:00:00,2050-08-01 14:59:59
5004101,5004,101,2.5周年庆典 3★兑换券,1,[Onyx Soldier]克里斯象征,1,2023-08-24 03:00:00,2050-08-01 14:59:59
5004102,5004,102,2.5周年庆典 3★兑换券,1,[Neige Émeraude]目白雅丹,1,2023-08-24 03:00:00,2050-08-01 14:59:59
5004103,5004,103,2.5周年庆典 3★兑换券,1,[Fleur Enneigée]樱花千代王,1,2023-08-24 03:00:00,2050-08-01 14:59:59
5004104,5004,104,2.5周年庆典 3★兑换券,1,[Saisir le rêve]樱花桂冠,1,2023-08-24 03:00:00,2050-08-01 14:59:59
5004105,5004,105,2.5周年庆典 3★兑换券,1,[Universe-Naut]新宇宙,1,2023-08-24 03:00:00,2050-08-01 14:59:59
5004106,5004,106,2.5周年庆典 3★兑换券,1,[碧蓝湍流]待兼唐怀瑟,1,2023-08-24 03:00:00,2050-08-01 14:59:59
5004107,5004,107,2.5周年庆典 3★兑换券,1,[赤热☆队长]樱花进王,1,2023-08-24 03:00:00,2050-08-01 14:59:59
5004108,5004,108,2.5周年庆典 3★兑换券,1,[奇迹装点！]菱奇宝,1,2023-08-24 03:00:00,2050-08-01 14:59:59
5004109,5004,109,2.5周年庆典 3★兑换券,1,[雷霆加身]谷水琴蕾,1,2023-08-24 03:00:00,2050-08-01 14:59:59
5004110,5004,110,2.5周年庆典 3★兑换券,1,[Sweet Juneberry]西野花,1,2023-08-24 03:00:00,2050-08-01 14:59:59
5004111,5004,111,2.5周年庆典 3★兑换券,1,[Hungry Veil]菱亚马逊,1,2023-08-24 03:00:00,2050-08-01 14:59:59
5004112,5004,112,2.5周年庆典 3★兑换券,1,[☆闪亮★心动☆雀跃∞美丽∞]美丽周日,1,2023-08-24 03:00:00,2050-08-01 14:59:59
5004113,5004,113,2.5周年庆典 3★兑换券,1,[Ultra☆Marine]青竹回忆,1,2023-08-24 03:00:00,2050-08-01 14:59:59
5004114,5004,114,2.5周年庆典 3★兑换券,1,[Aurore☆Vacances]岛川乔丹,1,2023-08-24 03:00:00,2050-08-01 14:59:59
5004115,5004,115,2.5周年庆典 3★兑换券,1,[登龙之顶]葛城荣主,1,2023-08-24 03:00:00,2050-08-01 14:59:59
5004116,5004,116,2.5周年庆典 3★兑换券,1,[Féroce]天狼星象征,1,2023-08-24 03:00:00,2050-08-01 14:59:59
5004117,5004,117,2.5周年庆典 3★兑换券,1,[Lunatic Lab]爱丽速子,1,2023-08-24 03:00:00,2050-08-01 14:59:59
5004118,5004,118,2.5周年庆典 3★兑换券,1,[浪间翠玉]无声铃鹿,1,2023-08-24 03:00:00,2050-08-01 14:59:59
5006001,5006,1,TVアニメ第3期放送記念 ★3引換券,1,[特别追梦者]特别周,1,2024-01-01 03:00:00,2050-08-01 14:59:59
5006002,5006,2,TVアニメ第3期放送記念 ★3引換券,1,[无声无瑕]无声铃鹿,1,2024-01-01 03:00:00,2050-08-01 14:59:59
5006003,5006,3,TVアニメ第3期放送記念 ★3引換券,1,[喜乐无边]东海帝王,1,2024-01-01 03:00:00,2050-08-01 14:59:59
5006004,5006,4,TVアニメ第3期放送記念 ★3引換券,1,[绯红方程式]丸善斯基,1,2024-01-01 03:00:00,2050-08-01 14:59:59
5006005,5006,5,TVアニメ第3期放送記念 ★3引換券,1,[星光跃动]小栗帽,1,2024-01-01 03:00:00,2050-08-01 14:59:59
5006006,5006,6,TVアニメ第3期放送記念 ★3引換券,1,[狂野前线]大树快车,1,2024-01-01 03:00:00,2050-08-01 14:59:59
5006007,5006,7,TVアニメ第3期放送記念 ★3引換券,1,[优雅曲线]目白麦昆,1,2024-01-01 03:00:00,2050-08-01 14:59:59
5006008,5006,8,TVアニメ第3期放送記念 ★3引換券,1,[皇帝]鲁道夫象征,1,2024-01-01 03:00:00,2050-08-01 14:59:59
5006009,5006,9,TVアニメ第3期放送記念 ★3引換券,1,[玫瑰之梦]米浴,1,2024-01-01 03:00:00,2050-08-01 14:59:59
5006010,5006,10,TVアニメ第3期放送記念 ★3引換券,1,[O sole suo！]好歌剧,1,2024-01-01 03:00:00,2050-08-01 14:59:59
5006011,5006,11,TVアニメ第3期放送記念 ★3引換券,1,[MB-19890425]美浦波旁,1,2024-01-01 03:00:00,2050-08-01 14:59:59
5006012,5006,12,TVアニメ第3期放送記念 ★3引換券,1,[pf.胜利公式]琵琶晨光,1,2024-01-01 03:00:00,2050-08-01 14:59:59
5006013,5006,13,TVアニメ第3期放送記念 ★3引換券,1,[飞跃地平线]东海帝王,1,2024-01-01 03:00:00,2050-08-01 14:59:59
5006014,5006,14,TVアニメ第3期放送記念 ★3引換券,1,[天际尽头]目白麦昆,1,2024-01-01 03:00:00,2050-08-01 14:59:59
5006015,5006,15,TVアニメ第3期放送記念 ★3引換券,1,[闪电少女]真机伶,1,2024-01-01 03:00:00,2050-08-01 14:59:59
5006016,5006,16,TVアニメ第3期放送記念 ★3引換券,1,[Nevertheless]成田大进,1,2024-01-01 03:00:00,2050-08-01 14:59:59
5006017,5006,17,TVアニメ第3期放送記念 ★3引換券,1,[绝对☆LOVE]醒目飞鹰,1,2024-01-01 03:00:00,2050-08-01 14:59:59
5006018,5006,18,TVアニメ第3期放送記念 ★3引換券,1,[Maverick]成田白仁,1,2024-01-01 03:00:00,2050-08-01 14:59:59
5006019,5006,19,TVアニメ第3期放送記念 ★3引換券,1,[阳光花束]重炮,1,2024-01-01 03:00:00,2050-08-01 14:59:59
5006020,5006,20,TVアニメ第3期放送記念 ★3引換券,1,[橡木王冠]气槽,1,2024-01-01 03:00:00,2050-08-01 14:59:59
5006021,5006,21,TVアニメ第3期放送記念 ★3引換券,1,[青云垂钓者]青云天空,1,2024-01-01 03:00:00,2050-08-01 14:59:59
5006022,5006,22,TVアニメ第3期放送記念 ★3引換券,1,[亚马逊青金石]菱亚马逊,1,2024-01-01 03:00:00,2050-08-01 14:59:59
5006023,5006,23,TVアニメ第3期放送記念 ★3引換券,1,[羽蛇武斗家]神鹰,1,2024-01-01 03:00:00,2050-08-01 14:59:59
5006024,5006,24,TVアニメ第3期放送記念 ★3引換券,1,[圣翠治愈师]草上飞,1,2024-01-01 03:00:00,2050-08-01 14:59:59
5006025,5006,25,TVアニメ第3期放送記念 ★3引換券,1,[流星歌剧]富士奇石,1,2024-01-01 03:00:00,2050-08-01 14:59:59
5006026,5006,26,TVアニメ第3期放送記念 ★3引換券,1,[真我/1928]黄金城,1,2024-01-01 03:00:00,2050-08-01 14:59:59
5006027,5006,27,TVアニメ第3期放送記念 ★3引換券,1,[雀跃♪维他命心拍]特别周,1,2024-01-01 03:00:00,2050-08-01 14:59:59
5006028,5006,28,TVアニメ第3期放送記念 ★3引換券,1,[飞跃☆夏夜]丸善斯基,1,2024-01-01 03:00:00,2050-08-01 14:59:59
5006029,5006,29,TVアニメ第3期放送記念 ★3引換券,1,[苍蓝/怒涛]名将怒涛,1,2024-01-01 03:00:00,2050-08-01 14:59:59
5006030,5006,30,TVアニメ第3期放送記念 ★3引換券,1,[Meisterschaft]荣进闪耀,1,2024-01-01 03:00:00,2050-08-01 14:59:59
5006031,5006,31,TVアニメ第3期放送記念 ★3引換券,1,[吉兆秋风]待兼福来,1,2024-01-01 03:00:00,2050-08-01 14:59:59
5006032,5006,32,TVアニメ第3期放送記念 ★3引換券,1,[Buono☆时尚]菱曙,1,2024-01-01 03:00:00,2050-08-01 14:59:59
5006033,5006,33,TVアニメ第3期放送記念 ★3引換券,1,[超级加急！全彩PP膜特殊加工]爱丽数码,1,2024-01-01 03:00:00,2050-08-01 14:59:59
5006034,5006,34,TVアニメ第3期放送記念 ★3引換券,1,[Make up Vampire！]米浴,1,2024-01-01 03:00:00,2050-08-01 14:59:59
5006035,5006,35,TVアニメ第3期放送記念 ★3引換券,1,[雪纺丝带木乃伊]超级溪流,1,2024-01-01 03:00:00,2050-08-01 14:59:59
5006036,5006,36,TVアニメ第3期放送記念 ★3引換券,1,[粉红公主]川上公主,1,2024-01-01 03:00:00,2050-08-01 14:59:59
5006037,5006,37,TVアニメ第3期放送記念 ★3引換券,1,[Creeping Black]曼城茶座,1,2024-01-01 03:00:00,2050-08-01 14:59:59
5006038,5006,38,TVアニメ第3期放送記念 ★3引換券,1,[皓月下的神箭手]鲁道夫象征,1,2024-01-01 03:00:00,2050-08-01 14:59:59
5006039,5006,39,TVアニメ第3期放送記念 ★3引換券,1,[秋樱舞娘]黄金城,1,2024-01-01 03:00:00,2050-08-01 14:59:59
5006040,5006,40,TVアニメ第3期放送記念 ★3引換券,1,[潮流☆Joker]岛川乔丹,1,2024-01-01 03:00:00,2050-08-01 14:59:59
5006041,5006,41,TVアニメ第3期放送記念 ★3引換券,1,[宛延曲线]目白多伯,1,2024-01-01 03:00:00,2050-08-01 14:59:59
5006042,5006,42,TVアニメ第3期放送記念 ★3引換券,1,[奇迹的胜利之星]小栗帽,1,2024-01-01 03:00:00,2050-08-01 14:59:59
5006043,5006,43,TVアニメ第3期放送記念 ★3引換券,1,[嫣红圣诞颂歌]琵琶晨光,1,2024-01-01 03:00:00,2050-08-01 14:59:59
5006044,5006,44,TVアニメ第3期放送記念 ★3引換券,1,[Noble Seamair]美妙姿势,1,2024-01-01 03:00:00,2050-08-01 14:59:59
5006045,5006,45,TVアニメ第3期放送記念 ★3引換券,1,[疾风迅雷]玉藻十字,1,2024-01-01 03:00:00,2050-08-01 14:59:59
5006046,5006,46,TVアニメ第3期放送記念 ★3引換券,1,[明媚新春♪樱花绽放]春乌菈菈,1,2024-01-01 03:00:00,2050-08-01 14:59:59
5006047,5006,47,TVアニメ第3期放送記念 ★3引換券,1,[新春初晴·宝蓝绚烂]好歌剧,1,2024-01-01 03:00:00,2050-08-01 14:59:59
5006048,5006,48,TVアニメ第3期放送記念 ★3引換券,1,[举世无双·樱花耀夜]樱花千代王,1,2024-01-01 03:00:00,2050-08-01 14:59:59
5006049,5006,49,TVアニメ第3期放送記念 ★3引換券,1,[CODE：淋面装饰]美浦波旁,1,2024-01-01 03:00:00,2050-08-01 14:59:59
5006050,5006,50,TVアニメ第3期放送記念 ★3引換券,1,[精确无比·巧克力大师]荣进闪耀,1,2024-01-01 03:00:00,2050-08-01 14:59:59
5006051,5006,51,TVアニメ第3期放送記念 ★3引換券,1,[墨绿柔线]目白雅丹,1,2024-01-01 03:00:00,2050-08-01 14:59:59
5006052,5006,52,TVアニメ第3期放送記念 ★3引換券,1,[Starry Nocturne]爱慕织姬,1,2024-01-01 03:00:00,2050-08-01 14:59:59
5006053,5006,53,TVアニメ第3期放送記念 ★3引換券,1,[锦绣·溢彩盛典]北部玄驹,1,2024-01-01 03:00:00,2050-08-01 14:59:59
5006054,5006,54,TVアニメ第3期放送記念 ★3引換券,1,[Natural Brilliance]里见光钻,1,2024-01-01 03:00:00,2050-08-01 14:59:59
5006055,5006,55,TVアニメ第3期放送記念 ★3引換券,1,[砺光韧线]目白光明,1,2024-01-01 03:00:00,2050-08-01 14:59:59
5006056,5006,56,TVアニメ第3期放送記念 ★3引換券,1,[星夜猫咪舞会]青云天空,1,2024-01-01 03:00:00,2050-08-01 14:59:59
5006057,5006,57,TVアニメ第3期放送記念 ★3引換券,1,[胜利之星]富士奇石,1,2024-01-01 03:00:00,2050-08-01 14:59:59
5006058,5006,58,TVアニメ第3期放送記念 ★3引換券,1,[叠瓣花蕾]西野花,1,2024-01-01 03:00:00,2050-08-01 14:59:59
5006059,5006,59,TVアニメ第3期放送記念 ★3引換券,1,[四白流星之袭]八重无敌,1,2024-01-01 03:00:00,2050-08-01 14:59:59
5006060,5006,60,TVアニメ第3期放送記念 ★3引換券,1,[RUN＆WIN]优秀素质,1,2024-01-01 03:00:00,2050-08-01 14:59:59
5006061,5006,61,TVアニメ第3期放送記念 ★3引換券,1,[洁白傲气的激励之服]帝王光辉,1,2024-01-01 03:00:00,2050-08-01 14:59:59
5006062,5006,62,TVアニメ第3期放送記念 ★3引換券,1,[全时狂欢]艾尼风神,1,2024-01-01 03:00:00,2050-08-01 14:59:59
5006063,5006,63,TVアニメ第3期放送記念 ★3引換券,1,[Line Breakthrough]目白善信,1,2024-01-01 03:00:00,2050-08-01 14:59:59
5006064,5006,64,TVアニメ第3期放送記念 ★3引換券,1,[朔月挚爱]真机伶,1,2024-01-01 03:00:00,2050-08-01 14:59:59
5006065,5006,65,TVアニメ第3期放送記念 ★3引換券,1,[Titania]美妙姿势,1,2024-01-01 03:00:00,2050-08-01 14:59:59
5006066,5006,66,TVアニメ第3期放送記念 ★3引換券,1,[稻荷因缘江户紫]稻荷一,1,2024-01-01 03:00:00,2050-08-01 14:59:59
5006067,5006,67,TVアニメ第3期放送記念 ★3引換券,1,[悬铃木魔女]东商变革,1,2024-01-01 03:00:00,2050-08-01 14:59:59
5006068,5006,68,TVアニメ第3期放送記念 ★3引換券,1,[Bubblegum☆Memories]大树快车,1,2024-01-01 03:00:00,2050-08-01 14:59:59
5006069,5006,69,TVアニメ第3期放送記念 ★3引換券,1,[假日宝石蓝]目白多伯,1,2024-01-01 03:00:00,2050-08-01 14:59:59
5006070,5006,70,TVアニメ第3期放送記念 ★3引換券,1,[unsigned]空中神宫,1,2024-01-01 03:00:00,2050-08-01 14:59:59
5006071,5006,71,TVアニメ第3期放送記念 ★3引換券,1,[涟漪佳人]目白麦昆,1,2024-01-01 03:00:00,2050-08-01 14:59:59
5006072,5006,72,TVアニメ第3期放送記念 ★3引換券,1,[RUN！乱！发射！！]黄金船,1,2024-01-01 03:00:00,2050-08-01 14:59:59
5006073,5006,73,TVアニメ第3期放送記念 ★3引換券,1,[黑铁的壮志]青竹回忆,1,2024-01-01 03:00:00,2050-08-01 14:59:59
5006074,5006,74,TVアニメ第3期放送記念 ★3引換券,1,[阴阳八卦☆开运服]小林历奇,1,2024-01-01 03:00:00,2050-08-01 14:59:59
5006075,5006,75,TVアニメ第3期放送記念 ★3引換券,1,[黄昏凯旋]醒目飞鹰,1,2024-01-01 03:00:00,2050-08-01 14:59:59
5006076,5006,76,TVアニメ第3期放送記念 ★3引換券,1,[梦想传递员]胜利奖券,1,2024-01-01 03:00:00,2050-08-01 14:59:59
5006077,5006,77,TVアニメ第3期放送記念 ★3引換券,1,[另类工程师]成田大进,1,2024-01-01 03:00:00,2050-08-01 14:59:59
5006078,5006,78,TVアニメ第3期放送記念 ★3引換券,1,[可可爱爱的六出冰花]雪之美人,1,2024-01-01 03:00:00,2050-08-01 14:59:59
5006079,5006,79,TVアニメ第3期放送記念 ★3引換券,1,[Rocket☆Star]采珠,1,2024-01-01 03:00:00,2050-08-01 14:59:59
5006080,5006,80,TVアニメ第3期放送記念 ★3引換券,1,[爱丽♡僵尸]爱丽数码,1,2024-01-01 03:00:00,2050-08-01 14:59:59
5006081,5006,81,TVアニメ第3期放送記念 ★3引換券,1,[Dot-o'-Lantern]名将怒涛,1,2024-01-01 03:00:00,2050-08-01 14:59:59
5006082,5006,82,TVアニメ第3期放送記念 ★3引換券,1,[Flare]阿斯顿真弓,1,2024-01-01 03:00:00,2050-08-01 14:59:59
5006083,5006,83,TVアニメ第3期放送記念 ★3引換券,1,[Fluttertail Spirit]山人西风,1,2024-01-01 03:00:00,2050-08-01 14:59:59
5006084,5006,84,TVアニメ第3期放送記念 ★3引換券,1,[轰鸣雷神]玉藻十字,1,2024-01-01 03:00:00,2050-08-01 14:59:59
5006085,5006,85,TVアニメ第3期放送記念 ★3引換券,1,[梦之金原]稻荷一,1,2024-01-01 03:00:00,2050-08-01 14:59:59
5006086,5006,86,TVアニメ第3期放送記念 ★3引換券,1,[死中求生]中山庆典,1,2024-01-01 03:00:00,2050-08-01 14:59:59
5006087,5006,87,TVアニメ第3期放送記念 ★3引換券,1,[Butterfly Sting]奇锐骏,1,2024-01-01 03:00:00,2050-08-01 14:59:59
5006088,5006,88,TVアニメ第3期放送記念 ★3引換券,1,[不会结冰的生命之水]伏特加,1,2024-01-01 03:00:00,2050-08-01 14:59:59
5006089,5006,89,TVアニメ第3期放送記念 ★3引換券,1,[绯红的星月之夜]大和赤骥,1,2024-01-01 03:00:00,2050-08-01 14:59:59
5006090,5006,90,TVアニメ第3期放送記念 ★3引換券,1,[Heroic Author]荒漠英雄,1,2024-01-01 03:00:00,2050-08-01 14:59:59
5006091,5006,91,TVアニメ第3期放送記念 ★3引換券,1,[饿狼]成田白仁,1,2024-01-01 03:00:00,2050-08-01 14:59:59
5006092,5006,92,TVアニメ第3期放送記念 ★3引換券,1,[压轴主角·庆鹤之志]北部玄驹,1,2024-01-01 03:00:00,2050-08-01 14:59:59
5006093,5006,93,TVアニメ第3期放送記念 ★3引換券,1,[当红之星·荣兴之翠]里见光钻,1,2024-01-01 03:00:00,2050-08-01 14:59:59
5006094,5006,94,TVアニメ第3期放送記念 ★3引換券,1,[星辉之航]北幸樽前,1,2024-01-01 03:00:00,2050-08-01 14:59:59
5006095,5006,95,TVアニメ第3期放送記念 ★3引換券,1,[Fun☆Fun☆嗨翻天]大拓太阳神,1,2024-01-01 03:00:00,2050-08-01 14:59:59
5006096,5006,96,TVアニメ第3期放送記念 ★3引換券,1,[MELTY GIFT]艾尼风神,1,2024-01-01 03:00:00,2050-08-01 14:59:59
5006097,5006,97,TVアニメ第3期放送記念 ★3引換券,1,[玛格丽特拿铁]目白莱恩,1,2024-01-01 03:00:00,2050-08-01 14:59:59
5006098,5006,98,TVアニメ第3期放送記念 ★3引換券,1,[Wicked Punk]新光风,1,2024-01-01 03:00:00,2050-08-01 14:59:59
5006099,5006,99,TVアニメ第3期放送記念 ★3引換券,1,[Clear Bliss]千明代表,1,2024-01-01 03:00:00,2050-08-01 14:59:59
5006100,5006,100,TVアニメ第3期放送記念 ★3引換券,1,[华丽红玉]第一红宝,1,2024-01-01 03:00:00,2050-08-01 14:59:59
5006101,5006,101,TVアニメ第3期放送記念 ★3引換券,1,[Onyx Soldier]克里斯象征,1,2024-01-01 03:00:00,2050-08-01 14:59:59
5006102,5006,102,TVアニメ第3期放送記念 ★3引換券,1,[Neige Émeraude]目白雅丹,1,2024-01-01 03:00:00,2050-08-01 14:59:59
5006103,5006,103,TVアニメ第3期放送記念 ★3引換券,1,[Fleur Enneigée]樱花千代王,1,2024-01-01 03:00:00,2050-08-01 14:59:59
5006104,5006,104,TVアニメ第3期放送記念 ★3引換券,1,[Saisir le rêve]樱花桂冠,1,2024-01-01 03:00:00,2050-08-01 14:59:59
5006105,5006,105,TVアニメ第3期放送記念 ★3引換券,1,[Universe-Naut]新宇宙,1,2024-01-01 03:00:00,2050-08-01 14:59:59
5006106,5006,106,TVアニメ第3期放送記念 ★3引換券,1,[碧蓝湍流]待兼唐怀瑟,1,2024-01-01 03:00:00,2050-08-01 14:59:59
5006107,5006,107,TVアニメ第3期放送記念 ★3引換券,1,[赤热☆队长]樱花进王,1,2024-01-01 03:00:00,2050-08-01 14:59:59
5006108,5006,108,TVアニメ第3期放送記念 ★3引換券,1,[奇迹装点！]菱奇宝,1,2024-01-01 03:00:00,2050-08-01 14:59:59
5006109,5006,109,TVアニメ第3期放送記念 ★3引換券,1,[雷霆加身]谷水琴蕾,1,2024-01-01 03:00:00,2050-08-01 14:59:59
5006110,5006,110,TVアニメ第3期放送記念 ★3引換券,1,[Sweet Juneberry]西野花,1,2024-01-01 03:00:00,2050-08-01 14:59:59
5006111,5006,111,TVアニメ第3期放送記念 ★3引換券,1,[Hungry Veil]菱亚马逊,1,2024-01-01 03:00:00,2050-08-01 14:59:59
5006112,5006,112,TVアニメ第3期放送記念 ★3引換券,1,[☆闪亮★心动☆雀跃∞美丽∞]美丽周日,1,2024-01-01 03:00:00,2050-08-01 14:59:59
5006113,5006,113,TVアニメ第3期放送記念 ★3引換券,1,[Ultra☆Marine]青竹回忆,1,2024-01-01 03:00:00,2050-08-01 14:59:59
5006114,5006,114,TVアニメ第3期放送記念 ★3引換券,1,[Aurore☆Vacances]岛川乔丹,1,2024-01-01 03:00:00,2050-08-01 14:59:59
5006115,5006,115,TVアニメ第3期放送記念 ★3引換券,1,[登龙之顶]葛城荣主,1,2024-01-01 03:00:00,2050-08-01 14:59:59
5006116,5006,116,TVアニメ第3期放送記念 ★3引換券,1,[Féroce]天狼星象征,1,2024-01-01 03:00:00,2050-08-01 14:59:59
5006117,5006,117,TVアニメ第3期放送記念 ★3引換券,1,[Lunatic Lab]爱丽速子,1,2024-01-01 03:00:00,2050-08-01 14:59:59
5006118,5006,118,TVアニメ第3期放送記念 ★3引換券,1,[浪间翠玉]无声铃鹿,1,2024-01-01 03:00:00,2050-08-01 14:59:59
5006119,5006,119,TVアニメ第3期放送記念 ★3引換券,1,[The Proud Road]成田路,1,2024-01-01 03:00:00,2050-08-01 14:59:59
5006120,5006,120,TVアニメ第3期放送記念 ★3引換券,1,[La mode 564]黄金船,1,2024-01-01 03:00:00,2050-08-01 14:59:59
5006121,5006,121,TVアニメ第3期放送記念 ★3引換券,1,[シュヴァリエ・ブル]サトノダイヤモンド,1,2024-01-01 03:00:00,2050-08-01 14:59:59
5006122,5006,122,TVアニメ第3期放送記念 ★3引換券,1,[Prism]ケイエスミラクル,1,2024-01-01 03:00:00,2050-08-01 14:59:59
5006123,5006,123,TVアニメ第3期放送記念 ★3引換券,1,[Belphegor's Prime]エアシャカール,1,2024-01-01 03:00:00,2050-08-01 14:59:59
5006124,5006,124,TVアニメ第3期放送記念 ★3引換券,1,[Jetblack Automaton]シンボリクリスエス,1,2024-01-01 03:00:00,2050-08-01 14:59:59
5006125,5006,125,TVアニメ第3期放送記念 ★3引換券,1,[オニキス・ライン]メジロラモーヌ,1,2024-01-01 03:00:00,2050-08-01 14:59:59
5006126,5006,126,TVアニメ第3期放送記念 ★3引換券,1,[水干撫子]カワカミプリンセス,1,2024-01-01 03:00:00,2050-08-01 14:59:59
5006127,5006,127,TVアニメ第3期放送記念 ★3引換券,1,[紫雲の夢見取り]トウカイテイオー,1,2024-01-01 03:00:00,2050-08-01 14:59:59
5006128,5006,128,TVアニメ第3期放送記念 ★3引換券,1,[GLITTER!]タップダンスシチー,1,2024-01-01 03:00:00,2050-08-01 14:59:59
5006129,5006,129,TVアニメ第3期放送記念 ★3引換券,1,[赤心のトナカイさん]メジロパーマー,1,2024-01-01 03:00:00,2050-08-01 14:59:59
5006130,5006,130,TVアニメ第3期放送記念 ★3引換券,1,[清らに星澄むスノーロリィタ]メジロブライト,1,2024-01-01 03:00:00,2050-08-01 14:59:59
5006131,5006,131,TVアニメ第3期放送記念 ★3引換券,1,[黒翠千里行]サトノクラウン,1,2024-01-01 03:00:00,2050-08-01 14:59:59
5006132,5006,132,TVアニメ第3期放送記念 ★3引換券,1,[Grand itinéraire]シュヴァルグラン,1,2024-01-01 03:00:00,2050-08-01 14:59:59
5007001,5007,1,3rd Anniversary ★3引換券,1,[特别追梦者]特别周,1,2024-02-24 03:00:00,2050-08-01 14:59:59
5007002,5007,2,3rd Anniversary ★3引換券,1,[无声无瑕]无声铃鹿,1,2024-02-24 03:00:00,2050-08-01 14:59:59
5007003,5007,3,3rd Anniversary ★3引換券,1,[喜乐无边]东海帝王,1,2024-02-24 03:00:00,2050-08-01 14:59:59
5007004,5007,4,3rd Anniversary ★3引換券,1,[绯红方程式]丸善斯基,1,2024-02-24 03:00:00,2050-08-01 14:59:59
5007005,5007,5,3rd Anniversary ★3引換券,1,[星光跃动]小栗帽,1,2024-02-24 03:00:00,2050-08-01 14:59:59
5007006,5007,6,3rd Anniversary ★3引換券,1,[狂野前线]大树快车,1,2024-02-24 03:00:00,2050-08-01 14:59:59
5007007,5007,7,3rd Anniversary ★3引換券,1,[优雅曲线]目白麦昆,1,2024-02-24 03:00:00,2050-08-01 14:59:59
5007008,5007,8,3rd Anniversary ★3引換券,1,[皇帝]鲁道夫象征,1,2024-02-24 03:00:00,2050-08-01 14:59:59
5007009,5007,9,3rd Anniversary ★3引換券,1,[玫瑰之梦]米浴,1,2024-02-24 03:00:00,2050-08-01 14:59:59
5007010,5007,10,3rd Anniversary ★3引換券,1,[O sole suo！]好歌剧,1,2024-02-24 03:00:00,2050-08-01 14:59:59
5007011,5007,11,3rd Anniversary ★3引換券,1,[MB-19890425]美浦波旁,1,2024-02-24 03:00:00,2050-08-01 14:59:59
5007012,5007,12,3rd Anniversary ★3引換券,1,[pf.胜利公式]琵琶晨光,1,2024-02-24 03:00:00,2050-08-01 14:59:59
5007013,5007,13,3rd Anniversary ★3引換券,1,[飞跃地平线]东海帝王,1,2024-02-24 03:00:00,2050-08-01 14:59:59
5007014,5007,14,3rd Anniversary ★3引換券,1,[天际尽头]目白麦昆,1,2024-02-24 03:00:00,2050-08-01 14:59:59
5007015,5007,15,3rd Anniversary ★3引換券,1,[闪电少女]真机伶,1,2024-02-24 03:00:00,2050-08-01 14:59:59
5007016,5007,16,3rd Anniversary ★3引換券,1,[Nevertheless]成田大进,1,2024-02-24 03:00:00,2050-08-01 14:59:59
5007017,5007,17,3rd Anniversary ★3引換券,1,[绝对☆LOVE]醒目飞鹰,1,2024-02-24 03:00:00,2050-08-01 14:59:59
5007018,5007,18,3rd Anniversary ★3引換券,1,[Maverick]成田白仁,1,2024-02-24 03:00:00,2050-08-01 14:59:59
5007019,5007,19,3rd Anniversary ★3引換券,1,[阳光花束]重炮,1,2024-02-24 03:00:00,2050-08-01 14:59:59
5007020,5007,20,3rd Anniversary ★3引換券,1,[橡木王冠]气槽,1,2024-02-24 03:00:00,2050-08-01 14:59:59
5007021,5007,21,3rd Anniversary ★3引換券,1,[青云垂钓者]青云天空,1,2024-02-24 03:00:00,2050-08-01 14:59:59
5007022,5007,22,3rd Anniversary ★3引換券,1,[亚马逊青金石]菱亚马逊,1,2024-02-24 03:00:00,2050-08-01 14:59:59
5007023,5007,23,3rd Anniversary ★3引換券,1,[羽蛇武斗家]神鹰,1,2024-02-24 03:00:00,2050-08-01 14:59:59
5007024,5007,24,3rd Anniversary ★3引換券,1,[圣翠治愈师]草上飞,1,2024-02-24 03:00:00,2050-08-01 14:59:59
5007025,5007,25,3rd Anniversary ★3引換券,1,[流星歌剧]富士奇石,1,2024-02-24 03:00:00,2050-08-01 14:59:59
5007026,5007,26,3rd Anniversary ★3引換券,1,[真我/1928]黄金城,1,2024-02-24 03:00:00,2050-08-01 14:59:59
5007027,5007,27,3rd Anniversary ★3引換券,1,[雀跃♪维他命心拍]特别周,1,2024-02-24 03:00:00,2050-08-01 14:59:59
5007028,5007,28,3rd Anniversary ★3引換券,1,[飞跃☆夏夜]丸善斯基,1,2024-02-24 03:00:00,2050-08-01 14:59:59
5007029,5007,29,3rd Anniversary ★3引換券,1,[苍蓝/怒涛]名将怒涛,1,2024-02-24 03:00:00,2050-08-01 14:59:59
5007030,5007,30,3rd Anniversary ★3引換券,1,[Meisterschaft]荣进闪耀,1,2024-02-24 03:00:00,2050-08-01 14:59:59
5007031,5007,31,3rd Anniversary ★3引換券,1,[吉兆秋风]待兼福来,1,2024-02-24 03:00:00,2050-08-01 14:59:59
5007032,5007,32,3rd Anniversary ★3引換券,1,[Buono☆时尚]菱曙,1,2024-02-24 03:00:00,2050-08-01 14:59:59
5007033,5007,33,3rd Anniversary ★3引換券,1,[超级加急！全彩PP膜特殊加工]爱丽数码,1,2024-02-24 03:00:00,2050-08-01 14:59:59
5007034,5007,34,3rd Anniversary ★3引換券,1,[Make up Vampire！]米浴,1,2024-02-24 03:00:00,2050-08-01 14:59:59
5007035,5007,35,3rd Anniversary ★3引換券,1,[雪纺丝带木乃伊]超级溪流,1,2024-02-24 03:00:00,2050-08-01 14:59:59
5007036,5007,36,3rd Anniversary ★3引換券,1,[粉红公主]川上公主,1,2024-02-24 03:00:00,2050-08-01 14:59:59
5007037,5007,37,3rd Anniversary ★3引換券,1,[Creeping Black]曼城茶座,1,2024-02-24 03:00:00,2050-08-01 14:59:59
5007038,5007,38,3rd Anniversary ★3引換券,1,[皓月下的神箭手]鲁道夫象征,1,2024-02-24 03:00:00,2050-08-01 14:59:59
5007039,5007,39,3rd Anniversary ★3引換券,1,[秋樱舞娘]黄金城,1,2024-02-24 03:00:00,2050-08-01 14:59:59
5007040,5007,40,3rd Anniversary ★3引換券,1,[潮流☆Joker]岛川乔丹,1,2024-02-24 03:00:00,2050-08-01 14:59:59
5007041,5007,41,3rd Anniversary ★3引換券,1,[宛延曲线]目白多伯,1,2024-02-24 03:00:00,2050-08-01 14:59:59
5007042,5007,42,3rd Anniversary ★3引換券,1,[奇迹的胜利之星]小栗帽,1,2024-02-24 03:00:00,2050-08-01 14:59:59
5007043,5007,43,3rd Anniversary ★3引換券,1,[嫣红圣诞颂歌]琵琶晨光,1,2024-02-24 03:00:00,2050-08-01 14:59:59
5007044,5007,44,3rd Anniversary ★3引換券,1,[Noble Seamair]美妙姿势,1,2024-02-24 03:00:00,2050-08-01 14:59:59
5007045,5007,45,3rd Anniversary ★3引換券,1,[疾风迅雷]玉藻十字,1,2024-02-24 03:00:00,2050-08-01 14:59:59
5007046,5007,46,3rd Anniversary ★3引換券,1,[明媚新春♪樱花绽放]春乌菈菈,1,2024-02-24 03:00:00,2050-08-01 14:59:59
5007047,5007,47,3rd Anniversary ★3引換券,1,[新春初晴·宝蓝绚烂]好歌剧,1,2024-02-24 03:00:00,2050-08-01 14:59:59
5007048,5007,48,3rd Anniversary ★3引換券,1,[举世无双·樱花耀夜]樱花千代王,1,2024-02-24 03:00:00,2050-08-01 14:59:59
5007049,5007,49,3rd Anniversary ★3引換券,1,[CODE：淋面装饰]美浦波旁,1,2024-02-24 03:00:00,2050-08-01 14:59:59
5007050,5007,50,3rd Anniversary ★3引換券,1,[精确无比·巧克力大师]荣进闪耀,1,2024-02-24 03:00:00,2050-08-01 14:59:59
5007051,5007,51,3rd Anniversary ★3引換券,1,[墨绿柔线]目白雅丹,1,2024-02-24 03:00:00,2050-08-01 14:59:59
5007052,5007,52,3rd Anniversary ★3引換券,1,[Starry Nocturne]爱慕织姬,1,2024-02-24 03:00:00,2050-08-01 14:59:59
5007053,5007,53,3rd Anniversary ★3引換券,1,[锦绣·溢彩盛典]北部玄驹,1,2024-02-24 03:00:00,2050-08-01 14:59:59
5007054,5007,54,3rd Anniversary ★3引換券,1,[Natural Brilliance]里见光钻,1,2024-02-24 03:00:00,2050-08-01 14:59:59
5007055,5007,55,3rd Anniversary ★3引換券,1,[砺光韧线]目白光明,1,2024-02-24 03:00:00,2050-08-01 14:59:59
5007056,5007,56,3rd Anniversary ★3引換券,1,[星夜猫咪舞会]青云天空,1,2024-02-24 03:00:00,2050-08-01 14:59:59
5007057,5007,57,3rd Anniversary ★3引換券,1,[胜利之星]富士奇石,1,2024-02-24 03:00:00,2050-08-01 14:59:59
5007058,5007,58,3rd Anniversary ★3引換券,1,[叠瓣花蕾]西野花,1,2024-02-24 03:00:00,2050-08-01 14:59:59
5007059,5007,59,3rd Anniversary ★3引換券,1,[四白流星之袭]八重无敌,1,2024-02-24 03:00:00,2050-08-01 14:59:59
5007060,5007,60,3rd Anniversary ★3引換券,1,[RUN＆WIN]优秀素质,1,2024-02-24 03:00:00,2050-08-01 14:59:59
5007061,5007,61,3rd Anniversary ★3引換券,1,[洁白傲气的激励之服]帝王光辉,1,2024-02-24 03:00:00,2050-08-01 14:59:59
5007062,5007,62,3rd Anniversary ★3引換券,1,[全时狂欢]艾尼风神,1,2024-02-24 03:00:00,2050-08-01 14:59:59
5007063,5007,63,3rd Anniversary ★3引換券,1,[Line Breakthrough]目白善信,1,2024-02-24 03:00:00,2050-08-01 14:59:59
5007064,5007,64,3rd Anniversary ★3引換券,1,[朔月挚爱]真机伶,1,2024-02-24 03:00:00,2050-08-01 14:59:59
5007065,5007,65,3rd Anniversary ★3引換券,1,[Titania]美妙姿势,1,2024-02-24 03:00:00,2050-08-01 14:59:59
5007066,5007,66,3rd Anniversary ★3引換券,1,[稻荷因缘江户紫]稻荷一,1,2024-02-24 03:00:00,2050-08-01 14:59:59
5007067,5007,67,3rd Anniversary ★3引換券,1,[悬铃木魔女]东商变革,1,2024-02-24 03:00:00,2050-08-01 14:59:59
5007068,5007,68,3rd Anniversary ★3引換券,1,[Bubblegum☆Memories]大树快车,1,2024-02-24 03:00:00,2050-08-01 14:59:59
5007069,5007,69,3rd Anniversary ★3引換券,1,[假日宝石蓝]目白多伯,1,2024-02-24 03:00:00,2050-08-01 14:59:59
5007070,5007,70,3rd Anniversary ★3引換券,1,[unsigned]空中神宫,1,2024-02-24 03:00:00,2050-08-01 14:59:59
5007071,5007,71,3rd Anniversary ★3引換券,1,[涟漪佳人]目白麦昆,1,2024-02-24 03:00:00,2050-08-01 14:59:59
5007072,5007,72,3rd Anniversary ★3引換券,1,[RUN！乱！发射！！]黄金船,1,2024-02-24 03:00:00,2050-08-01 14:59:59
5007073,5007,73,3rd Anniversary ★3引換券,1,[黑铁的壮志]青竹回忆,1,2024-02-24 03:00:00,2050-08-01 14:59:59
5007074,5007,74,3rd Anniversary ★3引換券,1,[阴阳八卦☆开运服]小林历奇,1,2024-02-24 03:00:00,2050-08-01 14:59:59
5007075,5007,75,3rd Anniversary ★3引換券,1,[黄昏凯旋]醒目飞鹰,1,2024-02-24 03:00:00,2050-08-01 14:59:59
5007076,5007,76,3rd Anniversary ★3引換券,1,[梦想传递员]胜利奖券,1,2024-02-24 03:00:00,2050-08-01 14:59:59
5007077,5007,77,3rd Anniversary ★3引換券,1,[另类工程师]成田大进,1,2024-02-24 03:00:00,2050-08-01 14:59:59
5007078,5007,78,3rd Anniversary ★3引換券,1,[可可爱爱的六出冰花]雪之美人,1,2024-02-24 03:00:00,2050-08-01 14:59:59
5007079,5007,79,3rd Anniversary ★3引換券,1,[Rocket☆Star]采珠,1,2024-02-24 03:00:00,2050-08-01 14:59:59
5007080,5007,80,3rd Anniversary ★3引換券,1,[爱丽♡僵尸]爱丽数码,1,2024-02-24 03:00:00,2050-08-01 14:59:59
5007081,5007,81,3rd Anniversary ★3引換券,1,[Dot-o'-Lantern]名将怒涛,1,2024-02-24 03:00:00,2050-08-01 14:59:59
5007082,5007,82,3rd Anniversary ★3引換券,1,[Flare]阿斯顿真弓,1,2024-02-24 03:00:00,2050-08-01 14:59:59
5007083,5007,83,3rd Anniversary ★3引換券,1,[Fluttertail Spirit]山人西风,1,2024-02-24 03:00:00,2050-08-01 14:59:59
5007084,5007,84,3rd Anniversary ★3引換券,1,[轰鸣雷神]玉藻十字,1,2024-02-24 03:00:00,2050-08-01 14:59:59
5007085,5007,85,3rd Anniversary ★3引換券,1,[梦之金原]稻荷一,1,2024-02-24 03:00:00,2050-08-01 14:59:59
5007086,5007,86,3rd Anniversary ★3引換券,1,[死中求生]中山庆典,1,2024-02-24 03:00:00,2050-08-01 14:59:59
5007087,5007,87,3rd Anniversary ★3引換券,1,[Butterfly Sting]奇锐骏,1,2024-02-24 03:00:00,2050-08-01 14:59:59
5007088,5007,88,3rd Anniversary ★3引換券,1,[不会结冰的生命之水]伏特加,1,2024-02-24 03:00:00,2050-08-01 14:59:59
5007089,5007,89,3rd Anniversary ★3引換券,1,[绯红的星月之夜]大和赤骥,1,2024-02-24 03:00:00,2050-08-01 14:59:59
5007090,5007,90,3rd Anniversary ★3引換券,1,[Heroic Author]荒漠英雄,1,2024-02-24 03:00:00,2050-08-01 14:59:59
5007091,5007,91,3rd Anniversary ★3引換券,1,[饿狼]成田白仁,1,2024-02-24 03:00:00,2050-08-01 14:59:59
5007092,5007,92,3rd Anniversary ★3引換券,1,[压轴主角·庆鹤之志]北部玄驹,1,2024-02-24 03:00:00,2050-08-01 14:59:59
5007093,5007,93,3rd Anniversary ★3引換券,1,[当红之星·荣兴之翠]里见光钻,1,2024-02-24 03:00:00,2050-08-01 14:59:59
5007094,5007,94,3rd Anniversary ★3引換券,1,[星辉之航]北幸樽前,1,2024-02-24 03:00:00,2050-08-01 14:59:59
5007095,5007,95,3rd Anniversary ★3引換券,1,[Fun☆Fun☆嗨翻天]大拓太阳神,1,2024-02-24 03:00:00,2050-08-01 14:59:59
5007096,5007,96,3rd Anniversary ★3引換券,1,[MELTY GIFT]艾尼风神,1,2024-02-24 03:00:00,2050-08-01 14:59:59
5007097,5007,97,3rd Anniversary ★3引換券,1,[玛格丽特拿铁]目白莱恩,1,2024-02-24 03:00:00,2050-08-01 14:59:59
5007098,5007,98,3rd Anniversary ★3引換券,1,[Wicked Punk]新光风,1,2024-02-24 03:00:00,2050-08-01 14:59:59
5007099,5007,99,3rd Anniversary ★3引換券,1,[Clear Bliss]千明代表,1,2024-02-24 03:00:00,2050-08-01 14:59:59
5007100,5007,100,3rd Anniversary ★3引換券,1,[华丽红玉]第一红宝,1,2024-02-24 03:00:00,2050-08-01 14:59:59
5007101,5007,101,3rd Anniversary ★3引換券,1,[Onyx Soldier]克里斯象征,1,2024-02-24 03:00:00,2050-08-01 14:59:59
5007102,5007,102,3rd Anniversary ★3引換券,1,[Neige Émeraude]目白雅丹,1,2024-02-24 03:00:00,2050-08-01 14:59:59
5007103,5007,103,3rd Anniversary ★3引換券,1,[Fleur Enneigée]樱花千代王,1,2024-02-24 03:00:00,2050-08-01 14:59:59
5007104,5007,104,3rd Anniversary ★3引換券,1,[Saisir le rêve]樱花桂冠,1,2024-02-24 03:00:00,2050-08-01 14:59:59
5007105,5007,105,3rd Anniversary ★3引換券,1,[Universe-Naut]新宇宙,1,2024-02-24 03:00:00,2050-08-01 14:59:59
5007106,5007,106,3rd Anniversary ★3引換券,1,[碧蓝湍流]待兼唐怀瑟,1,2024-02-24 03:00:00,2050-08-01 14:59:59
5007107,5007,107,3rd Anniversary ★3引換券,1,[赤热☆队长]樱花进王,1,2024-02-24 03:00:00,2050-08-01 14:59:59
5007108,5007,108,3rd Anniversary ★3引換券,1,[奇迹装点！]菱奇宝,1,2024-02-24 03:00:00,2050-08-01 14:59:59
5007109,5007,109,3rd Anniversary ★3引換券,1,[雷霆加身]谷水琴蕾,1,2024-02-24 03:00:00,2050-08-01 14:59:59
5007110,5007,110,3rd Anniversary ★3引換券,1,[Sweet Juneberry]西野花,1,2024-02-24 03:00:00,2050-08-01 14:59:59
5007111,5007,111,3rd Anniversary ★3引換券,1,[Hungry Veil]菱亚马逊,1,2024-02-24 03:00:00,2050-08-01 14:59:59
5007112,5007,112,3rd Anniversary ★3引換券,1,[☆闪亮★心动☆雀跃∞美丽∞]美丽周日,1,2024-02-24 03:00:00,2050-08-01 14:59:59
5007113,5007,113,3rd Anniversary ★3引換券,1,[Ultra☆Marine]青竹回忆,1,2024-02-24 03:00:00,2050-08-01 14:59:59
5007114,5007,114,3rd Anniversary ★3引換券,1,[Aurore☆Vacances]岛川乔丹,1,2024-02-24 03:00:00,2050-08-01 14:59:59
5007115,5007,115,3rd Anniversary ★3引換券,1,[登龙之顶]葛城荣主,1,2024-02-24 03:00:00,2050-08-01 14:59:59
5007116,5007,116,3rd Anniversary ★3引換券,1,[Féroce]天狼星象征,1,2024-02-24 03:00:00,2050-08-01 14:59:59
5007117,5007,117,3rd Anniversary ★3引換券,1,[Lunatic Lab]爱丽速子,1,2024-02-24 03:00:00,2050-08-01 14:59:59
5007118,5007,118,3rd Anniversary ★3引換券,1,[浪间翠玉]无声铃鹿,1,2024-02-24 03:00:00,2050-08-01 14:59:59
5007119,5007,119,3rd Anniversary ★3引換券,1,[The Proud Road]成田路,1,2024-02-24 03:00:00,2050-08-01 14:59:59
5007120,5007,120,3rd Anniversary ★3引換券,1,[La mode 564]黄金船,1,2024-02-24 03:00:00,2050-08-01 14:59:59
5007121,5007,121,3rd Anniversary ★3引換券,1,[シュヴァリエ・ブル]サトノダイヤモンド,1,2024-02-24 03:00:00,2050-08-01 14:59:59
5007122,5007,122,3rd Anniversary ★3引換券,1,[Prism]ケイエスミラクル,1,2024-02-24 03:00:00,2050-08-01 14:59:59
5007123,5007,123,3rd Anniversary ★3引換券,1,[Belphegor's Prime]エアシャカール,1,2024-02-24 03:00:00,2050-08-01 14:59:59
5007124,5007,124,3rd Anniversary ★3引換券,1,[Jetblack Automaton]シンボリクリスエス,1,2024-02-24 03:00:00,2050-08-01 14:59:59
5007125,5007,125,3rd Anniversary ★3引換券,1,[オニキス・ライン]メジロラモーヌ,1,2024-02-24 03:00:00,2050-08-01 14:59:59
5007126,5007,126,3rd Anniversary ★3引換券,1,[水干撫子]カワカミプリンセス,1,2024-02-24 03:00:00,2050-08-01 14:59:59
5007127,5007,127,3rd Anniversary ★3引換券,1,[紫雲の夢見取り]トウカイテイオー,1,2024-02-24 03:00:00,2050-08-01 14:59:59
5007128,5007,128,3rd Anniversary ★3引換券,1,[GLITTER!]タップダンスシチー,1,2024-02-24 03:00:00,2050-08-01 14:59:59
5007129,5007,129,3rd Anniversary ★3引換券,1,[赤心のトナカイさん]メジロパーマー,1,2024-02-24 03:00:00,2050-08-01 14:59:59
5007130,5007,130,3rd Anniversary ★3引換券,1,[清らに星澄むスノーロリィタ]メジロブライト,1,2024-02-24 03:00:00,2050-08-01 14:59:59
5007131,5007,131,3rd Anniversary ★3引換券,1,[黒翠千里行]サトノクラウン,1,2024-02-24 03:00:00,2050-08-01 14:59:59
5007132,5007,132,3rd Anniversary ★3引換券,1,[Grand itinéraire]シュヴァルグラン,1,2024-02-24 03:00:00,2050-08-01 14:59:59
5007133,5007,133,3rd Anniversary ★3引換券,1,[結願のしまい華]キタサンブラック,1,2024-02-24 03:00:00,2050-08-01 14:59:59
5007134,5007,134,3rd Anniversary ★3引換券,1,[ネガイノカサネ]ナイスネイチャ,1,2024-02-24 03:00:00,2050-08-01 14:59:59
5007135,5007,135,3rd Anniversary ★3引換券,1,[Voyage étincelant]ヴィブロス,1,2024-02-24 03:00:00,2050-08-01 14:59:59
5007136,5007,136,3rd Anniversary ★3引換券,1,[茶の子雪ん子]ユキノビジン,1,2024-02-24 03:00:00,2050-08-01 14:59:59
5007137,5007,137,3rd Anniversary ★3引換券,1,[柳緑小夜]マンハッタンカフェ,1,2024-02-24 03:00:00,2050-08-01 14:59:59
5008001,5008,1,ウマ箱３ ★3引換券,1,[特别追梦者]特别周,1,2024-04-15 03:00:00,2050-08-01 14:59:59
5008002,5008,2,ウマ箱３ ★3引換券,1,[无声无瑕]无声铃鹿,1,2024-04-15 03:00:00,2050-08-01 14:59:59
5008003,5008,3,ウマ箱３ ★3引換券,1,[喜乐无边]东海帝王,1,2024-04-15 03:00:00,2050-08-01 14:59:59
5008004,5008,4,ウマ箱３ ★3引換券,1,[绯红方程式]丸善斯基,1,2024-04-15 03:00:00,2050-08-01 14:59:59
5008005,5008,5,ウマ箱３ ★3引換券,1,[星光跃动]小栗帽,1,2024-04-15 03:00:00,2050-08-01 14:59:59
5008006,5008,6,ウマ箱３ ★3引換券,1,[狂野前线]大树快车,1,2024-04-15 03:00:00,2050-08-01 14:59:59
5008007,5008,7,ウマ箱３ ★3引換券,1,[优雅曲线]目白麦昆,1,2024-04-15 03:00:00,2050-08-01 14:59:59
5008008,5008,8,ウマ箱３ ★3引換券,1,[皇帝]鲁道夫象征,1,2024-04-15 03:00:00,2050-08-01 14:59:59
5008009,5008,9,ウマ箱３ ★3引換券,1,[玫瑰之梦]米浴,1,2024-04-15 03:00:00,2050-08-01 14:59:59
5008010,5008,10,ウマ箱３ ★3引換券,1,[O sole suo！]好歌剧,1,2024-04-15 03:00:00,2050-08-01 14:59:59
5008011,5008,11,ウマ箱３ ★3引換券,1,[MB-19890425]美浦波旁,1,2024-04-15 03:00:00,2050-08-01 14:59:59
5008012,5008,12,ウマ箱３ ★3引換券,1,[pf.胜利公式]琵琶晨光,1,2024-04-15 03:00:00,2050-08-01 14:59:59
5008013,5008,13,ウマ箱３ ★3引換券,1,[飞跃地平线]东海帝王,1,2024-04-15 03:00:00,2050-08-01 14:59:59
5008014,5008,14,ウマ箱３ ★3引換券,1,[天际尽头]目白麦昆,1,2024-04-15 03:00:00,2050-08-01 14:59:59
5008015,5008,15,ウマ箱３ ★3引換券,1,[闪电少女]真机伶,1,2024-04-15 03:00:00,2050-08-01 14:59:59
5008016,5008,16,ウマ箱３ ★3引換券,1,[Nevertheless]成田大进,1,2024-04-15 03:00:00,2050-08-01 14:59:59
5008017,5008,17,ウマ箱３ ★3引換券,1,[绝对☆LOVE]醒目飞鹰,1,2024-04-15 03:00:00,2050-08-01 14:59:59
5008018,5008,18,ウマ箱３ ★3引換券,1,[Maverick]成田白仁,1,2024-04-15 03:00:00,2050-08-01 14:59:59
5008019,5008,19,ウマ箱３ ★3引換券,1,[阳光花束]重炮,1,2024-04-15 03:00:00,2050-08-01 14:59:59
5008020,5008,20,ウマ箱３ ★3引換券,1,[橡木王冠]气槽,1,2024-04-15 03:00:00,2050-08-01 14:59:59
5008021,5008,21,ウマ箱３ ★3引換券,1,[青云垂钓者]青云天空,1,2024-04-15 03:00:00,2050-08-01 14:59:59
5008022,5008,22,ウマ箱３ ★3引換券,1,[亚马逊青金石]菱亚马逊,1,2024-04-15 03:00:00,2050-08-01 14:59:59
5008023,5008,23,ウマ箱３ ★3引換券,1,[羽蛇武斗家]神鹰,1,2024-04-15 03:00:00,2050-08-01 14:59:59
5008024,5008,24,ウマ箱３ ★3引換券,1,[圣翠治愈师]草上飞,1,2024-04-15 03:00:00,2050-08-01 14:59:59
5008025,5008,25,ウマ箱３ ★3引換券,1,[流星歌剧]富士奇石,1,2024-04-15 03:00:00,2050-08-01 14:59:59
5008026,5008,26,ウマ箱３ ★3引換券,1,[真我/1928]黄金城,1,2024-04-15 03:00:00,2050-08-01 14:59:59
5008027,5008,27,ウマ箱３ ★3引換券,1,[雀跃♪维他命心拍]特别周,1,2024-04-15 03:00:00,2050-08-01 14:59:59
5008028,5008,28,ウマ箱３ ★3引換券,1,[飞跃☆夏夜]丸善斯基,1,2024-04-15 03:00:00,2050-08-01 14:59:59
5008029,5008,29,ウマ箱３ ★3引換券,1,[苍蓝/怒涛]名将怒涛,1,2024-04-15 03:00:00,2050-08-01 14:59:59
5008030,5008,30,ウマ箱３ ★3引換券,1,[Meisterschaft]荣进闪耀,1,2024-04-15 03:00:00,2050-08-01 14:59:59
5008031,5008,31,ウマ箱３ ★3引換券,1,[吉兆秋风]待兼福来,1,2024-04-15 03:00:00,2050-08-01 14:59:59
5008032,5008,32,ウマ箱３ ★3引換券,1,[Buono☆时尚]菱曙,1,2024-04-15 03:00:00,2050-08-01 14:59:59
5008033,5008,33,ウマ箱３ ★3引換券,1,[超级加急！全彩PP膜特殊加工]爱丽数码,1,2024-04-15 03:00:00,2050-08-01 14:59:59
5008034,5008,34,ウマ箱３ ★3引換券,1,[Make up Vampire！]米浴,1,2024-04-15 03:00:00,2050-08-01 14:59:59
5008035,5008,35,ウマ箱３ ★3引換券,1,[雪纺丝带木乃伊]超级溪流,1,2024-04-15 03:00:00,2050-08-01 14:59:59
5008036,5008,36,ウマ箱３ ★3引換券,1,[粉红公主]川上公主,1,2024-04-15 03:00:00,2050-08-01 14:59:59
5008037,5008,37,ウマ箱３ ★3引換券,1,[Creeping Black]曼城茶座,1,2024-04-15 03:00:00,2050-08-01 14:59:59
5008038,5008,38,ウマ箱３ ★3引換券,1,[皓月下的神箭手]鲁道夫象征,1,2024-04-15 03:00:00,2050-08-01 14:59:59
5008039,5008,39,ウマ箱３ ★3引換券,1,[秋樱舞娘]黄金城,1,2024-04-15 03:00:00,2050-08-01 14:59:59
5008040,5008,40,ウマ箱３ ★3引換券,1,[潮流☆Joker]岛川乔丹,1,2024-04-15 03:00:00,2050-08-01 14:59:59
5008041,5008,41,ウマ箱３ ★3引換券,1,[宛延曲线]目白多伯,1,2024-04-15 03:00:00,2050-08-01 14:59:59
5008042,5008,42,ウマ箱３ ★3引換券,1,[奇迹的胜利之星]小栗帽,1,2024-04-15 03:00:00,2050-08-01 14:59:59
5008043,5008,43,ウマ箱３ ★3引換券,1,[嫣红圣诞颂歌]琵琶晨光,1,2024-04-15 03:00:00,2050-08-01 14:59:59
5008044,5008,44,ウマ箱３ ★3引換券,1,[Noble Seamair]美妙姿势,1,2024-04-15 03:00:00,2050-08-01 14:59:59
5008045,5008,45,ウマ箱３ ★3引換券,1,[疾风迅雷]玉藻十字,1,2024-04-15 03:00:00,2050-08-01 14:59:59
5008046,5008,46,ウマ箱３ ★3引換券,1,[明媚新春♪樱花绽放]春乌菈菈,1,2024-04-15 03:00:00,2050-08-01 14:59:59
5008047,5008,47,ウマ箱３ ★3引換券,1,[新春初晴·宝蓝绚烂]好歌剧,1,2024-04-15 03:00:00,2050-08-01 14:59:59
5008048,5008,48,ウマ箱３ ★3引換券,1,[举世无双·樱花耀夜]樱花千代王,1,2024-04-15 03:00:00,2050-08-01 14:59:59
5008049,5008,49,ウマ箱３ ★3引換券,1,[CODE：淋面装饰]美浦波旁,1,2024-04-15 03:00:00,2050-08-01 14:59:59
5008050,5008,50,ウマ箱３ ★3引換券,1,[精确无比·巧克力大师]荣进闪耀,1,2024-04-15 03:00:00,2050-08-01 14:59:59
5008051,5008,51,ウマ箱３ ★3引換券,1,[墨绿柔线]目白雅丹,1,2024-04-15 03:00:00,2050-08-01 14:59:59
5008052,5008,52,ウマ箱３ ★3引換券,1,[Starry Nocturne]爱慕织姬,1,2024-04-15 03:00:00,2050-08-01 14:59:59
5008053,5008,53,ウマ箱３ ★3引換券,1,[锦绣·溢彩盛典]北部玄驹,1,2024-04-15 03:00:00,2050-08-01 14:59:59
5008054,5008,54,ウマ箱３ ★3引換券,1,[Natural Brilliance]里见光钻,1,2024-04-15 03:00:00,2050-08-01 14:59:59
5008055,5008,55,ウマ箱３ ★3引換券,1,[砺光韧线]目白光明,1,2024-04-15 03:00:00,2050-08-01 14:59:59
5008056,5008,56,ウマ箱３ ★3引換券,1,[星夜猫咪舞会]青云天空,1,2024-04-15 03:00:00,2050-08-01 14:59:59
5008057,5008,57,ウマ箱３ ★3引換券,1,[胜利之星]富士奇石,1,2024-04-15 03:00:00,2050-08-01 14:59:59
5008058,5008,58,ウマ箱３ ★3引換券,1,[叠瓣花蕾]西野花,1,2024-04-15 03:00:00,2050-08-01 14:59:59
5008059,5008,59,ウマ箱３ ★3引換券,1,[四白流星之袭]八重无敌,1,2024-04-15 03:00:00,2050-08-01 14:59:59
5008060,5008,60,ウマ箱３ ★3引換券,1,[RUN＆WIN]优秀素质,1,2024-04-15 03:00:00,2050-08-01 14:59:59
5008061,5008,61,ウマ箱３ ★3引換券,1,[洁白傲气的激励之服]帝王光辉,1,2024-04-15 03:00:00,2050-08-01 14:59:59
5008062,5008,62,ウマ箱３ ★3引換券,1,[全时狂欢]艾尼风神,1,2024-04-15 03:00:00,2050-08-01 14:59:59
5008063,5008,63,ウマ箱３ ★3引換券,1,[Line Breakthrough]目白善信,1,2024-04-15 03:00:00,2050-08-01 14:59:59
5008064,5008,64,ウマ箱３ ★3引換券,1,[朔月挚爱]真机伶,1,2024-04-15 03:00:00,2050-08-01 14:59:59
5008065,5008,65,ウマ箱３ ★3引換券,1,[Titania]美妙姿势,1,2024-04-15 03:00:00,2050-08-01 14:59:59
5008066,5008,66,ウマ箱３ ★3引換券,1,[稻荷因缘江户紫]稻荷一,1,2024-04-15 03:00:00,2050-08-01 14:59:59
5008067,5008,67,ウマ箱３ ★3引換券,1,[悬铃木魔女]东商变革,1,2024-04-15 03:00:00,2050-08-01 14:59:59
5008068,5008,68,ウマ箱３ ★3引換券,1,[Bubblegum☆Memories]大树快车,1,2024-04-15 03:00:00,2050-08-01 14:59:59
5008069,5008,69,ウマ箱３ ★3引換券,1,[假日宝石蓝]目白多伯,1,2024-04-15 03:00:00,2050-08-01 14:59:59
5008070,5008,70,ウマ箱３ ★3引換券,1,[unsigned]空中神宫,1,2024-04-15 03:00:00,2050-08-01 14:59:59
5008071,5008,71,ウマ箱３ ★3引換券,1,[涟漪佳人]目白麦昆,1,2024-04-15 03:00:00,2050-08-01 14:59:59
5008072,5008,72,ウマ箱３ ★3引換券,1,[RUN！乱！发射！！]黄金船,1,2024-04-15 03:00:00,2050-08-01 14:59:59
5008073,5008,73,ウマ箱３ ★3引換券,1,[黑铁的壮志]青竹回忆,1,2024-04-15 03:00:00,2050-08-01 14:59:59
5008074,5008,74,ウマ箱３ ★3引換券,1,[阴阳八卦☆开运服]小林历奇,1,2024-04-15 03:00:00,2050-08-01 14:59:59
5008075,5008,75,ウマ箱３ ★3引換券,1,[黄昏凯旋]醒目飞鹰,1,2024-04-15 03:00:00,2050-08-01 14:59:59
5008076,5008,76,ウマ箱３ ★3引換券,1,[梦想传递员]胜利奖券,1,2024-04-15 03:00:00,2050-08-01 14:59:59
5008077,5008,77,ウマ箱３ ★3引換券,1,[另类工程师]成田大进,1,2024-04-15 03:00:00,2050-08-01 14:59:59
5008078,5008,78,ウマ箱３ ★3引換券,1,[可可爱爱的六出冰花]雪之美人,1,2024-04-15 03:00:00,2050-08-01 14:59:59
5008079,5008,79,ウマ箱３ ★3引換券,1,[Rocket☆Star]采珠,1,2024-04-15 03:00:00,2050-08-01 14:59:59
5008080,5008,80,ウマ箱３ ★3引換券,1,[爱丽♡僵尸]爱丽数码,1,2024-04-15 03:00:00,2050-08-01 14:59:59
5008081,5008,81,ウマ箱３ ★3引換券,1,[Dot-o'-Lantern]名将怒涛,1,2024-04-15 03:00:00,2050-08-01 14:59:59
5008082,5008,82,ウマ箱３ ★3引換券,1,[Flare]阿斯顿真弓,1,2024-04-15 03:00:00,2050-08-01 14:59:59
5008083,5008,83,ウマ箱３ ★3引換券,1,[Fluttertail Spirit]山人西风,1,2024-04-15 03:00:00,2050-08-01 14:59:59
5008084,5008,84,ウマ箱３ ★3引換券,1,[轰鸣雷神]玉藻十字,1,2024-04-15 03:00:00,2050-08-01 14:59:59
5008085,5008,85,ウマ箱３ ★3引換券,1,[梦之金原]稻荷一,1,2024-04-15 03:00:00,2050-08-01 14:59:59
5008086,5008,86,ウマ箱３ ★3引換券,1,[死中求生]中山庆典,1,2024-04-15 03:00:00,2050-08-01 14:59:59
5008087,5008,87,ウマ箱３ ★3引換券,1,[Butterfly Sting]奇锐骏,1,2024-04-15 03:00:00,2050-08-01 14:59:59
5008088,5008,88,ウマ箱３ ★3引換券,1,[不会结冰的生命之水]伏特加,1,2024-04-15 03:00:00,2050-08-01 14:59:59
5008089,5008,89,ウマ箱３ ★3引換券,1,[绯红的星月之夜]大和赤骥,1,2024-04-15 03:00:00,2050-08-01 14:59:59
5008090,5008,90,ウマ箱３ ★3引換券,1,[Heroic Author]荒漠英雄,1,2024-04-15 03:00:00,2050-08-01 14:59:59
5008091,5008,91,ウマ箱３ ★3引換券,1,[饿狼]成田白仁,1,2024-04-15 03:00:00,2050-08-01 14:59:59
5008092,5008,92,ウマ箱３ ★3引換券,1,[压轴主角·庆鹤之志]北部玄驹,1,2024-04-15 03:00:00,2050-08-01 14:59:59
5008093,5008,93,ウマ箱３ ★3引換券,1,[当红之星·荣兴之翠]里见光钻,1,2024-04-15 03:00:00,2050-08-01 14:59:59
5008094,5008,94,ウマ箱３ ★3引換券,1,[星辉之航]北幸樽前,1,2024-04-15 03:00:00,2050-08-01 14:59:59
5008095,5008,95,ウマ箱３ ★3引換券,1,[Fun☆Fun☆嗨翻天]大拓太阳神,1,2024-04-15 03:00:00,2050-08-01 14:59:59
5008096,5008,96,ウマ箱３ ★3引換券,1,[MELTY GIFT]艾尼风神,1,2024-04-15 03:00:00,2050-08-01 14:59:59
5008097,5008,97,ウマ箱３ ★3引換券,1,[玛格丽特拿铁]目白莱恩,1,2024-04-15 03:00:00,2050-08-01 14:59:59
5008098,5008,98,ウマ箱３ ★3引換券,1,[Wicked Punk]新光风,1,2024-04-15 03:00:00,2050-08-01 14:59:59
5008099,5008,99,ウマ箱３ ★3引換券,1,[Clear Bliss]千明代表,1,2024-04-15 03:00:00,2050-08-01 14:59:59
5008100,5008,100,ウマ箱３ ★3引換券,1,[华丽红玉]第一红宝,1,2024-04-15 03:00:00,2050-08-01 14:59:59
5008101,5008,101,ウマ箱３ ★3引換券,1,[Onyx Soldier]克里斯象征,1,2024-04-15 03:00:00,2050-08-01 14:59:59
5008102,5008,102,ウマ箱３ ★3引換券,1,[Neige Émeraude]目白雅丹,1,2024-04-15 03:00:00,2050-08-01 14:59:59
5008103,5008,103,ウマ箱３ ★3引換券,1,[Fleur Enneigée]樱花千代王,1,2024-04-15 03:00:00,2050-08-01 14:59:59
5008104,5008,104,ウマ箱３ ★3引換券,1,[Saisir le rêve]樱花桂冠,1,2024-04-15 03:00:00,2050-08-01 14:59:59
5008105,5008,105,ウマ箱３ ★3引換券,1,[Universe-Naut]新宇宙,1,2024-04-15 03:00:00,2050-08-01 14:59:59
5008106,5008,106,ウマ箱３ ★3引換券,1,[碧蓝湍流]待兼唐怀瑟,1,2024-04-15 03:00:00,2050-08-01 14:59:59
5008107,5008,107,ウマ箱３ ★3引換券,1,[赤热☆队长]樱花进王,1,2024-04-15 03:00:00,2050-08-01 14:59:59
5008108,5008,108,ウマ箱３ ★3引換券,1,[奇迹装点！]菱奇宝,1,2024-04-15 03:00:00,2050-08-01 14:59:59
5008109,5008,109,ウマ箱３ ★3引換券,1,[雷霆加身]谷水琴蕾,1,2024-04-15 03:00:00,2050-08-01 14:59:59
5008110,5008,110,ウマ箱３ ★3引換券,1,[Sweet Juneberry]西野花,1,2024-04-15 03:00:00,2050-08-01 14:59:59
5008111,5008,111,ウマ箱３ ★3引換券,1,[Hungry Veil]菱亚马逊,1,2024-04-15 03:00:00,2050-08-01 14:59:59
5008112,5008,112,ウマ箱３ ★3引換券,1,[☆闪亮★心动☆雀跃∞美丽∞]美丽周日,1,2024-04-15 03:00:00,2050-08-01 14:59:59
5008113,5008,113,ウマ箱３ ★3引換券,1,[Ultra☆Marine]青竹回忆,1,2024-04-15 03:00:00,2050-08-01 14:59:59
5008114,5008,114,ウマ箱３ ★3引換券,1,[Aurore☆Vacances]岛川乔丹,1,2024-04-15 03:00:00,2050-08-01 14:59:59
5008115,5008,115,ウマ箱３ ★3引換券,1,[登龙之顶]葛城荣主,1,2024-04-15 03:00:00,2050-08-01 14:59:59
5008116,5008,116,ウマ箱３ ★3引換券,1,[Féroce]天狼星象征,1,2024-04-15 03:00:00,2050-08-01 14:59:59
5008117,5008,117,ウマ箱３ ★3引換券,1,[Lunatic Lab]爱丽速子,1,2024-04-15 03:00:00,2050-08-01 14:59:59
5008118,5008,118,ウマ箱３ ★3引換券,1,[浪间翠玉]无声铃鹿,1,2024-04-15 03:00:00,2050-08-01 14:59:59
5008119,5008,119,ウマ箱３ ★3引換券,1,[The Proud Road]成田路,1,2024-04-15 03:00:00,2050-08-01 14:59:59
5008120,5008,120,ウマ箱３ ★3引換券,1,[La mode 564]黄金船,1,2024-04-15 03:00:00,2050-08-01 14:59:59
5008121,5008,121,ウマ箱３ ★3引換券,1,[シュヴァリエ・ブル]サトノダイヤモンド,1,2024-04-15 03:00:00,2050-08-01 14:59:59
5008122,5008,122,ウマ箱３ ★3引換券,1,[Prism]ケイエスミラクル,1,2024-04-15 03:00:00,2050-08-01 14:59:59
5008123,5008,123,ウマ箱３ ★3引換券,1,[Belphegor's Prime]エアシャカール,1,2024-04-15 03:00:00,2050-08-01 14:59:59
5008124,5008,124,ウマ箱３ ★3引換券,1,[Jetblack Automaton]シンボリクリスエス,1,2024-04-15 03:00:00,2050-08-01 14:59:59
5008125,5008,125,ウマ箱３ ★3引換券,1,[オニキス・ライン]メジロラモーヌ,1,2024-04-15 03:00:00,2050-08-01 14:59:59
5008126,5008,126,ウマ箱３ ★3引換券,1,[水干撫子]カワカミプリンセス,1,2024-04-15 03:00:00,2050-08-01 14:59:59
5008127,5008,127,ウマ箱３ ★3引換券,1,[紫雲の夢見取り]トウカイテイオー,1,2024-04-15 03:00:00,2050-08-01 14:59:59
5008128,5008,128,ウマ箱３ ★3引換券,1,[GLITTER!]タップダンスシチー,1,2024-04-15 03:00:00,2050-08-01 14:59:59
5008129,5008,129,ウマ箱３ ★3引換券,1,[赤心のトナカイさん]メジロパーマー,1,2024-04-15 03:00:00,2050-08-01 14:59:59
5008130,5008,130,ウマ箱３ ★3引換券,1,[清らに星澄むスノーロリィタ]メジロブライト,1,2024-04-15 03:00:00,2050-08-01 14:59:59
5008131,5008,131,ウマ箱３ ★3引換券,1,[黒翠千里行]サトノクラウン,1,2024-04-15 03:00:00,2050-08-01 14:59:59
5008132,5008,132,ウマ箱３ ★3引換券,1,[Grand itinéraire]シュヴァルグラン,1,2024-04-15 03:00:00,2050-08-01 14:59:59
5008133,5008,133,ウマ箱３ ★3引換券,1,[結願のしまい華]キタサンブラック,1,2024-04-15 03:00:00,2050-08-01 14:59:59
5008134,5008,134,ウマ箱３ ★3引換券,1,[ネガイノカサネ]ナイスネイチャ,1,2024-04-15 03:00:00,2050-08-01 14:59:59
5008135,5008,135,ウマ箱３ ★3引換券,1,[Voyage étincelant]ヴィブロス,1,2024-04-15 03:00:00,2050-08-01 14:59:59
5008136,5008,136,ウマ箱３ ★3引換券,1,[茶の子雪ん子]ユキノビジン,1,2024-04-15 03:00:00,2050-08-01 14:59:59
5008137,5008,137,ウマ箱３ ★3引換券,1,[柳緑小夜]マンハッタンカフェ,1,2024-04-15 03:00:00,2050-08-01 14:59:59
5008138,5008,138,ウマ箱３ ★3引換券,1,[Red in Black]ドゥラメンテ,1,2024-04-15 03:00:00,2050-08-01 14:59:59
5008139,5008,139,ウマ箱３ ★3引換券,1,[ZOKU-ZOKU GIZMO]トランセンド,1,2024-04-15 03:00:00,2050-08-01 14:59:59
5008140,5008,140,ウマ箱３ ★3引換券,1,[Dream Successor]ラインクラフト,1,2024-04-15 03:00:00,2050-08-01 14:59:59
5008141,5008,141,ウマ箱３ ★3引換券,1,[Flowing Blue]ダイイチルビー,1,2024-04-15 03:00:00,2050-08-01 14:59:59
5008142,5008,142,ウマ箱３ ★3引換券,1,[Joyful Jamboree!]ダイタクヘリオス,1,2024-04-15 03:00:00,2050-08-01 14:59:59
5008143,5008,143,ウマ箱３ ★3引換券,1,[Glorious Coat]ウイニングチケット,1,2024-04-15 03:00:00,2050-08-01 14:59:59
5009001,5009,1,3.5th Anniversary ★3引換券,1,[特别追梦者]特别周,1,2024-08-24 03:00:00,2050-08-01 14:59:59
5009002,5009,2,3.5th Anniversary ★3引換券,1,[无声无瑕]无声铃鹿,1,2024-08-24 03:00:00,2050-08-01 14:59:59
5009003,5009,3,3.5th Anniversary ★3引換券,1,[喜乐无边]东海帝王,1,2024-08-24 03:00:00,2050-08-01 14:59:59
5009004,5009,4,3.5th Anniversary ★3引換券,1,[绯红方程式]丸善斯基,1,2024-08-24 03:00:00,2050-08-01 14:59:59
5009005,5009,5,3.5th Anniversary ★3引換券,1,[星光跃动]小栗帽,1,2024-08-24 03:00:00,2050-08-01 14:59:59
5009006,5009,6,3.5th Anniversary ★3引換券,1,[狂野前线]大树快车,1,2024-08-24 03:00:00,2050-08-01 14:59:59
5009007,5009,7,3.5th Anniversary ★3引換券,1,[优雅曲线]目白麦昆,1,2024-08-24 03:00:00,2050-08-01 14:59:59
5009008,5009,8,3.5th Anniversary ★3引換券,1,[皇帝]鲁道夫象征,1,2024-08-24 03:00:00,2050-08-01 14:59:59
5009009,5009,9,3.5th Anniversary ★3引換券,1,[玫瑰之梦]米浴,1,2024-08-24 03:00:00,2050-08-01 14:59:59
5009010,5009,10,3.5th Anniversary ★3引換券,1,[O sole suo！]好歌剧,1,2024-08-24 03:00:00,2050-08-01 14:59:59
5009011,5009,11,3.5th Anniversary ★3引換券,1,[MB-19890425]美浦波旁,1,2024-08-24 03:00:00,2050-08-01 14:59:59
5009012,5009,12,3.5th Anniversary ★3引換券,1,[pf.胜利公式]琵琶晨光,1,2024-08-24 03:00:00,2050-08-01 14:59:59
5009013,5009,13,3.5th Anniversary ★3引換券,1,[飞跃地平线]东海帝王,1,2024-08-24 03:00:00,2050-08-01 14:59:59
5009014,5009,14,3.5th Anniversary ★3引換券,1,[天际尽头]目白麦昆,1,2024-08-24 03:00:00,2050-08-01 14:59:59
5009015,5009,15,3.5th Anniversary ★3引換券,1,[闪电少女]真机伶,1,2024-08-24 03:00:00,2050-08-01 14:59:59
5009016,5009,16,3.5th Anniversary ★3引換券,1,[Nevertheless]成田大进,1,2024-08-24 03:00:00,2050-08-01 14:59:59
5009017,5009,17,3.5th Anniversary ★3引換券,1,[绝对☆LOVE]醒目飞鹰,1,2024-08-24 03:00:00,2050-08-01 14:59:59
5009018,5009,18,3.5th Anniversary ★3引換券,1,[Maverick]成田白仁,1,2024-08-24 03:00:00,2050-08-01 14:59:59
5009019,5009,19,3.5th Anniversary ★3引換券,1,[阳光花束]重炮,1,2024-08-24 03:00:00,2050-08-01 14:59:59
5009020,5009,20,3.5th Anniversary ★3引換券,1,[橡木王冠]气槽,1,2024-08-24 03:00:00,2050-08-01 14:59:59
5009021,5009,21,3.5th Anniversary ★3引換券,1,[青云垂钓者]青云天空,1,2024-08-24 03:00:00,2050-08-01 14:59:59
5009022,5009,22,3.5th Anniversary ★3引換券,1,[亚马逊青金石]菱亚马逊,1,2024-08-24 03:00:00,2050-08-01 14:59:59
5009023,5009,23,3.5th Anniversary ★3引換券,1,[羽蛇武斗家]神鹰,1,2024-08-24 03:00:00,2050-08-01 14:59:59
5009024,5009,24,3.5th Anniversary ★3引換券,1,[圣翠治愈师]草上飞,1,2024-08-24 03:00:00,2050-08-01 14:59:59
5009025,5009,25,3.5th Anniversary ★3引換券,1,[流星歌剧]富士奇石,1,2024-08-24 03:00:00,2050-08-01 14:59:59
5009026,5009,26,3.5th Anniversary ★3引換券,1,[真我/1928]黄金城,1,2024-08-24 03:00:00,2050-08-01 14:59:59
5009027,5009,27,3.5th Anniversary ★3引換券,1,[雀跃♪维他命心拍]特别周,1,2024-08-24 03:00:00,2050-08-01 14:59:59
5009028,5009,28,3.5th Anniversary ★3引換券,1,[飞跃☆夏夜]丸善斯基,1,2024-08-24 03:00:00,2050-08-01 14:59:59
5009029,5009,29,3.5th Anniversary ★3引換券,1,[苍蓝/怒涛]名将怒涛,1,2024-08-24 03:00:00,2050-08-01 14:59:59
5009030,5009,30,3.5th Anniversary ★3引換券,1,[Meisterschaft]荣进闪耀,1,2024-08-24 03:00:00,2050-08-01 14:59:59
5009031,5009,31,3.5th Anniversary ★3引換券,1,[吉兆秋风]待兼福来,1,2024-08-24 03:00:00,2050-08-01 14:59:59
5009032,5009,32,3.5th Anniversary ★3引換券,1,[Buono☆时尚]菱曙,1,2024-08-24 03:00:00,2050-08-01 14:59:59
5009033,5009,33,3.5th Anniversary ★3引換券,1,[超级加急！全彩PP膜特殊加工]爱丽数码,1,2024-08-24 03:00:00,2050-08-01 14:59:59
5009034,5009,34,3.5th Anniversary ★3引換券,1,[Make up Vampire！]米浴,1,2024-08-24 03:00:00,2050-08-01 14:59:59
5009035,5009,35,3.5th Anniversary ★3引換券,1,[雪纺丝带木乃伊]超级溪流,1,2024-08-24 03:00:00,2050-08-01 14:59:59
5009036,5009,36,3.5th Anniversary ★3引換券,1,[粉红公主]川上公主,1,2024-08-24 03:00:00,2050-08-01 14:59:59
5009037,5009,37,3.5th Anniversary ★3引換券,1,[Creeping Black]曼城茶座,1,2024-08-24 03:00:00,2050-08-01 14:59:59
5009038,5009,38,3.5th Anniversary ★3引換券,1,[皓月下的神箭手]鲁道夫象征,1,2024-08-24 03:00:00,2050-08-01 14:59:59
5009039,5009,39,3.5th Anniversary ★3引換券,1,[秋樱舞娘]黄金城,1,2024-08-24 03:00:00,2050-08-01 14:59:59
5009040,5009,40,3.5th Anniversary ★3引換券,1,[潮流☆Joker]岛川乔丹,1,2024-08-24 03:00:00,2050-08-01 14:59:59
5009041,5009,41,3.5th Anniversary ★3引換券,1,[宛延曲线]目白多伯,1,2024-08-24 03:00:00,2050-08-01 14:59:59
5009042,5009,42,3.5th Anniversary ★3引換券,1,[奇迹的胜利之星]小栗帽,1,2024-08-24 03:00:00,2050-08-01 14:59:59
5009043,5009,43,3.5th Anniversary ★3引換券,1,[嫣红圣诞颂歌]琵琶晨光,1,2024-08-24 03:00:00,2050-08-01 14:59:59
5009044,5009,44,3.5th Anniversary ★3引換券,1,[Noble Seamair]美妙姿势,1,2024-08-24 03:00:00,2050-08-01 14:59:59
5009045,5009,45,3.5th Anniversary ★3引換券,1,[疾风迅雷]玉藻十字,1,2024-08-24 03:00:00,2050-08-01 14:59:59
5009046,5009,46,3.5th Anniversary ★3引換券,1,[明媚新春♪樱花绽放]春乌菈菈,1,2024-08-24 03:00:00,2050-08-01 14:59:59
5009047,5009,47,3.5th Anniversary ★3引換券,1,[新春初晴·宝蓝绚烂]好歌剧,1,2024-08-24 03:00:00,2050-08-01 14:59:59
5009048,5009,48,3.5th Anniversary ★3引換券,1,[举世无双·樱花耀夜]樱花千代王,1,2024-08-24 03:00:00,2050-08-01 14:59:59
5009049,5009,49,3.5th Anniversary ★3引換券,1,[CODE：淋面装饰]美浦波旁,1,2024-08-24 03:00:00,2050-08-01 14:59:59
5009050,5009,50,3.5th Anniversary ★3引換券,1,[精确无比·巧克力大师]荣进闪耀,1,2024-08-24 03:00:00,2050-08-01 14:59:59
5009051,5009,51,3.5th Anniversary ★3引換券,1,[墨绿柔线]目白雅丹,1,2024-08-24 03:00:00,2050-08-01 14:59:59
5009052,5009,52,3.5th Anniversary ★3引換券,1,[Starry Nocturne]爱慕织姬,1,2024-08-24 03:00:00,2050-08-01 14:59:59
5009053,5009,53,3.5th Anniversary ★3引換券,1,[锦绣·溢彩盛典]北部玄驹,1,2024-08-24 03:00:00,2050-08-01 14:59:59
5009054,5009,54,3.5th Anniversary ★3引換券,1,[Natural Brilliance]里见光钻,1,2024-08-24 03:00:00,2050-08-01 14:59:59
5009055,5009,55,3.5th Anniversary ★3引換券,1,[砺光韧线]目白光明,1,2024-08-24 03:00:00,2050-08-01 14:59:59
5009056,5009,56,3.5th Anniversary ★3引換券,1,[星夜猫咪舞会]青云天空,1,2024-08-24 03:00:00,2050-08-01 14:59:59
5009057,5009,57,3.5th Anniversary ★3引換券,1,[胜利之星]富士奇石,1,2024-08-24 03:00:00,2050-08-01 14:59:59
5009058,5009,58,3.5th Anniversary ★3引換券,1,[叠瓣花蕾]西野花,1,2024-08-24 03:00:00,2050-08-01 14:59:59
5009059,5009,59,3.5th Anniversary ★3引換券,1,[四白流星之袭]八重无敌,1,2024-08-24 03:00:00,2050-08-01 14:59:59
5009060,5009,60,3.5th Anniversary ★3引換券,1,[RUN＆WIN]优秀素质,1,2024-08-24 03:00:00,2050-08-01 14:59:59
5009061,5009,61,3.5th Anniversary ★3引換券,1,[洁白傲气的激励之服]帝王光辉,1,2024-08-24 03:00:00,2050-08-01 14:59:59
5009062,5009,62,3.5th Anniversary ★3引換券,1,[全时狂欢]艾尼风神,1,2024-08-24 03:00:00,2050-08-01 14:59:59
5009063,5009,63,3.5th Anniversary ★3引換券,1,[Line Breakthrough]目白善信,1,2024-08-24 03:00:00,2050-08-01 14:59:59
5009064,5009,64,3.5th Anniversary ★3引換券,1,[朔月挚爱]真机伶,1,2024-08-24 03:00:00,2050-08-01 14:59:59
5009065,5009,65,3.5th Anniversary ★3引換券,1,[Titania]美妙姿势,1,2024-08-24 03:00:00,2050-08-01 14:59:59
5009066,5009,66,3.5th Anniversary ★3引換券,1,[稻荷因缘江户紫]稻荷一,1,2024-08-24 03:00:00,2050-08-01 14:59:59
5009067,5009,67,3.5th Anniversary ★3引換券,1,[悬铃木魔女]东商变革,1,2024-08-24 03:00:00,2050-08-01 14:59:59
5009068,5009,68,3.5th Anniversary ★3引換券,1,[Bubblegum☆Memories]大树快车,1,2024-08-24 03:00:00,2050-08-01 14:59:59
5009069,5009,69,3.5th Anniversary ★3引換券,1,[假日宝石蓝]目白多伯,1,2024-08-24 03:00:00,2050-08-01 14:59:59
5009070,5009,70,3.5th Anniversary ★3引換券,1,[unsigned]空中神宫,1,2024-08-24 03:00:00,2050-08-01 14:59:59
5009071,5009,71,3.5th Anniversary ★3引換券,1,[涟漪佳人]目白麦昆,1,2024-08-24 03:00:00,2050-08-01 14:59:59
5009072,5009,72,3.5th Anniversary ★3引換券,1,[RUN！乱！发射！！]黄金船,1,2024-08-24 03:00:00,2050-08-01 14:59:59
5009073,5009,73,3.5th Anniversary ★3引換券,1,[黑铁的壮志]青竹回忆,1,2024-08-24 03:00:00,2050-08-01 14:59:59
5009074,5009,74,3.5th Anniversary ★3引換券,1,[阴阳八卦☆开运服]小林历奇,1,2024-08-24 03:00:00,2050-08-01 14:59:59
5009075,5009,75,3.5th Anniversary ★3引換券,1,[黄昏凯旋]醒目飞鹰,1,2024-08-24 03:00:00,2050-08-01 14:59:59
5009076,5009,76,3.5th Anniversary ★3引換券,1,[梦想传递员]胜利奖券,1,2024-08-24 03:00:00,2050-08-01 14:59:59
5009077,5009,77,3.5th Anniversary ★3引換券,1,[另类工程师]成田大进,1,2024-08-24 03:00:00,2050-08-01 14:59:59
5009078,5009,78,3.5th Anniversary ★3引換券,1,[可可爱爱的六出冰花]雪之美人,1,2024-08-24 03:00:00,2050-08-01 14:59:59
5009079,5009,79,3.5th Anniversary ★3引換券,1,[Rocket☆Star]采珠,1,2024-08-24 03:00:00,2050-08-01 14:59:59
5009080,5009,80,3.5th Anniversary ★3引換券,1,[爱丽♡僵尸]爱丽数码,1,2024-08-24 03:00:00,2050-08-01 14:59:59
5009081,5009,81,3.5th Anniversary ★3引換券,1,[Dot-o'-Lantern]名将怒涛,1,2024-08-24 03:00:00,2050-08-01 14:59:59
5009082,5009,82,3.5th Anniversary ★3引換券,1,[Flare]阿斯顿真弓,1,2024-08-24 03:00:00,2050-08-01 14:59:59
5009083,5009,83,3.5th Anniversary ★3引換券,1,[Fluttertail Spirit]山人西风,1,2024-08-24 03:00:00,2050-08-01 14:59:59
5009084,5009,84,3.5th Anniversary ★3引換券,1,[轰鸣雷神]玉藻十字,1,2024-08-24 03:00:00,2050-08-01 14:59:59
5009085,5009,85,3.5th Anniversary ★3引換券,1,[梦之金原]稻荷一,1,2024-08-24 03:00:00,2050-08-01 14:59:59
5009086,5009,86,3.5th Anniversary ★3引換券,1,[死中求生]中山庆典,1,2024-08-24 03:00:00,2050-08-01 14:59:59
5009087,5009,87,3.5th Anniversary ★3引換券,1,[Butterfly Sting]奇锐骏,1,2024-08-24 03:00:00,2050-08-01 14:59:59
5009088,5009,88,3.5th Anniversary ★3引換券,1,[不会结冰的生命之水]伏特加,1,2024-08-24 03:00:00,2050-08-01 14:59:59
5009089,5009,89,3.5th Anniversary ★3引換券,1,[绯红的星月之夜]大和赤骥,1,2024-08-24 03:00:00,2050-08-01 14:59:59
5009090,5009,90,3.5th Anniversary ★3引換券,1,[Heroic Author]荒漠英雄,1,2024-08-24 03:00:00,2050-08-01 14:59:59
5009091,5009,91,3.5th Anniversary ★3引換券,1,[饿狼]成田白仁,1,2024-08-24 03:00:00,2050-08-01 14:59:59
5009092,5009,92,3.5th Anniversary ★3引換券,1,[压轴主角·庆鹤之志]北部玄驹,1,2024-08-24 03:00:00,2050-08-01 14:59:59
5009093,5009,93,3.5th Anniversary ★3引換券,1,[当红之星·荣兴之翠]里见光钻,1,2024-08-24 03:00:00,2050-08-01 14:59:59
5009094,5009,94,3.5th Anniversary ★3引換券,1,[星辉之航]北幸樽前,1,2024-08-24 03:00:00,2050-08-01 14:59:59
5009095,5009,95,3.5th Anniversary ★3引換券,1,[Fun☆Fun☆嗨翻天]大拓太阳神,1,2024-08-24 03:00:00,2050-08-01 14:59:59
5009096,5009,96,3.5th Anniversary ★3引換券,1,[MELTY GIFT]艾尼风神,1,2024-08-24 03:00:00,2050-08-01 14:59:59
5009097,5009,97,3.5th Anniversary ★3引換券,1,[玛格丽特拿铁]目白莱恩,1,2024-08-24 03:00:00,2050-08-01 14:59:59
5009098,5009,98,3.5th Anniversary ★3引換券,1,[Wicked Punk]新光风,1,2024-08-24 03:00:00,2050-08-01 14:59:59
5009099,5009,99,3.5th Anniversary ★3引換券,1,[Clear Bliss]千明代表,1,2024-08-24 03:00:00,2050-08-01 14:59:59
5009100,5009,100,3.5th Anniversary ★3引換券,1,[华丽红玉]第一红宝,1,2024-08-24 03:00:00,2050-08-01 14:59:59
5009101,5009,101,3.5th Anniversary ★3引換券,1,[Onyx Soldier]克里斯象征,1,2024-08-24 03:00:00,2050-08-01 14:59:59
5009102,5009,102,3.5th Anniversary ★3引換券,1,[Neige Émeraude]目白雅丹,1,2024-08-24 03:00:00,2050-08-01 14:59:59
5009103,5009,103,3.5th Anniversary ★3引換券,1,[Fleur Enneigée]樱花千代王,1,2024-08-24 03:00:00,2050-08-01 14:59:59
5009104,5009,104,3.5th Anniversary ★3引換券,1,[Saisir le rêve]樱花桂冠,1,2024-08-24 03:00:00,2050-08-01 14:59:59
5009105,5009,105,3.5th Anniversary ★3引換券,1,[Universe-Naut]新宇宙,1,2024-08-24 03:00:00,2050-08-01 14:59:59
5009106,5009,106,3.5th Anniversary ★3引換券,1,[碧蓝湍流]待兼唐怀瑟,1,2024-08-24 03:00:00,2050-08-01 14:59:59
5009107,5009,107,3.5th Anniversary ★3引換券,1,[赤热☆队长]樱花进王,1,2024-08-24 03:00:00,2050-08-01 14:59:59
5009108,5009,108,3.5th Anniversary ★3引換券,1,[奇迹装点！]菱奇宝,1,2024-08-24 03:00:00,2050-08-01 14:59:59
5009109,5009,109,3.5th Anniversary ★3引換券,1,[雷霆加身]谷水琴蕾,1,2024-08-24 03:00:00,2050-08-01 14:59:59
5009110,5009,110,3.5th Anniversary ★3引換券,1,[Sweet Juneberry]西野花,1,2024-08-24 03:00:00,2050-08-01 14:59:59
5009111,5009,111,3.5th Anniversary ★3引換券,1,[Hungry Veil]菱亚马逊,1,2024-08-24 03:00:00,2050-08-01 14:59:59
5009112,5009,112,3.5th Anniversary ★3引換券,1,[☆闪亮★心动☆雀跃∞美丽∞]美丽周日,1,2024-08-24 03:00:00,2050-08-01 14:59:59
5009113,5009,113,3.5th Anniversary ★3引換券,1,[Ultra☆Marine]青竹回忆,1,2024-08-24 03:00:00,2050-08-01 14:59:59
5009114,5009,114,3.5th Anniversary ★3引換券,1,[Aurore☆Vacances]岛川乔丹,1,2024-08-24 03:00:00,2050-08-01 14:59:59
5009115,5009,115,3.5th Anniversary ★3引換券,1,[登龙之顶]葛城荣主,1,2024-08-24 03:00:00,2050-08-01 14:59:59
5009116,5009,116,3.5th Anniversary ★3引換券,1,[Féroce]天狼星象征,1,2024-08-24 03:00:00,2050-08-01 14:59:59
5009117,5009,117,3.5th Anniversary ★3引換券,1,[Lunatic Lab]爱丽速子,1,2024-08-24 03:00:00,2050-08-01 14:59:59
5009118,5009,118,3.5th Anniversary ★3引換券,1,[浪间翠玉]无声铃鹿,1,2024-08-24 03:00:00,2050-08-01 14:59:59
5009119,5009,119,3.5th Anniversary ★3引換券,1,[The Proud Road]成田路,1,2024-08-24 03:00:00,2050-08-01 14:59:59
5009120,5009,120,3.5th Anniversary ★3引換券,1,[La mode 564]黄金船,1,2024-08-24 03:00:00,2050-08-01 14:59:59
5009121,5009,121,3.5th Anniversary ★3引換券,1,[シュヴァリエ・ブル]サトノダイヤモンド,1,2024-08-24 03:00:00,2050-08-01 14:59:59
5009122,5009,122,3.5th Anniversary ★3引換券,1,[Prism]ケイエスミラクル,1,2024-08-24 03:00:00,2050-08-01 14:59:59
5009123,5009,123,3.5th Anniversary ★3引換券,1,[Belphegor's Prime]エアシャカール,1,2024-08-24 03:00:00,2050-08-01 14:59:59
5009124,5009,124,3.5th Anniversary ★3引換券,1,[Jetblack Automaton]シンボリクリスエス,1,2024-08-24 03:00:00,2050-08-01 14:59:59
5009125,5009,125,3.5th Anniversary ★3引換券,1,[オニキス・ライン]メジロラモーヌ,1,2024-08-24 03:00:00,2050-08-01 14:59:59
5009126,5009,126,3.5th Anniversary ★3引換券,1,[水干撫子]カワカミプリンセス,1,2024-08-24 03:00:00,2050-08-01 14:59:59
5009127,5009,127,3.5th Anniversary ★3引換券,1,[紫雲の夢見取り]トウカイテイオー,1,2024-08-24 03:00:00,2050-08-01 14:59:59
5009128,5009,128,3.5th Anniversary ★3引換券,1,[GLITTER!]タップダンスシチー,1,2024-08-24 03:00:00,2050-08-01 14:59:59
5009129,5009,129,3.5th Anniversary ★3引換券,1,[赤心のトナカイさん]メジロパーマー,1,2024-08-24 03:00:00,2050-08-01 14:59:59
5009130,5009,130,3.5th Anniversary ★3引換券,1,[清らに星澄むスノーロリィタ]メジロブライト,1,2024-08-24 03:00:00,2050-08-01 14:59:59
5009131,5009,131,3.5th Anniversary ★3引換券,1,[黒翠千里行]サトノクラウン,1,2024-08-24 03:00:00,2050-08-01 14:59:59
5009132,5009,132,3.5th Anniversary ★3引換券,1,[Grand itinéraire]シュヴァルグラン,1,2024-08-24 03:00:00,2050-08-01 14:59:59
5009133,5009,133,3.5th Anniversary ★3引換券,1,[結願のしまい華]キタサンブラック,1,2024-08-24 03:00:00,2050-08-01 14:59:59
5009134,5009,134,3.5th Anniversary ★3引換券,1,[ネガイノカサネ]ナイスネイチャ,1,2024-08-24 03:00:00,2050-08-01 14:59:59
5009135,5009,135,3.5th Anniversary ★3引換券,1,[Voyage étincelant]ヴィブロス,1,2024-08-24 03:00:00,2050-08-01 14:59:59
5009136,5009,136,3.5th Anniversary ★3引換券,1,[茶の子雪ん子]ユキノビジン,1,2024-08-24 03:00:00,2050-08-01 14:59:59
5009137,5009,137,3.5th Anniversary ★3引換券,1,[柳緑小夜]マンハッタンカフェ,1,2024-08-24 03:00:00,2050-08-01 14:59:59
5009138,5009,138,3.5th Anniversary ★3引換券,1,[Red in Black]ドゥラメンテ,1,2024-08-24 03:00:00,2050-08-01 14:59:59
5009139,5009,139,3.5th Anniversary ★3引換券,1,[ZOKU-ZOKU GIZMO]トランセンド,1,2024-08-24 03:00:00,2050-08-01 14:59:59
5009140,5009,140,3.5th Anniversary ★3引換券,1,[Dream Successor]ラインクラフト,1,2024-08-24 03:00:00,2050-08-01 14:59:59
5009141,5009,141,3.5th Anniversary ★3引換券,1,[Flowing Blue]ダイイチルビー,1,2024-08-24 03:00:00,2050-08-01 14:59:59
5009142,5009,142,3.5th Anniversary ★3引換券,1,[Joyful Jamboree!]ダイタクヘリオス,1,2024-08-24 03:00:00,2050-08-01 14:59:59
5009143,5009,143,3.5th Anniversary ★3引換券,1,[Glorious Coat]ウイニングチケット,1,2024-08-24 03:00:00,2050-08-01 14:59:59
5009144,5009,144,3.5th Anniversary ★3引換券,1,[リトモ・デッラ・テッラ]サウンズオブアース,1,2024-08-24 03:00:00,2050-08-01 14:59:59
5009145,5009,145,3.5th Anniversary ★3引換券,1,[慈雨華影]スーパークリーク,1,2024-08-24 03:00:00,2050-08-01 14:59:59
5009146,5009,146,3.5th Anniversary ★3引換券,1,[黒将Zen]ヤエノムテキ,1,2024-08-24 03:00:00,2050-08-01 14:59:59
5009147,5009,147,3.5th Anniversary ★3引換券,1,[Σ Experiment]アグネスタキオン,1,2024-08-24 03:00:00,2050-08-01 14:59:59
5009148,5009,148,3.5th Anniversary ★3引換券,1,[Looking Fly!]ノースフライト,1,2024-08-24 03:00:00,2050-08-01 14:59:59
5009149,5009,149,3.5th Anniversary ★3引換券,1,[Evergreen Identity]キングヘイロー,1,2024-08-24 03:00:00,2050-08-01 14:59:59
5009150,5009,150,3.5th Anniversary ★3引換券,1,[リアライズ・ルーン]スイープトウショウ,1,2024-08-24 03:00:00,2050-08-01 14:59:59
5009151,5009,151,3.5th Anniversary ★3引換券,1,[夢路のよすが]ドリームジャーニー,1,2024-08-24 03:00:00,2050-08-01 14:59:59
5009152,5009,152,3.5th Anniversary ★3引換券,1,[Yummy Dreamy Fairy]ライスシャワー,1,2024-08-24 03:00:00,2050-08-01 14:59:59
5009153,5009,153,3.5th Anniversary ★3引換券,1,[真実一路]カルストンライトオ,1,2024-08-24 03:00:00,2050-08-01 14:59:59
5009154,5009,154,3.5th Anniversary ★3引換券,1,[Reines Plätschern]エイシンフラッシュ,1,2024-08-24 03:00:00,2050-08-01 14:59:59
5009155,5009,155,3.5th Anniversary ★3引換券,1,[パステルマリン・ロコドル]ホッコータルマエ,1,2024-08-24 03:00:00,2050-08-01 14:59:59
5010001,5010,1,4th Anniversary ★3引換券,1,[特别追梦者]特别周,1,2025-02-24 03:00:00,2050-08-01 14:59:59
5010002,5010,2,4th Anniversary ★3引換券,1,[无声无瑕]无声铃鹿,1,2025-02-24 03:00:00,2050-08-01 14:59:59
5010003,5010,3,4th Anniversary ★3引換券,1,[喜乐无边]东海帝王,1,2025-02-24 03:00:00,2050-08-01 14:59:59
5010004,5010,4,4th Anniversary ★3引換券,1,[绯红方程式]丸善斯基,1,2025-02-24 03:00:00,2050-08-01 14:59:59
5010005,5010,5,4th Anniversary ★3引換券,1,[星光跃动]小栗帽,1,2025-02-24 03:00:00,2050-08-01 14:59:59
5010006,5010,6,4th Anniversary ★3引換券,1,[狂野前线]大树快车,1,2025-02-24 03:00:00,2050-08-01 14:59:59
5010007,5010,7,4th Anniversary ★3引換券,1,[优雅曲线]目白麦昆,1,2025-02-24 03:00:00,2050-08-01 14:59:59
5010008,5010,8,4th Anniversary ★3引換券,1,[皇帝]鲁道夫象征,1,2025-02-24 03:00:00,2050-08-01 14:59:59
5010009,5010,9,4th Anniversary ★3引換券,1,[玫瑰之梦]米浴,1,2025-02-24 03:00:00,2050-08-01 14:59:59
5010010,5010,10,4th Anniversary ★3引換券,1,[O sole suo！]好歌剧,1,2025-02-24 03:00:00,2050-08-01 14:59:59
5010011,5010,11,4th Anniversary ★3引換券,1,[MB-19890425]美浦波旁,1,2025-02-24 03:00:00,2050-08-01 14:59:59
5010012,5010,12,4th Anniversary ★3引換券,1,[pf.胜利公式]琵琶晨光,1,2025-02-24 03:00:00,2050-08-01 14:59:59
5010013,5010,13,4th Anniversary ★3引換券,1,[飞跃地平线]东海帝王,1,2025-02-24 03:00:00,2050-08-01 14:59:59
5010014,5010,14,4th Anniversary ★3引換券,1,[天际尽头]目白麦昆,1,2025-02-24 03:00:00,2050-08-01 14:59:59
5010015,5010,15,4th Anniversary ★3引換券,1,[闪电少女]真机伶,1,2025-02-24 03:00:00,2050-08-01 14:59:59
5010016,5010,16,4th Anniversary ★3引換券,1,[Nevertheless]成田大进,1,2025-02-24 03:00:00,2050-08-01 14:59:59
5010017,5010,17,4th Anniversary ★3引換券,1,[绝对☆LOVE]醒目飞鹰,1,2025-02-24 03:00:00,2050-08-01 14:59:59
5010018,5010,18,4th Anniversary ★3引換券,1,[Maverick]成田白仁,1,2025-02-24 03:00:00,2050-08-01 14:59:59
5010019,5010,19,4th Anniversary ★3引換券,1,[阳光花束]重炮,1,2025-02-24 03:00:00,2050-08-01 14:59:59
5010020,5010,20,4th Anniversary ★3引換券,1,[橡木王冠]气槽,1,2025-02-24 03:00:00,2050-08-01 14:59:59
5010021,5010,21,4th Anniversary ★3引換券,1,[青云垂钓者]青云天空,1,2025-02-24 03:00:00,2050-08-01 14:59:59
5010022,5010,22,4th Anniversary ★3引換券,1,[亚马逊青金石]菱亚马逊,1,2025-02-24 03:00:00,2050-08-01 14:59:59
5010023,5010,23,4th Anniversary ★3引換券,1,[羽蛇武斗家]神鹰,1,2025-02-24 03:00:00,2050-08-01 14:59:59
5010024,5010,24,4th Anniversary ★3引換券,1,[圣翠治愈师]草上飞,1,2025-02-24 03:00:00,2050-08-01 14:59:59
5010025,5010,25,4th Anniversary ★3引換券,1,[流星歌剧]富士奇石,1,2025-02-24 03:00:00,2050-08-01 14:59:59
5010026,5010,26,4th Anniversary ★3引換券,1,[真我/1928]黄金城,1,2025-02-24 03:00:00,2050-08-01 14:59:59
5010027,5010,27,4th Anniversary ★3引換券,1,[雀跃♪维他命心拍]特别周,1,2025-02-24 03:00:00,2050-08-01 14:59:59
5010028,5010,28,4th Anniversary ★3引換券,1,[飞跃☆夏夜]丸善斯基,1,2025-02-24 03:00:00,2050-08-01 14:59:59
5010029,5010,29,4th Anniversary ★3引換券,1,[苍蓝/怒涛]名将怒涛,1,2025-02-24 03:00:00,2050-08-01 14:59:59
5010030,5010,30,4th Anniversary ★3引換券,1,[Meisterschaft]荣进闪耀,1,2025-02-24 03:00:00,2050-08-01 14:59:59
5010031,5010,31,4th Anniversary ★3引換券,1,[吉兆秋风]待兼福来,1,2025-02-24 03:00:00,2050-08-01 14:59:59
5010032,5010,32,4th Anniversary ★3引換券,1,[Buono☆时尚]菱曙,1,2025-02-24 03:00:00,2050-08-01 14:59:59
5010033,5010,33,4th Anniversary ★3引換券,1,[超级加急！全彩PP膜特殊加工]爱丽数码,1,2025-02-24 03:00:00,2050-08-01 14:59:59
5010034,5010,34,4th Anniversary ★3引換券,1,[Make up Vampire！]米浴,1,2025-02-24 03:00:00,2050-08-01 14:59:59
5010035,5010,35,4th Anniversary ★3引換券,1,[雪纺丝带木乃伊]超级溪流,1,2025-02-24 03:00:00,2050-08-01 14:59:59
5010036,5010,36,4th Anniversary ★3引換券,1,[粉红公主]川上公主,1,2025-02-24 03:00:00,2050-08-01 14:59:59
5010037,5010,37,4th Anniversary ★3引換券,1,[Creeping Black]曼城茶座,1,2025-02-24 03:00:00,2050-08-01 14:59:59
5010038,5010,38,4th Anniversary ★3引換券,1,[皓月下的神箭手]鲁道夫象征,1,2025-02-24 03:00:00,2050-08-01 14:59:59
5010039,5010,39,4th Anniversary ★3引換券,1,[秋樱舞娘]黄金城,1,2025-02-24 03:00:00,2050-08-01 14:59:59
5010040,5010,40,4th Anniversary ★3引換券,1,[潮流☆Joker]岛川乔丹,1,2025-02-24 03:00:00,2050-08-01 14:59:59
5010041,5010,41,4th Anniversary ★3引換券,1,[宛延曲线]目白多伯,1,2025-02-24 03:00:00,2050-08-01 14:59:59
5010042,5010,42,4th Anniversary ★3引換券,1,[奇迹的胜利之星]小栗帽,1,2025-02-24 03:00:00,2050-08-01 14:59:59
5010043,5010,43,4th Anniversary ★3引換券,1,[嫣红圣诞颂歌]琵琶晨光,1,2025-02-24 03:00:00,2050-08-01 14:59:59
5010044,5010,44,4th Anniversary ★3引換券,1,[Noble Seamair]美妙姿势,1,2025-02-24 03:00:00,2050-08-01 14:59:59
5010045,5010,45,4th Anniversary ★3引換券,1,[疾风迅雷]玉藻十字,1,2025-02-24 03:00:00,2050-08-01 14:59:59
5010046,5010,46,4th Anniversary ★3引換券,1,[明媚新春♪樱花绽放]春乌菈菈,1,2025-02-24 03:00:00,2050-08-01 14:59:59
5010047,5010,47,4th Anniversary ★3引換券,1,[新春初晴·宝蓝绚烂]好歌剧,1,2025-02-24 03:00:00,2050-08-01 14:59:59
5010048,5010,48,4th Anniversary ★3引換券,1,[举世无双·樱花耀夜]樱花千代王,1,2025-02-24 03:00:00,2050-08-01 14:59:59
5010049,5010,49,4th Anniversary ★3引換券,1,[CODE：淋面装饰]美浦波旁,1,2025-02-24 03:00:00,2050-08-01 14:59:59
5010050,5010,50,4th Anniversary ★3引換券,1,[精确无比·巧克力大师]荣进闪耀,1,2025-02-24 03:00:00,2050-08-01 14:59:59
5010051,5010,51,4th Anniversary ★3引換券,1,[墨绿柔线]目白雅丹,1,2025-02-24 03:00:00,2050-08-01 14:59:59
5010052,5010,52,4th Anniversary ★3引換券,1,[Starry Nocturne]爱慕织姬,1,2025-02-24 03:00:00,2050-08-01 14:59:59
5010053,5010,53,4th Anniversary ★3引換券,1,[锦绣·溢彩盛典]北部玄驹,1,2025-02-24 03:00:00,2050-08-01 14:59:59
5010054,5010,54,4th Anniversary ★3引換券,1,[Natural Brilliance]里见光钻,1,2025-02-24 03:00:00,2050-08-01 14:59:59
5010055,5010,55,4th Anniversary ★3引換券,1,[砺光韧线]目白光明,1,2025-02-24 03:00:00,2050-08-01 14:59:59
5010056,5010,56,4th Anniversary ★3引換券,1,[星夜猫咪舞会]青云天空,1,2025-02-24 03:00:00,2050-08-01 14:59:59
5010057,5010,57,4th Anniversary ★3引換券,1,[胜利之星]富士奇石,1,2025-02-24 03:00:00,2050-08-01 14:59:59
5010058,5010,58,4th Anniversary ★3引換券,1,[叠瓣花蕾]西野花,1,2025-02-24 03:00:00,2050-08-01 14:59:59
5010059,5010,59,4th Anniversary ★3引換券,1,[四白流星之袭]八重无敌,1,2025-02-24 03:00:00,2050-08-01 14:59:59
5010060,5010,60,4th Anniversary ★3引換券,1,[RUN＆WIN]优秀素质,1,2025-02-24 03:00:00,2050-08-01 14:59:59
5010061,5010,61,4th Anniversary ★3引換券,1,[洁白傲气的激励之服]帝王光辉,1,2025-02-24 03:00:00,2050-08-01 14:59:59
5010062,5010,62,4th Anniversary ★3引換券,1,[全时狂欢]艾尼风神,1,2025-02-24 03:00:00,2050-08-01 14:59:59
5010063,5010,63,4th Anniversary ★3引換券,1,[Line Breakthrough]目白善信,1,2025-02-24 03:00:00,2050-08-01 14:59:59
5010064,5010,64,4th Anniversary ★3引換券,1,[朔月挚爱]真机伶,1,2025-02-24 03:00:00,2050-08-01 14:59:59
5010065,5010,65,4th Anniversary ★3引換券,1,[Titania]美妙姿势,1,2025-02-24 03:00:00,2050-08-01 14:59:59
5010066,5010,66,4th Anniversary ★3引換券,1,[稻荷因缘江户紫]稻荷一,1,2025-02-24 03:00:00,2050-08-01 14:59:59
5010067,5010,67,4th Anniversary ★3引換券,1,[悬铃木魔女]东商变革,1,2025-02-24 03:00:00,2050-08-01 14:59:59
5010068,5010,68,4th Anniversary ★3引換券,1,[Bubblegum☆Memories]大树快车,1,2025-02-24 03:00:00,2050-08-01 14:59:59
5010069,5010,69,4th Anniversary ★3引換券,1,[假日宝石蓝]目白多伯,1,2025-02-24 03:00:00,2050-08-01 14:59:59
5010070,5010,70,4th Anniversary ★3引換券,1,[unsigned]空中神宫,1,2025-02-24 03:00:00,2050-08-01 14:59:59
5010071,5010,71,4th Anniversary ★3引換券,1,[涟漪佳人]目白麦昆,1,2025-02-24 03:00:00,2050-08-01 14:59:59
5010072,5010,72,4th Anniversary ★3引換券,1,[RUN！乱！发射！！]黄金船,1,2025-02-24 03:00:00,2050-08-01 14:59:59
5010073,5010,73,4th Anniversary ★3引換券,1,[黑铁的壮志]青竹回忆,1,2025-02-24 03:00:00,2050-08-01 14:59:59
5010074,5010,74,4th Anniversary ★3引換券,1,[阴阳八卦☆开运服]小林历奇,1,2025-02-24 03:00:00,2050-08-01 14:59:59
5010075,5010,75,4th Anniversary ★3引換券,1,[黄昏凯旋]醒目飞鹰,1,2025-02-24 03:00:00,2050-08-01 14:59:59
5010076,5010,76,4th Anniversary ★3引換券,1,[梦想传递员]胜利奖券,1,2025-02-24 03:00:00,2050-08-01 14:59:59
5010077,5010,77,4th Anniversary ★3引換券,1,[另类工程师]成田大进,1,2025-02-24 03:00:00,2050-08-01 14:59:59
5010078,5010,78,4th Anniversary ★3引換券,1,[可可爱爱的六出冰花]雪之美人,1,2025-02-24 03:00:00,2050-08-01 14:59:59
5010079,5010,79,4th Anniversary ★3引換券,1,[Rocket☆Star]采珠,1,2025-02-24 03:00:00,2050-08-01 14:59:59
5010080,5010,80,4th Anniversary ★3引換券,1,[爱丽♡僵尸]爱丽数码,1,2025-02-24 03:00:00,2050-08-01 14:59:59
5010081,5010,81,4th Anniversary ★3引換券,1,[Dot-o'-Lantern]名将怒涛,1,2025-02-24 03:00:00,2050-08-01 14:59:59
5010082,5010,82,4th Anniversary ★3引換券,1,[Flare]阿斯顿真弓,1,2025-02-24 03:00:00,2050-08-01 14:59:59
5010083,5010,83,4th Anniversary ★3引換券,1,[Fluttertail Spirit]山人西风,1,2025-02-24 03:00:00,2050-08-01 14:59:59
5010084,5010,84,4th Anniversary ★3引換券,1,[轰鸣雷神]玉藻十字,1,2025-02-24 03:00:00,2050-08-01 14:59:59
5010085,5010,85,4th Anniversary ★3引換券,1,[梦之金原]稻荷一,1,2025-02-24 03:00:00,2050-08-01 14:59:59
5010086,5010,86,4th Anniversary ★3引換券,1,[死中求生]中山庆典,1,2025-02-24 03:00:00,2050-08-01 14:59:59
5010087,5010,87,4th Anniversary ★3引換券,1,[Butterfly Sting]奇锐骏,1,2025-02-24 03:00:00,2050-08-01 14:59:59
5010088,5010,88,4th Anniversary ★3引換券,1,[不会结冰的生命之水]伏特加,1,2025-02-24 03:00:00,2050-08-01 14:59:59
5010089,5010,89,4th Anniversary ★3引換券,1,[绯红的星月之夜]大和赤骥,1,2025-02-24 03:00:00,2050-08-01 14:59:59
5010090,5010,90,4th Anniversary ★3引換券,1,[Heroic Author]荒漠英雄,1,2025-02-24 03:00:00,2050-08-01 14:59:59
5010091,5010,91,4th Anniversary ★3引換券,1,[饿狼]成田白仁,1,2025-02-24 03:00:00,2050-08-01 14:59:59
5010092,5010,92,4th Anniversary ★3引換券,1,[压轴主角·庆鹤之志]北部玄驹,1,2025-02-24 03:00:00,2050-08-01 14:59:59
5010093,5010,93,4th Anniversary ★3引換券,1,[当红之星·荣兴之翠]里见光钻,1,2025-02-24 03:00:00,2050-08-01 14:59:59
5010094,5010,94,4th Anniversary ★3引換券,1,[星辉之航]北幸樽前,1,2025-02-24 03:00:00,2050-08-01 14:59:59
5010095,5010,95,4th Anniversary ★3引換券,1,[Fun☆Fun☆嗨翻天]大拓太阳神,1,2025-02-24 03:00:00,2050-08-01 14:59:59
5010096,5010,96,4th Anniversary ★3引換券,1,[MELTY GIFT]艾尼风神,1,2025-02-24 03:00:00,2050-08-01 14:59:59
5010097,5010,97,4th Anniversary ★3引換券,1,[玛格丽特拿铁]目白莱恩,1,2025-02-24 03:00:00,2050-08-01 14:59:59
5010098,5010,98,4th Anniversary ★3引換券,1,[Wicked Punk]新光风,1,2025-02-24 03:00:00,2050-08-01 14:59:59
5010099,5010,99,4th Anniversary ★3引換券,1,[Clear Bliss]千明代表,1,2025-02-24 03:00:00,2050-08-01 14:59:59
5010100,5010,100,4th Anniversary ★3引換券,1,[华丽红玉]第一红宝,1,2025-02-24 03:00:00,2050-08-01 14:59:59
5010101,5010,101,4th Anniversary ★3引換券,1,[Onyx Soldier]克里斯象征,1,2025-02-24 03:00:00,2050-08-01 14:59:59
5010102,5010,102,4th Anniversary ★3引換券,1,[Neige Émeraude]目白雅丹,1,2025-02-24 03:00:00,2050-08-01 14:59:59
5010103,5010,103,4th Anniversary ★3引換券,1,[Fleur Enneigée]樱花千代王,1,2025-02-24 03:00:00,2050-08-01 14:59:59
5010104,5010,104,4th Anniversary ★3引換券,1,[Saisir le rêve]樱花桂冠,1,2025-02-24 03:00:00,2050-08-01 14:59:59
5010105,5010,105,4th Anniversary ★3引換券,1,[Universe-Naut]新宇宙,1,2025-02-24 03:00:00,2050-08-01 14:59:59
5010106,5010,106,4th Anniversary ★3引換券,1,[碧蓝湍流]待兼唐怀瑟,1,2025-02-24 03:00:00,2050-08-01 14:59:59
5010107,5010,107,4th Anniversary ★3引換券,1,[赤热☆队长]樱花进王,1,2025-02-24 03:00:00,2050-08-01 14:59:59
5010108,5010,108,4th Anniversary ★3引換券,1,[奇迹装点！]菱奇宝,1,2025-02-24 03:00:00,2050-08-01 14:59:59
5010109,5010,109,4th Anniversary ★3引換券,1,[雷霆加身]谷水琴蕾,1,2025-02-24 03:00:00,2050-08-01 14:59:59
5010110,5010,110,4th Anniversary ★3引換券,1,[Sweet Juneberry]西野花,1,2025-02-24 03:00:00,2050-08-01 14:59:59
5010111,5010,111,4th Anniversary ★3引換券,1,[Hungry Veil]菱亚马逊,1,2025-02-24 03:00:00,2050-08-01 14:59:59
5010112,5010,112,4th Anniversary ★3引換券,1,[☆闪亮★心动☆雀跃∞美丽∞]美丽周日,1,2025-02-24 03:00:00,2050-08-01 14:59:59
5010113,5010,113,4th Anniversary ★3引換券,1,[Ultra☆Marine]青竹回忆,1,2025-02-24 03:00:00,2050-08-01 14:59:59
5010114,5010,114,4th Anniversary ★3引換券,1,[Aurore☆Vacances]岛川乔丹,1,2025-02-24 03:00:00,2050-08-01 14:59:59
5010115,5010,115,4th Anniversary ★3引換券,1,[登龙之顶]葛城荣主,1,2025-02-24 03:00:00,2050-08-01 14:59:59
5010116,5010,116,4th Anniversary ★3引換券,1,[Féroce]天狼星象征,1,2025-02-24 03:00:00,2050-08-01 14:59:59
5010117,5010,117,4th Anniversary ★3引換券,1,[Lunatic Lab]爱丽速子,1,2025-02-24 03:00:00,2050-08-01 14:59:59
5010118,5010,118,4th Anniversary ★3引換券,1,[浪间翠玉]无声铃鹿,1,2025-02-24 03:00:00,2050-08-01 14:59:59
5010119,5010,119,4th Anniversary ★3引換券,1,[The Proud Road]成田路,1,2025-02-24 03:00:00,2050-08-01 14:59:59
5010120,5010,120,4th Anniversary ★3引換券,1,[La mode 564]黄金船,1,2025-02-24 03:00:00,2050-08-01 14:59:59
5010121,5010,121,4th Anniversary ★3引換券,1,[シュヴァリエ・ブル]サトノダイヤモンド,1,2025-02-24 03:00:00,2050-08-01 14:59:59
5010122,5010,122,4th Anniversary ★3引換券,1,[Prism]ケイエスミラクル,1,2025-02-24 03:00:00,2050-08-01 14:59:59
5010123,5010,123,4th Anniversary ★3引換券,1,[Belphegor's Prime]エアシャカール,1,2025-02-24 03:00:00,2050-08-01 14:59:59
5010124,5010,124,4th Anniversary ★3引換券,1,[Jetblack Automaton]シンボリクリスエス,1,2025-02-24 03:00:00,2050-08-01 14:59:59
5010125,5010,125,4th Anniversary ★3引換券,1,[オニキス・ライン]メジロラモーヌ,1,2025-02-24 03:00:00,2050-08-01 14:59:59
5010126,5010,126,4th Anniversary ★3引換券,1,[水干撫子]カワカミプリンセス,1,2025-02-24 03:00:00,2050-08-01 14:59:59
5010127,5010,127,4th Anniversary ★3引換券,1,[紫雲の夢見取り]トウカイテイオー,1,2025-02-24 03:00:00,2050-08-01 14:59:59
5010128,5010,128,4th Anniversary ★3引換券,1,[GLITTER!]タップダンスシチー,1,2025-02-24 03:00:00,2050-08-01 14:59:59
5010129,5010,129,4th Anniversary ★3引換券,1,[赤心のトナカイさん]メジロパーマー,1,2025-02-24 03:00:00,2050-08-01 14:59:59
5010130,5010,130,4th Anniversary ★3引換券,1,[清らに星澄むスノーロリィタ]メジロブライト,1,2025-02-24 03:00:00,2050-08-01 14:59:59
5010131,5010,131,4th Anniversary ★3引換券,1,[黒翠千里行]サトノクラウン,1,2025-02-24 03:00:00,2050-08-01 14:59:59
5010132,5010,132,4th Anniversary ★3引換券,1,[Grand itinéraire]シュヴァルグラン,1,2025-02-24 03:00:00,2050-08-01 14:59:59
5010133,5010,133,4th Anniversary ★3引換券,1,[結願のしまい華]キタサンブラック,1,2025-02-24 03:00:00,2050-08-01 14:59:59
5010134,5010,134,4th Anniversary ★3引換券,1,[ネガイノカサネ]ナイスネイチャ,1,2025-02-24 03:00:00,2050-08-01 14:59:59
5010135,5010,135,4th Anniversary ★3引換券,1,[Voyage étincelant]ヴィブロス,1,2025-02-24 03:00:00,2050-08-01 14:59:59
5010136,5010,136,4th Anniversary ★3引換券,1,[茶の子雪ん子]ユキノビジン,1,2025-02-24 03:00:00,2050-08-01 14:59:59
5010137,5010,137,4th Anniversary ★3引換券,1,[柳緑小夜]マンハッタンカフェ,1,2025-02-24 03:00:00,2050-08-01 14:59:59
5010138,5010,138,4th Anniversary ★3引換券,1,[Red in Black]ドゥラメンテ,1,2025-02-24 03:00:00,2050-08-01 14:59:59
5010139,5010,139,4th Anniversary ★3引換券,1,[ZOKU-ZOKU GIZMO]トランセンド,1,2025-02-24 03:00:00,2050-08-01 14:59:59
5010140,5010,140,4th Anniversary ★3引換券,1,[Dream Successor]ラインクラフト,1,2025-02-24 03:00:00,2050-08-01 14:59:59
5010141,5010,141,4th Anniversary ★3引換券,1,[Flowing Blue]ダイイチルビー,1,2025-02-24 03:00:00,2050-08-01 14:59:59
5010142,5010,142,4th Anniversary ★3引換券,1,[Joyful Jamboree!]ダイタクヘリオス,1,2025-02-24 03:00:00,2050-08-01 14:59:59
5010143,5010,143,4th Anniversary ★3引換券,1,[Glorious Coat]ウイニングチケット,1,2025-02-24 03:00:00,2050-08-01 14:59:59
5010144,5010,144,4th Anniversary ★3引換券,1,[リトモ・デッラ・テッラ]サウンズオブアース,1,2025-02-24 03:00:00,2050-08-01 14:59:59
5010145,5010,145,4th Anniversary ★3引換券,1,[慈雨華影]スーパークリーク,1,2025-02-24 03:00:00,2050-08-01 14:59:59
5010146,5010,146,4th Anniversary ★3引換券,1,[黒将Zen]ヤエノムテキ,1,2025-02-24 03:00:00,2050-08-01 14:59:59
5010147,5010,147,4th Anniversary ★3引換券,1,[Σ Experiment]アグネスタキオン,1,2025-02-24 03:00:00,2050-08-01 14:59:59
5010148,5010,148,4th Anniversary ★3引換券,1,[Looking Fly!]ノースフライト,1,2025-02-24 03:00:00,2050-08-01 14:59:59
5010149,5010,149,4th Anniversary ★3引換券,1,[Evergreen Identity]キングヘイロー,1,2025-02-24 03:00:00,2050-08-01 14:59:59
5010150,5010,150,4th Anniversary ★3引換券,1,[リアライズ・ルーン]スイープトウショウ,1,2025-02-24 03:00:00,2050-08-01 14:59:59
5010151,5010,151,4th Anniversary ★3引換券,1,[夢路のよすが]ドリームジャーニー,1,2025-02-24 03:00:00,2050-08-01 14:59:59
5010152,5010,152,4th Anniversary ★3引換券,1,[Yummy Dreamy Fairy]ライスシャワー,1,2025-02-24 03:00:00,2050-08-01 14:59:59
5010153,5010,153,4th Anniversary ★3引換券,1,[真実一路]カルストンライトオ,1,2025-02-24 03:00:00,2050-08-01 14:59:59
5010154,5010,154,4th Anniversary ★3引換券,1,[Reines Plätschern]エイシンフラッシュ,1,2025-02-24 03:00:00,2050-08-01 14:59:59
5010155,5010,155,4th Anniversary ★3引換券,1,[パステルマリン・ロコドル]ホッコータルマエ,1,2025-02-24 03:00:00,2050-08-01 14:59:59
5010156,5010,156,4th Anniversary ★3引換券,1,[Like “ZEER”]ネオユニヴァース,1,2025-02-24 03:00:00,2050-08-01 14:59:59
5010157,5010,157,4th Anniversary ★3引換券,1,[Inlaid Stories]ゼンノロブロイ,1,2025-02-24 03:00:00,2050-08-01 14:59:59
5010158,5010,158,4th Anniversary ★3引換券,1,[Future Weaver]シーザリオ,1,2025-02-24 03:00:00,2050-08-01 14:59:59
5010159,5010,159,4th Anniversary ★3引換券,1,[Chevalier fidèle]デュランダル,1,2025-02-24 03:00:00,2050-08-01 14:59:59
5010160,5010,160,4th Anniversary ★3引換券,1,[Be♪Witched]シーキングザパール,1,2025-02-24 03:00:00,2050-08-01 14:59:59
5010161,5010,161,4th Anniversary ★3引換券,1,[ろっきん☆MewMeow]マヤノトップガン,1,2025-02-24 03:00:00,2050-08-01 14:59:59
5010162,5010,162,4th Anniversary ★3引換券,1,[POPPING!]バブルガムフェロー,1,2025-02-24 03:00:00,2050-08-01 14:59:59
5010163,5010,163,4th Anniversary ★3引換券,1,[Engineered Victory]ビワハヤヒデ,1,2025-02-24 03:00:00,2050-08-01 14:59:59
5010164,5010,164,4th Anniversary ★3引換券,1,[迷光オーヴァライド]ナリタタイシン,1,2025-02-24 03:00:00,2050-08-01 14:59:59
5010165,5010,165,4th Anniversary ★3引換券,1,[Inherited Hope]エアメサイア,1,2025-02-24 03:00:00,2050-08-01 14:59:59
5010166,5010,166,4th Anniversary ★3引換券,1,[Celestial Road]ナリタトップロード,1,2025-02-24 03:00:00,2050-08-01 14:59:59
5010167,5010,167,4th Anniversary ★3引換券,1,[Glacialis Vega]アドマイヤベガ,1,2025-02-24 03:00:00,2050-08-01 14:59:59
5010168,5010,168,4th Anniversary ★3引換券,1,[ドラマティック・チュチュ]ウインバリアシオン,1,2025-02-24 03:00:00,2050-08-01 14:59:59
5010169,5010,169,4th Anniversary ★3引換券,1,[蒼炎の誉]グラスワンダー,1,2025-02-24 03:00:00,2050-08-01 14:59:59
5010170,5010,170,4th Anniversary ★3引換券,1,[雅号・墨龍]カツラギエース,1,2025-02-24 03:00:00,2050-08-01 14:59:59
5010171,5010,171,4th Anniversary ★3引換券,1,[絢爛花道歌舞く君]ミスターシービー,1,2025-02-24 03:00:00,2050-08-01 14:59:59
5010172,5010,172,4th Anniversary ★3引換券,1,[祝ひ寿ぐ神速天女]マルゼンスキー,1,2025-02-24 03:00:00,2050-08-01 14:59:59
5010173,5010,173,4th Anniversary ★3引換券,1,[衣錦還郷の瑞星]フリオーソ,1,2025-02-24 03:00:00,2050-08-01 14:59:59
5010174,5010,174,4th Anniversary ★3引換券,1,[溶けない砂糖菓子]アストンマーチャン,1,2025-02-24 03:00:00,2050-08-01 14:59:59
5010175,5010,175,4th Anniversary ★3引換券,1,[Sugary Wind]ヤマニンゼファー,1,2025-02-24 03:00:00,2050-08-01 14:59:59
5011001,5011,1,アニメ『シングレ』★3引換券 第1R,1,[绯红方程式]丸善斯基,1,2025-04-07 03:00:00,2050-08-01 14:59:59
5011002,5011,2,アニメ『シングレ』★3引換券 第1R,1,[星光跃动]小栗帽,1,2025-04-07 03:00:00,2050-08-01 14:59:59
5011003,5011,3,アニメ『シングレ』★3引換券 第1R,1,[皇帝]鲁道夫象征,1,2025-04-07 03:00:00,2050-08-01 14:59:59
5011004,5011,4,アニメ『シングレ』★3引換券 第1R,1,[真我/1928]黄金城,1,2025-04-07 03:00:00,2050-08-01 14:59:59
5011005,5011,5,アニメ『シングレ』★3引換券 第1R,1,[飞跃☆夏夜]丸善斯基,1,2025-04-07 03:00:00,2050-08-01 14:59:59
5011006,5011,6,アニメ『シングレ』★3引換券 第1R,1,[雪纺丝带木乃伊]超级溪流,1,2025-04-07 03:00:00,2050-08-01 14:59:59
5011007,5011,7,アニメ『シングレ』★3引換券 第1R,1,[皓月下的神箭手]鲁道夫象征,1,2025-04-07 03:00:00,2050-08-01 14:59:59
5011008,5011,8,アニメ『シングレ』★3引換券 第1R,1,[秋樱舞娘]黄金城,1,2025-04-07 03:00:00,2050-08-01 14:59:59
5011009,5011,9,アニメ『シングレ』★3引換券 第1R,1,[奇迹的胜利之星]小栗帽,1,2025-04-07 03:00:00,2050-08-01 14:59:59
5011010,5011,10,アニメ『シングレ』★3引換券 第1R,1,[疾风迅雷]玉藻十字,1,2025-04-07 03:00:00,2050-08-01 14:59:59
5011011,5011,11,アニメ『シングレ』★3引換券 第1R,1,[举世无双·樱花耀夜]樱花千代王,1,2025-04-07 03:00:00,2050-08-01 14:59:59
5011012,5011,12,アニメ『シングレ』★3引換券 第1R,1,[墨绿柔线]目白雅丹,1,2025-04-07 03:00:00,2050-08-01 14:59:59
5011013,5011,13,アニメ『シングレ』★3引換券 第1R,1,[四白流星之袭]八重无敌,1,2025-04-07 03:00:00,2050-08-01 14:59:59
5011014,5011,14,アニメ『シングレ』★3引換券 第1R,1,[轰鸣雷神]玉藻十字,1,2025-04-07 03:00:00,2050-08-01 14:59:59
5011015,5011,15,アニメ『シングレ』★3引換券 第1R,1,[Clear Bliss]千明代表,1,2025-04-07 03:00:00,2050-08-01 14:59:59
5011016,5011,16,アニメ『シングレ』★3引換券 第1R,1,[Neige Émeraude]目白雅丹,1,2025-04-07 03:00:00,2050-08-01 14:59:59
5011017,5011,17,アニメ『シングレ』★3引換券 第1R,1,[Fleur Enneigée]樱花千代王,1,2025-04-07 03:00:00,2050-08-01 14:59:59
5011018,5011,18,アニメ『シングレ』★3引換券 第1R,1,[Féroce]天狼星象征,1,2025-04-07 03:00:00,2050-08-01 14:59:59
5011019,5011,19,アニメ『シングレ』★3引換券 第1R,1,[慈雨華影]スーパークリーク,1,2025-04-07 03:00:00,2050-08-01 14:59:59
5011020,5011,20,アニメ『シングレ』★3引換券 第1R,1,[黒将Zen]ヤエノムテキ,1,2025-04-07 03:00:00,2050-08-01 14:59:59
5012001,5012,193,4.5th Anniversary ★3引換券,1,[特别追梦者]特别周,1,2025-08-24 03:00:00,2050-08-01 14:59:59
5012002,5012,192,4.5th Anniversary ★3引換券,1,[无声无瑕]无声铃鹿,1,2025-08-24 03:00:00,2050-08-01 14:59:59
5012003,5012,191,4.5th Anniversary ★3引換券,1,[喜乐无边]东海帝王,1,2025-08-24 03:00:00,2050-08-01 14:59:59
5012004,5012,190,4.5th Anniversary ★3引換券,1,[绯红方程式]丸善斯基,1,2025-08-24 03:00:00,2050-08-01 14:59:59
5012005,5012,189,4.5th Anniversary ★3引換券,1,[星光跃动]小栗帽,1,2025-08-24 03:00:00,2050-08-01 14:59:59
5012006,5012,188,4.5th Anniversary ★3引換券,1,[狂野前线]大树快车,1,2025-08-24 03:00:00,2050-08-01 14:59:59
5012007,5012,187,4.5th Anniversary ★3引換券,1,[优雅曲线]目白麦昆,1,2025-08-24 03:00:00,2050-08-01 14:59:59
5012008,5012,186,4.5th Anniversary ★3引換券,1,[皇帝]鲁道夫象征,1,2025-08-24 03:00:00,2050-08-01 14:59:59
5012009,5012,185,4.5th Anniversary ★3引換券,1,[玫瑰之梦]米浴,1,2025-08-24 03:00:00,2050-08-01 14:59:59
5012010,5012,184,4.5th Anniversary ★3引換券,1,[O sole suo！]好歌剧,1,2025-08-24 03:00:00,2050-08-01 14:59:59
5012011,5012,183,4.5th Anniversary ★3引換券,1,[MB-19890425]美浦波旁,1,2025-08-24 03:00:00,2050-08-01 14:59:59
5012012,5012,182,4.5th Anniversary ★3引換券,1,[pf.胜利公式]琵琶晨光,1,2025-08-24 03:00:00,2050-08-01 14:59:59
5012013,5012,181,4.5th Anniversary ★3引換券,1,[飞跃地平线]东海帝王,1,2025-08-24 03:00:00,2050-08-01 14:59:59
5012014,5012,180,4.5th Anniversary ★3引換券,1,[天际尽头]目白麦昆,1,2025-08-24 03:00:00,2050-08-01 14:59:59
5012015,5012,179,4.5th Anniversary ★3引換券,1,[闪电少女]真机伶,1,2025-08-24 03:00:00,2050-08-01 14:59:59
5012016,5012,178,4.5th Anniversary ★3引換券,1,[Nevertheless]成田大进,1,2025-08-24 03:00:00,2050-08-01 14:59:59
5012017,5012,177,4.5th Anniversary ★3引換券,1,[绝对☆LOVE]醒目飞鹰,1,2025-08-24 03:00:00,2050-08-01 14:59:59
5012018,5012,176,4.5th Anniversary ★3引換券,1,[Maverick]成田白仁,1,2025-08-24 03:00:00,2050-08-01 14:59:59
5012019,5012,175,4.5th Anniversary ★3引換券,1,[阳光花束]重炮,1,2025-08-24 03:00:00,2050-08-01 14:59:59
5012020,5012,174,4.5th Anniversary ★3引換券,1,[橡木王冠]气槽,1,2025-08-24 03:00:00,2050-08-01 14:59:59
5012021,5012,173,4.5th Anniversary ★3引換券,1,[青云垂钓者]青云天空,1,2025-08-24 03:00:00,2050-08-01 14:59:59
5012022,5012,172,4.5th Anniversary ★3引換券,1,[亚马逊青金石]菱亚马逊,1,2025-08-24 03:00:00,2050-08-01 14:59:59
5012023,5012,171,4.5th Anniversary ★3引換券,1,[羽蛇武斗家]神鹰,1,2025-08-24 03:00:00,2050-08-01 14:59:59
5012024,5012,170,4.5th Anniversary ★3引換券,1,[圣翠治愈师]草上飞,1,2025-08-24 03:00:00,2050-08-01 14:59:59
5012025,5012,169,4.5th Anniversary ★3引換券,1,[流星歌剧]富士奇石,1,2025-08-24 03:00:00,2050-08-01 14:59:59
5012026,5012,168,4.5th Anniversary ★3引換券,1,[真我/1928]黄金城,1,2025-08-24 03:00:00,2050-08-01 14:59:59
5012027,5012,167,4.5th Anniversary ★3引換券,1,[雀跃♪维他命心拍]特别周,1,2025-08-24 03:00:00,2050-08-01 14:59:59
5012028,5012,166,4.5th Anniversary ★3引換券,1,[飞跃☆夏夜]丸善斯基,1,2025-08-24 03:00:00,2050-08-01 14:59:59
5012029,5012,165,4.5th Anniversary ★3引換券,1,[苍蓝/怒涛]名将怒涛,1,2025-08-24 03:00:00,2050-08-01 14:59:59
5012030,5012,164,4.5th Anniversary ★3引換券,1,[Meisterschaft]荣进闪耀,1,2025-08-24 03:00:00,2050-08-01 14:59:59
5012031,5012,163,4.5th Anniversary ★3引換券,1,[吉兆秋风]待兼福来,1,2025-08-24 03:00:00,2050-08-01 14:59:59
5012032,5012,162,4.5th Anniversary ★3引換券,1,[Buono☆时尚]菱曙,1,2025-08-24 03:00:00,2050-08-01 14:59:59
5012033,5012,161,4.5th Anniversary ★3引換券,1,[超级加急！全彩PP膜特殊加工]爱丽数码,1,2025-08-24 03:00:00,2050-08-01 14:59:59
5012034,5012,160,4.5th Anniversary ★3引換券,1,[Make up Vampire！]米浴,1,2025-08-24 03:00:00,2050-08-01 14:59:59
5012035,5012,159,4.5th Anniversary ★3引換券,1,[雪纺丝带木乃伊]超级溪流,1,2025-08-24 03:00:00,2050-08-01 14:59:59
5012036,5012,158,4.5th Anniversary ★3引換券,1,[粉红公主]川上公主,1,2025-08-24 03:00:00,2050-08-01 14:59:59
5012037,5012,157,4.5th Anniversary ★3引換券,1,[Creeping Black]曼城茶座,1,2025-08-24 03:00:00,2050-08-01 14:59:59
5012038,5012,156,4.5th Anniversary ★3引換券,1,[皓月下的神箭手]鲁道夫象征,1,2025-08-24 03:00:00,2050-08-01 14:59:59
5012039,5012,155,4.5th Anniversary ★3引換券,1,[秋樱舞娘]黄金城,1,2025-08-24 03:00:00,2050-08-01 14:59:59
5012040,5012,154,4.5th Anniversary ★3引換券,1,[潮流☆Joker]岛川乔丹,1,2025-08-24 03:00:00,2050-08-01 14:59:59
5012041,5012,153,4.5th Anniversary ★3引換券,1,[宛延曲线]目白多伯,1,2025-08-24 03:00:00,2050-08-01 14:59:59
5012042,5012,152,4.5th Anniversary ★3引換券,1,[奇迹的胜利之星]小栗帽,1,2025-08-24 03:00:00,2050-08-01 14:59:59
5012043,5012,151,4.5th Anniversary ★3引換券,1,[嫣红圣诞颂歌]琵琶晨光,1,2025-08-24 03:00:00,2050-08-01 14:59:59
5012044,5012,150,4.5th Anniversary ★3引換券,1,[Noble Seamair]美妙姿势,1,2025-08-24 03:00:00,2050-08-01 14:59:59
5012045,5012,149,4.5th Anniversary ★3引換券,1,[疾风迅雷]玉藻十字,1,2025-08-24 03:00:00,2050-08-01 14:59:59
5012046,5012,148,4.5th Anniversary ★3引換券,1,[明媚新春♪樱花绽放]春乌菈菈,1,2025-08-24 03:00:00,2050-08-01 14:59:59
5012047,5012,147,4.5th Anniversary ★3引換券,1,[新春初晴·宝蓝绚烂]好歌剧,1,2025-08-24 03:00:00,2050-08-01 14:59:59
5012048,5012,146,4.5th Anniversary ★3引換券,1,[举世无双·樱花耀夜]樱花千代王,1,2025-08-24 03:00:00,2050-08-01 14:59:59
5012049,5012,145,4.5th Anniversary ★3引換券,1,[CODE：淋面装饰]美浦波旁,1,2025-08-24 03:00:00,2050-08-01 14:59:59
5012050,5012,144,4.5th Anniversary ★3引換券,1,[精确无比·巧克力大师]荣进闪耀,1,2025-08-24 03:00:00,2050-08-01 14:59:59
5012051,5012,143,4.5th Anniversary ★3引換券,1,[墨绿柔线]目白雅丹,1,2025-08-24 03:00:00,2050-08-01 14:59:59
5012052,5012,142,4.5th Anniversary ★3引換券,1,[Starry Nocturne]爱慕织姬,1,2025-08-24 03:00:00,2050-08-01 14:59:59
5012053,5012,141,4.5th Anniversary ★3引換券,1,[锦绣·溢彩盛典]北部玄驹,1,2025-08-24 03:00:00,2050-08-01 14:59:59
5012054,5012,140,4.5th Anniversary ★3引換券,1,[Natural Brilliance]里见光钻,1,2025-08-24 03:00:00,2050-08-01 14:59:59
5012055,5012,139,4.5th Anniversary ★3引換券,1,[砺光韧线]目白光明,1,2025-08-24 03:00:00,2050-08-01 14:59:59
5012056,5012,138,4.5th Anniversary ★3引換券,1,[星夜猫咪舞会]青云天空,1,2025-08-24 03:00:00,2050-08-01 14:59:59
5012057,5012,137,4.5th Anniversary ★3引換券,1,[胜利之星]富士奇石,1,2025-08-24 03:00:00,2050-08-01 14:59:59
5012058,5012,136,4.5th Anniversary ★3引換券,1,[叠瓣花蕾]西野花,1,2025-08-24 03:00:00,2050-08-01 14:59:59
5012059,5012,135,4.5th Anniversary ★3引換券,1,[四白流星之袭]八重无敌,1,2025-08-24 03:00:00,2050-08-01 14:59:59
5012060,5012,134,4.5th Anniversary ★3引換券,1,[RUN＆WIN]优秀素质,1,2025-08-24 03:00:00,2050-08-01 14:59:59
5012061,5012,133,4.5th Anniversary ★3引換券,1,[洁白傲气的激励之服]帝王光辉,1,2025-08-24 03:00:00,2050-08-01 14:59:59
5012062,5012,132,4.5th Anniversary ★3引換券,1,[全时狂欢]艾尼风神,1,2025-08-24 03:00:00,2050-08-01 14:59:59
5012063,5012,131,4.5th Anniversary ★3引換券,1,[Line Breakthrough]目白善信,1,2025-08-24 03:00:00,2050-08-01 14:59:59
5012064,5012,130,4.5th Anniversary ★3引換券,1,[朔月挚爱]真机伶,1,2025-08-24 03:00:00,2050-08-01 14:59:59
5012065,5012,129,4.5th Anniversary ★3引換券,1,[Titania]美妙姿势,1,2025-08-24 03:00:00,2050-08-01 14:59:59
5012066,5012,128,4.5th Anniversary ★3引換券,1,[稻荷因缘江户紫]稻荷一,1,2025-08-24 03:00:00,2050-08-01 14:59:59
5012067,5012,127,4.5th Anniversary ★3引換券,1,[悬铃木魔女]东商变革,1,2025-08-24 03:00:00,2050-08-01 14:59:59
5012068,5012,126,4.5th Anniversary ★3引換券,1,[Bubblegum☆Memories]大树快车,1,2025-08-24 03:00:00,2050-08-01 14:59:59
5012069,5012,125,4.5th Anniversary ★3引換券,1,[假日宝石蓝]目白多伯,1,2025-08-24 03:00:00,2050-08-01 14:59:59
5012070,5012,124,4.5th Anniversary ★3引換券,1,[unsigned]空中神宫,1,2025-08-24 03:00:00,2050-08-01 14:59:59
5012071,5012,123,4.5th Anniversary ★3引換券,1,[涟漪佳人]目白麦昆,1,2025-08-24 03:00:00,2050-08-01 14:59:59
5012072,5012,122,4.5th Anniversary ★3引換券,1,[RUN！乱！发射！！]黄金船,1,2025-08-24 03:00:00,2050-08-01 14:59:59
5012073,5012,121,4.5th Anniversary ★3引換券,1,[黑铁的壮志]青竹回忆,1,2025-08-24 03:00:00,2050-08-01 14:59:59
5012074,5012,120,4.5th Anniversary ★3引換券,1,[阴阳八卦☆开运服]小林历奇,1,2025-08-24 03:00:00,2050-08-01 14:59:59
5012075,5012,119,4.5th Anniversary ★3引換券,1,[黄昏凯旋]醒目飞鹰,1,2025-08-24 03:00:00,2050-08-01 14:59:59
5012076,5012,118,4.5th Anniversary ★3引換券,1,[梦想传递员]胜利奖券,1,2025-08-24 03:00:00,2050-08-01 14:59:59
5012077,5012,117,4.5th Anniversary ★3引換券,1,[另类工程师]成田大进,1,2025-08-24 03:00:00,2050-08-01 14:59:59
5012078,5012,116,4.5th Anniversary ★3引換券,1,[可可爱爱的六出冰花]雪之美人,1,2025-08-24 03:00:00,2050-08-01 14:59:59
5012079,5012,115,4.5th Anniversary ★3引換券,1,[Rocket☆Star]采珠,1,2025-08-24 03:00:00,2050-08-01 14:59:59
5012080,5012,114,4.5th Anniversary ★3引換券,1,[爱丽♡僵尸]爱丽数码,1,2025-08-24 03:00:00,2050-08-01 14:59:59
5012081,5012,113,4.5th Anniversary ★3引換券,1,[Dot-o'-Lantern]名将怒涛,1,2025-08-24 03:00:00,2050-08-01 14:59:59
5012082,5012,112,4.5th Anniversary ★3引換券,1,[Flare]阿斯顿真弓,1,2025-08-24 03:00:00,2050-08-01 14:59:59
5012083,5012,111,4.5th Anniversary ★3引換券,1,[Fluttertail Spirit]山人西风,1,2025-08-24 03:00:00,2050-08-01 14:59:59
5012084,5012,110,4.5th Anniversary ★3引換券,1,[轰鸣雷神]玉藻十字,1,2025-08-24 03:00:00,2050-08-01 14:59:59
5012085,5012,109,4.5th Anniversary ★3引換券,1,[梦之金原]稻荷一,1,2025-08-24 03:00:00,2050-08-01 14:59:59
5012086,5012,108,4.5th Anniversary ★3引換券,1,[死中求生]中山庆典,1,2025-08-24 03:00:00,2050-08-01 14:59:59
5012087,5012,107,4.5th Anniversary ★3引換券,1,[Butterfly Sting]奇锐骏,1,2025-08-24 03:00:00,2050-08-01 14:59:59
5012088,5012,106,4.5th Anniversary ★3引換券,1,[不会结冰的生命之水]伏特加,1,2025-08-24 03:00:00,2050-08-01 14:59:59
5012089,5012,105,4.5th Anniversary ★3引換券,1,[绯红的星月之夜]大和赤骥,1,2025-08-24 03:00:00,2050-08-01 14:59:59
5012090,5012,104,4.5th Anniversary ★3引換券,1,[Heroic Author]荒漠英雄,1,2025-08-24 03:00:00,2050-08-01 14:59:59
5012091,5012,103,4.5th Anniversary ★3引換券,1,[饿狼]成田白仁,1,2025-08-24 03:00:00,2050-08-01 14:59:59
5012092,5012,102,4.5th Anniversary ★3引換券,1,[压轴主角·庆鹤之志]北部玄驹,1,2025-08-24 03:00:00,2050-08-01 14:59:59
5012093,5012,101,4.5th Anniversary ★3引換券,1,[当红之星·荣兴之翠]里见光钻,1,2025-08-24 03:00:00,2050-08-01 14:59:59
5012094,5012,100,4.5th Anniversary ★3引換券,1,[星辉之航]北幸樽前,1,2025-08-24 03:00:00,2050-08-01 14:59:59
5012095,5012,99,4.5th Anniversary ★3引換券,1,[Fun☆Fun☆嗨翻天]大拓太阳神,1,2025-08-24 03:00:00,2050-08-01 14:59:59
5012096,5012,98,4.5th Anniversary ★3引換券,1,[MELTY GIFT]艾尼风神,1,2025-08-24 03:00:00,2050-08-01 14:59:59
5012097,5012,97,4.5th Anniversary ★3引換券,1,[玛格丽特拿铁]目白莱恩,1,2025-08-24 03:00:00,2050-08-01 14:59:59
5012098,5012,96,4.5th Anniversary ★3引換券,1,[Wicked Punk]新光风,1,2025-08-24 03:00:00,2050-08-01 14:59:59
5012099,5012,95,4.5th Anniversary ★3引換券,1,[Clear Bliss]千明代表,1,2025-08-24 03:00:00,2050-08-01 14:59:59
5012100,5012,94,4.5th Anniversary ★3引換券,1,[华丽红玉]第一红宝,1,2025-08-24 03:00:00,2050-08-01 14:59:59
5012101,5012,93,4.5th Anniversary ★3引換券,1,[Onyx Soldier]克里斯象征,1,2025-08-24 03:00:00,2050-08-01 14:59:59
5012102,5012,92,4.5th Anniversary ★3引換券,1,[Neige Émeraude]目白雅丹,1,2025-08-24 03:00:00,2050-08-01 14:59:59
5012103,5012,91,4.5th Anniversary ★3引換券,1,[Fleur Enneigée]樱花千代王,1,2025-08-24 03:00:00,2050-08-01 14:59:59
5012104,5012,90,4.5th Anniversary ★3引換券,1,[Saisir le rêve]樱花桂冠,1,2025-08-24 03:00:00,2050-08-01 14:59:59
5012105,5012,89,4.5th Anniversary ★3引換券,1,[Universe-Naut]新宇宙,1,2025-08-24 03:00:00,2050-08-01 14:59:59
5012106,5012,88,4.5th Anniversary ★3引換券,1,[碧蓝湍流]待兼唐怀瑟,1,2025-08-24 03:00:00,2050-08-01 14:59:59
5012107,5012,87,4.5th Anniversary ★3引換券,1,[赤热☆队长]樱花进王,1,2025-08-24 03:00:00,2050-08-01 14:59:59
5012108,5012,86,4.5th Anniversary ★3引換券,1,[奇迹装点！]菱奇宝,1,2025-08-24 03:00:00,2050-08-01 14:59:59
5012109,5012,85,4.5th Anniversary ★3引換券,1,[雷霆加身]谷水琴蕾,1,2025-08-24 03:00:00,2050-08-01 14:59:59
5012110,5012,84,4.5th Anniversary ★3引換券,1,[Sweet Juneberry]西野花,1,2025-08-24 03:00:00,2050-08-01 14:59:59
5012111,5012,83,4.5th Anniversary ★3引換券,1,[Hungry Veil]菱亚马逊,1,2025-08-24 03:00:00,2050-08-01 14:59:59
5012112,5012,82,4.5th Anniversary ★3引換券,1,[☆闪亮★心动☆雀跃∞美丽∞]美丽周日,1,2025-08-24 03:00:00,2050-08-01 14:59:59
5012113,5012,81,4.5th Anniversary ★3引換券,1,[Ultra☆Marine]青竹回忆,1,2025-08-24 03:00:00,2050-08-01 14:59:59
5012114,5012,80,4.5th Anniversary ★3引換券,1,[Aurore☆Vacances]岛川乔丹,1,2025-08-24 03:00:00,2050-08-01 14:59:59
5012115,5012,79,4.5th Anniversary ★3引換券,1,[登龙之顶]葛城荣主,1,2025-08-24 03:00:00,2050-08-01 14:59:59
5012116,5012,78,4.5th Anniversary ★3引換券,1,[Féroce]天狼星象征,1,2025-08-24 03:00:00,2050-08-01 14:59:59
5012117,5012,77,4.5th Anniversary ★3引換券,1,[Lunatic Lab]爱丽速子,1,2025-08-24 03:00:00,2050-08-01 14:59:59
5012118,5012,76,4.5th Anniversary ★3引換券,1,[浪间翠玉]无声铃鹿,1,2025-08-24 03:00:00,2050-08-01 14:59:59
5012119,5012,75,4.5th Anniversary ★3引換券,1,[The Proud Road]成田路,1,2025-08-24 03:00:00,2050-08-01 14:59:59
5012120,5012,74,4.5th Anniversary ★3引換券,1,[La mode 564]黄金船,1,2025-08-24 03:00:00,2050-08-01 14:59:59
5012121,5012,73,4.5th Anniversary ★3引換券,1,[シュヴァリエ・ブル]サトノダイヤモンド,1,2025-08-24 03:00:00,2050-08-01 14:59:59
5012122,5012,72,4.5th Anniversary ★3引換券,1,[Prism]ケイエスミラクル,1,2025-08-24 03:00:00,2050-08-01 14:59:59
5012123,5012,71,4.5th Anniversary ★3引換券,1,[Belphegor's Prime]エアシャカール,1,2025-08-24 03:00:00,2050-08-01 14:59:59
5012124,5012,70,4.5th Anniversary ★3引換券,1,[Jetblack Automaton]シンボリクリスエス,1,2025-08-24 03:00:00,2050-08-01 14:59:59
5012125,5012,69,4.5th Anniversary ★3引換券,1,[オニキス・ライン]メジロラモーヌ,1,2025-08-24 03:00:00,2050-08-01 14:59:59
5012126,5012,68,4.5th Anniversary ★3引換券,1,[水干撫子]カワカミプリンセス,1,2025-08-24 03:00:00,2050-08-01 14:59:59
5012127,5012,67,4.5th Anniversary ★3引換券,1,[紫雲の夢見取り]トウカイテイオー,1,2025-08-24 03:00:00,2050-08-01 14:59:59
5012128,5012,66,4.5th Anniversary ★3引換券,1,[GLITTER!]タップダンスシチー,1,2025-08-24 03:00:00,2050-08-01 14:59:59
5012129,5012,65,4.5th Anniversary ★3引換券,1,[赤心のトナカイさん]メジロパーマー,1,2025-08-24 03:00:00,2050-08-01 14:59:59
5012130,5012,64,4.5th Anniversary ★3引換券,1,[清らに星澄むスノーロリィタ]メジロブライト,1,2025-08-24 03:00:00,2050-08-01 14:59:59
5012131,5012,63,4.5th Anniversary ★3引換券,1,[黒翠千里行]サトノクラウン,1,2025-08-24 03:00:00,2050-08-01 14:59:59
5012132,5012,62,4.5th Anniversary ★3引換券,1,[Grand itinéraire]シュヴァルグラン,1,2025-08-24 03:00:00,2050-08-01 14:59:59
5012133,5012,61,4.5th Anniversary ★3引換券,1,[結願のしまい華]キタサンブラック,1,2025-08-24 03:00:00,2050-08-01 14:59:59
5012134,5012,60,4.5th Anniversary ★3引換券,1,[ネガイノカサネ]ナイスネイチャ,1,2025-08-24 03:00:00,2050-08-01 14:59:59
5012135,5012,59,4.5th Anniversary ★3引換券,1,[Voyage étincelant]ヴィブロス,1,2025-08-24 03:00:00,2050-08-01 14:59:59
5012136,5012,58,4.5th Anniversary ★3引換券,1,[茶の子雪ん子]ユキノビジン,1,2025-08-24 03:00:00,2050-08-01 14:59:59
5012137,5012,57,4.5th Anniversary ★3引換券,1,[柳緑小夜]マンハッタンカフェ,1,2025-08-24 03:00:00,2050-08-01 14:59:59
5012138,5012,56,4.5th Anniversary ★3引換券,1,[Red in Black]ドゥラメンテ,1,2025-08-24 03:00:00,2050-08-01 14:59:59
5012139,5012,55,4.5th Anniversary ★3引換券,1,[ZOKU-ZOKU GIZMO]トランセンド,1,2025-08-24 03:00:00,2050-08-01 14:59:59
5012140,5012,54,4.5th Anniversary ★3引換券,1,[Dream Successor]ラインクラフト,1,2025-08-24 03:00:00,2050-08-01 14:59:59
5012141,5012,53,4.5th Anniversary ★3引換券,1,[Flowing Blue]ダイイチルビー,1,2025-08-24 03:00:00,2050-08-01 14:59:59
5012142,5012,52,4.5th Anniversary ★3引換券,1,[Joyful Jamboree!]ダイタクヘリオス,1,2025-08-24 03:00:00,2050-08-01 14:59:59
5012143,5012,51,4.5th Anniversary ★3引換券,1,[Glorious Coat]ウイニングチケット,1,2025-08-24 03:00:00,2050-08-01 14:59:59
5012144,5012,50,4.5th Anniversary ★3引換券,1,[リトモ・デッラ・テッラ]サウンズオブアース,1,2025-08-24 03:00:00,2050-08-01 14:59:59
5012145,5012,49,4.5th Anniversary ★3引換券,1,[慈雨華影]スーパークリーク,1,2025-08-24 03:00:00,2050-08-01 14:59:59
5012146,5012,48,4.5th Anniversary ★3引換券,1,[黒将Zen]ヤエノムテキ,1,2025-08-24 03:00:00,2050-08-01 14:59:59
5012147,5012,47,4.5th Anniversary ★3引換券,1,[Σ Experiment]アグネスタキオン,1,2025-08-24 03:00:00,2050-08-01 14:59:59
5012148,5012,46,4.5th Anniversary ★3引換券,1,[Looking Fly!]ノースフライト,1,2025-08-24 03:00:00,2050-08-01 14:59:59
5012149,5012,45,4.5th Anniversary ★3引換券,1,[Evergreen Identity]キングヘイロー,1,2025-08-24 03:00:00,2050-08-01 14:59:59
5012150,5012,44,4.5th Anniversary ★3引換券,1,[リアライズ・ルーン]スイープトウショウ,1,2025-08-24 03:00:00,2050-08-01 14:59:59
5012151,5012,43,4.5th Anniversary ★3引換券,1,[夢路のよすが]ドリームジャーニー,1,2025-08-24 03:00:00,2050-08-01 14:59:59
5012152,5012,42,4.5th Anniversary ★3引換券,1,[Yummy Dreamy Fairy]ライスシャワー,1,2025-08-24 03:00:00,2050-08-01 14:59:59
5012153,5012,41,4.5th Anniversary ★3引換券,1,[真実一路]カルストンライトオ,1,2025-08-24 03:00:00,2050-08-01 14:59:59
5012154,5012,40,4.5th Anniversary ★3引換券,1,[Reines Plätschern]エイシンフラッシュ,1,2025-08-24 03:00:00,2050-08-01 14:59:59
5012155,5012,39,4.5th Anniversary ★3引換券,1,[パステルマリン・ロコドル]ホッコータルマエ,1,2025-08-24 03:00:00,2050-08-01 14:59:59
5012156,5012,38,4.5th Anniversary ★3引換券,1,[Like “ZEER”]ネオユニヴァース,1,2025-08-24 03:00:00,2050-08-01 14:59:59
5012157,5012,37,4.5th Anniversary ★3引換券,1,[Inlaid Stories]ゼンノロブロイ,1,2025-08-24 03:00:00,2050-08-01 14:59:59
5012158,5012,36,4.5th Anniversary ★3引換券,1,[Future Weaver]シーザリオ,1,2025-08-24 03:00:00,2050-08-01 14:59:59
5012159,5012,35,4.5th Anniversary ★3引換券,1,[Chevalier fidèle]デュランダル,1,2025-08-24 03:00:00,2050-08-01 14:59:59
5012160,5012,34,4.5th Anniversary ★3引換券,1,[Be♪Witched]シーキングザパール,1,2025-08-24 03:00:00,2050-08-01 14:59:59
5012161,5012,33,4.5th Anniversary ★3引換券,1,[ろっきん☆MewMeow]マヤノトップガン,1,2025-08-24 03:00:00,2050-08-01 14:59:59
5012162,5012,32,4.5th Anniversary ★3引換券,1,[POPPING!]バブルガムフェロー,1,2025-08-24 03:00:00,2050-08-01 14:59:59
5012163,5012,31,4.5th Anniversary ★3引換券,1,[Engineered Victory]ビワハヤヒデ,1,2025-08-24 03:00:00,2050-08-01 14:59:59
5012164,5012,30,4.5th Anniversary ★3引換券,1,[迷光オーヴァライド]ナリタタイシン,1,2025-08-24 03:00:00,2050-08-01 14:59:59
5012165,5012,29,4.5th Anniversary ★3引換券,1,[Inherited Hope]エアメサイア,1,2025-08-24 03:00:00,2050-08-01 14:59:59
5012166,5012,28,4.5th Anniversary ★3引換券,1,[Celestial Road]ナリタトップロード,1,2025-08-24 03:00:00,2050-08-01 14:59:59
5012167,5012,27,4.5th Anniversary ★3引換券,1,[Glacialis Vega]アドマイヤベガ,1,2025-08-24 03:00:00,2050-08-01 14:59:59
5012168,5012,26,4.5th Anniversary ★3引換券,1,[ドラマティック・チュチュ]ウインバリアシオン,1,2025-08-24 03:00:00,2050-08-01 14:59:59
5012169,5012,25,4.5th Anniversary ★3引換券,1,[蒼炎の誉]グラスワンダー,1,2025-08-24 03:00:00,2050-08-01 14:59:59
5012170,5012,24,4.5th Anniversary ★3引換券,1,[雅号・墨龍]カツラギエース,1,2025-08-24 03:00:00,2050-08-01 14:59:59
5012171,5012,23,4.5th Anniversary ★3引換券,1,[絢爛花道歌舞く君]ミスターシービー,1,2025-08-24 03:00:00,2050-08-01 14:59:59
5012172,5012,22,4.5th Anniversary ★3引換券,1,[祝ひ寿ぐ神速天女]マルゼンスキー,1,2025-08-24 03:00:00,2050-08-01 14:59:59
5012173,5012,21,4.5th Anniversary ★3引換券,1,[衣錦還郷の瑞星]フリオーソ,1,2025-08-24 03:00:00,2050-08-01 14:59:59
5012174,5012,20,4.5th Anniversary ★3引換券,1,[溶けない砂糖菓子]アストンマーチャン,1,2025-08-24 03:00:00,2050-08-01 14:59:59
5012175,5012,19,4.5th Anniversary ★3引換券,1,[Sugary Wind]ヤマニンゼファー,1,2025-08-24 03:00:00,2050-08-01 14:59:59
5012176,5012,18,4.5th Anniversary ★3引換券,1,[すまいる・まい・うぇい！]グランアレグリア,1,2025-08-24 03:00:00,2050-08-01 14:59:59
5012177,5012,17,4.5th Anniversary ★3引換券,1,[紅色塗早駆具足]ノーリーズン,1,2025-08-24 03:00:00,2050-08-01 14:59:59
5012178,5012,16,4.5th Anniversary ★3引換券,1,[Tap! Tap! Tap!]タップダンスシチー,1,2025-08-24 03:00:00,2050-08-01 14:59:59
5012179,5012,15,4.5th Anniversary ★3引換券,1,[With a Twist]タニノギムレット,1,2025-08-24 03:00:00,2050-08-01 14:59:59
5012180,5012,14,4.5th Anniversary ★3引換券,1,[Louve stellaire]シリウスシンボリ,1,2025-08-24 03:00:00,2050-08-01 14:59:59
5012181,5012,13,4.5th Anniversary ★3引換券,1,[義心の黒焔]フェノーメノ,1,2025-08-24 03:00:00,2050-08-01 14:59:59
5012182,5012,12,4.5th Anniversary ★3引換券,1,[光彩陸離☆招福衣]コパノリッキー,1,2025-08-24 03:00:00,2050-08-01 14:59:59
5012183,5012,11,4.5th Anniversary ★3引換券,1,[ルミナス☆トワラー]スマートファルコン,1,2025-08-24 03:00:00,2050-08-01 14:59:59
5012184,5012,10,4.5th Anniversary ★3引換券,1,[Le beau sommet]ヴィルシーナ,1,2025-08-24 03:00:00,2050-08-01 14:59:59
5012185,5012,9,4.5th Anniversary ★3引換券,1,[9927 Wishes]ラヴズオンリーユー,1,2025-08-24 03:00:00,2050-08-01 14:59:59
5012186,5012,8,4.5th Anniversary ★3引換券,1,[Untouchable Eden]メジロラモーヌ,1,2025-08-24 03:00:00,2050-08-01 14:59:59
5012187,5012,7,4.5th Anniversary ★3引換券,1,[Twinbell Queen]シーザリオ,1,2025-08-24 03:00:00,2050-08-01 14:59:59
5012188,5012,6,4.5th Anniversary ★3引換券,1,[陸離の編纂者]クロノジェネシス,1,2025-08-24 03:00:00,2050-08-01 14:59:59
5012189,5012,5,4.5th Anniversary ★3引換券,1,[Boho Flare]ゴールドシチー,1,2025-08-24 03:00:00,2050-08-01 14:59:59
5012190,5012,4,4.5th Anniversary ★3引換券,1,[Hello Hello Island]アイネスフウジン,1,2025-08-24 03:00:00,2050-08-01 14:59:59
5012191,5012,3,4.5th Anniversary ★3引換券,1,[Assorted Cuteness♡]フサイチパンドラ,1,2025-08-24 03:00:00,2050-08-01 14:59:59
5012192,5012,2,4.5th Anniversary ★3引換券,1,[晴島花麗]サトノクラウン,1,2025-08-24 03:00:00,2050-08-01 14:59:59
5012193,5012,1,4.5th Anniversary ★3引換券,1,[夏凪ネイビードロップ]シュヴァルグラン,1,2025-08-24 03:00:00,2050-08-01 14:59:59
5013001,5013,22,アニメ『シングレ』★3引換券 第2R,1,[绯红方程式]丸善斯基,1,2025-10-06 03:00:00,2050-08-01 14:59:59
5013002,5013,21,アニメ『シングレ』★3引換券 第2R,1,[星光跃动]小栗帽,1,2025-10-06 03:00:00,2050-08-01 14:59:59
5013003,5013,20,アニメ『シングレ』★3引換券 第2R,1,[皇帝]鲁道夫象征,1,2025-10-06 03:00:00,2050-08-01 14:59:59
5013004,5013,19,アニメ『シングレ』★3引換券 第2R,1,[真我/1928]黄金城,1,2025-10-06 03:00:00,2050-08-01 14:59:59
5013005,5013,18,アニメ『シングレ』★3引換券 第2R,1,[飞跃☆夏夜]丸善斯基,1,2025-10-06 03:00:00,2050-08-01 14:59:59
5013006,5013,17,アニメ『シングレ』★3引換券 第2R,1,[雪纺丝带木乃伊]超级溪流,1,2025-10-06 03:00:00,2050-08-01 14:59:59
5013007,5013,16,アニメ『シングレ』★3引換券 第2R,1,[皓月下的神箭手]鲁道夫象征,1,2025-10-06 03:00:00,2050-08-01 14:59:59
5013008,5013,15,アニメ『シングレ』★3引換券 第2R,1,[秋樱舞娘]黄金城,1,2025-10-06 03:00:00,2050-08-01 14:59:59
5013009,5013,14,アニメ『シングレ』★3引換券 第2R,1,[奇迹的胜利之星]小栗帽,1,2025-10-06 03:00:00,2050-08-01 14:59:59
5013010,5013,13,アニメ『シングレ』★3引換券 第2R,1,[疾风迅雷]玉藻十字,1,2025-10-06 03:00:00,2050-08-01 14:59:59
5013011,5013,12,アニメ『シングレ』★3引換券 第2R,1,[举世无双·樱花耀夜]樱花千代王,1,2025-10-06 03:00:00,2050-08-01 14:59:59
5013012,5013,11,アニメ『シングレ』★3引換券 第2R,1,[墨绿柔线]目白雅丹,1,2025-10-06 03:00:00,2050-08-01 14:59:59
5013013,5013,10,アニメ『シングレ』★3引換券 第2R,1,[四白流星之袭]八重无敌,1,2025-10-06 03:00:00,2050-08-01 14:59:59
5013014,5013,9,アニメ『シングレ』★3引換券 第2R,1,[轰鸣雷神]玉藻十字,1,2025-10-06 03:00:00,2050-08-01 14:59:59
5013015,5013,8,アニメ『シングレ』★3引換券 第2R,1,[Clear Bliss]千明代表,1,2025-10-06 03:00:00,2050-08-01 14:59:59
5013016,5013,7,アニメ『シングレ』★3引換券 第2R,1,[Neige Émeraude]目白雅丹,1,2025-10-06 03:00:00,2050-08-01 14:59:59
5013017,5013,6,アニメ『シングレ』★3引換券 第2R,1,[Fleur Enneigée]樱花千代王,1,2025-10-06 03:00:00,2050-08-01 14:59:59
5013018,5013,5,アニメ『シングレ』★3引換券 第2R,1,[Féroce]天狼星象征,1,2025-10-06 03:00:00,2050-08-01 14:59:59
5013019,5013,4,アニメ『シングレ』★3引換券 第2R,1,[慈雨華影]スーパークリーク,1,2025-10-06 03:00:00,2050-08-01 14:59:59
5013020,5013,3,アニメ『シングレ』★3引換券 第2R,1,[黒将Zen]ヤエノムテキ,1,2025-10-06 03:00:00,2050-08-01 14:59:59
5013021,5013,2,アニメ『シングレ』★3引換券 第2R,1,[絢爛花道歌舞く君]ミスターシービー,1,2025-10-06 03:00:00,2050-08-01 14:59:59
5013022,5013,1,アニメ『シングレ』★3引換券 第2R,1,[祝ひ寿ぐ神速天女]マルゼンスキー,1,2025-10-06 03:00:00,2050-08-01 14:59:59
5504001,5504,1,2周年庆典 超稀有兑换券,1,[献上全国第一的演出]特别周,1,2023-02-24 03:00:00,2050-08-01 14:59:59
5504002,5504,2,2周年庆典 超稀有兑换券,1,[在耀眼景色的前方]无声铃鹿,1,2023-02-24 03:00:00,2050-08-01 14:59:59
5504003,5504,3,2周年庆典 超稀有兑换券,1,[有梦想就要大声说出来！]东海帝王,1,2023-02-24 03:00:00,2050-08-01 14:59:59
5504004,5504,4,2周年庆典 超稀有兑换券,1,[不沉舰的进击]黄金船,1,2023-02-24 03:00:00,2050-08-01 14:59:59
5504005,5504,5,2周年庆典 超稀有兑换券,1,[伏特加之路]伏特加,1,2023-02-24 03:00:00,2050-08-01 14:59:59
5504006,5504,6,2周年庆典 超稀有兑换券,1,[万紫千红中一枝独秀]草上飞,1,2023-02-24 03:00:00,2050-08-01 14:59:59
5504007,5504,7,2周年庆典 超稀有兑换券,1,[热情的冠军！]神鹰,1,2023-02-24 03:00:00,2050-08-01 14:59:59
5504008,5504,8,2周年庆典 超稀有兑换券,1,[期待已久的计谋]青云天空,1,2023-02-24 03:00:00,2050-08-01 14:59:59
5504009,5504,9,2周年庆典 超稀有兑换券,1,[划破天空的闪电少女！]玉藻十字,1,2023-02-24 03:00:00,2050-08-01 14:59:59
5504010,5504,10,2周年庆典 超稀有兑换券,1,[全身心的感谢]美妙姿势,1,2023-02-24 03:00:00,2050-08-01 14:59:59
5504011,5504,11,2周年庆典 超稀有兑换券,1,[飞奔吧，闪耀吧]艾尼风神,1,2023-02-24 03:00:00,2050-08-01 14:59:59
5504012,5504,12,2周年庆典 超稀有兑换券,1,[B·N·Winner！]胜利奖券,1,2023-02-24 03:00:00,2050-08-01 14:59:59
5504013,5504,13,2周年庆典 超稀有兑换券,1,[冲向前方7厘米之外]空中神宫,1,2023-02-24 03:00:00,2050-08-01 14:59:59
5504014,5504,14,2周年庆典 超稀有兑换券,1,[Run（my）way]黄金城,1,2023-02-24 03:00:00,2050-08-01 14:59:59
5504015,5504,15,2周年庆典 超稀有兑换券,1,[好快！好吃！好快！]樱花进王,1,2023-02-24 03:00:00,2050-08-01 14:59:59
5504016,5504,16,2周年庆典 超稀有兑换券,1,[一颗安心糖]超级溪流,1,2023-02-24 03:00:00,2050-08-01 14:59:59
5504017,5504,17,2周年庆典 超稀有兑换券,1,[这就是我的优俊偶像之道☆]醒目飞鹰,1,2023-02-24 03:00:00,2050-08-01 14:59:59
5504018,5504,18,2周年庆典 超稀有兑换券,1,[哪怕还不能独当一面]西野花,1,2023-02-24 03:00:00,2050-08-01 14:59:59
5504019,5504,19,2周年庆典 超稀有兑换券,1,[必杀技！双胡萝卜拳！]微光飞驹,1,2023-02-24 03:00:00,2050-08-01 14:59:59
5504020,5504,20,2周年庆典 超稀有兑换券,1,[欢迎来到特雷森学园！]骏川手纲,1,2023-02-24 03:00:00,2050-08-01 14:59:59
5504021,5504,21,2周年庆典 超稀有兑换券,1,[“要受人喜爱啊”]小栗帽,1,2023-02-24 03:00:00,2050-08-01 14:59:59
5504022,5504,22,2周年庆典 超稀有兑换券,1,[涡轮引擎马力全开！]双涡轮,1,2023-02-24 03:00:00,2050-08-01 14:59:59
5504023,5504,23,2周年庆典 超稀有兑换券,1,[尽管笑我傻吧]目白善信,1,2023-02-24 03:00:00,2050-08-01 14:59:59
5504024,5504,24,2周年庆典 超稀有兑换券,1,[身后迫近的热浪是动力]北部玄驹,1,2023-02-24 03:00:00,2050-08-01 14:59:59
5504025,5504,25,2周年庆典 超稀有兑换券,1,[超越那前方的背影]里见光钻,1,2023-02-24 03:00:00,2050-08-01 14:59:59
5504026,5504,26,2周年庆典 超稀有兑换券,1,[由故乡直达的助威！]雪之美人,1,2023-02-24 03:00:00,2050-08-01 14:59:59
5504027,5504,27,2周年庆典 超稀有兑换券,1,[心中的烈火无法抑制]八重无敌,1,2023-02-24 03:00:00,2050-08-01 14:59:59
5504028,5504,28,2周年庆典 超稀有兑换券,1,[樱花盛开之时]樱花千代王,1,2023-02-24 03:00:00,2050-08-01 14:59:59
5504029,5504,29,2周年庆典 超稀有兑换券,1,[身为新娘！]川上公主,1,2023-02-24 03:00:00,2050-08-01 14:59:59
5504030,5504,30,2周年庆典 超稀有兑换券,1,[请品尝第一口！]菱曙,1,2023-02-24 03:00:00,2050-08-01 14:59:59
5504031,5504,31,2周年庆典 超稀有兑换券,1,[Head-on fight！]青竹回忆,1,2023-02-24 03:00:00,2050-08-01 14:59:59
5504032,5504,32,2周年庆典 超稀有兑换券,1,[明天全国都会染红吧♪]青云天空,1,2023-02-24 03:00:00,2050-08-01 14:59:59
5504033,5504,33,2周年庆典 超稀有兑换券,1,[起舞今宵]帝王光辉,1,2023-02-24 03:00:00,2050-08-01 14:59:59
5504034,5504,34,2周年庆典 超稀有兑换券,1,[爽快！决胜一击！]目白莱恩,1,2023-02-24 03:00:00,2050-08-01 14:59:59
5504035,5504,35,2周年庆典 超稀有兑换券,1,[独享冰凉？]东商变革,1,2023-02-24 03:00:00,2050-08-01 14:59:59
5504036,5504,36,2周年庆典 超稀有兑换券,1,[全力嬉闹！]胜利奖券,1,2023-02-24 03:00:00,2050-08-01 14:59:59
5504037,5504,37,2周年庆典 超稀有兑换券,1,[即使满身泥土，也要追逐梦想]优秀素质,1,2023-02-24 03:00:00,2050-08-01 14:59:59
5504038,5504,38,2周年庆典 超稀有兑换券,1,[幸福就在转角后]米浴,1,2023-02-24 03:00:00,2050-08-01 14:59:59
5504039,5504,39,2周年庆典 超稀有兑换券,1,[彻底管理主义]㭴本理子,1,2023-02-24 03:00:00,2050-08-01 14:59:59
5504040,5504,40,2周年庆典 超稀有兑换券,1,[内心双脚皆温暖]生野狄杜斯,1,2023-02-24 03:00:00,2050-08-01 14:59:59
5504041,5504,41,2周年庆典 超稀有兑换券,1,[大闹万圣夜！]玉藻十字,1,2023-02-24 03:00:00,2050-08-01 14:59:59
5504042,5504,42,2周年庆典 超稀有兑换券,1,[被授予魔力的英雄]荒漠英雄,1,2023-02-24 03:00:00,2050-08-01 14:59:59
5504043,5504,43,2周年庆典 超稀有兑换券,1,[43、8、1]中山庆典,1,2023-02-24 03:00:00,2050-08-01 14:59:59
5504044,5504,44,2周年庆典 超稀有兑换券,1,[可爱的你，美丽的你]真机伶,1,2023-02-24 03:00:00,2050-08-01 14:59:59
5504045,5504,45,2周年庆典 超稀有兑换券,1,[鸣箭嗤天]成田白仁,1,2023-02-24 03:00:00,2050-08-01 14:59:59
5504046,5504,46,2周年庆典 超稀有兑换券,1,[舞动吧·躁动吧·狂欢吧！]大拓太阳神,1,2023-02-24 03:00:00,2050-08-01 14:59:59
5504047,5504,47,2周年庆典 超稀有兑换券,1,[队形：PARTY]重炮,1,2023-02-24 03:00:00,2050-08-01 14:59:59
5504048,5504,48,2周年庆典 超稀有兑换券,1,[倔强的集市]成田大进,1,2023-02-24 03:00:00,2050-08-01 14:59:59
5504049,5504,49,2周年庆典 超稀有兑换券,1,[独奏·螺旋卡农]曼城茶座,1,2023-02-24 03:00:00,2050-08-01 14:59:59
5504050,5504,50,2周年庆典 超稀有兑换券,1,[夜有黎明，天有祥星]爱慕织姬,1,2023-02-24 03:00:00,2050-08-01 14:59:59
5504051,5504,51,2周年庆典 超稀有兑换券,1,[萍水相逢即是福♪]待兼福来,1,2023-02-24 03:00:00,2050-08-01 14:59:59
5504052,5504,52,2周年庆典 超稀有兑换券,1,[要不赶紧扎一针？]安心泽刺刺美,1,2023-02-24 03:00:00,2050-08-01 14:59:59
5504053,5504,53,2周年庆典 超稀有兑换券,1,[饱含心意的纸杯蛋糕]西野花,1,2023-02-24 03:00:00,2050-08-01 14:59:59
5504054,5504,54,2周年庆典 超稀有兑换券,1,[极快！最快！花之风暴！]樱花进王,1,2023-02-24 03:00:00,2050-08-01 14:59:59
5504055,5504,55,2周年庆典 超稀有兑换券,1,[“存在”于此的幸福]爱丽数码,1,2023-02-24 03:00:00,2050-08-01 14:59:59
5504056,5504,56,2周年庆典 超稀有兑换券,1,[粉色背影]成田路,1,2023-02-24 03:00:00,2050-08-01 14:59:59
5504057,5504,57,2周年庆典 超稀有兑换券,1,[让世界更加☆marvelous]美丽周日,1,2023-02-24 03:00:00,2050-08-01 14:59:59
5504058,5504,58,2周年庆典 超稀有兑换券,1,[Enchaînement]鲁道夫象征,1,2023-02-24 03:00:00,2050-08-01 14:59:59
5504059,5504,59,2周年庆典 超稀有兑换券,1,[Escorte étoile]天狼星象征,1,2023-02-24 03:00:00,2050-08-01 14:59:59
5504060,5504,60,2周年庆典 超稀有兑换券,1,[Outfit as No.1]大和赤骥,1,2023-02-24 03:00:00,2050-08-01 14:59:59
5504061,5504,61,2周年庆典 超稀有兑换券,1,[收下这份鼓励吧！]青竹回忆,1,2023-02-24 03:00:00,2050-08-01 14:59:59
5504062,5504,62,2周年庆典 超稀有兑换券,1,[那声加油改变了世界]采珠,1,2023-02-24 03:00:00,2050-08-01 14:59:59
5504063,5504,63,2周年庆典 超稀有兑换券,1,[Dear Mr. C.B.]千明代表,1,2023-02-24 03:00:00,2050-08-01 14:59:59
5504064,5504,64,2周年庆典 超稀有兑换券,1,[乌菈菈的热情之歌♪]春乌菈菈,1,2023-02-24 03:00:00,2050-08-01 14:59:59
5504065,5504,65,2周年庆典 超稀有兑换券,1,[可爱的金兰之交们]生野狄杜斯,1,2023-02-24 03:00:00,2050-08-01 14:59:59
5504066,5504,66,2周年庆典 超稀有兑换券,1,[坏蛋，举起手来！]大树快车,1,2023-02-24 03:00:00,2050-08-01 14:59:59
5504067,5504,67,2周年庆典 超稀有兑换券,1,[光芒四射地奔跑吧∞]神鹰,1,2023-02-24 03:00:00,2050-08-01 14:59:59
5504068,5504,68,2周年庆典 超稀有兑换券,1,[待兼唐☆大冒险]待兼唐怀瑟,1,2023-02-24 03:00:00,2050-08-01 14:59:59
5504069,5504,69,2周年庆典 超稀有兑换券,1,[奔向理想的熏风]气槽,1,2023-02-24 03:00:00,2050-08-01 14:59:59
5504070,5504,70,2周年庆典 超稀有兑换券,1,[尊尚敬爱]聚于王座之人,1,2023-02-24 03:00:00,2050-08-01 14:59:59
5504071,5504,71,2周年庆典 超稀有兑换券,1,[小感伤预警♪]丸善斯基,1,2023-02-24 03:00:00,2050-08-01 14:59:59
5504072,5504,72,2周年庆典 超稀有兑换券,1,[听凭骰运]中山庆典,1,2023-02-24 03:00:00,2050-08-01 14:59:59
5504073,5504,73,2周年庆典 超稀有兑换券,1,[It's on the house.]曼城茶座,1,2023-02-24 03:00:00,2050-08-01 14:59:59
5504074,5504,74,2周年庆典 超稀有兑换券,1,[from the GROUND UP]明亮光晕,1,2023-02-24 03:00:00,2050-08-01 14:59:59
5504075,5504,75,2周年庆典 超稀有兑换券,1,[Q≠0]爱丽速子,1,2023-02-24 03:00:00,2050-08-01 14:59:59
5504076,5504,76,2周年庆典 超稀有兑换券,1,[帝王！王！王！！！]东海帝王,1,2023-02-24 03:00:00,2050-08-01 14:59:59
5504077,5504,77,2周年庆典 超稀有兑换券,1,[TT Ignition！]双涡轮,1,2023-02-24 03:00:00,2050-08-01 14:59:59
5504078,5504,78,2周年庆典 超稀有兑换券,1,[啊，华丽一族]第一红宝,1,2023-02-24 03:00:00,2050-08-01 14:59:59
5504079,5504,79,2周年庆典 超稀有兑换券,1,[月下小恶魔♪]目白善信,1,2023-02-24 03:00:00,2050-08-01 14:59:59
5504080,5504,80,2周年庆典 超稀有兑换券,1,[太阳小天使♪]大拓太阳神,1,2023-02-24 03:00:00,2050-08-01 14:59:59
5504081,5504,81,2周年庆典 超稀有兑换券,1,[A Win Foreshadowed]克里斯象征,1,2023-02-24 03:00:00,2050-08-01 14:59:59
5504082,5504,82,2周年庆典 超稀有兑换券,1,[奔跑吧，奔跑吧，奔跑吧！！]小栗帽,1,2023-02-24 03:00:00,2050-08-01 14:59:59
5504083,5504,83,2周年庆典 超稀有兑换券,1,[燃至天际的祈祷之火]八重无敌,1,2023-02-24 03:00:00,2050-08-01 14:59:59
5504084,5504,84,2周年庆典 超稀有兑换券,1,[Danke schön]荣进闪耀,1,2023-02-24 03:00:00,2050-08-01 14:59:59
5504085,5504,85,2周年庆典 超稀有兑换券,1,[GLAD TIDINGS]成田白仁,1,2023-02-24 03:00:00,2050-08-01 14:59:59
5504086,5504,86,2周年庆典 超稀有兑换券,1,[Are you merry？]气槽,1,2023-02-24 03:00:00,2050-08-01 14:59:59
5504087,5504,87,2周年庆典 超稀有兑换券,1,[化为那无人知晓的风]山人西风,1,2023-02-24 03:00:00,2050-08-01 14:59:59
5504088,5504,88,2周年庆典 超稀有兑换券,1,[平安喜乐寄于板羽球中]特别周,1,2023-02-24 03:00:00,2050-08-01 14:59:59
5504089,5504,89,2周年庆典 超稀有兑换券,1,[难以捉摸的绝世佳人]东商变革,1,2023-02-24 03:00:00,2050-08-01 14:59:59
5505001,5505,1,2.5周年庆典 超稀有兑换券,1,[献上全国第一的演出]特别周,1,2023-08-24 03:00:00,2050-08-01 14:59:59
5505002,5505,2,2.5周年庆典 超稀有兑换券,1,[在耀眼景色的前方]无声铃鹿,1,2023-08-24 03:00:00,2050-08-01 14:59:59
5505003,5505,3,2.5周年庆典 超稀有兑换券,1,[有梦想就要大声说出来！]东海帝王,1,2023-08-24 03:00:00,2050-08-01 14:59:59
5505004,5505,4,2.5周年庆典 超稀有兑换券,1,[不沉舰的进击]黄金船,1,2023-08-24 03:00:00,2050-08-01 14:59:59
5505005,5505,5,2.5周年庆典 超稀有兑换券,1,[伏特加之路]伏特加,1,2023-08-24 03:00:00,2050-08-01 14:59:59
5505006,5505,6,2.5周年庆典 超稀有兑换券,1,[万紫千红中一枝独秀]草上飞,1,2023-08-24 03:00:00,2050-08-01 14:59:59
5505007,5505,7,2.5周年庆典 超稀有兑换券,1,[热情的冠军！]神鹰,1,2023-08-24 03:00:00,2050-08-01 14:59:59
5505008,5505,8,2.5周年庆典 超稀有兑换券,1,[期待已久的计谋]青云天空,1,2023-08-24 03:00:00,2050-08-01 14:59:59
5505009,5505,9,2.5周年庆典 超稀有兑换券,1,[划破天空的闪电少女！]玉藻十字,1,2023-08-24 03:00:00,2050-08-01 14:59:59
5505010,5505,10,2.5周年庆典 超稀有兑换券,1,[全身心的感谢]美妙姿势,1,2023-08-24 03:00:00,2050-08-01 14:59:59
5505011,5505,11,2.5周年庆典 超稀有兑换券,1,[飞奔吧，闪耀吧]艾尼风神,1,2023-08-24 03:00:00,2050-08-01 14:59:59
5505012,5505,12,2.5周年庆典 超稀有兑换券,1,[B·N·Winner！]胜利奖券,1,2023-08-24 03:00:00,2050-08-01 14:59:59
5505013,5505,13,2.5周年庆典 超稀有兑换券,1,[冲向前方7厘米之外]空中神宫,1,2023-08-24 03:00:00,2050-08-01 14:59:59
5505014,5505,14,2.5周年庆典 超稀有兑换券,1,[Run（my）way]黄金城,1,2023-08-24 03:00:00,2050-08-01 14:59:59
5505015,5505,15,2.5周年庆典 超稀有兑换券,1,[好快！好吃！好快！]樱花进王,1,2023-08-24 03:00:00,2050-08-01 14:59:59
5505016,5505,16,2.5周年庆典 超稀有兑换券,1,[一颗安心糖]超级溪流,1,2023-08-24 03:00:00,2050-08-01 14:59:59
5505017,5505,17,2.5周年庆典 超稀有兑换券,1,[这就是我的优俊偶像之道☆]醒目飞鹰,1,2023-08-24 03:00:00,2050-08-01 14:59:59
5505018,5505,18,2.5周年庆典 超稀有兑换券,1,[哪怕还不能独当一面]西野花,1,2023-08-24 03:00:00,2050-08-01 14:59:59
5505019,5505,19,2.5周年庆典 超稀有兑换券,1,[必杀技！双胡萝卜拳！]微光飞驹,1,2023-08-24 03:00:00,2050-08-01 14:59:59
5505020,5505,20,2.5周年庆典 超稀有兑换券,1,[欢迎来到特雷森学园！]骏川手纲,1,2023-08-24 03:00:00,2050-08-01 14:59:59
5505021,5505,21,2.5周年庆典 超稀有兑换券,1,[“要受人喜爱啊”]小栗帽,1,2023-08-24 03:00:00,2050-08-01 14:59:59
5505022,5505,22,2.5周年庆典 超稀有兑换券,1,[涡轮引擎马力全开！]双涡轮,1,2023-08-24 03:00:00,2050-08-01 14:59:59
5505023,5505,23,2.5周年庆典 超稀有兑换券,1,[尽管笑我傻吧]目白善信,1,2023-08-24 03:00:00,2050-08-01 14:59:59
5505024,5505,24,2.5周年庆典 超稀有兑换券,1,[身后迫近的热浪是动力]北部玄驹,1,2023-08-24 03:00:00,2050-08-01 14:59:59
5505025,5505,25,2.5周年庆典 超稀有兑换券,1,[超越那前方的背影]里见光钻,1,2023-08-24 03:00:00,2050-08-01 14:59:59
5505026,5505,26,2.5周年庆典 超稀有兑换券,1,[由故乡直达的助威！]雪之美人,1,2023-08-24 03:00:00,2050-08-01 14:59:59
5505027,5505,27,2.5周年庆典 超稀有兑换券,1,[心中的烈火无法抑制]八重无敌,1,2023-08-24 03:00:00,2050-08-01 14:59:59
5505028,5505,28,2.5周年庆典 超稀有兑换券,1,[樱花盛开之时]樱花千代王,1,2023-08-24 03:00:00,2050-08-01 14:59:59
5505029,5505,29,2.5周年庆典 超稀有兑换券,1,[身为新娘！]川上公主,1,2023-08-24 03:00:00,2050-08-01 14:59:59
5505030,5505,30,2.5周年庆典 超稀有兑换券,1,[请品尝第一口！]菱曙,1,2023-08-24 03:00:00,2050-08-01 14:59:59
5505031,5505,31,2.5周年庆典 超稀有兑换券,1,[Head-on fight！]青竹回忆,1,2023-08-24 03:00:00,2050-08-01 14:59:59
5505032,5505,32,2.5周年庆典 超稀有兑换券,1,[明天全国都会染红吧♪]青云天空,1,2023-08-24 03:00:00,2050-08-01 14:59:59
5505033,5505,33,2.5周年庆典 超稀有兑换券,1,[起舞今宵]帝王光辉,1,2023-08-24 03:00:00,2050-08-01 14:59:59
5505034,5505,34,2.5周年庆典 超稀有兑换券,1,[爽快！决胜一击！]目白莱恩,1,2023-08-24 03:00:00,2050-08-01 14:59:59
5505035,5505,35,2.5周年庆典 超稀有兑换券,1,[独享冰凉？]东商变革,1,2023-08-24 03:00:00,2050-08-01 14:59:59
5505036,5505,36,2.5周年庆典 超稀有兑换券,1,[全力嬉闹！]胜利奖券,1,2023-08-24 03:00:00,2050-08-01 14:59:59
5505037,5505,37,2.5周年庆典 超稀有兑换券,1,[即使满身泥土，也要追逐梦想]优秀素质,1,2023-08-24 03:00:00,2050-08-01 14:59:59
5505038,5505,38,2.5周年庆典 超稀有兑换券,1,[幸福就在转角后]米浴,1,2023-08-24 03:00:00,2050-08-01 14:59:59
5505039,5505,39,2.5周年庆典 超稀有兑换券,1,[彻底管理主义]㭴本理子,1,2023-08-24 03:00:00,2050-08-01 14:59:59
5505040,5505,40,2.5周年庆典 超稀有兑换券,1,[内心双脚皆温暖]生野狄杜斯,1,2023-08-24 03:00:00,2050-08-01 14:59:59
5505041,5505,41,2.5周年庆典 超稀有兑换券,1,[大闹万圣夜！]玉藻十字,1,2023-08-24 03:00:00,2050-08-01 14:59:59
5505042,5505,42,2.5周年庆典 超稀有兑换券,1,[被授予魔力的英雄]荒漠英雄,1,2023-08-24 03:00:00,2050-08-01 14:59:59
5505043,5505,43,2.5周年庆典 超稀有兑换券,1,[43、8、1]中山庆典,1,2023-08-24 03:00:00,2050-08-01 14:59:59
5505044,5505,44,2.5周年庆典 超稀有兑换券,1,[可爱的你，美丽的你]真机伶,1,2023-08-24 03:00:00,2050-08-01 14:59:59
5505045,5505,45,2.5周年庆典 超稀有兑换券,1,[鸣箭嗤天]成田白仁,1,2023-08-24 03:00:00,2050-08-01 14:59:59
5505046,5505,46,2.5周年庆典 超稀有兑换券,1,[舞动吧·躁动吧·狂欢吧！]大拓太阳神,1,2023-08-24 03:00:00,2050-08-01 14:59:59
5505047,5505,47,2.5周年庆典 超稀有兑换券,1,[队形：PARTY]重炮,1,2023-08-24 03:00:00,2050-08-01 14:59:59
5505048,5505,48,2.5周年庆典 超稀有兑换券,1,[倔强的集市]成田大进,1,2023-08-24 03:00:00,2050-08-01 14:59:59
5505049,5505,49,2.5周年庆典 超稀有兑换券,1,[独奏·螺旋卡农]曼城茶座,1,2023-08-24 03:00:00,2050-08-01 14:59:59
5505050,5505,50,2.5周年庆典 超稀有兑换券,1,[夜有黎明，天有祥星]爱慕织姬,1,2023-08-24 03:00:00,2050-08-01 14:59:59
5505051,5505,51,2.5周年庆典 超稀有兑换券,1,[萍水相逢即是福♪]待兼福来,1,2023-08-24 03:00:00,2050-08-01 14:59:59
5505052,5505,52,2.5周年庆典 超稀有兑换券,1,[要不赶紧扎一针？]安心泽刺刺美,1,2023-08-24 03:00:00,2050-08-01 14:59:59
5505053,5505,53,2.5周年庆典 超稀有兑换券,1,[饱含心意的纸杯蛋糕]西野花,1,2023-08-24 03:00:00,2050-08-01 14:59:59
5505054,5505,54,2.5周年庆典 超稀有兑换券,1,[极快！最快！花之风暴！]樱花进王,1,2023-08-24 03:00:00,2050-08-01 14:59:59
5505055,5505,55,2.5周年庆典 超稀有兑换券,1,[“存在”于此的幸福]爱丽数码,1,2023-08-24 03:00:00,2050-08-01 14:59:59
5505056,5505,56,2.5周年庆典 超稀有兑换券,1,[粉色背影]成田路,1,2023-08-24 03:00:00,2050-08-01 14:59:59
5505057,5505,57,2.5周年庆典 超稀有兑换券,1,[让世界更加☆marvelous]美丽周日,1,2023-08-24 03:00:00,2050-08-01 14:59:59
5505058,5505,58,2.5周年庆典 超稀有兑换券,1,[Enchaînement]鲁道夫象征,1,2023-08-24 03:00:00,2050-08-01 14:59:59
5505059,5505,59,2.5周年庆典 超稀有兑换券,1,[Escorte étoile]天狼星象征,1,2023-08-24 03:00:00,2050-08-01 14:59:59
5505060,5505,60,2.5周年庆典 超稀有兑换券,1,[Outfit as No.1]大和赤骥,1,2023-08-24 03:00:00,2050-08-01 14:59:59
5505061,5505,61,2.5周年庆典 超稀有兑换券,1,[收下这份鼓励吧！]青竹回忆,1,2023-08-24 03:00:00,2050-08-01 14:59:59
5505062,5505,62,2.5周年庆典 超稀有兑换券,1,[那声加油改变了世界]采珠,1,2023-08-24 03:00:00,2050-08-01 14:59:59
5505063,5505,63,2.5周年庆典 超稀有兑换券,1,[Dear Mr. C.B.]千明代表,1,2023-08-24 03:00:00,2050-08-01 14:59:59
5505064,5505,64,2.5周年庆典 超稀有兑换券,1,[乌菈菈的热情之歌♪]春乌菈菈,1,2023-08-24 03:00:00,2050-08-01 14:59:59
5505065,5505,65,2.5周年庆典 超稀有兑换券,1,[可爱的金兰之交们]生野狄杜斯,1,2023-08-24 03:00:00,2050-08-01 14:59:59
5505066,5505,66,2.5周年庆典 超稀有兑换券,1,[坏蛋，举起手来！]大树快车,1,2023-08-24 03:00:00,2050-08-01 14:59:59
5505067,5505,67,2.5周年庆典 超稀有兑换券,1,[光芒四射地奔跑吧∞]神鹰,1,2023-08-24 03:00:00,2050-08-01 14:59:59
5505068,5505,68,2.5周年庆典 超稀有兑换券,1,[待兼唐☆大冒险]待兼唐怀瑟,1,2023-08-24 03:00:00,2050-08-01 14:59:59
5505069,5505,69,2.5周年庆典 超稀有兑换券,1,[奔向理想的熏风]气槽,1,2023-08-24 03:00:00,2050-08-01 14:59:59
5505070,5505,70,2.5周年庆典 超稀有兑换券,1,[尊尚敬爱]聚于王座之人,1,2023-08-24 03:00:00,2050-08-01 14:59:59
5505071,5505,71,2.5周年庆典 超稀有兑换券,1,[小感伤预警♪]丸善斯基,1,2023-08-24 03:00:00,2050-08-01 14:59:59
5505072,5505,72,2.5周年庆典 超稀有兑换券,1,[听凭骰运]中山庆典,1,2023-08-24 03:00:00,2050-08-01 14:59:59
5505073,5505,73,2.5周年庆典 超稀有兑换券,1,[It's on the house.]曼城茶座,1,2023-08-24 03:00:00,2050-08-01 14:59:59
5505074,5505,74,2.5周年庆典 超稀有兑换券,1,[from the GROUND UP]明亮光晕,1,2023-08-24 03:00:00,2050-08-01 14:59:59
5505075,5505,75,2.5周年庆典 超稀有兑换券,1,[Q≠0]爱丽速子,1,2023-08-24 03:00:00,2050-08-01 14:59:59
5505076,5505,76,2.5周年庆典 超稀有兑换券,1,[帝王！王！王！！！]东海帝王,1,2023-08-24 03:00:00,2050-08-01 14:59:59
5505077,5505,77,2.5周年庆典 超稀有兑换券,1,[TT Ignition！]双涡轮,1,2023-08-24 03:00:00,2050-08-01 14:59:59
5505078,5505,78,2.5周年庆典 超稀有兑换券,1,[啊，华丽一族]第一红宝,1,2023-08-24 03:00:00,2050-08-01 14:59:59
5505079,5505,79,2.5周年庆典 超稀有兑换券,1,[月下小恶魔♪]目白善信,1,2023-08-24 03:00:00,2050-08-01 14:59:59
5505080,5505,80,2.5周年庆典 超稀有兑换券,1,[太阳小天使♪]大拓太阳神,1,2023-08-24 03:00:00,2050-08-01 14:59:59
5505081,5505,81,2.5周年庆典 超稀有兑换券,1,[A Win Foreshadowed]克里斯象征,1,2023-08-24 03:00:00,2050-08-01 14:59:59
5505082,5505,82,2.5周年庆典 超稀有兑换券,1,[奔跑吧，奔跑吧，奔跑吧！！]小栗帽,1,2023-08-24 03:00:00,2050-08-01 14:59:59
5505083,5505,83,2.5周年庆典 超稀有兑换券,1,[燃至天际的祈祷之火]八重无敌,1,2023-08-24 03:00:00,2050-08-01 14:59:59
5505084,5505,84,2.5周年庆典 超稀有兑换券,1,[Danke schön]荣进闪耀,1,2023-08-24 03:00:00,2050-08-01 14:59:59
5505085,5505,85,2.5周年庆典 超稀有兑换券,1,[GLAD TIDINGS]成田白仁,1,2023-08-24 03:00:00,2050-08-01 14:59:59
5505086,5505,86,2.5周年庆典 超稀有兑换券,1,[Are you merry？]气槽,1,2023-08-24 03:00:00,2050-08-01 14:59:59
5505087,5505,87,2.5周年庆典 超稀有兑换券,1,[化为那无人知晓的风]山人西风,1,2023-08-24 03:00:00,2050-08-01 14:59:59
5505088,5505,88,2.5周年庆典 超稀有兑换券,1,[平安喜乐寄于板羽球中]特别周,1,2023-08-24 03:00:00,2050-08-01 14:59:59
5505089,5505,89,2.5周年庆典 超稀有兑换券,1,[难以捉摸的绝世佳人]东商变革,1,2023-08-24 03:00:00,2050-08-01 14:59:59
5505090,5505,90,2.5周年庆典 超稀有兑换券,1,[To you]喜嘉奇迹,1,2023-08-24 03:00:00,2050-08-01 14:59:59
5505091,5505,91,2.5周年庆典 超稀有兑换券,1,[Marvelous☆巧克力盛宴]美丽周日,1,2023-08-24 03:00:00,2050-08-01 14:59:59
5505092,5505,92,2.5周年庆典 超稀有兑换券,1,[变身！侍者形态！]微光飞驹,1,2023-08-24 03:00:00,2050-08-01 14:59:59
5505093,5505,93,2.5周年庆典 超稀有兑换券,1,[璨烂]目白拉莫娜,1,2023-08-24 03:00:00,2050-08-01 14:59:59
5505094,5505,94,2.5周年庆典 超稀有兑换券,1,[迈向永恒的荣光]引领众人的始祖,1,2023-08-24 03:00:00,2050-08-01 14:59:59
5505095,5505,95,2.5周年庆典 超稀有兑换券,1,[此刻请不要闭眼]优秀素质,1,2023-08-24 03:00:00,2050-08-01 14:59:59
5505096,5505,96,2.5周年庆典 超稀有兑换券,1,[夜风掳心]目白麦昆,1,2023-08-24 03:00:00,2050-08-01 14:59:59
5505097,5505,97,2.5周年庆典 超稀有兑换券,1,[绝对皇帝]鲁道夫象征,1,2023-08-24 03:00:00,2050-08-01 14:59:59
5505098,5505,98,2.5周年庆典 超稀有兑换券,1,[任务“为内心补充营养”]美浦波旁,1,2023-08-24 03:00:00,2050-08-01 14:59:59
5505099,5505,99,2.5周年庆典 超稀有兑换券,1,[此刻，樱花烂漫]樱花桂冠,1,2023-08-24 03:00:00,2050-08-01 14:59:59
5505100,5505,100,2.5周年庆典 超稀有兑换券,1,[The frontier]森林宝袋,1,2023-08-24 03:00:00,2050-08-01 14:59:59
5505101,5505,101,2.5周年庆典 超稀有兑换券,1,[Something Blue]大和赤骥,1,2023-08-24 03:00:00,2050-08-01 14:59:59
5505102,5505,102,2.5周年庆典 超稀有兑换券,1,[与你定制的宝贵回忆]阿斯顿真弓,1,2023-08-24 03:00:00,2050-08-01 14:59:59
5505103,5505,103,2.5周年庆典 超稀有兑换券,1,[All'alba vincerò！]好歌剧,1,2023-08-24 03:00:00,2050-08-01 14:59:59
5505104,5505,104,2.5周年庆典 超稀有兑换券,1,[Chill chill night*]重炮,1,2023-08-24 03:00:00,2050-08-01 14:59:59
5505105,5505,105,2.5周年庆典 超稀有兑换券,1,[暖月]黄金城,1,2023-08-24 03:00:00,2050-08-01 14:59:59
5505106,5505,106,2.5周年庆典 超稀有兑换券,1,[宛如海鸥]目白善信,1,2023-08-24 03:00:00,2050-08-01 14:59:59
5505107,5505,107,2.5周年庆典 超稀有兑换券,1,[坚持一生的奇迹]奇锐骏,1,2023-08-24 03:00:00,2050-08-01 14:59:59
5505108,5505,108,2.5周年庆典 超稀有兑换券,1,[与你共赏的泡沫]曼城茶座,1,2023-08-24 03:00:00,2050-08-01 14:59:59
5505109,5505,109,2.5周年庆典 超稀有兑换券,1,[在这火热的夏天飞奔吧！]森林宝袋,1,2023-08-24 03:00:00,2050-08-01 14:59:59
5507001,5507,1,3rd Anniversary SSR引換券,1,[献上全国第一的演出]特别周,1,2024-02-24 03:00:00,2050-08-01 14:59:59
5507002,5507,2,3rd Anniversary SSR引換券,1,[在耀眼景色的前方]无声铃鹿,1,2024-02-24 03:00:00,2050-08-01 14:59:59
5507003,5507,3,3rd Anniversary SSR引換券,1,[有梦想就要大声说出来！]东海帝王,1,2024-02-24 03:00:00,2050-08-01 14:59:59
5507004,5507,4,3rd Anniversary SSR引換券,1,[不沉舰的进击]黄金船,1,2024-02-24 03:00:00,2050-08-01 14:59:59
5507005,5507,5,3rd Anniversary SSR引換券,1,[伏特加之路]伏特加,1,2024-02-24 03:00:00,2050-08-01 14:59:59
5507006,5507,6,3rd Anniversary SSR引換券,1,[万紫千红中一枝独秀]草上飞,1,2024-02-24 03:00:00,2050-08-01 14:59:59
5507007,5507,7,3rd Anniversary SSR引換券,1,[热情的冠军！]神鹰,1,2024-02-24 03:00:00,2050-08-01 14:59:59
5507008,5507,8,3rd Anniversary SSR引換券,1,[期待已久的计谋]青云天空,1,2024-02-24 03:00:00,2050-08-01 14:59:59
5507009,5507,9,3rd Anniversary SSR引換券,1,[划破天空的闪电少女！]玉藻十字,1,2024-02-24 03:00:00,2050-08-01 14:59:59
5507010,5507,10,3rd Anniversary SSR引換券,1,[全身心的感谢]美妙姿势,1,2024-02-24 03:00:00,2050-08-01 14:59:59
5507011,5507,11,3rd Anniversary SSR引換券,1,[飞奔吧，闪耀吧]艾尼风神,1,2024-02-24 03:00:00,2050-08-01 14:59:59
5507012,5507,12,3rd Anniversary SSR引換券,1,[B·N·Winner！]胜利奖券,1,2024-02-24 03:00:00,2050-08-01 14:59:59
5507013,5507,13,3rd Anniversary SSR引換券,1,[冲向前方7厘米之外]空中神宫,1,2024-02-24 03:00:00,2050-08-01 14:59:59
5507014,5507,14,3rd Anniversary SSR引換券,1,[Run（my）way]黄金城,1,2024-02-24 03:00:00,2050-08-01 14:59:59
5507015,5507,15,3rd Anniversary SSR引換券,1,[好快！好吃！好快！]樱花进王,1,2024-02-24 03:00:00,2050-08-01 14:59:59
5507016,5507,16,3rd Anniversary SSR引換券,1,[一颗安心糖]超级溪流,1,2024-02-24 03:00:00,2050-08-01 14:59:59
5507017,5507,17,3rd Anniversary SSR引換券,1,[这就是我的优俊偶像之道☆]醒目飞鹰,1,2024-02-24 03:00:00,2050-08-01 14:59:59
5507018,5507,18,3rd Anniversary SSR引換券,1,[哪怕还不能独当一面]西野花,1,2024-02-24 03:00:00,2050-08-01 14:59:59
5507019,5507,19,3rd Anniversary SSR引換券,1,[必杀技！双胡萝卜拳！]微光飞驹,1,2024-02-24 03:00:00,2050-08-01 14:59:59
5507020,5507,20,3rd Anniversary SSR引換券,1,[欢迎来到特雷森学园！]骏川手纲,1,2024-02-24 03:00:00,2050-08-01 14:59:59
5507021,5507,21,3rd Anniversary SSR引換券,1,[“要受人喜爱啊”]小栗帽,1,2024-02-24 03:00:00,2050-08-01 14:59:59
5507022,5507,22,3rd Anniversary SSR引換券,1,[涡轮引擎马力全开！]双涡轮,1,2024-02-24 03:00:00,2050-08-01 14:59:59
5507023,5507,23,3rd Anniversary SSR引換券,1,[尽管笑我傻吧]目白善信,1,2024-02-24 03:00:00,2050-08-01 14:59:59
5507024,5507,24,3rd Anniversary SSR引換券,1,[身后迫近的热浪是动力]北部玄驹,1,2024-02-24 03:00:00,2050-08-01 14:59:59
5507025,5507,25,3rd Anniversary SSR引換券,1,[超越那前方的背影]里见光钻,1,2024-02-24 03:00:00,2050-08-01 14:59:59
5507026,5507,26,3rd Anniversary SSR引換券,1,[由故乡直达的助威！]雪之美人,1,2024-02-24 03:00:00,2050-08-01 14:59:59
5507027,5507,27,3rd Anniversary SSR引換券,1,[心中的烈火无法抑制]八重无敌,1,2024-02-24 03:00:00,2050-08-01 14:59:59
5507028,5507,28,3rd Anniversary SSR引換券,1,[樱花盛开之时]樱花千代王,1,2024-02-24 03:00:00,2050-08-01 14:59:59
5507029,5507,29,3rd Anniversary SSR引換券,1,[身为新娘！]川上公主,1,2024-02-24 03:00:00,2050-08-01 14:59:59
5507030,5507,30,3rd Anniversary SSR引換券,1,[请品尝第一口！]菱曙,1,2024-02-24 03:00:00,2050-08-01 14:59:59
5507031,5507,31,3rd Anniversary SSR引換券,1,[Head-on fight！]青竹回忆,1,2024-02-24 03:00:00,2050-08-01 14:59:59
5507032,5507,32,3rd Anniversary SSR引換券,1,[明天全国都会染红吧♪]青云天空,1,2024-02-24 03:00:00,2050-08-01 14:59:59
5507033,5507,33,3rd Anniversary SSR引換券,1,[起舞今宵]帝王光辉,1,2024-02-24 03:00:00,2050-08-01 14:59:59
5507034,5507,34,3rd Anniversary SSR引換券,1,[爽快！决胜一击！]目白莱恩,1,2024-02-24 03:00:00,2050-08-01 14:59:59
5507035,5507,35,3rd Anniversary SSR引換券,1,[独享冰凉？]东商变革,1,2024-02-24 03:00:00,2050-08-01 14:59:59
5507036,5507,36,3rd Anniversary SSR引換券,1,[全力嬉闹！]胜利奖券,1,2024-02-24 03:00:00,2050-08-01 14:59:59
5507037,5507,37,3rd Anniversary SSR引換券,1,[即使满身泥土，也要追逐梦想]优秀素质,1,2024-02-24 03:00:00,2050-08-01 14:59:59
5507038,5507,38,3rd Anniversary SSR引換券,1,[幸福就在转角后]米浴,1,2024-02-24 03:00:00,2050-08-01 14:59:59
5507039,5507,39,3rd Anniversary SSR引換券,1,[彻底管理主义]㭴本理子,1,2024-02-24 03:00:00,2050-08-01 14:59:59
5507040,5507,40,3rd Anniversary SSR引換券,1,[内心双脚皆温暖]生野狄杜斯,1,2024-02-24 03:00:00,2050-08-01 14:59:59
5507041,5507,41,3rd Anniversary SSR引換券,1,[大闹万圣夜！]玉藻十字,1,2024-02-24 03:00:00,2050-08-01 14:59:59
5507042,5507,42,3rd Anniversary SSR引換券,1,[被授予魔力的英雄]荒漠英雄,1,2024-02-24 03:00:00,2050-08-01 14:59:59
5507043,5507,43,3rd Anniversary SSR引換券,1,[43、8、1]中山庆典,1,2024-02-24 03:00:00,2050-08-01 14:59:59
5507044,5507,44,3rd Anniversary SSR引換券,1,[可爱的你，美丽的你]真机伶,1,2024-02-24 03:00:00,2050-08-01 14:59:59
5507045,5507,45,3rd Anniversary SSR引換券,1,[鸣箭嗤天]成田白仁,1,2024-02-24 03:00:00,2050-08-01 14:59:59
5507046,5507,46,3rd Anniversary SSR引換券,1,[舞动吧·躁动吧·狂欢吧！]大拓太阳神,1,2024-02-24 03:00:00,2050-08-01 14:59:59
5507047,5507,47,3rd Anniversary SSR引換券,1,[队形：PARTY]重炮,1,2024-02-24 03:00:00,2050-08-01 14:59:59
5507048,5507,48,3rd Anniversary SSR引換券,1,[倔强的集市]成田大进,1,2024-02-24 03:00:00,2050-08-01 14:59:59
5507049,5507,49,3rd Anniversary SSR引換券,1,[独奏·螺旋卡农]曼城茶座,1,2024-02-24 03:00:00,2050-08-01 14:59:59
5507050,5507,50,3rd Anniversary SSR引換券,1,[夜有黎明，天有祥星]爱慕织姬,1,2024-02-24 03:00:00,2050-08-01 14:59:59
5507051,5507,51,3rd Anniversary SSR引換券,1,[萍水相逢即是福♪]待兼福来,1,2024-02-24 03:00:00,2050-08-01 14:59:59
5507052,5507,52,3rd Anniversary SSR引換券,1,[要不赶紧扎一针？]安心泽刺刺美,1,2024-02-24 03:00:00,2050-08-01 14:59:59
5507053,5507,53,3rd Anniversary SSR引換券,1,[饱含心意的纸杯蛋糕]西野花,1,2024-02-24 03:00:00,2050-08-01 14:59:59
5507054,5507,54,3rd Anniversary SSR引換券,1,[极快！最快！花之风暴！]樱花进王,1,2024-02-24 03:00:00,2050-08-01 14:59:59
5507055,5507,55,3rd Anniversary SSR引換券,1,[“存在”于此的幸福]爱丽数码,1,2024-02-24 03:00:00,2050-08-01 14:59:59
5507056,5507,56,3rd Anniversary SSR引換券,1,[粉色背影]成田路,1,2024-02-24 03:00:00,2050-08-01 14:59:59
5507057,5507,57,3rd Anniversary SSR引換券,1,[让世界更加☆marvelous]美丽周日,1,2024-02-24 03:00:00,2050-08-01 14:59:59
5507058,5507,58,3rd Anniversary SSR引換券,1,[Enchaînement]鲁道夫象征,1,2024-02-24 03:00:00,2050-08-01 14:59:59
5507059,5507,59,3rd Anniversary SSR引換券,1,[Escorte étoile]天狼星象征,1,2024-02-24 03:00:00,2050-08-01 14:59:59
5507060,5507,60,3rd Anniversary SSR引換券,1,[Outfit as No.1]大和赤骥,1,2024-02-24 03:00:00,2050-08-01 14:59:59
5507061,5507,61,3rd Anniversary SSR引換券,1,[收下这份鼓励吧！]青竹回忆,1,2024-02-24 03:00:00,2050-08-01 14:59:59
5507062,5507,62,3rd Anniversary SSR引換券,1,[那声加油改变了世界]采珠,1,2024-02-24 03:00:00,2050-08-01 14:59:59
5507063,5507,63,3rd Anniversary SSR引換券,1,[Dear Mr. C.B.]千明代表,1,2024-02-24 03:00:00,2050-08-01 14:59:59
5507064,5507,64,3rd Anniversary SSR引換券,1,[乌菈菈的热情之歌♪]春乌菈菈,1,2024-02-24 03:00:00,2050-08-01 14:59:59
5507065,5507,65,3rd Anniversary SSR引換券,1,[可爱的金兰之交们]生野狄杜斯,1,2024-02-24 03:00:00,2050-08-01 14:59:59
5507066,5507,66,3rd Anniversary SSR引換券,1,[坏蛋，举起手来！]大树快车,1,2024-02-24 03:00:00,2050-08-01 14:59:59
5507067,5507,67,3rd Anniversary SSR引換券,1,[光芒四射地奔跑吧∞]神鹰,1,2024-02-24 03:00:00,2050-08-01 14:59:59
5507068,5507,68,3rd Anniversary SSR引換券,1,[待兼唐☆大冒险]待兼唐怀瑟,1,2024-02-24 03:00:00,2050-08-01 14:59:59
5507069,5507,69,3rd Anniversary SSR引換券,1,[奔向理想的熏风]气槽,1,2024-02-24 03:00:00,2050-08-01 14:59:59
5507070,5507,70,3rd Anniversary SSR引換券,1,[尊尚敬爱]聚于王座之人,1,2024-02-24 03:00:00,2050-08-01 14:59:59
5507071,5507,71,3rd Anniversary SSR引換券,1,[小感伤预警♪]丸善斯基,1,2024-02-24 03:00:00,2050-08-01 14:59:59
5507072,5507,72,3rd Anniversary SSR引換券,1,[听凭骰运]中山庆典,1,2024-02-24 03:00:00,2050-08-01 14:59:59
5507073,5507,73,3rd Anniversary SSR引換券,1,[It's on the house.]曼城茶座,1,2024-02-24 03:00:00,2050-08-01 14:59:59
5507074,5507,74,3rd Anniversary SSR引換券,1,[from the GROUND UP]明亮光晕,1,2024-02-24 03:00:00,2050-08-01 14:59:59
5507075,5507,75,3rd Anniversary SSR引換券,1,[Q≠0]爱丽速子,1,2024-02-24 03:00:00,2050-08-01 14:59:59
5507076,5507,76,3rd Anniversary SSR引換券,1,[帝王！王！王！！！]东海帝王,1,2024-02-24 03:00:00,2050-08-01 14:59:59
5507077,5507,77,3rd Anniversary SSR引換券,1,[TT Ignition！]双涡轮,1,2024-02-24 03:00:00,2050-08-01 14:59:59
5507078,5507,78,3rd Anniversary SSR引換券,1,[啊，华丽一族]第一红宝,1,2024-02-24 03:00:00,2050-08-01 14:59:59
5507079,5507,79,3rd Anniversary SSR引換券,1,[月下小恶魔♪]目白善信,1,2024-02-24 03:00:00,2050-08-01 14:59:59
5507080,5507,80,3rd Anniversary SSR引換券,1,[太阳小天使♪]大拓太阳神,1,2024-02-24 03:00:00,2050-08-01 14:59:59
5507081,5507,81,3rd Anniversary SSR引換券,1,[A Win Foreshadowed]克里斯象征,1,2024-02-24 03:00:00,2050-08-01 14:59:59
5507082,5507,82,3rd Anniversary SSR引換券,1,[奔跑吧，奔跑吧，奔跑吧！！]小栗帽,1,2024-02-24 03:00:00,2050-08-01 14:59:59
5507083,5507,83,3rd Anniversary SSR引換券,1,[燃至天际的祈祷之火]八重无敌,1,2024-02-24 03:00:00,2050-08-01 14:59:59
5507084,5507,84,3rd Anniversary SSR引換券,1,[Danke schön]荣进闪耀,1,2024-02-24 03:00:00,2050-08-01 14:59:59
5507085,5507,85,3rd Anniversary SSR引換券,1,[GLAD TIDINGS]成田白仁,1,2024-02-24 03:00:00,2050-08-01 14:59:59
5507086,5507,86,3rd Anniversary SSR引換券,1,[Are you merry？]气槽,1,2024-02-24 03:00:00,2050-08-01 14:59:59
5507087,5507,87,3rd Anniversary SSR引換券,1,[化为那无人知晓的风]山人西风,1,2024-02-24 03:00:00,2050-08-01 14:59:59
5507088,5507,88,3rd Anniversary SSR引換券,1,[平安喜乐寄于板羽球中]特别周,1,2024-02-24 03:00:00,2050-08-01 14:59:59
5507089,5507,89,3rd Anniversary SSR引換券,1,[难以捉摸的绝世佳人]东商变革,1,2024-02-24 03:00:00,2050-08-01 14:59:59
5507090,5507,90,3rd Anniversary SSR引換券,1,[To you]喜嘉奇迹,1,2024-02-24 03:00:00,2050-08-01 14:59:59
5507091,5507,91,3rd Anniversary SSR引換券,1,[Marvelous☆巧克力盛宴]美丽周日,1,2024-02-24 03:00:00,2050-08-01 14:59:59
5507092,5507,92,3rd Anniversary SSR引換券,1,[变身！侍者形态！]微光飞驹,1,2024-02-24 03:00:00,2050-08-01 14:59:59
5507093,5507,93,3rd Anniversary SSR引換券,1,[璨烂]目白拉莫娜,1,2024-02-24 03:00:00,2050-08-01 14:59:59
5507094,5507,94,3rd Anniversary SSR引換券,1,[迈向永恒的荣光]引领众人的始祖,1,2024-02-24 03:00:00,2050-08-01 14:59:59
5507095,5507,95,3rd Anniversary SSR引換券,1,[此刻请不要闭眼]优秀素质,1,2024-02-24 03:00:00,2050-08-01 14:59:59
5507096,5507,96,3rd Anniversary SSR引換券,1,[夜风掳心]目白麦昆,1,2024-02-24 03:00:00,2050-08-01 14:59:59
5507097,5507,97,3rd Anniversary SSR引換券,1,[绝对皇帝]鲁道夫象征,1,2024-02-24 03:00:00,2050-08-01 14:59:59
5507098,5507,98,3rd Anniversary SSR引換券,1,[任务“为内心补充营养”]美浦波旁,1,2024-02-24 03:00:00,2050-08-01 14:59:59
5507099,5507,99,3rd Anniversary SSR引換券,1,[此刻，樱花烂漫]樱花桂冠,1,2024-02-24 03:00:00,2050-08-01 14:59:59
5507100,5507,100,3rd Anniversary SSR引換券,1,[The frontier]森林宝袋,1,2024-02-24 03:00:00,2050-08-01 14:59:59
5507101,5507,101,3rd Anniversary SSR引換券,1,[Something Blue]大和赤骥,1,2024-02-24 03:00:00,2050-08-01 14:59:59
5507102,5507,102,3rd Anniversary SSR引換券,1,[与你定制的宝贵回忆]阿斯顿真弓,1,2024-02-24 03:00:00,2050-08-01 14:59:59
5507103,5507,103,3rd Anniversary SSR引換券,1,[All'alba vincerò！]好歌剧,1,2024-02-24 03:00:00,2050-08-01 14:59:59
5507104,5507,104,3rd Anniversary SSR引換券,1,[Chill chill night*]重炮,1,2024-02-24 03:00:00,2050-08-01 14:59:59
5507105,5507,105,3rd Anniversary SSR引換券,1,[暖月]黄金城,1,2024-02-24 03:00:00,2050-08-01 14:59:59
5507106,5507,106,3rd Anniversary SSR引換券,1,[宛如海鸥]目白善信,1,2024-02-24 03:00:00,2050-08-01 14:59:59
5507107,5507,107,3rd Anniversary SSR引換券,1,[坚持一生的奇迹]奇锐骏,1,2024-02-24 03:00:00,2050-08-01 14:59:59
5507108,5507,108,3rd Anniversary SSR引換券,1,[与你共赏的泡沫]曼城茶座,1,2024-02-24 03:00:00,2050-08-01 14:59:59
5507109,5507,109,3rd Anniversary SSR引換券,1,[在这火热的夏天飞奔吧！]森林宝袋,1,2024-02-24 03:00:00,2050-08-01 14:59:59
5507110,5507,110,3rd Anniversary SSR引換券,1,[黎明将至]佐岳鸣,1,2024-02-24 03:00:00,2050-08-01 14:59:59
5507111,5507,111,3rd Anniversary SSR引換券,1,[志向远大，展翅高飞]神鹰,1,2024-02-24 03:00:00,2050-08-01 14:59:59
5507112,5507,112,3rd Anniversary SSR引換券,1,[绽放于赛场的堇花]中山庆典,1,2024-02-24 03:00:00,2050-08-01 14:59:59
5507113,5507,113,3rd Anniversary SSR引換券,1,[炎々、闘志を抱き]ヒシアマゾン,1,2024-02-24 03:00:00,2050-08-01 14:59:59
5507114,5507,114,3rd Anniversary SSR引換券,1,[フォルトゥーナの喝采]タニノギムレット,1,2024-02-24 03:00:00,2050-08-01 14:59:59
5507115,5507,115,3rd Anniversary SSR引換券,1,[高らかにYO-HO!]タップダンスシチー,1,2024-02-24 03:00:00,2050-08-01 14:59:59
5507116,5507,116,3rd Anniversary SSR引換券,1,[波をかきわけ夢がゆく]ゴールドシップ,1,2024-02-24 03:00:00,2050-08-01 14:59:59
5507117,5507,117,3rd Anniversary SSR引換券,1,[天より遣われし微笑み]ツルマルツヨシ,1,2024-02-24 03:00:00,2050-08-01 14:59:59
5507118,5507,118,3rd Anniversary SSR引換券,1,[我が舞、巡りて]キングヘイロー,1,2024-02-24 03:00:00,2050-08-01 14:59:59
5507119,5507,119,3rd Anniversary SSR引換券,1,[かっとばせー！ですわ！？]メジロマックイーン,1,2024-02-24 03:00:00,2050-08-01 14:59:59
5507120,5507,120,3rd Anniversary SSR引換券,1,[大地と我らのアンサンブル]サウンズオブアース,1,2024-02-24 03:00:00,2050-08-01 14:59:59
5507121,5507,121,3rd Anniversary SSR引換券,1,[聖夜、変わるために]メジロドーベル,1,2024-02-24 03:00:00,2050-08-01 14:59:59
5507122,5507,122,3rd Anniversary SSR引換券,1,[冬溶かす熾火]メジロラモーヌ,1,2024-02-24 03:00:00,2050-08-01 14:59:59
5507123,5507,123,3rd Anniversary SSR引換券,1,[会心のウイニングスマイル]ヴィブロス,1,2024-02-24 03:00:00,2050-08-01 14:59:59
5507124,5507,124,3rd Anniversary SSR引換券,1,[血脈の胎動]ドゥラメンテ,1,2024-02-24 03:00:00,2050-08-01 14:59:59
5507125,5507,125,3rd Anniversary SSR引換券,1,[百花の願いをこの胸に]サトノダイヤモンド,1,2024-02-24 03:00:00,2050-08-01 14:59:59
5507126,5507,126,3rd Anniversary SSR引換券,1,[白い翼は舞い戻りて]ホッコータルマエ,1,2024-02-24 03:00:00,2050-08-01 14:59:59
5507127,5507,127,3rd Anniversary SSR引換券,1,[小さな笑顔、2つ]ウイニングチケット,1,2024-02-24 03:00:00,2050-08-01 14:59:59
5507128,5507,128,3rd Anniversary SSR引換券,1,[感謝感謝！サクラ吹雪！！]サクラバクシンオー,1,2024-02-24 03:00:00,2050-08-01 14:59:59
5508001,5508,1,3.5th Anniversary SSR引換券,1,[献上全国第一的演出]特别周,1,2024-08-24 03:00:00,2050-08-01 14:59:59
5508002,5508,2,3.5th Anniversary SSR引換券,1,[在耀眼景色的前方]无声铃鹿,1,2024-08-24 03:00:00,2050-08-01 14:59:59
5508003,5508,3,3.5th Anniversary SSR引換券,1,[有梦想就要大声说出来！]东海帝王,1,2024-08-24 03:00:00,2050-08-01 14:59:59
5508004,5508,4,3.5th Anniversary SSR引換券,1,[不沉舰的进击]黄金船,1,2024-08-24 03:00:00,2050-08-01 14:59:59
5508005,5508,5,3.5th Anniversary SSR引換券,1,[伏特加之路]伏特加,1,2024-08-24 03:00:00,2050-08-01 14:59:59
5508006,5508,6,3.5th Anniversary SSR引換券,1,[万紫千红中一枝独秀]草上飞,1,2024-08-24 03:00:00,2050-08-01 14:59:59
5508007,5508,7,3.5th Anniversary SSR引換券,1,[热情的冠军！]神鹰,1,2024-08-24 03:00:00,2050-08-01 14:59:59
5508008,5508,8,3.5th Anniversary SSR引換券,1,[期待已久的计谋]青云天空,1,2024-08-24 03:00:00,2050-08-01 14:59:59
5508009,5508,9,3.5th Anniversary SSR引換券,1,[划破天空的闪电少女！]玉藻十字,1,2024-08-24 03:00:00,2050-08-01 14:59:59
5508010,5508,10,3.5th Anniversary SSR引換券,1,[全身心的感谢]美妙姿势,1,2024-08-24 03:00:00,2050-08-01 14:59:59
5508011,5508,11,3.5th Anniversary SSR引換券,1,[飞奔吧，闪耀吧]艾尼风神,1,2024-08-24 03:00:00,2050-08-01 14:59:59
5508012,5508,12,3.5th Anniversary SSR引換券,1,[B·N·Winner！]胜利奖券,1,2024-08-24 03:00:00,2050-08-01 14:59:59
5508013,5508,13,3.5th Anniversary SSR引換券,1,[冲向前方7厘米之外]空中神宫,1,2024-08-24 03:00:00,2050-08-01 14:59:59
5508014,5508,14,3.5th Anniversary SSR引換券,1,[Run（my）way]黄金城,1,2024-08-24 03:00:00,2050-08-01 14:59:59
5508015,5508,15,3.5th Anniversary SSR引換券,1,[好快！好吃！好快！]樱花进王,1,2024-08-24 03:00:00,2050-08-01 14:59:59
5508016,5508,16,3.5th Anniversary SSR引換券,1,[一颗安心糖]超级溪流,1,2024-08-24 03:00:00,2050-08-01 14:59:59
5508017,5508,17,3.5th Anniversary SSR引換券,1,[这就是我的优俊偶像之道☆]醒目飞鹰,1,2024-08-24 03:00:00,2050-08-01 14:59:59
5508018,5508,18,3.5th Anniversary SSR引換券,1,[哪怕还不能独当一面]西野花,1,2024-08-24 03:00:00,2050-08-01 14:59:59
5508019,5508,19,3.5th Anniversary SSR引換券,1,[必杀技！双胡萝卜拳！]微光飞驹,1,2024-08-24 03:00:00,2050-08-01 14:59:59
5508020,5508,20,3.5th Anniversary SSR引換券,1,[欢迎来到特雷森学园！]骏川手纲,1,2024-08-24 03:00:00,2050-08-01 14:59:59
5508021,5508,21,3.5th Anniversary SSR引換券,1,[“要受人喜爱啊”]小栗帽,1,2024-08-24 03:00:00,2050-08-01 14:59:59
5508022,5508,22,3.5th Anniversary SSR引換券,1,[涡轮引擎马力全开！]双涡轮,1,2024-08-24 03:00:00,2050-08-01 14:59:59
5508023,5508,23,3.5th Anniversary SSR引換券,1,[尽管笑我傻吧]目白善信,1,2024-08-24 03:00:00,2050-08-01 14:59:59
5508024,5508,24,3.5th Anniversary SSR引換券,1,[身后迫近的热浪是动力]北部玄驹,1,2024-08-24 03:00:00,2050-08-01 14:59:59
5508025,5508,25,3.5th Anniversary SSR引換券,1,[超越那前方的背影]里见光钻,1,2024-08-24 03:00:00,2050-08-01 14:59:59
5508026,5508,26,3.5th Anniversary SSR引換券,1,[由故乡直达的助威！]雪之美人,1,2024-08-24 03:00:00,2050-08-01 14:59:59
5508027,5508,27,3.5th Anniversary SSR引換券,1,[心中的烈火无法抑制]八重无敌,1,2024-08-24 03:00:00,2050-08-01 14:59:59
5508028,5508,28,3.5th Anniversary SSR引換券,1,[樱花盛开之时]樱花千代王,1,2024-08-24 03:00:00,2050-08-01 14:59:59
5508029,5508,29,3.5th Anniversary SSR引換券,1,[身为新娘！]川上公主,1,2024-08-24 03:00:00,2050-08-01 14:59:59
5508030,5508,30,3.5th Anniversary SSR引換券,1,[请品尝第一口！]菱曙,1,2024-08-24 03:00:00,2050-08-01 14:59:59
5508031,5508,31,3.5th Anniversary SSR引換券,1,[Head-on fight！]青竹回忆,1,2024-08-24 03:00:00,2050-08-01 14:59:59
5508032,5508,32,3.5th Anniversary SSR引換券,1,[明天全国都会染红吧♪]青云天空,1,2024-08-24 03:00:00,2050-08-01 14:59:59
5508033,5508,33,3.5th Anniversary SSR引換券,1,[起舞今宵]帝王光辉,1,2024-08-24 03:00:00,2050-08-01 14:59:59
5508034,5508,34,3.5th Anniversary SSR引換券,1,[爽快！决胜一击！]目白莱恩,1,2024-08-24 03:00:00,2050-08-01 14:59:59
5508035,5508,35,3.5th Anniversary SSR引換券,1,[独享冰凉？]东商变革,1,2024-08-24 03:00:00,2050-08-01 14:59:59
5508036,5508,36,3.5th Anniversary SSR引換券,1,[全力嬉闹！]胜利奖券,1,2024-08-24 03:00:00,2050-08-01 14:59:59
5508037,5508,37,3.5th Anniversary SSR引換券,1,[即使满身泥土，也要追逐梦想]优秀素质,1,2024-08-24 03:00:00,2050-08-01 14:59:59
5508038,5508,38,3.5th Anniversary SSR引換券,1,[幸福就在转角后]米浴,1,2024-08-24 03:00:00,2050-08-01 14:59:59
5508039,5508,39,3.5th Anniversary SSR引換券,1,[彻底管理主义]㭴本理子,1,2024-08-24 03:00:00,2050-08-01 14:59:59
5508040,5508,40,3.5th Anniversary SSR引換券,1,[内心双脚皆温暖]生野狄杜斯,1,2024-08-24 03:00:00,2050-08-01 14:59:59
5508041,5508,41,3.5th Anniversary SSR引換券,1,[大闹万圣夜！]玉藻十字,1,2024-08-24 03:00:00,2050-08-01 14:59:59
5508042,5508,42,3.5th Anniversary SSR引換券,1,[被授予魔力的英雄]荒漠英雄,1,2024-08-24 03:00:00,2050-08-01 14:59:59
5508043,5508,43,3.5th Anniversary SSR引換券,1,[43、8、1]中山庆典,1,2024-08-24 03:00:00,2050-08-01 14:59:59
5508044,5508,44,3.5th Anniversary SSR引換券,1,[可爱的你，美丽的你]真机伶,1,2024-08-24 03:00:00,2050-08-01 14:59:59
5508045,5508,45,3.5th Anniversary SSR引換券,1,[鸣箭嗤天]成田白仁,1,2024-08-24 03:00:00,2050-08-01 14:59:59
5508046,5508,46,3.5th Anniversary SSR引換券,1,[舞动吧·躁动吧·狂欢吧！]大拓太阳神,1,2024-08-24 03:00:00,2050-08-01 14:59:59
5508047,5508,47,3.5th Anniversary SSR引換券,1,[队形：PARTY]重炮,1,2024-08-24 03:00:00,2050-08-01 14:59:59
5508048,5508,48,3.5th Anniversary SSR引換券,1,[倔强的集市]成田大进,1,2024-08-24 03:00:00,2050-08-01 14:59:59
5508049,5508,49,3.5th Anniversary SSR引換券,1,[独奏·螺旋卡农]曼城茶座,1,2024-08-24 03:00:00,2050-08-01 14:59:59
5508050,5508,50,3.5th Anniversary SSR引換券,1,[夜有黎明，天有祥星]爱慕织姬,1,2024-08-24 03:00:00,2050-08-01 14:59:59
5508051,5508,51,3.5th Anniversary SSR引換券,1,[萍水相逢即是福♪]待兼福来,1,2024-08-24 03:00:00,2050-08-01 14:59:59
5508052,5508,52,3.5th Anniversary SSR引換券,1,[要不赶紧扎一针？]安心泽刺刺美,1,2024-08-24 03:00:00,2050-08-01 14:59:59
5508053,5508,53,3.5th Anniversary SSR引換券,1,[饱含心意的纸杯蛋糕]西野花,1,2024-08-24 03:00:00,2050-08-01 14:59:59
5508054,5508,54,3.5th Anniversary SSR引換券,1,[极快！最快！花之风暴！]樱花进王,1,2024-08-24 03:00:00,2050-08-01 14:59:59
5508055,5508,55,3.5th Anniversary SSR引換券,1,[“存在”于此的幸福]爱丽数码,1,2024-08-24 03:00:00,2050-08-01 14:59:59
5508056,5508,56,3.5th Anniversary SSR引換券,1,[粉色背影]成田路,1,2024-08-24 03:00:00,2050-08-01 14:59:59
5508057,5508,57,3.5th Anniversary SSR引換券,1,[让世界更加☆marvelous]美丽周日,1,2024-08-24 03:00:00,2050-08-01 14:59:59
5508058,5508,58,3.5th Anniversary SSR引換券,1,[Enchaînement]鲁道夫象征,1,2024-08-24 03:00:00,2050-08-01 14:59:59
5508059,5508,59,3.5th Anniversary SSR引換券,1,[Escorte étoile]天狼星象征,1,2024-08-24 03:00:00,2050-08-01 14:59:59
5508060,5508,60,3.5th Anniversary SSR引換券,1,[Outfit as No.1]大和赤骥,1,2024-08-24 03:00:00,2050-08-01 14:59:59
5508061,5508,61,3.5th Anniversary SSR引換券,1,[收下这份鼓励吧！]青竹回忆,1,2024-08-24 03:00:00,2050-08-01 14:59:59
5508062,5508,62,3.5th Anniversary SSR引換券,1,[那声加油改变了世界]采珠,1,2024-08-24 03:00:00,2050-08-01 14:59:59
5508063,5508,63,3.5th Anniversary SSR引換券,1,[Dear Mr. C.B.]千明代表,1,2024-08-24 03:00:00,2050-08-01 14:59:59
5508064,5508,64,3.5th Anniversary SSR引換券,1,[乌菈菈的热情之歌♪]春乌菈菈,1,2024-08-24 03:00:00,2050-08-01 14:59:59
5508065,5508,65,3.5th Anniversary SSR引換券,1,[可爱的金兰之交们]生野狄杜斯,1,2024-08-24 03:00:00,2050-08-01 14:59:59
5508066,5508,66,3.5th Anniversary SSR引換券,1,[坏蛋，举起手来！]大树快车,1,2024-08-24 03:00:00,2050-08-01 14:59:59
5508067,5508,67,3.5th Anniversary SSR引換券,1,[光芒四射地奔跑吧∞]神鹰,1,2024-08-24 03:00:00,2050-08-01 14:59:59
5508068,5508,68,3.5th Anniversary SSR引換券,1,[待兼唐☆大冒险]待兼唐怀瑟,1,2024-08-24 03:00:00,2050-08-01 14:59:59
5508069,5508,69,3.5th Anniversary SSR引換券,1,[奔向理想的熏风]气槽,1,2024-08-24 03:00:00,2050-08-01 14:59:59
5508070,5508,70,3.5th Anniversary SSR引換券,1,[尊尚敬爱]聚于王座之人,1,2024-08-24 03:00:00,2050-08-01 14:59:59
5508071,5508,71,3.5th Anniversary SSR引換券,1,[小感伤预警♪]丸善斯基,1,2024-08-24 03:00:00,2050-08-01 14:59:59
5508072,5508,72,3.5th Anniversary SSR引換券,1,[听凭骰运]中山庆典,1,2024-08-24 03:00:00,2050-08-01 14:59:59
5508073,5508,73,3.5th Anniversary SSR引換券,1,[It's on the house.]曼城茶座,1,2024-08-24 03:00:00,2050-08-01 14:59:59
5508074,5508,74,3.5th Anniversary SSR引換券,1,[from the GROUND UP]明亮光晕,1,2024-08-24 03:00:00,2050-08-01 14:59:59
5508075,5508,75,3.5th Anniversary SSR引換券,1,[Q≠0]爱丽速子,1,2024-08-24 03:00:00,2050-08-01 14:59:59
5508076,5508,76,3.5th Anniversary SSR引換券,1,[帝王！王！王！！！]东海帝王,1,2024-08-24 03:00:00,2050-08-01 14:59:59
5508077,5508,77,3.5th Anniversary SSR引換券,1,[TT Ignition！]双涡轮,1,2024-08-24 03:00:00,2050-08-01 14:59:59
5508078,5508,78,3.5th Anniversary SSR引換券,1,[啊，华丽一族]第一红宝,1,2024-08-24 03:00:00,2050-08-01 14:59:59
5508079,5508,79,3.5th Anniversary SSR引換券,1,[月下小恶魔♪]目白善信,1,2024-08-24 03:00:00,2050-08-01 14:59:59
5508080,5508,80,3.5th Anniversary SSR引換券,1,[太阳小天使♪]大拓太阳神,1,2024-08-24 03:00:00,2050-08-01 14:59:59
5508081,5508,81,3.5th Anniversary SSR引換券,1,[A Win Foreshadowed]克里斯象征,1,2024-08-24 03:00:00,2050-08-01 14:59:59
5508082,5508,82,3.5th Anniversary SSR引換券,1,[奔跑吧，奔跑吧，奔跑吧！！]小栗帽,1,2024-08-24 03:00:00,2050-08-01 14:59:59
5508083,5508,83,3.5th Anniversary SSR引換券,1,[燃至天际的祈祷之火]八重无敌,1,2024-08-24 03:00:00,2050-08-01 14:59:59
5508084,5508,84,3.5th Anniversary SSR引換券,1,[Danke schön]荣进闪耀,1,2024-08-24 03:00:00,2050-08-01 14:59:59
5508085,5508,85,3.5th Anniversary SSR引換券,1,[GLAD TIDINGS]成田白仁,1,2024-08-24 03:00:00,2050-08-01 14:59:59
5508086,5508,86,3.5th Anniversary SSR引換券,1,[Are you merry？]气槽,1,2024-08-24 03:00:00,2050-08-01 14:59:59
5508087,5508,87,3.5th Anniversary SSR引換券,1,[化为那无人知晓的风]山人西风,1,2024-08-24 03:00:00,2050-08-01 14:59:59
5508088,5508,88,3.5th Anniversary SSR引換券,1,[平安喜乐寄于板羽球中]特别周,1,2024-08-24 03:00:00,2050-08-01 14:59:59
5508089,5508,89,3.5th Anniversary SSR引換券,1,[难以捉摸的绝世佳人]东商变革,1,2024-08-24 03:00:00,2050-08-01 14:59:59
5508090,5508,90,3.5th Anniversary SSR引換券,1,[To you]喜嘉奇迹,1,2024-08-24 03:00:00,2050-08-01 14:59:59
5508091,5508,91,3.5th Anniversary SSR引換券,1,[Marvelous☆巧克力盛宴]美丽周日,1,2024-08-24 03:00:00,2050-08-01 14:59:59
5508092,5508,92,3.5th Anniversary SSR引換券,1,[变身！侍者形态！]微光飞驹,1,2024-08-24 03:00:00,2050-08-01 14:59:59
5508093,5508,93,3.5th Anniversary SSR引換券,1,[璨烂]目白拉莫娜,1,2024-08-24 03:00:00,2050-08-01 14:59:59
5508094,5508,94,3.5th Anniversary SSR引換券,1,[迈向永恒的荣光]引领众人的始祖,1,2024-08-24 03:00:00,2050-08-01 14:59:59
5508095,5508,95,3.5th Anniversary SSR引換券,1,[此刻请不要闭眼]优秀素质,1,2024-08-24 03:00:00,2050-08-01 14:59:59
5508096,5508,96,3.5th Anniversary SSR引換券,1,[夜风掳心]目白麦昆,1,2024-08-24 03:00:00,2050-08-01 14:59:59
5508097,5508,97,3.5th Anniversary SSR引換券,1,[绝对皇帝]鲁道夫象征,1,2024-08-24 03:00:00,2050-08-01 14:59:59
5508098,5508,98,3.5th Anniversary SSR引換券,1,[任务“为内心补充营养”]美浦波旁,1,2024-08-24 03:00:00,2050-08-01 14:59:59
5508099,5508,99,3.5th Anniversary SSR引換券,1,[此刻，樱花烂漫]樱花桂冠,1,2024-08-24 03:00:00,2050-08-01 14:59:59
5508100,5508,100,3.5th Anniversary SSR引換券,1,[The frontier]森林宝袋,1,2024-08-24 03:00:00,2050-08-01 14:59:59
5508101,5508,101,3.5th Anniversary SSR引換券,1,[Something Blue]大和赤骥,1,2024-08-24 03:00:00,2050-08-01 14:59:59
5508102,5508,102,3.5th Anniversary SSR引換券,1,[与你定制的宝贵回忆]阿斯顿真弓,1,2024-08-24 03:00:00,2050-08-01 14:59:59
5508103,5508,103,3.5th Anniversary SSR引換券,1,[All'alba vincerò！]好歌剧,1,2024-08-24 03:00:00,2050-08-01 14:59:59
5508104,5508,104,3.5th Anniversary SSR引換券,1,[Chill chill night*]重炮,1,2024-08-24 03:00:00,2050-08-01 14:59:59
5508105,5508,105,3.5th Anniversary SSR引換券,1,[暖月]黄金城,1,2024-08-24 03:00:00,2050-08-01 14:59:59
5508106,5508,106,3.5th Anniversary SSR引換券,1,[宛如海鸥]目白善信,1,2024-08-24 03:00:00,2050-08-01 14:59:59
5508107,5508,107,3.5th Anniversary SSR引換券,1,[坚持一生的奇迹]奇锐骏,1,2024-08-24 03:00:00,2050-08-01 14:59:59
5508108,5508,108,3.5th Anniversary SSR引換券,1,[与你共赏的泡沫]曼城茶座,1,2024-08-24 03:00:00,2050-08-01 14:59:59
5508109,5508,109,3.5th Anniversary SSR引換券,1,[在这火热的夏天飞奔吧！]森林宝袋,1,2024-08-24 03:00:00,2050-08-01 14:59:59
5508110,5508,110,3.5th Anniversary SSR引換券,1,[黎明将至]佐岳鸣,1,2024-08-24 03:00:00,2050-08-01 14:59:59
5508111,5508,111,3.5th Anniversary SSR引換券,1,[志向远大，展翅高飞]神鹰,1,2024-08-24 03:00:00,2050-08-01 14:59:59
5508112,5508,112,3.5th Anniversary SSR引換券,1,[绽放于赛场的堇花]中山庆典,1,2024-08-24 03:00:00,2050-08-01 14:59:59
5508113,5508,113,3.5th Anniversary SSR引換券,1,[炎々、闘志を抱き]ヒシアマゾン,1,2024-08-24 03:00:00,2050-08-01 14:59:59
5508114,5508,114,3.5th Anniversary SSR引換券,1,[フォルトゥーナの喝采]タニノギムレット,1,2024-08-24 03:00:00,2050-08-01 14:59:59
5508115,5508,115,3.5th Anniversary SSR引換券,1,[高らかにYO-HO!]タップダンスシチー,1,2024-08-24 03:00:00,2050-08-01 14:59:59
5508116,5508,116,3.5th Anniversary SSR引換券,1,[波をかきわけ夢がゆく]ゴールドシップ,1,2024-08-24 03:00:00,2050-08-01 14:59:59
5508117,5508,117,3.5th Anniversary SSR引換券,1,[天より遣われし微笑み]ツルマルツヨシ,1,2024-08-24 03:00:00,2050-08-01 14:59:59
5508118,5508,118,3.5th Anniversary SSR引換券,1,[我が舞、巡りて]キングヘイロー,1,2024-08-24 03:00:00,2050-08-01 14:59:59
5508119,5508,119,3.5th Anniversary SSR引換券,1,[かっとばせー！ですわ！？]メジロマックイーン,1,2024-08-24 03:00:00,2050-08-01 14:59:59
5508120,5508,120,3.5th Anniversary SSR引換券,1,[大地と我らのアンサンブル]サウンズオブアース,1,2024-08-24 03:00:00,2050-08-01 14:59:59
5508121,5508,121,3.5th Anniversary SSR引換券,1,[聖夜、変わるために]メジロドーベル,1,2024-08-24 03:00:00,2050-08-01 14:59:59
5508122,5508,122,3.5th Anniversary SSR引換券,1,[冬溶かす熾火]メジロラモーヌ,1,2024-08-24 03:00:00,2050-08-01 14:59:59
5508123,5508,123,3.5th Anniversary SSR引換券,1,[会心のウイニングスマイル]ヴィブロス,1,2024-08-24 03:00:00,2050-08-01 14:59:59
5508124,5508,124,3.5th Anniversary SSR引換券,1,[血脈の胎動]ドゥラメンテ,1,2024-08-24 03:00:00,2050-08-01 14:59:59
5508125,5508,125,3.5th Anniversary SSR引換券,1,[百花の願いをこの胸に]サトノダイヤモンド,1,2024-08-24 03:00:00,2050-08-01 14:59:59
5508126,5508,126,3.5th Anniversary SSR引換券,1,[白い翼は舞い戻りて]ホッコータルマエ,1,2024-08-24 03:00:00,2050-08-01 14:59:59
5508127,5508,127,3.5th Anniversary SSR引換券,1,[小さな笑顔、2つ]ウイニングチケット,1,2024-08-24 03:00:00,2050-08-01 14:59:59
5508128,5508,128,3.5th Anniversary SSR引換券,1,[感謝感謝！サクラ吹雪！！]サクラバクシンオー,1,2024-08-24 03:00:00,2050-08-01 14:59:59
5508129,5508,129,3.5th Anniversary SSR引換券,1,[只、君臨す。]オルフェーヴル,1,2024-08-24 03:00:00,2050-08-01 14:59:59
5508130,5508,130,3.5th Anniversary SSR引換券,1,[共に描くキラメキ]都留岐涼花,1,2024-08-24 03:00:00,2050-08-01 14:59:59
5508131,5508,131,3.5th Anniversary SSR引換券,1,[Over the Ocean]シュヴァルグラン,1,2024-08-24 03:00:00,2050-08-01 14:59:59
5508132,5508,132,3.5th Anniversary SSR引換券,1,[白い鳥のアラベスク]ケイエスミラクル,1,2024-08-24 03:00:00,2050-08-01 14:59:59
5508133,5508,133,3.5th Anniversary SSR引換券,1,[浚いの風]ヤマニンゼファー,1,2024-08-24 03:00:00,2050-08-01 14:59:59
5508134,5508,134,3.5th Anniversary SSR引換券,1,[V.E.R.2285のあなたへ]ネオユニヴァース,1,2024-08-24 03:00:00,2050-08-01 14:59:59
5508135,5508,135,3.5th Anniversary SSR引換券,1,[わーく・あ・みらくる！]ヒシミラクル,1,2024-08-24 03:00:00,2050-08-01 14:59:59
5508136,5508,136,3.5th Anniversary SSR引換券,1,[Take Them Down!]ナリタタイシン,1,2024-08-24 03:00:00,2050-08-01 14:59:59
5508137,5508,137,3.5th Anniversary SSR引換券,1,[明日のライド・オン]ウオッカ,1,2024-08-24 03:00:00,2050-08-01 14:59:59
5508138,5508,138,3.5th Anniversary SSR引換券,1,[アルストロメリアの夢]ヴィブロス,1,2024-08-24 03:00:00,2050-08-01 14:59:59
5508139,5508,139,3.5th Anniversary SSR引換券,1,[幸福の匂いにまどろむ]セイウンスカイ,1,2024-08-24 03:00:00,2050-08-01 14:59:59
5508140,5508,140,3.5th Anniversary SSR引換券,1,[謹製ッ！特大夢にんじん！]秋川理事長,1,2024-08-24 03:00:00,2050-08-01 14:59:59
5508141,5508,141,3.5th Anniversary SSR引換券,1,[朝焼け苺の畑にて]ニシノフラワー,1,2024-08-24 03:00:00,2050-08-01 14:59:59
5508142,5508,142,3.5th Anniversary SSR引換券,1,[そして幕は上がる]ダンツフレーム,1,2024-08-24 03:00:00,2050-08-01 14:59:59
5508143,5508,143,3.5th Anniversary SSR引換券,1,[波間のオフショット]スマートファルコン,1,2024-08-24 03:00:00,2050-08-01 14:59:59
5508144,5508,144,3.5th Anniversary SSR引換券,1,[Lucky☆Summertime]コパノリッキー,1,2024-08-24 03:00:00,2050-08-01 14:59:59
5508145,5508,145,3.5th Anniversary SSR引換券,1,[歴史も美食も余すところなく]ファインモーション,1,2024-08-24 03:00:00,2050-08-01 14:59:59
5509001,5509,1,4th Anniversary SSR引換券,1,[献上全国第一的演出]特别周,1,2025-02-24 03:00:00,2050-08-01 14:59:59
5509002,5509,2,4th Anniversary SSR引換券,1,[在耀眼景色的前方]无声铃鹿,1,2025-02-24 03:00:00,2050-08-01 14:59:59
5509003,5509,3,4th Anniversary SSR引換券,1,[有梦想就要大声说出来！]东海帝王,1,2025-02-24 03:00:00,2050-08-01 14:59:59
5509004,5509,4,4th Anniversary SSR引換券,1,[不沉舰的进击]黄金船,1,2025-02-24 03:00:00,2050-08-01 14:59:59
5509005,5509,5,4th Anniversary SSR引換券,1,[伏特加之路]伏特加,1,2025-02-24 03:00:00,2050-08-01 14:59:59
5509006,5509,6,4th Anniversary SSR引換券,1,[万紫千红中一枝独秀]草上飞,1,2025-02-24 03:00:00,2050-08-01 14:59:59
5509007,5509,7,4th Anniversary SSR引換券,1,[热情的冠军！]神鹰,1,2025-02-24 03:00:00,2050-08-01 14:59:59
5509008,5509,8,4th Anniversary SSR引換券,1,[期待已久的计谋]青云天空,1,2025-02-24 03:00:00,2050-08-01 14:59:59
5509009,5509,9,4th Anniversary SSR引換券,1,[划破天空的闪电少女！]玉藻十字,1,2025-02-24 03:00:00,2050-08-01 14:59:59
5509010,5509,10,4th Anniversary SSR引換券,1,[全身心的感谢]美妙姿势,1,2025-02-24 03:00:00,2050-08-01 14:59:59
5509011,5509,11,4th Anniversary SSR引換券,1,[飞奔吧，闪耀吧]艾尼风神,1,2025-02-24 03:00:00,2050-08-01 14:59:59
5509012,5509,12,4th Anniversary SSR引換券,1,[B·N·Winner！]胜利奖券,1,2025-02-24 03:00:00,2050-08-01 14:59:59
5509013,5509,13,4th Anniversary SSR引換券,1,[冲向前方7厘米之外]空中神宫,1,2025-02-24 03:00:00,2050-08-01 14:59:59
5509014,5509,14,4th Anniversary SSR引換券,1,[Run（my）way]黄金城,1,2025-02-24 03:00:00,2050-08-01 14:59:59
5509015,5509,15,4th Anniversary SSR引換券,1,[好快！好吃！好快！]樱花进王,1,2025-02-24 03:00:00,2050-08-01 14:59:59
5509016,5509,16,4th Anniversary SSR引換券,1,[一颗安心糖]超级溪流,1,2025-02-24 03:00:00,2050-08-01 14:59:59
5509017,5509,17,4th Anniversary SSR引換券,1,[这就是我的优俊偶像之道☆]醒目飞鹰,1,2025-02-24 03:00:00,2050-08-01 14:59:59
5509018,5509,18,4th Anniversary SSR引換券,1,[哪怕还不能独当一面]西野花,1,2025-02-24 03:00:00,2050-08-01 14:59:59
5509019,5509,19,4th Anniversary SSR引換券,1,[必杀技！双胡萝卜拳！]微光飞驹,1,2025-02-24 03:00:00,2050-08-01 14:59:59
5509020,5509,20,4th Anniversary SSR引換券,1,[欢迎来到特雷森学园！]骏川手纲,1,2025-02-24 03:00:00,2050-08-01 14:59:59
5509021,5509,21,4th Anniversary SSR引換券,1,[“要受人喜爱啊”]小栗帽,1,2025-02-24 03:00:00,2050-08-01 14:59:59
5509022,5509,22,4th Anniversary SSR引換券,1,[涡轮引擎马力全开！]双涡轮,1,2025-02-24 03:00:00,2050-08-01 14:59:59
5509023,5509,23,4th Anniversary SSR引換券,1,[尽管笑我傻吧]目白善信,1,2025-02-24 03:00:00,2050-08-01 14:59:59
5509024,5509,24,4th Anniversary SSR引換券,1,[身后迫近的热浪是动力]北部玄驹,1,2025-02-24 03:00:00,2050-08-01 14:59:59
5509025,5509,25,4th Anniversary SSR引換券,1,[超越那前方的背影]里见光钻,1,2025-02-24 03:00:00,2050-08-01 14:59:59
5509026,5509,26,4th Anniversary SSR引換券,1,[由故乡直达的助威！]雪之美人,1,2025-02-24 03:00:00,2050-08-01 14:59:59
5509027,5509,27,4th Anniversary SSR引換券,1,[心中的烈火无法抑制]八重无敌,1,2025-02-24 03:00:00,2050-08-01 14:59:59
5509028,5509,28,4th Anniversary SSR引換券,1,[樱花盛开之时]樱花千代王,1,2025-02-24 03:00:00,2050-08-01 14:59:59
5509029,5509,29,4th Anniversary SSR引換券,1,[身为新娘！]川上公主,1,2025-02-24 03:00:00,2050-08-01 14:59:59
5509030,5509,30,4th Anniversary SSR引換券,1,[请品尝第一口！]菱曙,1,2025-02-24 03:00:00,2050-08-01 14:59:59
5509031,5509,31,4th Anniversary SSR引換券,1,[Head-on fight！]青竹回忆,1,2025-02-24 03:00:00,2050-08-01 14:59:59
5509032,5509,32,4th Anniversary SSR引換券,1,[明天全国都会染红吧♪]青云天空,1,2025-02-24 03:00:00,2050-08-01 14:59:59
5509033,5509,33,4th Anniversary SSR引換券,1,[起舞今宵]帝王光辉,1,2025-02-24 03:00:00,2050-08-01 14:59:59
5509034,5509,34,4th Anniversary SSR引換券,1,[爽快！决胜一击！]目白莱恩,1,2025-02-24 03:00:00,2050-08-01 14:59:59
5509035,5509,35,4th Anniversary SSR引換券,1,[独享冰凉？]东商变革,1,2025-02-24 03:00:00,2050-08-01 14:59:59
5509036,5509,36,4th Anniversary SSR引換券,1,[全力嬉闹！]胜利奖券,1,2025-02-24 03:00:00,2050-08-01 14:59:59
5509037,5509,37,4th Anniversary SSR引換券,1,[即使满身泥土，也要追逐梦想]优秀素质,1,2025-02-24 03:00:00,2050-08-01 14:59:59
5509038,5509,38,4th Anniversary SSR引換券,1,[幸福就在转角后]米浴,1,2025-02-24 03:00:00,2050-08-01 14:59:59
5509039,5509,39,4th Anniversary SSR引換券,1,[彻底管理主义]㭴本理子,1,2025-02-24 03:00:00,2050-08-01 14:59:59
5509040,5509,40,4th Anniversary SSR引換券,1,[内心双脚皆温暖]生野狄杜斯,1,2025-02-24 03:00:00,2050-08-01 14:59:59
5509041,5509,41,4th Anniversary SSR引換券,1,[大闹万圣夜！]玉藻十字,1,2025-02-24 03:00:00,2050-08-01 14:59:59
5509042,5509,42,4th Anniversary SSR引換券,1,[被授予魔力的英雄]荒漠英雄,1,2025-02-24 03:00:00,2050-08-01 14:59:59
5509043,5509,43,4th Anniversary SSR引換券,1,[43、8、1]中山庆典,1,2025-02-24 03:00:00,2050-08-01 14:59:59
5509044,5509,44,4th Anniversary SSR引換券,1,[可爱的你，美丽的你]真机伶,1,2025-02-24 03:00:00,2050-08-01 14:59:59
5509045,5509,45,4th Anniversary SSR引換券,1,[鸣箭嗤天]成田白仁,1,2025-02-24 03:00:00,2050-08-01 14:59:59
5509046,5509,46,4th Anniversary SSR引換券,1,[舞动吧·躁动吧·狂欢吧！]大拓太阳神,1,2025-02-24 03:00:00,2050-08-01 14:59:59
5509047,5509,47,4th Anniversary SSR引換券,1,[队形：PARTY]重炮,1,2025-02-24 03:00:00,2050-08-01 14:59:59
5509048,5509,48,4th Anniversary SSR引換券,1,[倔强的集市]成田大进,1,2025-02-24 03:00:00,2050-08-01 14:59:59
5509049,5509,49,4th Anniversary SSR引換券,1,[独奏·螺旋卡农]曼城茶座,1,2025-02-24 03:00:00,2050-08-01 14:59:59
5509050,5509,50,4th Anniversary SSR引換券,1,[夜有黎明，天有祥星]爱慕织姬,1,2025-02-24 03:00:00,2050-08-01 14:59:59
5509051,5509,51,4th Anniversary SSR引換券,1,[萍水相逢即是福♪]待兼福来,1,2025-02-24 03:00:00,2050-08-01 14:59:59
5509052,5509,52,4th Anniversary SSR引換券,1,[要不赶紧扎一针？]安心泽刺刺美,1,2025-02-24 03:00:00,2050-08-01 14:59:59
5509053,5509,53,4th Anniversary SSR引換券,1,[饱含心意的纸杯蛋糕]西野花,1,2025-02-24 03:00:00,2050-08-01 14:59:59
5509054,5509,54,4th Anniversary SSR引換券,1,[极快！最快！花之风暴！]樱花进王,1,2025-02-24 03:00:00,2050-08-01 14:59:59
5509055,5509,55,4th Anniversary SSR引換券,1,[“存在”于此的幸福]爱丽数码,1,2025-02-24 03:00:00,2050-08-01 14:59:59
5509056,5509,56,4th Anniversary SSR引換券,1,[粉色背影]成田路,1,2025-02-24 03:00:00,2050-08-01 14:59:59
5509057,5509,57,4th Anniversary SSR引換券,1,[让世界更加☆marvelous]美丽周日,1,2025-02-24 03:00:00,2050-08-01 14:59:59
5509058,5509,58,4th Anniversary SSR引換券,1,[Enchaînement]鲁道夫象征,1,2025-02-24 03:00:00,2050-08-01 14:59:59
5509059,5509,59,4th Anniversary SSR引換券,1,[Escorte étoile]天狼星象征,1,2025-02-24 03:00:00,2050-08-01 14:59:59
5509060,5509,60,4th Anniversary SSR引換券,1,[Outfit as No.1]大和赤骥,1,2025-02-24 03:00:00,2050-08-01 14:59:59
5509061,5509,61,4th Anniversary SSR引換券,1,[收下这份鼓励吧！]青竹回忆,1,2025-02-24 03:00:00,2050-08-01 14:59:59
5509062,5509,62,4th Anniversary SSR引換券,1,[那声加油改变了世界]采珠,1,2025-02-24 03:00:00,2050-08-01 14:59:59
5509063,5509,63,4th Anniversary SSR引換券,1,[Dear Mr. C.B.]千明代表,1,2025-02-24 03:00:00,2050-08-01 14:59:59
5509064,5509,64,4th Anniversary SSR引換券,1,[乌菈菈的热情之歌♪]春乌菈菈,1,2025-02-24 03:00:00,2050-08-01 14:59:59
5509065,5509,65,4th Anniversary SSR引換券,1,[可爱的金兰之交们]生野狄杜斯,1,2025-02-24 03:00:00,2050-08-01 14:59:59
5509066,5509,66,4th Anniversary SSR引換券,1,[坏蛋，举起手来！]大树快车,1,2025-02-24 03:00:00,2050-08-01 14:59:59
5509067,5509,67,4th Anniversary SSR引換券,1,[光芒四射地奔跑吧∞]神鹰,1,2025-02-24 03:00:00,2050-08-01 14:59:59
5509068,5509,68,4th Anniversary SSR引換券,1,[待兼唐☆大冒险]待兼唐怀瑟,1,2025-02-24 03:00:00,2050-08-01 14:59:59
5509069,5509,69,4th Anniversary SSR引換券,1,[奔向理想的熏风]气槽,1,2025-02-24 03:00:00,2050-08-01 14:59:59
5509070,5509,70,4th Anniversary SSR引換券,1,[尊尚敬爱]聚于王座之人,1,2025-02-24 03:00:00,2050-08-01 14:59:59
5509071,5509,71,4th Anniversary SSR引換券,1,[小感伤预警♪]丸善斯基,1,2025-02-24 03:00:00,2050-08-01 14:59:59
5509072,5509,72,4th Anniversary SSR引換券,1,[听凭骰运]中山庆典,1,2025-02-24 03:00:00,2050-08-01 14:59:59
5509073,5509,73,4th Anniversary SSR引換券,1,[It's on the house.]曼城茶座,1,2025-02-24 03:00:00,2050-08-01 14:59:59
5509074,5509,74,4th Anniversary SSR引換券,1,[from the GROUND UP]明亮光晕,1,2025-02-24 03:00:00,2050-08-01 14:59:59
5509075,5509,75,4th Anniversary SSR引換券,1,[Q≠0]爱丽速子,1,2025-02-24 03:00:00,2050-08-01 14:59:59
5509076,5509,76,4th Anniversary SSR引換券,1,[帝王！王！王！！！]东海帝王,1,2025-02-24 03:00:00,2050-08-01 14:59:59
5509077,5509,77,4th Anniversary SSR引換券,1,[TT Ignition！]双涡轮,1,2025-02-24 03:00:00,2050-08-01 14:59:59
5509078,5509,78,4th Anniversary SSR引換券,1,[啊，华丽一族]第一红宝,1,2025-02-24 03:00:00,2050-08-01 14:59:59
5509079,5509,79,4th Anniversary SSR引換券,1,[月下小恶魔♪]目白善信,1,2025-02-24 03:00:00,2050-08-01 14:59:59
5509080,5509,80,4th Anniversary SSR引換券,1,[太阳小天使♪]大拓太阳神,1,2025-02-24 03:00:00,2050-08-01 14:59:59
5509081,5509,81,4th Anniversary SSR引換券,1,[A Win Foreshadowed]克里斯象征,1,2025-02-24 03:00:00,2050-08-01 14:59:59
5509082,5509,82,4th Anniversary SSR引換券,1,[奔跑吧，奔跑吧，奔跑吧！！]小栗帽,1,2025-02-24 03:00:00,2050-08-01 14:59:59
5509083,5509,83,4th Anniversary SSR引換券,1,[燃至天际的祈祷之火]八重无敌,1,2025-02-24 03:00:00,2050-08-01 14:59:59
5509084,5509,84,4th Anniversary SSR引換券,1,[Danke schön]荣进闪耀,1,2025-02-24 03:00:00,2050-08-01 14:59:59
5509085,5509,85,4th Anniversary SSR引換券,1,[GLAD TIDINGS]成田白仁,1,2025-02-24 03:00:00,2050-08-01 14:59:59
5509086,5509,86,4th Anniversary SSR引換券,1,[Are you merry？]气槽,1,2025-02-24 03:00:00,2050-08-01 14:59:59
5509087,5509,87,4th Anniversary SSR引換券,1,[化为那无人知晓的风]山人西风,1,2025-02-24 03:00:00,2050-08-01 14:59:59
5509088,5509,88,4th Anniversary SSR引換券,1,[平安喜乐寄于板羽球中]特别周,1,2025-02-24 03:00:00,2050-08-01 14:59:59
5509089,5509,89,4th Anniversary SSR引換券,1,[难以捉摸的绝世佳人]东商变革,1,2025-02-24 03:00:00,2050-08-01 14:59:59
5509090,5509,90,4th Anniversary SSR引換券,1,[To you]喜嘉奇迹,1,2025-02-24 03:00:00,2050-08-01 14:59:59
5509091,5509,91,4th Anniversary SSR引換券,1,[Marvelous☆巧克力盛宴]美丽周日,1,2025-02-24 03:00:00,2050-08-01 14:59:59
5509092,5509,92,4th Anniversary SSR引換券,1,[变身！侍者形态！]微光飞驹,1,2025-02-24 03:00:00,2050-08-01 14:59:59
5509093,5509,93,4th Anniversary SSR引換券,1,[璨烂]目白拉莫娜,1,2025-02-24 03:00:00,2050-08-01 14:59:59
5509094,5509,94,4th Anniversary SSR引換券,1,[迈向永恒的荣光]引领众人的始祖,1,2025-02-24 03:00:00,2050-08-01 14:59:59
5509095,5509,95,4th Anniversary SSR引換券,1,[此刻请不要闭眼]优秀素质,1,2025-02-24 03:00:00,2050-08-01 14:59:59
5509096,5509,96,4th Anniversary SSR引換券,1,[夜风掳心]目白麦昆,1,2025-02-24 03:00:00,2050-08-01 14:59:59
5509097,5509,97,4th Anniversary SSR引換券,1,[绝对皇帝]鲁道夫象征,1,2025-02-24 03:00:00,2050-08-01 14:59:59
5509098,5509,98,4th Anniversary SSR引換券,1,[任务“为内心补充营养”]美浦波旁,1,2025-02-24 03:00:00,2050-08-01 14:59:59
5509099,5509,99,4th Anniversary SSR引換券,1,[此刻，樱花烂漫]樱花桂冠,1,2025-02-24 03:00:00,2050-08-01 14:59:59
5509100,5509,100,4th Anniversary SSR引換券,1,[The frontier]森林宝袋,1,2025-02-24 03:00:00,2050-08-01 14:59:59
5509101,5509,101,4th Anniversary SSR引換券,1,[Something Blue]大和赤骥,1,2025-02-24 03:00:00,2050-08-01 14:59:59
5509102,5509,102,4th Anniversary SSR引換券,1,[与你定制的宝贵回忆]阿斯顿真弓,1,2025-02-24 03:00:00,2050-08-01 14:59:59
5509103,5509,103,4th Anniversary SSR引換券,1,[All'alba vincerò！]好歌剧,1,2025-02-24 03:00:00,2050-08-01 14:59:59
5509104,5509,104,4th Anniversary SSR引換券,1,[Chill chill night*]重炮,1,2025-02-24 03:00:00,2050-08-01 14:59:59
5509105,5509,105,4th Anniversary SSR引換券,1,[暖月]黄金城,1,2025-02-24 03:00:00,2050-08-01 14:59:59
5509106,5509,106,4th Anniversary SSR引換券,1,[宛如海鸥]目白善信,1,2025-02-24 03:00:00,2050-08-01 14:59:59
5509107,5509,107,4th Anniversary SSR引換券,1,[坚持一生的奇迹]奇锐骏,1,2025-02-24 03:00:00,2050-08-01 14:59:59
5509108,5509,108,4th Anniversary SSR引換券,1,[与你共赏的泡沫]曼城茶座,1,2025-02-24 03:00:00,2050-08-01 14:59:59
5509109,5509,109,4th Anniversary SSR引換券,1,[在这火热的夏天飞奔吧！]森林宝袋,1,2025-02-24 03:00:00,2050-08-01 14:59:59
5509110,5509,110,4th Anniversary SSR引換券,1,[黎明将至]佐岳鸣,1,2025-02-24 03:00:00,2050-08-01 14:59:59
5509111,5509,111,4th Anniversary SSR引換券,1,[志向远大，展翅高飞]神鹰,1,2025-02-24 03:00:00,2050-08-01 14:59:59
5509112,5509,112,4th Anniversary SSR引換券,1,[绽放于赛场的堇花]中山庆典,1,2025-02-24 03:00:00,2050-08-01 14:59:59
5509113,5509,113,4th Anniversary SSR引換券,1,[炎々、闘志を抱き]ヒシアマゾン,1,2025-02-24 03:00:00,2050-08-01 14:59:59
5509114,5509,114,4th Anniversary SSR引換券,1,[フォルトゥーナの喝采]タニノギムレット,1,2025-02-24 03:00:00,2050-08-01 14:59:59
5509115,5509,115,4th Anniversary SSR引換券,1,[高らかにYO-HO!]タップダンスシチー,1,2025-02-24 03:00:00,2050-08-01 14:59:59
5509116,5509,116,4th Anniversary SSR引換券,1,[波をかきわけ夢がゆく]ゴールドシップ,1,2025-02-24 03:00:00,2050-08-01 14:59:59
5509117,5509,117,4th Anniversary SSR引換券,1,[天より遣われし微笑み]ツルマルツヨシ,1,2025-02-24 03:00:00,2050-08-01 14:59:59
5509118,5509,118,4th Anniversary SSR引換券,1,[我が舞、巡りて]キングヘイロー,1,2025-02-24 03:00:00,2050-08-01 14:59:59
5509119,5509,119,4th Anniversary SSR引換券,1,[かっとばせー！ですわ！？]メジロマックイーン,1,2025-02-24 03:00:00,2050-08-01 14:59:59
5509120,5509,120,4th Anniversary SSR引換券,1,[大地と我らのアンサンブル]サウンズオブアース,1,2025-02-24 03:00:00,2050-08-01 14:59:59
5509121,5509,121,4th Anniversary SSR引換券,1,[聖夜、変わるために]メジロドーベル,1,2025-02-24 03:00:00,2050-08-01 14:59:59
5509122,5509,122,4th Anniversary SSR引換券,1,[冬溶かす熾火]メジロラモーヌ,1,2025-02-24 03:00:00,2050-08-01 14:59:59
5509123,5509,123,4th Anniversary SSR引換券,1,[会心のウイニングスマイル]ヴィブロス,1,2025-02-24 03:00:00,2050-08-01 14:59:59
5509124,5509,124,4th Anniversary SSR引換券,1,[血脈の胎動]ドゥラメンテ,1,2025-02-24 03:00:00,2050-08-01 14:59:59
5509125,5509,125,4th Anniversary SSR引換券,1,[百花の願いをこの胸に]サトノダイヤモンド,1,2025-02-24 03:00:00,2050-08-01 14:59:59
5509126,5509,126,4th Anniversary SSR引換券,1,[白い翼は舞い戻りて]ホッコータルマエ,1,2025-02-24 03:00:00,2050-08-01 14:59:59
5509127,5509,127,4th Anniversary SSR引換券,1,[小さな笑顔、2つ]ウイニングチケット,1,2025-02-24 03:00:00,2050-08-01 14:59:59
5509128,5509,128,4th Anniversary SSR引換券,1,[感謝感謝！サクラ吹雪！！]サクラバクシンオー,1,2025-02-24 03:00:00,2050-08-01 14:59:59
5509129,5509,129,4th Anniversary SSR引換券,1,[只、君臨す。]オルフェーヴル,1,2025-02-24 03:00:00,2050-08-01 14:59:59
5509130,5509,130,4th Anniversary SSR引換券,1,[共に描くキラメキ]都留岐涼花,1,2025-02-24 03:00:00,2050-08-01 14:59:59
5509131,5509,131,4th Anniversary SSR引換券,1,[Over the Ocean]シュヴァルグラン,1,2025-02-24 03:00:00,2050-08-01 14:59:59
5509132,5509,132,4th Anniversary SSR引換券,1,[白い鳥のアラベスク]ケイエスミラクル,1,2025-02-24 03:00:00,2050-08-01 14:59:59
5509133,5509,133,4th Anniversary SSR引換券,1,[浚いの風]ヤマニンゼファー,1,2025-02-24 03:00:00,2050-08-01 14:59:59
5509134,5509,134,4th Anniversary SSR引換券,1,[V.E.R.2285のあなたへ]ネオユニヴァース,1,2025-02-24 03:00:00,2050-08-01 14:59:59
5509135,5509,135,4th Anniversary SSR引換券,1,[わーく・あ・みらくる！]ヒシミラクル,1,2025-02-24 03:00:00,2050-08-01 14:59:59
5509136,5509,136,4th Anniversary SSR引換券,1,[Take Them Down!]ナリタタイシン,1,2025-02-24 03:00:00,2050-08-01 14:59:59
5509137,5509,137,4th Anniversary SSR引換券,1,[明日のライド・オン]ウオッカ,1,2025-02-24 03:00:00,2050-08-01 14:59:59
5509138,5509,138,4th Anniversary SSR引換券,1,[アルストロメリアの夢]ヴィブロス,1,2025-02-24 03:00:00,2050-08-01 14:59:59
5509139,5509,139,4th Anniversary SSR引換券,1,[幸福の匂いにまどろむ]セイウンスカイ,1,2025-02-24 03:00:00,2050-08-01 14:59:59
5509140,5509,140,4th Anniversary SSR引換券,1,[謹製ッ！特大夢にんじん！]秋川理事長,1,2025-02-24 03:00:00,2050-08-01 14:59:59
5509141,5509,141,4th Anniversary SSR引換券,1,[朝焼け苺の畑にて]ニシノフラワー,1,2025-02-24 03:00:00,2050-08-01 14:59:59
5509142,5509,142,4th Anniversary SSR引換券,1,[そして幕は上がる]ダンツフレーム,1,2025-02-24 03:00:00,2050-08-01 14:59:59
5509143,5509,143,4th Anniversary SSR引換券,1,[波間のオフショット]スマートファルコン,1,2025-02-24 03:00:00,2050-08-01 14:59:59
5509144,5509,144,4th Anniversary SSR引換券,1,[Lucky☆Summertime]コパノリッキー,1,2025-02-24 03:00:00,2050-08-01 14:59:59
5509145,5509,145,4th Anniversary SSR引換券,1,[歴史も美食も余すところなく]ファインモーション,1,2025-02-24 03:00:00,2050-08-01 14:59:59
5509146,5509,146,4th Anniversary SSR引換券,1,[Devilish Whispers]スティルインラブ,1,2025-02-24 03:00:00,2050-08-01 14:59:59
5509147,5509,147,4th Anniversary SSR引換券,1,[月下のSunshine]タイキシャトル,1,2025-02-24 03:00:00,2050-08-01 14:59:59
5509148,5509,148,4th Anniversary SSR引換券,1,[悩み事かい？ポニーちゃん]フジキセキ,1,2025-02-24 03:00:00,2050-08-01 14:59:59
5509149,5509,149,4th Anniversary SSR引換券,1,[KNOCK 'EM DOWN!]エスポワールシチー,1,2025-02-24 03:00:00,2050-08-01 14:59:59
5509150,5509,150,4th Anniversary SSR引換券,1,[牙を立て、リフレイン]ヒシアマゾン,1,2025-02-24 03:00:00,2050-08-01 14:59:59
5509151,5509,151,4th Anniversary SSR引換券,1,[咆哮のアポヤンド]ナリタブライアン,1,2025-02-24 03:00:00,2050-08-01 14:59:59
5509152,5509,152,4th Anniversary SSR引換券,1,[Cocoon]エアシャカール,1,2025-02-24 03:00:00,2050-08-01 14:59:59
5509153,5509,153,4th Anniversary SSR引換券,1,[緋色の君へ風が吹く]ダイワスカーレット,1,2025-02-24 03:00:00,2050-08-01 14:59:59
5509154,5509,154,4th Anniversary SSR引換券,1,[COOL⇔CRAZY/Buddy]シンボリクリスエス,1,2025-02-24 03:00:00,2050-08-01 14:59:59
5509155,5509,155,4th Anniversary SSR引換券,1,[【告知】新刊あります！]アグネスデジタル,1,2025-02-24 03:00:00,2050-08-01 14:59:59
5509156,5509,156,4th Anniversary SSR引換券,1,[不屈の遠吠え]メイショウドトウ,1,2025-02-24 03:00:00,2050-08-01 14:59:59
5509157,5509,157,4th Anniversary SSR引換券,1,[Blast Off!]ブラストワンピース,1,2025-02-24 03:00:00,2050-08-01 14:59:59
5509158,5509,158,4th Anniversary SSR引換券,1,[雲煙飛動]シンボリルドルフ,1,2025-02-24 03:00:00,2050-08-01 14:59:59
5509159,5509,159,4th Anniversary SSR引換券,1,[深窓の少女へ]メジロアルダン,1,2025-02-24 03:00:00,2050-08-01 14:59:59
5509160,5509,160,4th Anniversary SSR引換券,1,[飛び立つヴィーナス]シーキングザパール,1,2025-02-24 03:00:00,2050-08-01 14:59:59
5509161,5509,161,4th Anniversary SSR引換券,1,[Cutest in Ur ♡]カレンチャン,1,2025-02-24 03:00:00,2050-08-01 14:59:59
5509162,5509,162,4th Anniversary SSR引換券,1,[鉄の乙女も微笑んで]イクノディクタス,1,2025-02-24 03:00:00,2050-08-01 14:59:59
5510001,5510,1,特別SSR引換券 第1R,1,[献上全国第一的演出]特别周,1,2025-02-24 03:00:00,2050-08-01 14:59:59
5510002,5510,2,特別SSR引換券 第1R,1,[在耀眼景色的前方]无声铃鹿,1,2025-02-24 03:00:00,2050-08-01 14:59:59
5510003,5510,3,特別SSR引換券 第1R,1,[有梦想就要大声说出来！]东海帝王,1,2025-02-24 03:00:00,2050-08-01 14:59:59
5510004,5510,4,特別SSR引換券 第1R,1,[不沉舰的进击]黄金船,1,2025-02-24 03:00:00,2050-08-01 14:59:59
5510005,5510,5,特別SSR引換券 第1R,1,[伏特加之路]伏特加,1,2025-02-24 03:00:00,2050-08-01 14:59:59
5510006,5510,6,特別SSR引換券 第1R,1,[万紫千红中一枝独秀]草上飞,1,2025-02-24 03:00:00,2050-08-01 14:59:59
5510007,5510,7,特別SSR引換券 第1R,1,[热情的冠军！]神鹰,1,2025-02-24 03:00:00,2050-08-01 14:59:59
5510008,5510,8,特別SSR引換券 第1R,1,[期待已久的计谋]青云天空,1,2025-02-24 03:00:00,2050-08-01 14:59:59
5510009,5510,9,特別SSR引換券 第1R,1,[划破天空的闪电少女！]玉藻十字,1,2025-02-24 03:00:00,2050-08-01 14:59:59
5510010,5510,10,特別SSR引換券 第1R,1,[全身心的感谢]美妙姿势,1,2025-02-24 03:00:00,2050-08-01 14:59:59
5510011,5510,11,特別SSR引換券 第1R,1,[飞奔吧，闪耀吧]艾尼风神,1,2025-02-24 03:00:00,2050-08-01 14:59:59
5510012,5510,12,特別SSR引換券 第1R,1,[B·N·Winner！]胜利奖券,1,2025-02-24 03:00:00,2050-08-01 14:59:59
5510013,5510,13,特別SSR引換券 第1R,1,[冲向前方7厘米之外]空中神宫,1,2025-02-24 03:00:00,2050-08-01 14:59:59
5510014,5510,14,特別SSR引換券 第1R,1,[Run（my）way]黄金城,1,2025-02-24 03:00:00,2050-08-01 14:59:59
5510015,5510,15,特別SSR引換券 第1R,1,[好快！好吃！好快！]樱花进王,1,2025-02-24 03:00:00,2050-08-01 14:59:59
5510016,5510,16,特別SSR引換券 第1R,1,[一颗安心糖]超级溪流,1,2025-02-24 03:00:00,2050-08-01 14:59:59
5510017,5510,17,特別SSR引換券 第1R,1,[这就是我的优俊偶像之道☆]醒目飞鹰,1,2025-02-24 03:00:00,2050-08-01 14:59:59
5510018,5510,18,特別SSR引換券 第1R,1,[哪怕还不能独当一面]西野花,1,2025-02-24 03:00:00,2050-08-01 14:59:59
5510019,5510,19,特別SSR引換券 第1R,1,[必杀技！双胡萝卜拳！]微光飞驹,1,2025-02-24 03:00:00,2050-08-01 14:59:59
5510020,5510,20,特別SSR引換券 第1R,1,[欢迎来到特雷森学园！]骏川手纲,1,2025-02-24 03:00:00,2050-08-01 14:59:59
5510021,5510,21,特別SSR引換券 第1R,1,[“要受人喜爱啊”]小栗帽,1,2025-02-24 03:00:00,2050-08-01 14:59:59
5510022,5510,22,特別SSR引換券 第1R,1,[涡轮引擎马力全开！]双涡轮,1,2025-02-24 03:00:00,2050-08-01 14:59:59
5510023,5510,23,特別SSR引換券 第1R,1,[尽管笑我傻吧]目白善信,1,2025-02-24 03:00:00,2050-08-01 14:59:59
5510024,5510,24,特別SSR引換券 第1R,1,[身后迫近的热浪是动力]北部玄驹,1,2025-02-24 03:00:00,2050-08-01 14:59:59
5510025,5510,25,特別SSR引換券 第1R,1,[超越那前方的背影]里见光钻,1,2025-02-24 03:00:00,2050-08-01 14:59:59
5510026,5510,26,特別SSR引換券 第1R,1,[由故乡直达的助威！]雪之美人,1,2025-02-24 03:00:00,2050-08-01 14:59:59
5510027,5510,27,特別SSR引換券 第1R,1,[心中的烈火无法抑制]八重无敌,1,2025-02-24 03:00:00,2050-08-01 14:59:59
5510028,5510,28,特別SSR引換券 第1R,1,[樱花盛开之时]樱花千代王,1,2025-02-24 03:00:00,2050-08-01 14:59:59
5510029,5510,29,特別SSR引換券 第1R,1,[身为新娘！]川上公主,1,2025-02-24 03:00:00,2050-08-01 14:59:59
5510030,5510,30,特別SSR引換券 第1R,1,[请品尝第一口！]菱曙,1,2025-02-24 03:00:00,2050-08-01 14:59:59
5510031,5510,31,特別SSR引換券 第1R,1,[Head-on fight！]青竹回忆,1,2025-02-24 03:00:00,2050-08-01 14:59:59
5510032,5510,32,特別SSR引換券 第1R,1,[明天全国都会染红吧♪]青云天空,1,2025-02-24 03:00:00,2050-08-01 14:59:59
5510033,5510,33,特別SSR引換券 第1R,1,[起舞今宵]帝王光辉,1,2025-02-24 03:00:00,2050-08-01 14:59:59
5510034,5510,34,特別SSR引換券 第1R,1,[爽快！决胜一击！]目白莱恩,1,2025-02-24 03:00:00,2050-08-01 14:59:59
5510035,5510,35,特別SSR引換券 第1R,1,[独享冰凉？]东商变革,1,2025-02-24 03:00:00,2050-08-01 14:59:59
5510036,5510,36,特別SSR引換券 第1R,1,[全力嬉闹！]胜利奖券,1,2025-02-24 03:00:00,2050-08-01 14:59:59
5510037,5510,37,特別SSR引換券 第1R,1,[即使满身泥土，也要追逐梦想]优秀素质,1,2025-02-24 03:00:00,2050-08-01 14:59:59
5510038,5510,38,特別SSR引換券 第1R,1,[幸福就在转角后]米浴,1,2025-02-24 03:00:00,2050-08-01 14:59:59
5510039,5510,39,特別SSR引換券 第1R,1,[彻底管理主义]㭴本理子,1,2025-02-24 03:00:00,2050-08-01 14:59:59
5510040,5510,40,特別SSR引換券 第1R,1,[内心双脚皆温暖]生野狄杜斯,1,2025-02-24 03:00:00,2050-08-01 14:59:59
5510041,5510,41,特別SSR引換券 第1R,1,[大闹万圣夜！]玉藻十字,1,2025-02-24 03:00:00,2050-08-01 14:59:59
5510042,5510,42,特別SSR引換券 第1R,1,[被授予魔力的英雄]荒漠英雄,1,2025-02-24 03:00:00,2050-08-01 14:59:59
5510043,5510,43,特別SSR引換券 第1R,1,[43、8、1]中山庆典,1,2025-02-24 03:00:00,2050-08-01 14:59:59
5510044,5510,44,特別SSR引換券 第1R,1,[可爱的你，美丽的你]真机伶,1,2025-02-24 03:00:00,2050-08-01 14:59:59
5510045,5510,45,特別SSR引換券 第1R,1,[鸣箭嗤天]成田白仁,1,2025-02-24 03:00:00,2050-08-01 14:59:59
5510046,5510,46,特別SSR引換券 第1R,1,[舞动吧·躁动吧·狂欢吧！]大拓太阳神,1,2025-02-24 03:00:00,2050-08-01 14:59:59
5510047,5510,47,特別SSR引換券 第1R,1,[队形：PARTY]重炮,1,2025-02-24 03:00:00,2050-08-01 14:59:59
5510048,5510,48,特別SSR引換券 第1R,1,[倔强的集市]成田大进,1,2025-02-24 03:00:00,2050-08-01 14:59:59
5510049,5510,49,特別SSR引換券 第1R,1,[独奏·螺旋卡农]曼城茶座,1,2025-02-24 03:00:00,2050-08-01 14:59:59
5510050,5510,50,特別SSR引換券 第1R,1,[夜有黎明，天有祥星]爱慕织姬,1,2025-02-24 03:00:00,2050-08-01 14:59:59
5510051,5510,51,特別SSR引換券 第1R,1,[萍水相逢即是福♪]待兼福来,1,2025-02-24 03:00:00,2050-08-01 14:59:59
5510052,5510,52,特別SSR引換券 第1R,1,[要不赶紧扎一针？]安心泽刺刺美,1,2025-02-24 03:00:00,2050-08-01 14:59:59
5510053,5510,53,特別SSR引換券 第1R,1,[饱含心意的纸杯蛋糕]西野花,1,2025-02-24 03:00:00,2050-08-01 14:59:59
5510054,5510,54,特別SSR引換券 第1R,1,[极快！最快！花之风暴！]樱花进王,1,2025-02-24 03:00:00,2050-08-01 14:59:59
5510055,5510,55,特別SSR引換券 第1R,1,[“存在”于此的幸福]爱丽数码,1,2025-02-24 03:00:00,2050-08-01 14:59:59
5510056,5510,56,特別SSR引換券 第1R,1,[粉色背影]成田路,1,2025-02-24 03:00:00,2050-08-01 14:59:59
5510057,5510,57,特別SSR引換券 第1R,1,[让世界更加☆marvelous]美丽周日,1,2025-02-24 03:00:00,2050-08-01 14:59:59
5510058,5510,58,特別SSR引換券 第1R,1,[Enchaînement]鲁道夫象征,1,2025-02-24 03:00:00,2050-08-01 14:59:59
5510059,5510,59,特別SSR引換券 第1R,1,[Escorte étoile]天狼星象征,1,2025-02-24 03:00:00,2050-08-01 14:59:59
5510060,5510,60,特別SSR引換券 第1R,1,[Outfit as No.1]大和赤骥,1,2025-02-24 03:00:00,2050-08-01 14:59:59
5510061,5510,61,特別SSR引換券 第1R,1,[收下这份鼓励吧！]青竹回忆,1,2025-02-24 03:00:00,2050-08-01 14:59:59
5510062,5510,62,特別SSR引換券 第1R,1,[那声加油改变了世界]采珠,1,2025-02-24 03:00:00,2050-08-01 14:59:59
5510063,5510,63,特別SSR引換券 第1R,1,[Dear Mr. C.B.]千明代表,1,2025-02-24 03:00:00,2050-08-01 14:59:59
5510064,5510,64,特別SSR引換券 第1R,1,[乌菈菈的热情之歌♪]春乌菈菈,1,2025-02-24 03:00:00,2050-08-01 14:59:59
5510065,5510,65,特別SSR引換券 第1R,1,[可爱的金兰之交们]生野狄杜斯,1,2025-02-24 03:00:00,2050-08-01 14:59:59
5510066,5510,66,特別SSR引換券 第1R,1,[坏蛋，举起手来！]大树快车,1,2025-02-24 03:00:00,2050-08-01 14:59:59
5510067,5510,67,特別SSR引換券 第1R,1,[光芒四射地奔跑吧∞]神鹰,1,2025-02-24 03:00:00,2050-08-01 14:59:59
5510068,5510,68,特別SSR引換券 第1R,1,[待兼唐☆大冒险]待兼唐怀瑟,1,2025-02-24 03:00:00,2050-08-01 14:59:59
5510069,5510,69,特別SSR引換券 第1R,1,[奔向理想的熏风]气槽,1,2025-02-24 03:00:00,2050-08-01 14:59:59
5510070,5510,70,特別SSR引換券 第1R,1,[尊尚敬爱]聚于王座之人,1,2025-02-24 03:00:00,2050-08-01 14:59:59
5510071,5510,71,特別SSR引換券 第1R,1,[小感伤预警♪]丸善斯基,1,2025-02-24 03:00:00,2050-08-01 14:59:59
5510072,5510,72,特別SSR引換券 第1R,1,[听凭骰运]中山庆典,1,2025-02-24 03:00:00,2050-08-01 14:59:59
5510073,5510,73,特別SSR引換券 第1R,1,[It's on the house.]曼城茶座,1,2025-02-24 03:00:00,2050-08-01 14:59:59
5510074,5510,74,特別SSR引換券 第1R,1,[from the GROUND UP]明亮光晕,1,2025-02-24 03:00:00,2050-08-01 14:59:59
5510075,5510,75,特別SSR引換券 第1R,1,[Q≠0]爱丽速子,1,2025-02-24 03:00:00,2050-08-01 14:59:59
5510076,5510,76,特別SSR引換券 第1R,1,[帝王！王！王！！！]东海帝王,1,2025-02-24 03:00:00,2050-08-01 14:59:59
5510077,5510,77,特別SSR引換券 第1R,1,[TT Ignition！]双涡轮,1,2025-02-24 03:00:00,2050-08-01 14:59:59
5510078,5510,78,特別SSR引換券 第1R,1,[啊，华丽一族]第一红宝,1,2025-02-24 03:00:00,2050-08-01 14:59:59
5510079,5510,79,特別SSR引換券 第1R,1,[月下小恶魔♪]目白善信,1,2025-02-24 03:00:00,2050-08-01 14:59:59
5510080,5510,80,特別SSR引換券 第1R,1,[太阳小天使♪]大拓太阳神,1,2025-02-24 03:00:00,2050-08-01 14:59:59
5510081,5510,81,特別SSR引換券 第1R,1,[A Win Foreshadowed]克里斯象征,1,2025-02-24 03:00:00,2050-08-01 14:59:59
5510082,5510,82,特別SSR引換券 第1R,1,[奔跑吧，奔跑吧，奔跑吧！！]小栗帽,1,2025-02-24 03:00:00,2050-08-01 14:59:59
5510083,5510,83,特別SSR引換券 第1R,1,[燃至天际的祈祷之火]八重无敌,1,2025-02-24 03:00:00,2050-08-01 14:59:59
5510084,5510,84,特別SSR引換券 第1R,1,[Danke schön]荣进闪耀,1,2025-02-24 03:00:00,2050-08-01 14:59:59
5510085,5510,85,特別SSR引換券 第1R,1,[GLAD TIDINGS]成田白仁,1,2025-02-24 03:00:00,2050-08-01 14:59:59
5510086,5510,86,特別SSR引換券 第1R,1,[Are you merry？]气槽,1,2025-02-24 03:00:00,2050-08-01 14:59:59
5510087,5510,87,特別SSR引換券 第1R,1,[化为那无人知晓的风]山人西风,1,2025-02-24 03:00:00,2050-08-01 14:59:59
5510088,5510,88,特別SSR引換券 第1R,1,[平安喜乐寄于板羽球中]特别周,1,2025-02-24 03:00:00,2050-08-01 14:59:59
5510089,5510,89,特別SSR引換券 第1R,1,[难以捉摸的绝世佳人]东商变革,1,2025-02-24 03:00:00,2050-08-01 14:59:59
5510090,5510,90,特別SSR引換券 第1R,1,[To you]喜嘉奇迹,1,2025-02-24 03:00:00,2050-08-01 14:59:59
5510091,5510,91,特別SSR引換券 第1R,1,[Marvelous☆巧克力盛宴]美丽周日,1,2025-02-24 03:00:00,2050-08-01 14:59:59
5510092,5510,92,特別SSR引換券 第1R,1,[变身！侍者形态！]微光飞驹,1,2025-02-24 03:00:00,2050-08-01 14:59:59
5510093,5510,93,特別SSR引換券 第1R,1,[璨烂]目白拉莫娜,1,2025-02-24 03:00:00,2050-08-01 14:59:59
5510094,5510,94,特別SSR引換券 第1R,1,[迈向永恒的荣光]引领众人的始祖,1,2025-02-24 03:00:00,2050-08-01 14:59:59
5510095,5510,95,特別SSR引換券 第1R,1,[此刻请不要闭眼]优秀素质,1,2025-02-24 03:00:00,2050-08-01 14:59:59
5510096,5510,96,特別SSR引換券 第1R,1,[夜风掳心]目白麦昆,1,2025-02-24 03:00:00,2050-08-01 14:59:59
5510097,5510,97,特別SSR引換券 第1R,1,[绝对皇帝]鲁道夫象征,1,2025-02-24 03:00:00,2050-08-01 14:59:59
5510098,5510,98,特別SSR引換券 第1R,1,[任务“为内心补充营养”]美浦波旁,1,2025-02-24 03:00:00,2050-08-01 14:59:59
5510099,5510,99,特別SSR引換券 第1R,1,[此刻，樱花烂漫]樱花桂冠,1,2025-02-24 03:00:00,2050-08-01 14:59:59
5510100,5510,100,特別SSR引換券 第1R,1,[The frontier]森林宝袋,1,2025-02-24 03:00:00,2050-08-01 14:59:59
5510101,5510,101,特別SSR引換券 第1R,1,[Something Blue]大和赤骥,1,2025-02-24 03:00:00,2050-08-01 14:59:59
5510102,5510,102,特別SSR引換券 第1R,1,[与你定制的宝贵回忆]阿斯顿真弓,1,2025-02-24 03:00:00,2050-08-01 14:59:59
5510103,5510,103,特別SSR引換券 第1R,1,[All'alba vincerò！]好歌剧,1,2025-02-24 03:00:00,2050-08-01 14:59:59
5510104,5510,104,特別SSR引換券 第1R,1,[Chill chill night*]重炮,1,2025-02-24 03:00:00,2050-08-01 14:59:59
5510105,5510,105,特別SSR引換券 第1R,1,[暖月]黄金城,1,2025-02-24 03:00:00,2050-08-01 14:59:59
5510106,5510,106,特別SSR引換券 第1R,1,[宛如海鸥]目白善信,1,2025-02-24 03:00:00,2050-08-01 14:59:59
5510107,5510,107,特別SSR引換券 第1R,1,[坚持一生的奇迹]奇锐骏,1,2025-02-24 03:00:00,2050-08-01 14:59:59
5510108,5510,108,特別SSR引換券 第1R,1,[与你共赏的泡沫]曼城茶座,1,2025-02-24 03:00:00,2050-08-01 14:59:59
5510109,5510,109,特別SSR引換券 第1R,1,[在这火热的夏天飞奔吧！]森林宝袋,1,2025-02-24 03:00:00,2050-08-01 14:59:59
5510110,5510,110,特別SSR引換券 第1R,1,[黎明将至]佐岳鸣,1,2025-02-24 03:00:00,2050-08-01 14:59:59
5510111,5510,111,特別SSR引換券 第1R,1,[志向远大，展翅高飞]神鹰,1,2025-02-24 03:00:00,2050-08-01 14:59:59
5510112,5510,112,特別SSR引換券 第1R,1,[绽放于赛场的堇花]中山庆典,1,2025-02-24 03:00:00,2050-08-01 14:59:59
5510113,5510,113,特別SSR引換券 第1R,1,[炎々、闘志を抱き]ヒシアマゾン,1,2025-02-24 03:00:00,2050-08-01 14:59:59
5510114,5510,114,特別SSR引換券 第1R,1,[フォルトゥーナの喝采]タニノギムレット,1,2025-02-24 03:00:00,2050-08-01 14:59:59
5510115,5510,115,特別SSR引換券 第1R,1,[高らかにYO-HO!]タップダンスシチー,1,2025-02-24 03:00:00,2050-08-01 14:59:59
5510116,5510,116,特別SSR引換券 第1R,1,[波をかきわけ夢がゆく]ゴールドシップ,1,2025-02-24 03:00:00,2050-08-01 14:59:59
5510117,5510,117,特別SSR引換券 第1R,1,[天より遣われし微笑み]ツルマルツヨシ,1,2025-02-24 03:00:00,2050-08-01 14:59:59
5510118,5510,118,特別SSR引換券 第1R,1,[我が舞、巡りて]キングヘイロー,1,2025-02-24 03:00:00,2050-08-01 14:59:59
5510119,5510,119,特別SSR引換券 第1R,1,[かっとばせー！ですわ！？]メジロマックイーン,1,2025-02-24 03:00:00,2050-08-01 14:59:59
5510120,5510,120,特別SSR引換券 第1R,1,[大地と我らのアンサンブル]サウンズオブアース,1,2025-02-24 03:00:00,2050-08-01 14:59:59
5510121,5510,121,特別SSR引換券 第1R,1,[聖夜、変わるために]メジロドーベル,1,2025-02-24 03:00:00,2050-08-01 14:59:59
5510122,5510,122,特別SSR引換券 第1R,1,[冬溶かす熾火]メジロラモーヌ,1,2025-02-24 03:00:00,2050-08-01 14:59:59
5510123,5510,123,特別SSR引換券 第1R,1,[会心のウイニングスマイル]ヴィブロス,1,2025-02-24 03:00:00,2050-08-01 14:59:59
5510124,5510,124,特別SSR引換券 第1R,1,[血脈の胎動]ドゥラメンテ,1,2025-02-24 03:00:00,2050-08-01 14:59:59
5510125,5510,125,特別SSR引換券 第1R,1,[百花の願いをこの胸に]サトノダイヤモンド,1,2025-02-24 03:00:00,2050-08-01 14:59:59
5510126,5510,126,特別SSR引換券 第1R,1,[白い翼は舞い戻りて]ホッコータルマエ,1,2025-02-24 03:00:00,2050-08-01 14:59:59
5510127,5510,127,特別SSR引換券 第1R,1,[小さな笑顔、2つ]ウイニングチケット,1,2025-02-24 03:00:00,2050-08-01 14:59:59
5510128,5510,128,特別SSR引換券 第1R,1,[感謝感謝！サクラ吹雪！！]サクラバクシンオー,1,2025-02-24 03:00:00,2050-08-01 14:59:59
5510129,5510,129,特別SSR引換券 第1R,1,[只、君臨す。]オルフェーヴル,1,2025-02-24 03:00:00,2050-08-01 14:59:59
5510130,5510,130,特別SSR引換券 第1R,1,[共に描くキラメキ]都留岐涼花,1,2025-02-24 03:00:00,2050-08-01 14:59:59
5510131,5510,131,特別SSR引換券 第1R,1,[Over the Ocean]シュヴァルグラン,1,2025-02-24 03:00:00,2050-08-01 14:59:59
5510132,5510,132,特別SSR引換券 第1R,1,[白い鳥のアラベスク]ケイエスミラクル,1,2025-02-24 03:00:00,2050-08-01 14:59:59
5510133,5510,133,特別SSR引換券 第1R,1,[浚いの風]ヤマニンゼファー,1,2025-02-24 03:00:00,2050-08-01 14:59:59
5510134,5510,134,特別SSR引換券 第1R,1,[V.E.R.2285のあなたへ]ネオユニヴァース,1,2025-02-24 03:00:00,2050-08-01 14:59:59
5510135,5510,135,特別SSR引換券 第1R,1,[わーく・あ・みらくる！]ヒシミラクル,1,2025-02-24 03:00:00,2050-08-01 14:59:59
5510136,5510,136,特別SSR引換券 第1R,1,[Take Them Down!]ナリタタイシン,1,2025-02-24 03:00:00,2050-08-01 14:59:59
5510137,5510,137,特別SSR引換券 第1R,1,[明日のライド・オン]ウオッカ,1,2025-02-24 03:00:00,2050-08-01 14:59:59
5510138,5510,138,特別SSR引換券 第1R,1,[アルストロメリアの夢]ヴィブロス,1,2025-02-24 03:00:00,2050-08-01 14:59:59
5510139,5510,139,特別SSR引換券 第1R,1,[幸福の匂いにまどろむ]セイウンスカイ,1,2025-02-24 03:00:00,2050-08-01 14:59:59
5510140,5510,140,特別SSR引換券 第1R,1,[謹製ッ！特大夢にんじん！]秋川理事長,1,2025-02-24 03:00:00,2050-08-01 14:59:59
5510141,5510,141,特別SSR引換券 第1R,1,[朝焼け苺の畑にて]ニシノフラワー,1,2025-02-24 03:00:00,2050-08-01 14:59:59
5510142,5510,142,特別SSR引換券 第1R,1,[そして幕は上がる]ダンツフレーム,1,2025-02-24 03:00:00,2050-08-01 14:59:59
5510143,5510,143,特別SSR引換券 第1R,1,[波間のオフショット]スマートファルコン,1,2025-02-24 03:00:00,2050-08-01 14:59:59
5510144,5510,144,特別SSR引換券 第1R,1,[Lucky☆Summertime]コパノリッキー,1,2025-02-24 03:00:00,2050-08-01 14:59:59
5510145,5510,145,特別SSR引換券 第1R,1,[歴史も美食も余すところなく]ファインモーション,1,2025-02-24 03:00:00,2050-08-01 14:59:59
5510146,5510,146,特別SSR引換券 第1R,1,[導きの光]伝説の体現者,1,2025-02-24 03:00:00,2050-08-01 14:59:59
5510147,5510,147,特別SSR引換券 第1R,1,[世界を変える眼差し]アーモンドアイ,1,2025-02-24 03:00:00,2050-08-01 14:59:59
5511001,5511,147,特別SSR引換券 第2R,1,[献上全国第一的演出]特别周,1,2025-06-27 03:00:00,2050-08-01 14:59:59
5511002,5511,146,特別SSR引換券 第2R,1,[在耀眼景色的前方]无声铃鹿,1,2025-06-27 03:00:00,2050-08-01 14:59:59
5511003,5511,145,特別SSR引換券 第2R,1,[有梦想就要大声说出来！]东海帝王,1,2025-06-27 03:00:00,2050-08-01 14:59:59
5511004,5511,144,特別SSR引換券 第2R,1,[不沉舰的进击]黄金船,1,2025-06-27 03:00:00,2050-08-01 14:59:59
5511005,5511,143,特別SSR引換券 第2R,1,[伏特加之路]伏特加,1,2025-06-27 03:00:00,2050-08-01 14:59:59
5511006,5511,142,特別SSR引換券 第2R,1,[万紫千红中一枝独秀]草上飞,1,2025-06-27 03:00:00,2050-08-01 14:59:59
5511007,5511,141,特別SSR引換券 第2R,1,[热情的冠军！]神鹰,1,2025-06-27 03:00:00,2050-08-01 14:59:59
5511008,5511,140,特別SSR引換券 第2R,1,[期待已久的计谋]青云天空,1,2025-06-27 03:00:00,2050-08-01 14:59:59
5511009,5511,139,特別SSR引換券 第2R,1,[划破天空的闪电少女！]玉藻十字,1,2025-06-27 03:00:00,2050-08-01 14:59:59
5511010,5511,138,特別SSR引換券 第2R,1,[全身心的感谢]美妙姿势,1,2025-06-27 03:00:00,2050-08-01 14:59:59
5511011,5511,137,特別SSR引換券 第2R,1,[飞奔吧，闪耀吧]艾尼风神,1,2025-06-27 03:00:00,2050-08-01 14:59:59
5511012,5511,136,特別SSR引換券 第2R,1,[B·N·Winner！]胜利奖券,1,2025-06-27 03:00:00,2050-08-01 14:59:59
5511013,5511,135,特別SSR引換券 第2R,1,[冲向前方7厘米之外]空中神宫,1,2025-06-27 03:00:00,2050-08-01 14:59:59
5511014,5511,134,特別SSR引換券 第2R,1,[Run（my）way]黄金城,1,2025-06-27 03:00:00,2050-08-01 14:59:59
5511015,5511,133,特別SSR引換券 第2R,1,[好快！好吃！好快！]樱花进王,1,2025-06-27 03:00:00,2050-08-01 14:59:59
5511016,5511,132,特別SSR引換券 第2R,1,[一颗安心糖]超级溪流,1,2025-06-27 03:00:00,2050-08-01 14:59:59
5511017,5511,131,特別SSR引換券 第2R,1,[这就是我的优俊偶像之道☆]醒目飞鹰,1,2025-06-27 03:00:00,2050-08-01 14:59:59
5511018,5511,130,特別SSR引換券 第2R,1,[哪怕还不能独当一面]西野花,1,2025-06-27 03:00:00,2050-08-01 14:59:59
5511019,5511,129,特別SSR引換券 第2R,1,[必杀技！双胡萝卜拳！]微光飞驹,1,2025-06-27 03:00:00,2050-08-01 14:59:59
5511020,5511,128,特別SSR引換券 第2R,1,[欢迎来到特雷森学园！]骏川手纲,1,2025-06-27 03:00:00,2050-08-01 14:59:59
5511021,5511,127,特別SSR引換券 第2R,1,[“要受人喜爱啊”]小栗帽,1,2025-06-27 03:00:00,2050-08-01 14:59:59
5511022,5511,126,特別SSR引換券 第2R,1,[涡轮引擎马力全开！]双涡轮,1,2025-06-27 03:00:00,2050-08-01 14:59:59
5511023,5511,125,特別SSR引換券 第2R,1,[尽管笑我傻吧]目白善信,1,2025-06-27 03:00:00,2050-08-01 14:59:59
5511024,5511,124,特別SSR引換券 第2R,1,[身后迫近的热浪是动力]北部玄驹,1,2025-06-27 03:00:00,2050-08-01 14:59:59
5511025,5511,123,特別SSR引換券 第2R,1,[超越那前方的背影]里见光钻,1,2025-06-27 03:00:00,2050-08-01 14:59:59
5511026,5511,122,特別SSR引換券 第2R,1,[由故乡直达的助威！]雪之美人,1,2025-06-27 03:00:00,2050-08-01 14:59:59
5511027,5511,121,特別SSR引換券 第2R,1,[心中的烈火无法抑制]八重无敌,1,2025-06-27 03:00:00,2050-08-01 14:59:59
5511028,5511,120,特別SSR引換券 第2R,1,[樱花盛开之时]樱花千代王,1,2025-06-27 03:00:00,2050-08-01 14:59:59
5511029,5511,119,特別SSR引換券 第2R,1,[身为新娘！]川上公主,1,2025-06-27 03:00:00,2050-08-01 14:59:59
5511030,5511,118,特別SSR引換券 第2R,1,[请品尝第一口！]菱曙,1,2025-06-27 03:00:00,2050-08-01 14:59:59
5511031,5511,117,特別SSR引換券 第2R,1,[Head-on fight！]青竹回忆,1,2025-06-27 03:00:00,2050-08-01 14:59:59
5511032,5511,116,特別SSR引換券 第2R,1,[明天全国都会染红吧♪]青云天空,1,2025-06-27 03:00:00,2050-08-01 14:59:59
5511033,5511,115,特別SSR引換券 第2R,1,[起舞今宵]帝王光辉,1,2025-06-27 03:00:00,2050-08-01 14:59:59
5511034,5511,114,特別SSR引換券 第2R,1,[爽快！决胜一击！]目白莱恩,1,2025-06-27 03:00:00,2050-08-01 14:59:59
5511035,5511,113,特別SSR引換券 第2R,1,[独享冰凉？]东商变革,1,2025-06-27 03:00:00,2050-08-01 14:59:59
5511036,5511,112,特別SSR引換券 第2R,1,[全力嬉闹！]胜利奖券,1,2025-06-27 03:00:00,2050-08-01 14:59:59
5511037,5511,111,特別SSR引換券 第2R,1,[即使满身泥土，也要追逐梦想]优秀素质,1,2025-06-27 03:00:00,2050-08-01 14:59:59
5511038,5511,110,特別SSR引換券 第2R,1,[幸福就在转角后]米浴,1,2025-06-27 03:00:00,2050-08-01 14:59:59
5511039,5511,109,特別SSR引換券 第2R,1,[彻底管理主义]㭴本理子,1,2025-06-27 03:00:00,2050-08-01 14:59:59
5511040,5511,108,特別SSR引換券 第2R,1,[内心双脚皆温暖]生野狄杜斯,1,2025-06-27 03:00:00,2050-08-01 14:59:59
5511041,5511,107,特別SSR引換券 第2R,1,[大闹万圣夜！]玉藻十字,1,2025-06-27 03:00:00,2050-08-01 14:59:59
5511042,5511,106,特別SSR引換券 第2R,1,[被授予魔力的英雄]荒漠英雄,1,2025-06-27 03:00:00,2050-08-01 14:59:59
5511043,5511,105,特別SSR引換券 第2R,1,[43、8、1]中山庆典,1,2025-06-27 03:00:00,2050-08-01 14:59:59
5511044,5511,104,特別SSR引換券 第2R,1,[可爱的你，美丽的你]真机伶,1,2025-06-27 03:00:00,2050-08-01 14:59:59
5511045,5511,103,特別SSR引換券 第2R,1,[鸣箭嗤天]成田白仁,1,2025-06-27 03:00:00,2050-08-01 14:59:59
5511046,5511,102,特別SSR引換券 第2R,1,[舞动吧·躁动吧·狂欢吧！]大拓太阳神,1,2025-06-27 03:00:00,2050-08-01 14:59:59
5511047,5511,101,特別SSR引換券 第2R,1,[队形：PARTY]重炮,1,2025-06-27 03:00:00,2050-08-01 14:59:59
5511048,5511,100,特別SSR引換券 第2R,1,[倔强的集市]成田大进,1,2025-06-27 03:00:00,2050-08-01 14:59:59
5511049,5511,99,特別SSR引換券 第2R,1,[独奏·螺旋卡农]曼城茶座,1,2025-06-27 03:00:00,2050-08-01 14:59:59
5511050,5511,98,特別SSR引換券 第2R,1,[夜有黎明，天有祥星]爱慕织姬,1,2025-06-27 03:00:00,2050-08-01 14:59:59
5511051,5511,97,特別SSR引換券 第2R,1,[萍水相逢即是福♪]待兼福来,1,2025-06-27 03:00:00,2050-08-01 14:59:59
5511052,5511,96,特別SSR引換券 第2R,1,[要不赶紧扎一针？]安心泽刺刺美,1,2025-06-27 03:00:00,2050-08-01 14:59:59
5511053,5511,95,特別SSR引換券 第2R,1,[饱含心意的纸杯蛋糕]西野花,1,2025-06-27 03:00:00,2050-08-01 14:59:59
5511054,5511,94,特別SSR引換券 第2R,1,[极快！最快！花之风暴！]樱花进王,1,2025-06-27 03:00:00,2050-08-01 14:59:59
5511055,5511,93,特別SSR引換券 第2R,1,[“存在”于此的幸福]爱丽数码,1,2025-06-27 03:00:00,2050-08-01 14:59:59
5511056,5511,92,特別SSR引換券 第2R,1,[粉色背影]成田路,1,2025-06-27 03:00:00,2050-08-01 14:59:59
5511057,5511,91,特別SSR引換券 第2R,1,[让世界更加☆marvelous]美丽周日,1,2025-06-27 03:00:00,2050-08-01 14:59:59
5511058,5511,90,特別SSR引換券 第2R,1,[Enchaînement]鲁道夫象征,1,2025-06-27 03:00:00,2050-08-01 14:59:59
5511059,5511,89,特別SSR引換券 第2R,1,[Escorte étoile]天狼星象征,1,2025-06-27 03:00:00,2050-08-01 14:59:59
5511060,5511,88,特別SSR引換券 第2R,1,[Outfit as No.1]大和赤骥,1,2025-06-27 03:00:00,2050-08-01 14:59:59
5511061,5511,87,特別SSR引換券 第2R,1,[收下这份鼓励吧！]青竹回忆,1,2025-06-27 03:00:00,2050-08-01 14:59:59
5511062,5511,86,特別SSR引換券 第2R,1,[那声加油改变了世界]采珠,1,2025-06-27 03:00:00,2050-08-01 14:59:59
5511063,5511,85,特別SSR引換券 第2R,1,[Dear Mr. C.B.]千明代表,1,2025-06-27 03:00:00,2050-08-01 14:59:59
5511064,5511,84,特別SSR引換券 第2R,1,[乌菈菈的热情之歌♪]春乌菈菈,1,2025-06-27 03:00:00,2050-08-01 14:59:59
5511065,5511,83,特別SSR引換券 第2R,1,[可爱的金兰之交们]生野狄杜斯,1,2025-06-27 03:00:00,2050-08-01 14:59:59
5511066,5511,82,特別SSR引換券 第2R,1,[坏蛋，举起手来！]大树快车,1,2025-06-27 03:00:00,2050-08-01 14:59:59
5511067,5511,81,特別SSR引換券 第2R,1,[光芒四射地奔跑吧∞]神鹰,1,2025-06-27 03:00:00,2050-08-01 14:59:59
5511068,5511,80,特別SSR引換券 第2R,1,[待兼唐☆大冒险]待兼唐怀瑟,1,2025-06-27 03:00:00,2050-08-01 14:59:59
5511069,5511,79,特別SSR引換券 第2R,1,[奔向理想的熏风]气槽,1,2025-06-27 03:00:00,2050-08-01 14:59:59
5511070,5511,78,特別SSR引換券 第2R,1,[尊尚敬爱]聚于王座之人,1,2025-06-27 03:00:00,2050-08-01 14:59:59
5511071,5511,77,特別SSR引換券 第2R,1,[小感伤预警♪]丸善斯基,1,2025-06-27 03:00:00,2050-08-01 14:59:59
5511072,5511,76,特別SSR引換券 第2R,1,[听凭骰运]中山庆典,1,2025-06-27 03:00:00,2050-08-01 14:59:59
5511073,5511,75,特別SSR引換券 第2R,1,[It's on the house.]曼城茶座,1,2025-06-27 03:00:00,2050-08-01 14:59:59
5511074,5511,74,特別SSR引換券 第2R,1,[from the GROUND UP]明亮光晕,1,2025-06-27 03:00:00,2050-08-01 14:59:59
5511075,5511,73,特別SSR引換券 第2R,1,[Q≠0]爱丽速子,1,2025-06-27 03:00:00,2050-08-01 14:59:59
5511076,5511,72,特別SSR引換券 第2R,1,[帝王！王！王！！！]东海帝王,1,2025-06-27 03:00:00,2050-08-01 14:59:59
5511077,5511,71,特別SSR引換券 第2R,1,[TT Ignition！]双涡轮,1,2025-06-27 03:00:00,2050-08-01 14:59:59
5511078,5511,70,特別SSR引換券 第2R,1,[啊，华丽一族]第一红宝,1,2025-06-27 03:00:00,2050-08-01 14:59:59
5511079,5511,69,特別SSR引換券 第2R,1,[月下小恶魔♪]目白善信,1,2025-06-27 03:00:00,2050-08-01 14:59:59
5511080,5511,68,特別SSR引換券 第2R,1,[太阳小天使♪]大拓太阳神,1,2025-06-27 03:00:00,2050-08-01 14:59:59
5511081,5511,67,特別SSR引換券 第2R,1,[A Win Foreshadowed]克里斯象征,1,2025-06-27 03:00:00,2050-08-01 14:59:59
5511082,5511,66,特別SSR引換券 第2R,1,[奔跑吧，奔跑吧，奔跑吧！！]小栗帽,1,2025-06-27 03:00:00,2050-08-01 14:59:59
5511083,5511,65,特別SSR引換券 第2R,1,[燃至天际的祈祷之火]八重无敌,1,2025-06-27 03:00:00,2050-08-01 14:59:59
5511084,5511,64,特別SSR引換券 第2R,1,[Danke schön]荣进闪耀,1,2025-06-27 03:00:00,2050-08-01 14:59:59
5511085,5511,63,特別SSR引換券 第2R,1,[GLAD TIDINGS]成田白仁,1,2025-06-27 03:00:00,2050-08-01 14:59:59
5511086,5511,62,特別SSR引換券 第2R,1,[Are you merry？]气槽,1,2025-06-27 03:00:00,2050-08-01 14:59:59
5511087,5511,61,特別SSR引換券 第2R,1,[化为那无人知晓的风]山人西风,1,2025-06-27 03:00:00,2050-08-01 14:59:59
5511088,5511,60,特別SSR引換券 第2R,1,[平安喜乐寄于板羽球中]特别周,1,2025-06-27 03:00:00,2050-08-01 14:59:59
5511089,5511,59,特別SSR引換券 第2R,1,[难以捉摸的绝世佳人]东商变革,1,2025-06-27 03:00:00,2050-08-01 14:59:59
5511090,5511,58,特別SSR引換券 第2R,1,[To you]喜嘉奇迹,1,2025-06-27 03:00:00,2050-08-01 14:59:59
5511091,5511,57,特別SSR引換券 第2R,1,[Marvelous☆巧克力盛宴]美丽周日,1,2025-06-27 03:00:00,2050-08-01 14:59:59
5511092,5511,56,特別SSR引換券 第2R,1,[变身！侍者形态！]微光飞驹,1,2025-06-27 03:00:00,2050-08-01 14:59:59
5511093,5511,55,特別SSR引換券 第2R,1,[璨烂]目白拉莫娜,1,2025-06-27 03:00:00,2050-08-01 14:59:59
5511094,5511,54,特別SSR引換券 第2R,1,[迈向永恒的荣光]引领众人的始祖,1,2025-06-27 03:00:00,2050-08-01 14:59:59
5511095,5511,53,特別SSR引換券 第2R,1,[此刻请不要闭眼]优秀素质,1,2025-06-27 03:00:00,2050-08-01 14:59:59
5511096,5511,52,特別SSR引換券 第2R,1,[夜风掳心]目白麦昆,1,2025-06-27 03:00:00,2050-08-01 14:59:59
5511097,5511,51,特別SSR引換券 第2R,1,[绝对皇帝]鲁道夫象征,1,2025-06-27 03:00:00,2050-08-01 14:59:59
5511098,5511,50,特別SSR引換券 第2R,1,[任务“为内心补充营养”]美浦波旁,1,2025-06-27 03:00:00,2050-08-01 14:59:59
5511099,5511,49,特別SSR引換券 第2R,1,[此刻，樱花烂漫]樱花桂冠,1,2025-06-27 03:00:00,2050-08-01 14:59:59
5511100,5511,48,特別SSR引換券 第2R,1,[The frontier]森林宝袋,1,2025-06-27 03:00:00,2050-08-01 14:59:59
5511101,5511,47,特別SSR引換券 第2R,1,[Something Blue]大和赤骥,1,2025-06-27 03:00:00,2050-08-01 14:59:59
5511102,5511,46,特別SSR引換券 第2R,1,[与你定制的宝贵回忆]阿斯顿真弓,1,2025-06-27 03:00:00,2050-08-01 14:59:59
5511103,5511,45,特別SSR引換券 第2R,1,[All'alba vincerò！]好歌剧,1,2025-06-27 03:00:00,2050-08-01 14:59:59
5511104,5511,44,特別SSR引換券 第2R,1,[Chill chill night*]重炮,1,2025-06-27 03:00:00,2050-08-01 14:59:59
5511105,5511,43,特別SSR引換券 第2R,1,[暖月]黄金城,1,2025-06-27 03:00:00,2050-08-01 14:59:59
5511106,5511,42,特別SSR引換券 第2R,1,[宛如海鸥]目白善信,1,2025-06-27 03:00:00,2050-08-01 14:59:59
5511107,5511,41,特別SSR引換券 第2R,1,[坚持一生的奇迹]奇锐骏,1,2025-06-27 03:00:00,2050-08-01 14:59:59
5511108,5511,40,特別SSR引換券 第2R,1,[与你共赏的泡沫]曼城茶座,1,2025-06-27 03:00:00,2050-08-01 14:59:59
5511109,5511,39,特別SSR引換券 第2R,1,[在这火热的夏天飞奔吧！]森林宝袋,1,2025-06-27 03:00:00,2050-08-01 14:59:59
5511110,5511,38,特別SSR引換券 第2R,1,[黎明将至]佐岳鸣,1,2025-06-27 03:00:00,2050-08-01 14:59:59
5511111,5511,37,特別SSR引換券 第2R,1,[志向远大，展翅高飞]神鹰,1,2025-06-27 03:00:00,2050-08-01 14:59:59
5511112,5511,36,特別SSR引換券 第2R,1,[绽放于赛场的堇花]中山庆典,1,2025-06-27 03:00:00,2050-08-01 14:59:59
5511113,5511,35,特別SSR引換券 第2R,1,[炎々、闘志を抱き]ヒシアマゾン,1,2025-06-27 03:00:00,2050-08-01 14:59:59
5511114,5511,34,特別SSR引換券 第2R,1,[フォルトゥーナの喝采]タニノギムレット,1,2025-06-27 03:00:00,2050-08-01 14:59:59
5511115,5511,33,特別SSR引換券 第2R,1,[高らかにYO-HO!]タップダンスシチー,1,2025-06-27 03:00:00,2050-08-01 14:59:59
5511116,5511,32,特別SSR引換券 第2R,1,[波をかきわけ夢がゆく]ゴールドシップ,1,2025-06-27 03:00:00,2050-08-01 14:59:59
5511117,5511,31,特別SSR引換券 第2R,1,[天より遣われし微笑み]ツルマルツヨシ,1,2025-06-27 03:00:00,2050-08-01 14:59:59
5511118,5511,30,特別SSR引換券 第2R,1,[我が舞、巡りて]キングヘイロー,1,2025-06-27 03:00:00,2050-08-01 14:59:59
5511119,5511,29,特別SSR引換券 第2R,1,[かっとばせー！ですわ！？]メジロマックイーン,1,2025-06-27 03:00:00,2050-08-01 14:59:59
5511120,5511,28,特別SSR引換券 第2R,1,[大地と我らのアンサンブル]サウンズオブアース,1,2025-06-27 03:00:00,2050-08-01 14:59:59
5511121,5511,27,特別SSR引換券 第2R,1,[聖夜、変わるために]メジロドーベル,1,2025-06-27 03:00:00,2050-08-01 14:59:59
5511122,5511,26,特別SSR引換券 第2R,1,[冬溶かす熾火]メジロラモーヌ,1,2025-06-27 03:00:00,2050-08-01 14:59:59
5511123,5511,25,特別SSR引換券 第2R,1,[会心のウイニングスマイル]ヴィブロス,1,2025-06-27 03:00:00,2050-08-01 14:59:59
5511124,5511,24,特別SSR引換券 第2R,1,[血脈の胎動]ドゥラメンテ,1,2025-06-27 03:00:00,2050-08-01 14:59:59
5511125,5511,23,特別SSR引換券 第2R,1,[百花の願いをこの胸に]サトノダイヤモンド,1,2025-06-27 03:00:00,2050-08-01 14:59:59
5511126,5511,22,特別SSR引換券 第2R,1,[白い翼は舞い戻りて]ホッコータルマエ,1,2025-06-27 03:00:00,2050-08-01 14:59:59
5511127,5511,21,特別SSR引換券 第2R,1,[小さな笑顔、2つ]ウイニングチケット,1,2025-06-27 03:00:00,2050-08-01 14:59:59
5511128,5511,20,特別SSR引換券 第2R,1,[感謝感謝！サクラ吹雪！！]サクラバクシンオー,1,2025-06-27 03:00:00,2050-08-01 14:59:59
5511129,5511,19,特別SSR引換券 第2R,1,[只、君臨す。]オルフェーヴル,1,2025-06-27 03:00:00,2050-08-01 14:59:59
5511130,5511,18,特別SSR引換券 第2R,1,[共に描くキラメキ]都留岐涼花,1,2025-06-27 03:00:00,2050-08-01 14:59:59
5511131,5511,17,特別SSR引換券 第2R,1,[Over the Ocean]シュヴァルグラン,1,2025-06-27 03:00:00,2050-08-01 14:59:59
5511132,5511,16,特別SSR引換券 第2R,1,[白い鳥のアラベスク]ケイエスミラクル,1,2025-06-27 03:00:00,2050-08-01 14:59:59
5511133,5511,15,特別SSR引換券 第2R,1,[浚いの風]ヤマニンゼファー,1,2025-06-27 03:00:00,2050-08-01 14:59:59
5511134,5511,14,特別SSR引換券 第2R,1,[V.E.R.2285のあなたへ]ネオユニヴァース,1,2025-06-27 03:00:00,2050-08-01 14:59:59
5511135,5511,13,特別SSR引換券 第2R,1,[わーく・あ・みらくる！]ヒシミラクル,1,2025-06-27 03:00:00,2050-08-01 14:59:59
5511136,5511,12,特別SSR引換券 第2R,1,[Take Them Down!]ナリタタイシン,1,2025-06-27 03:00:00,2050-08-01 14:59:59
5511137,5511,11,特別SSR引換券 第2R,1,[明日のライド・オン]ウオッカ,1,2025-06-27 03:00:00,2050-08-01 14:59:59
5511138,5511,10,特別SSR引換券 第2R,1,[アルストロメリアの夢]ヴィブロス,1,2025-06-27 03:00:00,2050-08-01 14:59:59
5511139,5511,9,特別SSR引換券 第2R,1,[幸福の匂いにまどろむ]セイウンスカイ,1,2025-06-27 03:00:00,2050-08-01 14:59:59
5511140,5511,8,特別SSR引換券 第2R,1,[謹製ッ！特大夢にんじん！]秋川理事長,1,2025-06-27 03:00:00,2050-08-01 14:59:59
5511141,5511,7,特別SSR引換券 第2R,1,[朝焼け苺の畑にて]ニシノフラワー,1,2025-06-27 03:00:00,2050-08-01 14:59:59
5511142,5511,6,特別SSR引換券 第2R,1,[そして幕は上がる]ダンツフレーム,1,2025-06-27 03:00:00,2050-08-01 14:59:59
5511143,5511,5,特別SSR引換券 第2R,1,[波間のオフショット]スマートファルコン,1,2025-06-27 03:00:00,2050-08-01 14:59:59
5511144,5511,4,特別SSR引換券 第2R,1,[Lucky☆Summertime]コパノリッキー,1,2025-06-27 03:00:00,2050-08-01 14:59:59
5511145,5511,3,特別SSR引換券 第2R,1,[歴史も美食も余すところなく]ファインモーション,1,2025-06-27 03:00:00,2050-08-01 14:59:59
5511146,5511,2,特別SSR引換券 第2R,1,[白き稲妻の如く]タマモクロス,1,2025-06-27 03:00:00,2050-08-01 14:59:59
5511147,5511,1,特別SSR引換券 第2R,1,[本能は吼えているか！？]タッカーブライン,1,2025-06-27 03:00:00,2050-08-01 14:59:59
5512001,5512,164,特別SSR引換券 第3R,1,[献上全国第一的演出]特别周,1,2025-08-24 03:00:00,2050-08-01 14:59:59
5512002,5512,163,特別SSR引換券 第3R,1,[在耀眼景色的前方]无声铃鹿,1,2025-08-24 03:00:00,2050-08-01 14:59:59
5512003,5512,162,特別SSR引換券 第3R,1,[有梦想就要大声说出来！]东海帝王,1,2025-08-24 03:00:00,2050-08-01 14:59:59
5512004,5512,161,特別SSR引換券 第3R,1,[不沉舰的进击]黄金船,1,2025-08-24 03:00:00,2050-08-01 14:59:59
5512005,5512,160,特別SSR引換券 第3R,1,[伏特加之路]伏特加,1,2025-08-24 03:00:00,2050-08-01 14:59:59
5512006,5512,159,特別SSR引換券 第3R,1,[万紫千红中一枝独秀]草上飞,1,2025-08-24 03:00:00,2050-08-01 14:59:59
5512007,5512,158,特別SSR引換券 第3R,1,[热情的冠军！]神鹰,1,2025-08-24 03:00:00,2050-08-01 14:59:59
5512008,5512,157,特別SSR引換券 第3R,1,[期待已久的计谋]青云天空,1,2025-08-24 03:00:00,2050-08-01 14:59:59
5512009,5512,156,特別SSR引換券 第3R,1,[划破天空的闪电少女！]玉藻十字,1,2025-08-24 03:00:00,2050-08-01 14:59:59
5512010,5512,155,特別SSR引換券 第3R,1,[全身心的感谢]美妙姿势,1,2025-08-24 03:00:00,2050-08-01 14:59:59
5512011,5512,154,特別SSR引換券 第3R,1,[飞奔吧，闪耀吧]艾尼风神,1,2025-08-24 03:00:00,2050-08-01 14:59:59
5512012,5512,153,特別SSR引換券 第3R,1,[B·N·Winner！]胜利奖券,1,2025-08-24 03:00:00,2050-08-01 14:59:59
5512013,5512,152,特別SSR引換券 第3R,1,[冲向前方7厘米之外]空中神宫,1,2025-08-24 03:00:00,2050-08-01 14:59:59
5512014,5512,151,特別SSR引換券 第3R,1,[Run（my）way]黄金城,1,2025-08-24 03:00:00,2050-08-01 14:59:59
5512015,5512,150,特別SSR引換券 第3R,1,[好快！好吃！好快！]樱花进王,1,2025-08-24 03:00:00,2050-08-01 14:59:59
5512016,5512,149,特別SSR引換券 第3R,1,[一颗安心糖]超级溪流,1,2025-08-24 03:00:00,2050-08-01 14:59:59
5512017,5512,148,特別SSR引換券 第3R,1,[这就是我的优俊偶像之道☆]醒目飞鹰,1,2025-08-24 03:00:00,2050-08-01 14:59:59
5512018,5512,147,特別SSR引換券 第3R,1,[哪怕还不能独当一面]西野花,1,2025-08-24 03:00:00,2050-08-01 14:59:59
5512019,5512,146,特別SSR引換券 第3R,1,[必杀技！双胡萝卜拳！]微光飞驹,1,2025-08-24 03:00:00,2050-08-01 14:59:59
5512020,5512,145,特別SSR引換券 第3R,1,[欢迎来到特雷森学园！]骏川手纲,1,2025-08-24 03:00:00,2050-08-01 14:59:59
5512021,5512,144,特別SSR引換券 第3R,1,[“要受人喜爱啊”]小栗帽,1,2025-08-24 03:00:00,2050-08-01 14:59:59
5512022,5512,143,特別SSR引換券 第3R,1,[涡轮引擎马力全开！]双涡轮,1,2025-08-24 03:00:00,2050-08-01 14:59:59
5512023,5512,142,特別SSR引換券 第3R,1,[尽管笑我傻吧]目白善信,1,2025-08-24 03:00:00,2050-08-01 14:59:59
5512024,5512,141,特別SSR引換券 第3R,1,[身后迫近的热浪是动力]北部玄驹,1,2025-08-24 03:00:00,2050-08-01 14:59:59
5512025,5512,140,特別SSR引換券 第3R,1,[超越那前方的背影]里见光钻,1,2025-08-24 03:00:00,2050-08-01 14:59:59
5512026,5512,139,特別SSR引換券 第3R,1,[由故乡直达的助威！]雪之美人,1,2025-08-24 03:00:00,2050-08-01 14:59:59
5512027,5512,138,特別SSR引換券 第3R,1,[心中的烈火无法抑制]八重无敌,1,2025-08-24 03:00:00,2050-08-01 14:59:59
5512028,5512,137,特別SSR引換券 第3R,1,[樱花盛开之时]樱花千代王,1,2025-08-24 03:00:00,2050-08-01 14:59:59
5512029,5512,136,特別SSR引換券 第3R,1,[身为新娘！]川上公主,1,2025-08-24 03:00:00,2050-08-01 14:59:59
5512030,5512,135,特別SSR引換券 第3R,1,[请品尝第一口！]菱曙,1,2025-08-24 03:00:00,2050-08-01 14:59:59
5512031,5512,134,特別SSR引換券 第3R,1,[Head-on fight！]青竹回忆,1,2025-08-24 03:00:00,2050-08-01 14:59:59
5512032,5512,133,特別SSR引換券 第3R,1,[明天全国都会染红吧♪]青云天空,1,2025-08-24 03:00:00,2050-08-01 14:59:59
5512033,5512,132,特別SSR引換券 第3R,1,[起舞今宵]帝王光辉,1,2025-08-24 03:00:00,2050-08-01 14:59:59
5512034,5512,131,特別SSR引換券 第3R,1,[爽快！决胜一击！]目白莱恩,1,2025-08-24 03:00:00,2050-08-01 14:59:59
5512035,5512,130,特別SSR引換券 第3R,1,[独享冰凉？]东商变革,1,2025-08-24 03:00:00,2050-08-01 14:59:59
5512036,5512,129,特別SSR引換券 第3R,1,[全力嬉闹！]胜利奖券,1,2025-08-24 03:00:00,2050-08-01 14:59:59
5512037,5512,128,特別SSR引換券 第3R,1,[即使满身泥土，也要追逐梦想]优秀素质,1,2025-08-24 03:00:00,2050-08-01 14:59:59
5512038,5512,127,特別SSR引換券 第3R,1,[幸福就在转角后]米浴,1,2025-08-24 03:00:00,2050-08-01 14:59:59
5512039,5512,126,特別SSR引換券 第3R,1,[彻底管理主义]㭴本理子,1,2025-08-24 03:00:00,2050-08-01 14:59:59
5512040,5512,125,特別SSR引換券 第3R,1,[内心双脚皆温暖]生野狄杜斯,1,2025-08-24 03:00:00,2050-08-01 14:59:59
5512041,5512,124,特別SSR引換券 第3R,1,[大闹万圣夜！]玉藻十字,1,2025-08-24 03:00:00,2050-08-01 14:59:59
5512042,5512,123,特別SSR引換券 第3R,1,[被授予魔力的英雄]荒漠英雄,1,2025-08-24 03:00:00,2050-08-01 14:59:59
5512043,5512,122,特別SSR引換券 第3R,1,[43、8、1]中山庆典,1,2025-08-24 03:00:00,2050-08-01 14:59:59
5512044,5512,121,特別SSR引換券 第3R,1,[可爱的你，美丽的你]真机伶,1,2025-08-24 03:00:00,2050-08-01 14:59:59
5512045,5512,120,特別SSR引換券 第3R,1,[鸣箭嗤天]成田白仁,1,2025-08-24 03:00:00,2050-08-01 14:59:59
5512046,5512,119,特別SSR引換券 第3R,1,[舞动吧·躁动吧·狂欢吧！]大拓太阳神,1,2025-08-24 03:00:00,2050-08-01 14:59:59
5512047,5512,118,特別SSR引換券 第3R,1,[队形：PARTY]重炮,1,2025-08-24 03:00:00,2050-08-01 14:59:59
5512048,5512,117,特別SSR引換券 第3R,1,[倔强的集市]成田大进,1,2025-08-24 03:00:00,2050-08-01 14:59:59
5512049,5512,116,特別SSR引換券 第3R,1,[独奏·螺旋卡农]曼城茶座,1,2025-08-24 03:00:00,2050-08-01 14:59:59
5512050,5512,115,特別SSR引換券 第3R,1,[夜有黎明，天有祥星]爱慕织姬,1,2025-08-24 03:00:00,2050-08-01 14:59:59
5512051,5512,114,特別SSR引換券 第3R,1,[萍水相逢即是福♪]待兼福来,1,2025-08-24 03:00:00,2050-08-01 14:59:59
5512052,5512,113,特別SSR引換券 第3R,1,[要不赶紧扎一针？]安心泽刺刺美,1,2025-08-24 03:00:00,2050-08-01 14:59:59
5512053,5512,112,特別SSR引換券 第3R,1,[饱含心意的纸杯蛋糕]西野花,1,2025-08-24 03:00:00,2050-08-01 14:59:59
5512054,5512,111,特別SSR引換券 第3R,1,[极快！最快！花之风暴！]樱花进王,1,2025-08-24 03:00:00,2050-08-01 14:59:59
5512055,5512,110,特別SSR引換券 第3R,1,[“存在”于此的幸福]爱丽数码,1,2025-08-24 03:00:00,2050-08-01 14:59:59
5512056,5512,109,特別SSR引換券 第3R,1,[粉色背影]成田路,1,2025-08-24 03:00:00,2050-08-01 14:59:59
5512057,5512,108,特別SSR引換券 第3R,1,[让世界更加☆marvelous]美丽周日,1,2025-08-24 03:00:00,2050-08-01 14:59:59
5512058,5512,107,特別SSR引換券 第3R,1,[Enchaînement]鲁道夫象征,1,2025-08-24 03:00:00,2050-08-01 14:59:59
5512059,5512,106,特別SSR引換券 第3R,1,[Escorte étoile]天狼星象征,1,2025-08-24 03:00:00,2050-08-01 14:59:59
5512060,5512,105,特別SSR引換券 第3R,1,[Outfit as No.1]大和赤骥,1,2025-08-24 03:00:00,2050-08-01 14:59:59
5512061,5512,104,特別SSR引換券 第3R,1,[收下这份鼓励吧！]青竹回忆,1,2025-08-24 03:00:00,2050-08-01 14:59:59
5512062,5512,103,特別SSR引換券 第3R,1,[那声加油改变了世界]采珠,1,2025-08-24 03:00:00,2050-08-01 14:59:59
5512063,5512,102,特別SSR引換券 第3R,1,[Dear Mr. C.B.]千明代表,1,2025-08-24 03:00:00,2050-08-01 14:59:59
5512064,5512,101,特別SSR引換券 第3R,1,[乌菈菈的热情之歌♪]春乌菈菈,1,2025-08-24 03:00:00,2050-08-01 14:59:59
5512065,5512,100,特別SSR引換券 第3R,1,[可爱的金兰之交们]生野狄杜斯,1,2025-08-24 03:00:00,2050-08-01 14:59:59
5512066,5512,99,特別SSR引換券 第3R,1,[坏蛋，举起手来！]大树快车,1,2025-08-24 03:00:00,2050-08-01 14:59:59
5512067,5512,98,特別SSR引換券 第3R,1,[光芒四射地奔跑吧∞]神鹰,1,2025-08-24 03:00:00,2050-08-01 14:59:59
5512068,5512,97,特別SSR引換券 第3R,1,[待兼唐☆大冒险]待兼唐怀瑟,1,2025-08-24 03:00:00,2050-08-01 14:59:59
5512069,5512,96,特別SSR引換券 第3R,1,[奔向理想的熏风]气槽,1,2025-08-24 03:00:00,2050-08-01 14:59:59
5512070,5512,95,特別SSR引換券 第3R,1,[尊尚敬爱]聚于王座之人,1,2025-08-24 03:00:00,2050-08-01 14:59:59
5512071,5512,94,特別SSR引換券 第3R,1,[小感伤预警♪]丸善斯基,1,2025-08-24 03:00:00,2050-08-01 14:59:59
5512072,5512,93,特別SSR引換券 第3R,1,[听凭骰运]中山庆典,1,2025-08-24 03:00:00,2050-08-01 14:59:59
5512073,5512,92,特別SSR引換券 第3R,1,[It's on the house.]曼城茶座,1,2025-08-24 03:00:00,2050-08-01 14:59:59
5512074,5512,91,特別SSR引換券 第3R,1,[from the GROUND UP]明亮光晕,1,2025-08-24 03:00:00,2050-08-01 14:59:59
5512075,5512,90,特別SSR引換券 第3R,1,[Q≠0]爱丽速子,1,2025-08-24 03:00:00,2050-08-01 14:59:59
5512076,5512,89,特別SSR引換券 第3R,1,[帝王！王！王！！！]东海帝王,1,2025-08-24 03:00:00,2050-08-01 14:59:59
5512077,5512,88,特別SSR引換券 第3R,1,[TT Ignition！]双涡轮,1,2025-08-24 03:00:00,2050-08-01 14:59:59
5512078,5512,87,特別SSR引換券 第3R,1,[啊，华丽一族]第一红宝,1,2025-08-24 03:00:00,2050-08-01 14:59:59
5512079,5512,86,特別SSR引換券 第3R,1,[月下小恶魔♪]目白善信,1,2025-08-24 03:00:00,2050-08-01 14:59:59
5512080,5512,85,特別SSR引換券 第3R,1,[太阳小天使♪]大拓太阳神,1,2025-08-24 03:00:00,2050-08-01 14:59:59
5512081,5512,84,特別SSR引換券 第3R,1,[A Win Foreshadowed]克里斯象征,1,2025-08-24 03:00:00,2050-08-01 14:59:59
5512082,5512,83,特別SSR引換券 第3R,1,[奔跑吧，奔跑吧，奔跑吧！！]小栗帽,1,2025-08-24 03:00:00,2050-08-01 14:59:59
5512083,5512,82,特別SSR引換券 第3R,1,[燃至天际的祈祷之火]八重无敌,1,2025-08-24 03:00:00,2050-08-01 14:59:59
5512084,5512,81,特別SSR引換券 第3R,1,[Danke schön]荣进闪耀,1,2025-08-24 03:00:00,2050-08-01 14:59:59
5512085,5512,80,特別SSR引換券 第3R,1,[GLAD TIDINGS]成田白仁,1,2025-08-24 03:00:00,2050-08-01 14:59:59
5512086,5512,79,特別SSR引換券 第3R,1,[Are you merry？]气槽,1,2025-08-24 03:00:00,2050-08-01 14:59:59
5512087,5512,78,特別SSR引換券 第3R,1,[化为那无人知晓的风]山人西风,1,2025-08-24 03:00:00,2050-08-01 14:59:59
5512088,5512,77,特別SSR引換券 第3R,1,[平安喜乐寄于板羽球中]特别周,1,2025-08-24 03:00:00,2050-08-01 14:59:59
5512089,5512,76,特別SSR引換券 第3R,1,[难以捉摸的绝世佳人]东商变革,1,2025-08-24 03:00:00,2050-08-01 14:59:59
5512090,5512,75,特別SSR引換券 第3R,1,[To you]喜嘉奇迹,1,2025-08-24 03:00:00,2050-08-01 14:59:59
5512091,5512,74,特別SSR引換券 第3R,1,[Marvelous☆巧克力盛宴]美丽周日,1,2025-08-24 03:00:00,2050-08-01 14:59:59
5512092,5512,73,特別SSR引換券 第3R,1,[变身！侍者形态！]微光飞驹,1,2025-08-24 03:00:00,2050-08-01 14:59:59
5512093,5512,72,特別SSR引換券 第3R,1,[璨烂]目白拉莫娜,1,2025-08-24 03:00:00,2050-08-01 14:59:59
5512094,5512,71,特別SSR引換券 第3R,1,[迈向永恒的荣光]引领众人的始祖,1,2025-08-24 03:00:00,2050-08-01 14:59:59
5512095,5512,70,特別SSR引換券 第3R,1,[此刻请不要闭眼]优秀素质,1,2025-08-24 03:00:00,2050-08-01 14:59:59
5512096,5512,69,特別SSR引換券 第3R,1,[夜风掳心]目白麦昆,1,2025-08-24 03:00:00,2050-08-01 14:59:59
5512097,5512,68,特別SSR引換券 第3R,1,[绝对皇帝]鲁道夫象征,1,2025-08-24 03:00:00,2050-08-01 14:59:59
5512098,5512,67,特別SSR引換券 第3R,1,[任务“为内心补充营养”]美浦波旁,1,2025-08-24 03:00:00,2050-08-01 14:59:59
5512099,5512,66,特別SSR引換券 第3R,1,[此刻，樱花烂漫]樱花桂冠,1,2025-08-24 03:00:00,2050-08-01 14:59:59
5512100,5512,65,特別SSR引換券 第3R,1,[The frontier]森林宝袋,1,2025-08-24 03:00:00,2050-08-01 14:59:59
5512101,5512,64,特別SSR引換券 第3R,1,[Something Blue]大和赤骥,1,2025-08-24 03:00:00,2050-08-01 14:59:59
5512102,5512,63,特別SSR引換券 第3R,1,[与你定制的宝贵回忆]阿斯顿真弓,1,2025-08-24 03:00:00,2050-08-01 14:59:59
5512103,5512,62,特別SSR引換券 第3R,1,[All'alba vincerò！]好歌剧,1,2025-08-24 03:00:00,2050-08-01 14:59:59
5512104,5512,61,特別SSR引換券 第3R,1,[Chill chill night*]重炮,1,2025-08-24 03:00:00,2050-08-01 14:59:59
5512105,5512,60,特別SSR引換券 第3R,1,[暖月]黄金城,1,2025-08-24 03:00:00,2050-08-01 14:59:59
5512106,5512,59,特別SSR引換券 第3R,1,[宛如海鸥]目白善信,1,2025-08-24 03:00:00,2050-08-01 14:59:59
5512107,5512,58,特別SSR引換券 第3R,1,[坚持一生的奇迹]奇锐骏,1,2025-08-24 03:00:00,2050-08-01 14:59:59
5512108,5512,57,特別SSR引換券 第3R,1,[与你共赏的泡沫]曼城茶座,1,2025-08-24 03:00:00,2050-08-01 14:59:59
5512109,5512,56,特別SSR引換券 第3R,1,[在这火热的夏天飞奔吧！]森林宝袋,1,2025-08-24 03:00:00,2050-08-01 14:59:59
5512110,5512,55,特別SSR引換券 第3R,1,[黎明将至]佐岳鸣,1,2025-08-24 03:00:00,2050-08-01 14:59:59
5512111,5512,54,特別SSR引換券 第3R,1,[志向远大，展翅高飞]神鹰,1,2025-08-24 03:00:00,2050-08-01 14:59:59
5512112,5512,53,特別SSR引換券 第3R,1,[绽放于赛场的堇花]中山庆典,1,2025-08-24 03:00:00,2050-08-01 14:59:59
5512113,5512,52,特別SSR引換券 第3R,1,[炎々、闘志を抱き]ヒシアマゾン,1,2025-08-24 03:00:00,2050-08-01 14:59:59
5512114,5512,51,特別SSR引換券 第3R,1,[フォルトゥーナの喝采]タニノギムレット,1,2025-08-24 03:00:00,2050-08-01 14:59:59
5512115,5512,50,特別SSR引換券 第3R,1,[高らかにYO-HO!]タップダンスシチー,1,2025-08-24 03:00:00,2050-08-01 14:59:59
5512116,5512,49,特別SSR引換券 第3R,1,[波をかきわけ夢がゆく]ゴールドシップ,1,2025-08-24 03:00:00,2050-08-01 14:59:59
5512117,5512,48,特別SSR引換券 第3R,1,[天より遣われし微笑み]ツルマルツヨシ,1,2025-08-24 03:00:00,2050-08-01 14:59:59
5512118,5512,47,特別SSR引換券 第3R,1,[我が舞、巡りて]キングヘイロー,1,2025-08-24 03:00:00,2050-08-01 14:59:59
5512119,5512,46,特別SSR引換券 第3R,1,[かっとばせー！ですわ！？]メジロマックイーン,1,2025-08-24 03:00:00,2050-08-01 14:59:59
5512120,5512,45,特別SSR引換券 第3R,1,[大地と我らのアンサンブル]サウンズオブアース,1,2025-08-24 03:00:00,2050-08-01 14:59:59
5512121,5512,44,特別SSR引換券 第3R,1,[聖夜、変わるために]メジロドーベル,1,2025-08-24 03:00:00,2050-08-01 14:59:59
5512122,5512,43,特別SSR引換券 第3R,1,[冬溶かす熾火]メジロラモーヌ,1,2025-08-24 03:00:00,2050-08-01 14:59:59
5512123,5512,42,特別SSR引換券 第3R,1,[会心のウイニングスマイル]ヴィブロス,1,2025-08-24 03:00:00,2050-08-01 14:59:59
5512124,5512,41,特別SSR引換券 第3R,1,[血脈の胎動]ドゥラメンテ,1,2025-08-24 03:00:00,2050-08-01 14:59:59
5512125,5512,40,特別SSR引換券 第3R,1,[百花の願いをこの胸に]サトノダイヤモンド,1,2025-08-24 03:00:00,2050-08-01 14:59:59
5512126,5512,39,特別SSR引換券 第3R,1,[白い翼は舞い戻りて]ホッコータルマエ,1,2025-08-24 03:00:00,2050-08-01 14:59:59
5512127,5512,38,特別SSR引換券 第3R,1,[小さな笑顔、2つ]ウイニングチケット,1,2025-08-24 03:00:00,2050-08-01 14:59:59
5512128,5512,37,特別SSR引換券 第3R,1,[感謝感謝！サクラ吹雪！！]サクラバクシンオー,1,2025-08-24 03:00:00,2050-08-01 14:59:59
5512129,5512,36,特別SSR引換券 第3R,1,[只、君臨す。]オルフェーヴル,1,2025-08-24 03:00:00,2050-08-01 14:59:59
5512130,5512,35,特別SSR引換券 第3R,1,[共に描くキラメキ]都留岐涼花,1,2025-08-24 03:00:00,2050-08-01 14:59:59
5512131,5512,34,特別SSR引換券 第3R,1,[Over the Ocean]シュヴァルグラン,1,2025-08-24 03:00:00,2050-08-01 14:59:59
5512132,5512,33,特別SSR引換券 第3R,1,[白い鳥のアラベスク]ケイエスミラクル,1,2025-08-24 03:00:00,2050-08-01 14:59:59
5512133,5512,32,特別SSR引換券 第3R,1,[浚いの風]ヤマニンゼファー,1,2025-08-24 03:00:00,2050-08-01 14:59:59
5512134,5512,31,特別SSR引換券 第3R,1,[V.E.R.2285のあなたへ]ネオユニヴァース,1,2025-08-24 03:00:00,2050-08-01 14:59:59
5512135,5512,30,特別SSR引換券 第3R,1,[わーく・あ・みらくる！]ヒシミラクル,1,2025-08-24 03:00:00,2050-08-01 14:59:59
5512136,5512,29,特別SSR引換券 第3R,1,[Take Them Down!]ナリタタイシン,1,2025-08-24 03:00:00,2050-08-01 14:59:59
5512137,5512,28,特別SSR引換券 第3R,1,[明日のライド・オン]ウオッカ,1,2025-08-24 03:00:00,2050-08-01 14:59:59
5512138,5512,27,特別SSR引換券 第3R,1,[アルストロメリアの夢]ヴィブロス,1,2025-08-24 03:00:00,2050-08-01 14:59:59
5512139,5512,26,特別SSR引換券 第3R,1,[幸福の匂いにまどろむ]セイウンスカイ,1,2025-08-24 03:00:00,2050-08-01 14:59:59
5512140,5512,25,特別SSR引換券 第3R,1,[謹製ッ！特大夢にんじん！]秋川理事長,1,2025-08-24 03:00:00,2050-08-01 14:59:59
5512141,5512,24,特別SSR引換券 第3R,1,[朝焼け苺の畑にて]ニシノフラワー,1,2025-08-24 03:00:00,2050-08-01 14:59:59
5512142,5512,23,特別SSR引換券 第3R,1,[そして幕は上がる]ダンツフレーム,1,2025-08-24 03:00:00,2050-08-01 14:59:59
5512143,5512,22,特別SSR引換券 第3R,1,[波間のオフショット]スマートファルコン,1,2025-08-24 03:00:00,2050-08-01 14:59:59
5512144,5512,21,特別SSR引換券 第3R,1,[Lucky☆Summertime]コパノリッキー,1,2025-08-24 03:00:00,2050-08-01 14:59:59
5512145,5512,20,特別SSR引換券 第3R,1,[歴史も美食も余すところなく]ファインモーション,1,2025-08-24 03:00:00,2050-08-01 14:59:59
5512146,5512,19,特別SSR引換券 第3R,1,[Devilish Whispers]スティルインラブ,1,2025-08-24 03:00:00,2050-08-01 14:59:59
5512147,5512,18,特別SSR引換券 第3R,1,[月下のSunshine]タイキシャトル,1,2025-08-24 03:00:00,2050-08-01 14:59:59
5512148,5512,17,特別SSR引換券 第3R,1,[悩み事かい？ポニーちゃん]フジキセキ,1,2025-08-24 03:00:00,2050-08-01 14:59:59
5512149,5512,16,特別SSR引換券 第3R,1,[KNOCK 'EM DOWN!]エスポワールシチー,1,2025-08-24 03:00:00,2050-08-01 14:59:59
5512150,5512,15,特別SSR引換券 第3R,1,[牙を立て、リフレイン]ヒシアマゾン,1,2025-08-24 03:00:00,2050-08-01 14:59:59
5512151,5512,14,特別SSR引換券 第3R,1,[咆哮のアポヤンド]ナリタブライアン,1,2025-08-24 03:00:00,2050-08-01 14:59:59
5512152,5512,13,特別SSR引換券 第3R,1,[Cocoon]エアシャカール,1,2025-08-24 03:00:00,2050-08-01 14:59:59
5512153,5512,12,特別SSR引換券 第3R,1,[緋色の君へ風が吹く]ダイワスカーレット,1,2025-08-24 03:00:00,2050-08-01 14:59:59
5512154,5512,11,特別SSR引換券 第3R,1,[COOL⇔CRAZY/Buddy]シンボリクリスエス,1,2025-08-24 03:00:00,2050-08-01 14:59:59
5512155,5512,10,特別SSR引換券 第3R,1,[【告知】新刊あります！]アグネスデジタル,1,2025-08-24 03:00:00,2050-08-01 14:59:59
5512156,5512,9,特別SSR引換券 第3R,1,[不屈の遠吠え]メイショウドトウ,1,2025-08-24 03:00:00,2050-08-01 14:59:59
5512157,5512,8,特別SSR引換券 第3R,1,[Blast Off!]ブラストワンピース,1,2025-08-24 03:00:00,2050-08-01 14:59:59
5512158,5512,7,特別SSR引換券 第3R,1,[雲煙飛動]シンボリルドルフ,1,2025-08-24 03:00:00,2050-08-01 14:59:59
5512159,5512,6,特別SSR引換券 第3R,1,[深窓の少女へ]メジロアルダン,1,2025-08-24 03:00:00,2050-08-01 14:59:59
5512160,5512,5,特別SSR引換券 第3R,1,[飛び立つヴィーナス]シーキングザパール,1,2025-08-24 03:00:00,2050-08-01 14:59:59
5512161,5512,4,特別SSR引換券 第3R,1,[Cutest in Ur ♡]カレンチャン,1,2025-08-24 03:00:00,2050-08-01 14:59:59
5512162,5512,3,特別SSR引換券 第3R,1,[鉄の乙女も微笑んで]イクノディクタス,1,2025-08-24 03:00:00,2050-08-01 14:59:59
5512163,5512,1,特別SSR引換券 第3R,1,[気まぐれ渡り星]ステイゴールド,1,2025-08-24 03:00:00,2050-08-01 14:59:59
5512164,5512,2,特別SSR引換券 第3R,1,[氷結晶の静域]アドマイヤグルーヴ,1,2025-08-24 03:00:00,2050-08-01 14:59:59
5513001,5513,178,4.5th Anniversary SSR引換券,1,[献上全国第一的演出]特别周,1,2025-08-24 03:00:00,2050-08-01 14:59:59
5513002,5513,177,4.5th Anniversary SSR引換券,1,[在耀眼景色的前方]无声铃鹿,1,2025-08-24 03:00:00,2050-08-01 14:59:59
5513003,5513,176,4.5th Anniversary SSR引換券,1,[有梦想就要大声说出来！]东海帝王,1,2025-08-24 03:00:00,2050-08-01 14:59:59
5513004,5513,175,4.5th Anniversary SSR引換券,1,[不沉舰的进击]黄金船,1,2025-08-24 03:00:00,2050-08-01 14:59:59
5513005,5513,174,4.5th Anniversary SSR引換券,1,[伏特加之路]伏特加,1,2025-08-24 03:00:00,2050-08-01 14:59:59
5513006,5513,173,4.5th Anniversary SSR引換券,1,[万紫千红中一枝独秀]草上飞,1,2025-08-24 03:00:00,2050-08-01 14:59:59
5513007,5513,172,4.5th Anniversary SSR引換券,1,[热情的冠军！]神鹰,1,2025-08-24 03:00:00,2050-08-01 14:59:59
5513008,5513,171,4.5th Anniversary SSR引換券,1,[期待已久的计谋]青云天空,1,2025-08-24 03:00:00,2050-08-01 14:59:59
5513009,5513,170,4.5th Anniversary SSR引換券,1,[划破天空的闪电少女！]玉藻十字,1,2025-08-24 03:00:00,2050-08-01 14:59:59
5513010,5513,169,4.5th Anniversary SSR引換券,1,[全身心的感谢]美妙姿势,1,2025-08-24 03:00:00,2050-08-01 14:59:59
5513011,5513,168,4.5th Anniversary SSR引換券,1,[飞奔吧，闪耀吧]艾尼风神,1,2025-08-24 03:00:00,2050-08-01 14:59:59
5513012,5513,167,4.5th Anniversary SSR引換券,1,[B·N·Winner！]胜利奖券,1,2025-08-24 03:00:00,2050-08-01 14:59:59
5513013,5513,166,4.5th Anniversary SSR引換券,1,[冲向前方7厘米之外]空中神宫,1,2025-08-24 03:00:00,2050-08-01 14:59:59
5513014,5513,165,4.5th Anniversary SSR引換券,1,[Run（my）way]黄金城,1,2025-08-24 03:00:00,2050-08-01 14:59:59
5513015,5513,164,4.5th Anniversary SSR引換券,1,[好快！好吃！好快！]樱花进王,1,2025-08-24 03:00:00,2050-08-01 14:59:59
5513016,5513,163,4.5th Anniversary SSR引換券,1,[一颗安心糖]超级溪流,1,2025-08-24 03:00:00,2050-08-01 14:59:59
5513017,5513,162,4.5th Anniversary SSR引換券,1,[这就是我的优俊偶像之道☆]醒目飞鹰,1,2025-08-24 03:00:00,2050-08-01 14:59:59
5513018,5513,161,4.5th Anniversary SSR引換券,1,[哪怕还不能独当一面]西野花,1,2025-08-24 03:00:00,2050-08-01 14:59:59
5513019,5513,160,4.5th Anniversary SSR引換券,1,[必杀技！双胡萝卜拳！]微光飞驹,1,2025-08-24 03:00:00,2050-08-01 14:59:59
5513020,5513,159,4.5th Anniversary SSR引換券,1,[欢迎来到特雷森学园！]骏川手纲,1,2025-08-24 03:00:00,2050-08-01 14:59:59
5513021,5513,158,4.5th Anniversary SSR引換券,1,[“要受人喜爱啊”]小栗帽,1,2025-08-24 03:00:00,2050-08-01 14:59:59
5513022,5513,157,4.5th Anniversary SSR引換券,1,[涡轮引擎马力全开！]双涡轮,1,2025-08-24 03:00:00,2050-08-01 14:59:59
5513023,5513,156,4.5th Anniversary SSR引換券,1,[尽管笑我傻吧]目白善信,1,2025-08-24 03:00:00,2050-08-01 14:59:59
5513024,5513,155,4.5th Anniversary SSR引換券,1,[身后迫近的热浪是动力]北部玄驹,1,2025-08-24 03:00:00,2050-08-01 14:59:59
5513025,5513,154,4.5th Anniversary SSR引換券,1,[超越那前方的背影]里见光钻,1,2025-08-24 03:00:00,2050-08-01 14:59:59
5513026,5513,153,4.5th Anniversary SSR引換券,1,[由故乡直达的助威！]雪之美人,1,2025-08-24 03:00:00,2050-08-01 14:59:59
5513027,5513,152,4.5th Anniversary SSR引換券,1,[心中的烈火无法抑制]八重无敌,1,2025-08-24 03:00:00,2050-08-01 14:59:59
5513028,5513,151,4.5th Anniversary SSR引換券,1,[樱花盛开之时]樱花千代王,1,2025-08-24 03:00:00,2050-08-01 14:59:59
5513029,5513,150,4.5th Anniversary SSR引換券,1,[身为新娘！]川上公主,1,2025-08-24 03:00:00,2050-08-01 14:59:59
5513030,5513,149,4.5th Anniversary SSR引換券,1,[请品尝第一口！]菱曙,1,2025-08-24 03:00:00,2050-08-01 14:59:59
5513031,5513,148,4.5th Anniversary SSR引換券,1,[Head-on fight！]青竹回忆,1,2025-08-24 03:00:00,2050-08-01 14:59:59
5513032,5513,147,4.5th Anniversary SSR引換券,1,[明天全国都会染红吧♪]青云天空,1,2025-08-24 03:00:00,2050-08-01 14:59:59
5513033,5513,146,4.5th Anniversary SSR引換券,1,[起舞今宵]帝王光辉,1,2025-08-24 03:00:00,2050-08-01 14:59:59
5513034,5513,145,4.5th Anniversary SSR引換券,1,[爽快！决胜一击！]目白莱恩,1,2025-08-24 03:00:00,2050-08-01 14:59:59
5513035,5513,144,4.5th Anniversary SSR引換券,1,[独享冰凉？]东商变革,1,2025-08-24 03:00:00,2050-08-01 14:59:59
5513036,5513,143,4.5th Anniversary SSR引換券,1,[全力嬉闹！]胜利奖券,1,2025-08-24 03:00:00,2050-08-01 14:59:59
5513037,5513,142,4.5th Anniversary SSR引換券,1,[即使满身泥土，也要追逐梦想]优秀素质,1,2025-08-24 03:00:00,2050-08-01 14:59:59
5513038,5513,141,4.5th Anniversary SSR引換券,1,[幸福就在转角后]米浴,1,2025-08-24 03:00:00,2050-08-01 14:59:59
5513039,5513,140,4.5th Anniversary SSR引換券,1,[彻底管理主义]㭴本理子,1,2025-08-24 03:00:00,2050-08-01 14:59:59
5513040,5513,139,4.5th Anniversary SSR引換券,1,[内心双脚皆温暖]生野狄杜斯,1,2025-08-24 03:00:00,2050-08-01 14:59:59
5513041,5513,138,4.5th Anniversary SSR引換券,1,[大闹万圣夜！]玉藻十字,1,2025-08-24 03:00:00,2050-08-01 14:59:59
5513042,5513,137,4.5th Anniversary SSR引換券,1,[被授予魔力的英雄]荒漠英雄,1,2025-08-24 03:00:00,2050-08-01 14:59:59
5513043,5513,136,4.5th Anniversary SSR引換券,1,[43、8、1]中山庆典,1,2025-08-24 03:00:00,2050-08-01 14:59:59
5513044,5513,135,4.5th Anniversary SSR引換券,1,[可爱的你，美丽的你]真机伶,1,2025-08-24 03:00:00,2050-08-01 14:59:59
5513045,5513,134,4.5th Anniversary SSR引換券,1,[鸣箭嗤天]成田白仁,1,2025-08-24 03:00:00,2050-08-01 14:59:59
5513046,5513,133,4.5th Anniversary SSR引換券,1,[舞动吧·躁动吧·狂欢吧！]大拓太阳神,1,2025-08-24 03:00:00,2050-08-01 14:59:59
5513047,5513,132,4.5th Anniversary SSR引換券,1,[队形：PARTY]重炮,1,2025-08-24 03:00:00,2050-08-01 14:59:59
5513048,5513,131,4.5th Anniversary SSR引換券,1,[倔强的集市]成田大进,1,2025-08-24 03:00:00,2050-08-01 14:59:59
5513049,5513,130,4.5th Anniversary SSR引換券,1,[独奏·螺旋卡农]曼城茶座,1,2025-08-24 03:00:00,2050-08-01 14:59:59
5513050,5513,129,4.5th Anniversary SSR引換券,1,[夜有黎明，天有祥星]爱慕织姬,1,2025-08-24 03:00:00,2050-08-01 14:59:59
5513051,5513,128,4.5th Anniversary SSR引換券,1,[萍水相逢即是福♪]待兼福来,1,2025-08-24 03:00:00,2050-08-01 14:59:59
5513052,5513,127,4.5th Anniversary SSR引換券,1,[要不赶紧扎一针？]安心泽刺刺美,1,2025-08-24 03:00:00,2050-08-01 14:59:59
5513053,5513,126,4.5th Anniversary SSR引換券,1,[饱含心意的纸杯蛋糕]西野花,1,2025-08-24 03:00:00,2050-08-01 14:59:59
5513054,5513,125,4.5th Anniversary SSR引換券,1,[极快！最快！花之风暴！]樱花进王,1,2025-08-24 03:00:00,2050-08-01 14:59:59
5513055,5513,124,4.5th Anniversary SSR引換券,1,[“存在”于此的幸福]爱丽数码,1,2025-08-24 03:00:00,2050-08-01 14:59:59
5513056,5513,123,4.5th Anniversary SSR引換券,1,[粉色背影]成田路,1,2025-08-24 03:00:00,2050-08-01 14:59:59
5513057,5513,122,4.5th Anniversary SSR引換券,1,[让世界更加☆marvelous]美丽周日,1,2025-08-24 03:00:00,2050-08-01 14:59:59
5513058,5513,121,4.5th Anniversary SSR引換券,1,[Enchaînement]鲁道夫象征,1,2025-08-24 03:00:00,2050-08-01 14:59:59
5513059,5513,120,4.5th Anniversary SSR引換券,1,[Escorte étoile]天狼星象征,1,2025-08-24 03:00:00,2050-08-01 14:59:59
5513060,5513,119,4.5th Anniversary SSR引換券,1,[Outfit as No.1]大和赤骥,1,2025-08-24 03:00:00,2050-08-01 14:59:59
5513061,5513,118,4.5th Anniversary SSR引換券,1,[收下这份鼓励吧！]青竹回忆,1,2025-08-24 03:00:00,2050-08-01 14:59:59
5513062,5513,117,4.5th Anniversary SSR引換券,1,[那声加油改变了世界]采珠,1,2025-08-24 03:00:00,2050-08-01 14:59:59
5513063,5513,116,4.5th Anniversary SSR引換券,1,[Dear Mr. C.B.]千明代表,1,2025-08-24 03:00:00,2050-08-01 14:59:59
5513064,5513,115,4.5th Anniversary SSR引換券,1,[乌菈菈的热情之歌♪]春乌菈菈,1,2025-08-24 03:00:00,2050-08-01 14:59:59
5513065,5513,114,4.5th Anniversary SSR引換券,1,[可爱的金兰之交们]生野狄杜斯,1,2025-08-24 03:00:00,2050-08-01 14:59:59
5513066,5513,113,4.5th Anniversary SSR引換券,1,[坏蛋，举起手来！]大树快车,1,2025-08-24 03:00:00,2050-08-01 14:59:59
5513067,5513,112,4.5th Anniversary SSR引換券,1,[光芒四射地奔跑吧∞]神鹰,1,2025-08-24 03:00:00,2050-08-01 14:59:59
5513068,5513,111,4.5th Anniversary SSR引換券,1,[待兼唐☆大冒险]待兼唐怀瑟,1,2025-08-24 03:00:00,2050-08-01 14:59:59
5513069,5513,110,4.5th Anniversary SSR引換券,1,[奔向理想的熏风]气槽,1,2025-08-24 03:00:00,2050-08-01 14:59:59
5513070,5513,109,4.5th Anniversary SSR引換券,1,[尊尚敬爱]聚于王座之人,1,2025-08-24 03:00:00,2050-08-01 14:59:59
5513071,5513,108,4.5th Anniversary SSR引換券,1,[小感伤预警♪]丸善斯基,1,2025-08-24 03:00:00,2050-08-01 14:59:59
5513072,5513,107,4.5th Anniversary SSR引換券,1,[听凭骰运]中山庆典,1,2025-08-24 03:00:00,2050-08-01 14:59:59
5513073,5513,106,4.5th Anniversary SSR引換券,1,[It's on the house.]曼城茶座,1,2025-08-24 03:00:00,2050-08-01 14:59:59
5513074,5513,105,4.5th Anniversary SSR引換券,1,[from the GROUND UP]明亮光晕,1,2025-08-24 03:00:00,2050-08-01 14:59:59
5513075,5513,104,4.5th Anniversary SSR引換券,1,[Q≠0]爱丽速子,1,2025-08-24 03:00:00,2050-08-01 14:59:59
5513076,5513,103,4.5th Anniversary SSR引換券,1,[帝王！王！王！！！]东海帝王,1,2025-08-24 03:00:00,2050-08-01 14:59:59
5513077,5513,102,4.5th Anniversary SSR引換券,1,[TT Ignition！]双涡轮,1,2025-08-24 03:00:00,2050-08-01 14:59:59
5513078,5513,101,4.5th Anniversary SSR引換券,1,[啊，华丽一族]第一红宝,1,2025-08-24 03:00:00,2050-08-01 14:59:59
5513079,5513,100,4.5th Anniversary SSR引換券,1,[月下小恶魔♪]目白善信,1,2025-08-24 03:00:00,2050-08-01 14:59:59
5513080,5513,99,4.5th Anniversary SSR引換券,1,[太阳小天使♪]大拓太阳神,1,2025-08-24 03:00:00,2050-08-01 14:59:59
5513081,5513,98,4.5th Anniversary SSR引換券,1,[A Win Foreshadowed]克里斯象征,1,2025-08-24 03:00:00,2050-08-01 14:59:59
5513082,5513,97,4.5th Anniversary SSR引換券,1,[奔跑吧，奔跑吧，奔跑吧！！]小栗帽,1,2025-08-24 03:00:00,2050-08-01 14:59:59
5513083,5513,96,4.5th Anniversary SSR引換券,1,[燃至天际的祈祷之火]八重无敌,1,2025-08-24 03:00:00,2050-08-01 14:59:59
5513084,5513,95,4.5th Anniversary SSR引換券,1,[Danke schön]荣进闪耀,1,2025-08-24 03:00:00,2050-08-01 14:59:59
5513085,5513,94,4.5th Anniversary SSR引換券,1,[GLAD TIDINGS]成田白仁,1,2025-08-24 03:00:00,2050-08-01 14:59:59
5513086,5513,93,4.5th Anniversary SSR引換券,1,[Are you merry？]气槽,1,2025-08-24 03:00:00,2050-08-01 14:59:59
5513087,5513,92,4.5th Anniversary SSR引換券,1,[化为那无人知晓的风]山人西风,1,2025-08-24 03:00:00,2050-08-01 14:59:59
5513088,5513,91,4.5th Anniversary SSR引換券,1,[平安喜乐寄于板羽球中]特别周,1,2025-08-24 03:00:00,2050-08-01 14:59:59
5513089,5513,90,4.5th Anniversary SSR引換券,1,[难以捉摸的绝世佳人]东商变革,1,2025-08-24 03:00:00,2050-08-01 14:59:59
5513090,5513,89,4.5th Anniversary SSR引換券,1,[To you]喜嘉奇迹,1,2025-08-24 03:00:00,2050-08-01 14:59:59
5513091,5513,88,4.5th Anniversary SSR引換券,1,[Marvelous☆巧克力盛宴]美丽周日,1,2025-08-24 03:00:00,2050-08-01 14:59:59
5513092,5513,87,4.5th Anniversary SSR引換券,1,[变身！侍者形态！]微光飞驹,1,2025-08-24 03:00:00,2050-08-01 14:59:59
5513093,5513,86,4.5th Anniversary SSR引換券,1,[璨烂]目白拉莫娜,1,2025-08-24 03:00:00,2050-08-01 14:59:59
5513094,5513,85,4.5th Anniversary SSR引換券,1,[迈向永恒的荣光]引领众人的始祖,1,2025-08-24 03:00:00,2050-08-01 14:59:59
5513095,5513,84,4.5th Anniversary SSR引換券,1,[此刻请不要闭眼]优秀素质,1,2025-08-24 03:00:00,2050-08-01 14:59:59
5513096,5513,83,4.5th Anniversary SSR引換券,1,[夜风掳心]目白麦昆,1,2025-08-24 03:00:00,2050-08-01 14:59:59
5513097,5513,82,4.5th Anniversary SSR引換券,1,[绝对皇帝]鲁道夫象征,1,2025-08-24 03:00:00,2050-08-01 14:59:59
5513098,5513,81,4.5th Anniversary SSR引換券,1,[任务“为内心补充营养”]美浦波旁,1,2025-08-24 03:00:00,2050-08-01 14:59:59
5513099,5513,80,4.5th Anniversary SSR引換券,1,[此刻，樱花烂漫]樱花桂冠,1,2025-08-24 03:00:00,2050-08-01 14:59:59
5513100,5513,79,4.5th Anniversary SSR引換券,1,[The frontier]森林宝袋,1,2025-08-24 03:00:00,2050-08-01 14:59:59
5513101,5513,78,4.5th Anniversary SSR引換券,1,[Something Blue]大和赤骥,1,2025-08-24 03:00:00,2050-08-01 14:59:59
5513102,5513,77,4.5th Anniversary SSR引換券,1,[与你定制的宝贵回忆]阿斯顿真弓,1,2025-08-24 03:00:00,2050-08-01 14:59:59
5513103,5513,76,4.5th Anniversary SSR引換券,1,[All'alba vincerò！]好歌剧,1,2025-08-24 03:00:00,2050-08-01 14:59:59
5513104,5513,75,4.5th Anniversary SSR引換券,1,[Chill chill night*]重炮,1,2025-08-24 03:00:00,2050-08-01 14:59:59
5513105,5513,74,4.5th Anniversary SSR引換券,1,[暖月]黄金城,1,2025-08-24 03:00:00,2050-08-01 14:59:59
5513106,5513,73,4.5th Anniversary SSR引換券,1,[宛如海鸥]目白善信,1,2025-08-24 03:00:00,2050-08-01 14:59:59
5513107,5513,72,4.5th Anniversary SSR引換券,1,[坚持一生的奇迹]奇锐骏,1,2025-08-24 03:00:00,2050-08-01 14:59:59
5513108,5513,71,4.5th Anniversary SSR引換券,1,[与你共赏的泡沫]曼城茶座,1,2025-08-24 03:00:00,2050-08-01 14:59:59
5513109,5513,70,4.5th Anniversary SSR引換券,1,[在这火热的夏天飞奔吧！]森林宝袋,1,2025-08-24 03:00:00,2050-08-01 14:59:59
5513110,5513,69,4.5th Anniversary SSR引換券,1,[黎明将至]佐岳鸣,1,2025-08-24 03:00:00,2050-08-01 14:59:59
5513111,5513,68,4.5th Anniversary SSR引換券,1,[志向远大，展翅高飞]神鹰,1,2025-08-24 03:00:00,2050-08-01 14:59:59
5513112,5513,67,4.5th Anniversary SSR引換券,1,[绽放于赛场的堇花]中山庆典,1,2025-08-24 03:00:00,2050-08-01 14:59:59
5513113,5513,66,4.5th Anniversary SSR引換券,1,[炎々、闘志を抱き]ヒシアマゾン,1,2025-08-24 03:00:00,2050-08-01 14:59:59
5513114,5513,65,4.5th Anniversary SSR引換券,1,[フォルトゥーナの喝采]タニノギムレット,1,2025-08-24 03:00:00,2050-08-01 14:59:59
5513115,5513,64,4.5th Anniversary SSR引換券,1,[高らかにYO-HO!]タップダンスシチー,1,2025-08-24 03:00:00,2050-08-01 14:59:59
5513116,5513,63,4.5th Anniversary SSR引換券,1,[波をかきわけ夢がゆく]ゴールドシップ,1,2025-08-24 03:00:00,2050-08-01 14:59:59
5513117,5513,62,4.5th Anniversary SSR引換券,1,[天より遣われし微笑み]ツルマルツヨシ,1,2025-08-24 03:00:00,2050-08-01 14:59:59
5513118,5513,61,4.5th Anniversary SSR引換券,1,[我が舞、巡りて]キングヘイロー,1,2025-08-24 03:00:00,2050-08-01 14:59:59
5513119,5513,60,4.5th Anniversary SSR引換券,1,[かっとばせー！ですわ！？]メジロマックイーン,1,2025-08-24 03:00:00,2050-08-01 14:59:59
5513120,5513,59,4.5th Anniversary SSR引換券,1,[大地と我らのアンサンブル]サウンズオブアース,1,2025-08-24 03:00:00,2050-08-01 14:59:59
5513121,5513,58,4.5th Anniversary SSR引換券,1,[聖夜、変わるために]メジロドーベル,1,2025-08-24 03:00:00,2050-08-01 14:59:59
5513122,5513,57,4.5th Anniversary SSR引換券,1,[冬溶かす熾火]メジロラモーヌ,1,2025-08-24 03:00:00,2050-08-01 14:59:59
5513123,5513,56,4.5th Anniversary SSR引換券,1,[会心のウイニングスマイル]ヴィブロス,1,2025-08-24 03:00:00,2050-08-01 14:59:59
5513124,5513,55,4.5th Anniversary SSR引換券,1,[血脈の胎動]ドゥラメンテ,1,2025-08-24 03:00:00,2050-08-01 14:59:59
5513125,5513,54,4.5th Anniversary SSR引換券,1,[百花の願いをこの胸に]サトノダイヤモンド,1,2025-08-24 03:00:00,2050-08-01 14:59:59
5513126,5513,53,4.5th Anniversary SSR引換券,1,[白い翼は舞い戻りて]ホッコータルマエ,1,2025-08-24 03:00:00,2050-08-01 14:59:59
5513127,5513,52,4.5th Anniversary SSR引換券,1,[小さな笑顔、2つ]ウイニングチケット,1,2025-08-24 03:00:00,2050-08-01 14:59:59
5513128,5513,51,4.5th Anniversary SSR引換券,1,[感謝感謝！サクラ吹雪！！]サクラバクシンオー,1,2025-08-24 03:00:00,2050-08-01 14:59:59
5513129,5513,50,4.5th Anniversary SSR引換券,1,[只、君臨す。]オルフェーヴル,1,2025-08-24 03:00:00,2050-08-01 14:59:59
5513130,5513,49,4.5th Anniversary SSR引換券,1,[共に描くキラメキ]都留岐涼花,1,2025-08-24 03:00:00,2050-08-01 14:59:59
5513131,5513,48,4.5th Anniversary SSR引換券,1,[Over the Ocean]シュヴァルグラン,1,2025-08-24 03:00:00,2050-08-01 14:59:59
5513132,5513,47,4.5th Anniversary SSR引換券,1,[白い鳥のアラベスク]ケイエスミラクル,1,2025-08-24 03:00:00,2050-08-01 14:59:59
5513133,5513,46,4.5th Anniversary SSR引換券,1,[浚いの風]ヤマニンゼファー,1,2025-08-24 03:00:00,2050-08-01 14:59:59
5513134,5513,45,4.5th Anniversary SSR引換券,1,[V.E.R.2285のあなたへ]ネオユニヴァース,1,2025-08-24 03:00:00,2050-08-01 14:59:59
5513135,5513,44,4.5th Anniversary SSR引換券,1,[わーく・あ・みらくる！]ヒシミラクル,1,2025-08-24 03:00:00,2050-08-01 14:59:59
5513136,5513,43,4.5th Anniversary SSR引換券,1,[Take Them Down!]ナリタタイシン,1,2025-08-24 03:00:00,2050-08-01 14:59:59
5513137,5513,42,4.5th Anniversary SSR引換券,1,[明日のライド・オン]ウオッカ,1,2025-08-24 03:00:00,2050-08-01 14:59:59
5513138,5513,41,4.5th Anniversary SSR引換券,1,[アルストロメリアの夢]ヴィブロス,1,2025-08-24 03:00:00,2050-08-01 14:59:59
5513139,5513,40,4.5th Anniversary SSR引換券,1,[幸福の匂いにまどろむ]セイウンスカイ,1,2025-08-24 03:00:00,2050-08-01 14:59:59
5513140,5513,39,4.5th Anniversary SSR引換券,1,[謹製ッ！特大夢にんじん！]秋川理事長,1,2025-08-24 03:00:00,2050-08-01 14:59:59
5513141,5513,38,4.5th Anniversary SSR引換券,1,[朝焼け苺の畑にて]ニシノフラワー,1,2025-08-24 03:00:00,2050-08-01 14:59:59
5513142,5513,37,4.5th Anniversary SSR引換券,1,[そして幕は上がる]ダンツフレーム,1,2025-08-24 03:00:00,2050-08-01 14:59:59
5513143,5513,36,4.5th Anniversary SSR引換券,1,[波間のオフショット]スマートファルコン,1,2025-08-24 03:00:00,2050-08-01 14:59:59
5513144,5513,35,4.5th Anniversary SSR引換券,1,[Lucky☆Summertime]コパノリッキー,1,2025-08-24 03:00:00,2050-08-01 14:59:59
5513145,5513,34,4.5th Anniversary SSR引換券,1,[歴史も美食も余すところなく]ファインモーション,1,2025-08-24 03:00:00,2050-08-01 14:59:59
5513146,5513,33,4.5th Anniversary SSR引換券,1,[Devilish Whispers]スティルインラブ,1,2025-08-24 03:00:00,2050-08-01 14:59:59
5513147,5513,32,4.5th Anniversary SSR引換券,1,[月下のSunshine]タイキシャトル,1,2025-08-24 03:00:00,2050-08-01 14:59:59
5513148,5513,31,4.5th Anniversary SSR引換券,1,[悩み事かい？ポニーちゃん]フジキセキ,1,2025-08-24 03:00:00,2050-08-01 14:59:59
5513149,5513,30,4.5th Anniversary SSR引換券,1,[KNOCK 'EM DOWN!]エスポワールシチー,1,2025-08-24 03:00:00,2050-08-01 14:59:59
5513150,5513,29,4.5th Anniversary SSR引換券,1,[牙を立て、リフレイン]ヒシアマゾン,1,2025-08-24 03:00:00,2050-08-01 14:59:59
5513151,5513,28,4.5th Anniversary SSR引換券,1,[咆哮のアポヤンド]ナリタブライアン,1,2025-08-24 03:00:00,2050-08-01 14:59:59
5513152,5513,27,4.5th Anniversary SSR引換券,1,[Cocoon]エアシャカール,1,2025-08-24 03:00:00,2050-08-01 14:59:59
5513153,5513,26,4.5th Anniversary SSR引換券,1,[緋色の君へ風が吹く]ダイワスカーレット,1,2025-08-24 03:00:00,2050-08-01 14:59:59
5513154,5513,25,4.5th Anniversary SSR引換券,1,[COOL⇔CRAZY/Buddy]シンボリクリスエス,1,2025-08-24 03:00:00,2050-08-01 14:59:59
5513155,5513,24,4.5th Anniversary SSR引換券,1,[【告知】新刊あります！]アグネスデジタル,1,2025-08-24 03:00:00,2050-08-01 14:59:59
5513156,5513,23,4.5th Anniversary SSR引換券,1,[不屈の遠吠え]メイショウドトウ,1,2025-08-24 03:00:00,2050-08-01 14:59:59
5513157,5513,22,4.5th Anniversary SSR引換券,1,[Blast Off!]ブラストワンピース,1,2025-08-24 03:00:00,2050-08-01 14:59:59
5513158,5513,21,4.5th Anniversary SSR引換券,1,[雲煙飛動]シンボリルドルフ,1,2025-08-24 03:00:00,2050-08-01 14:59:59
5513159,5513,20,4.5th Anniversary SSR引換券,1,[深窓の少女へ]メジロアルダン,1,2025-08-24 03:00:00,2050-08-01 14:59:59
5513160,5513,19,4.5th Anniversary SSR引換券,1,[飛び立つヴィーナス]シーキングザパール,1,2025-08-24 03:00:00,2050-08-01 14:59:59
5513161,5513,18,4.5th Anniversary SSR引換券,1,[Cutest in Ur ♡]カレンチャン,1,2025-08-24 03:00:00,2050-08-01 14:59:59
5513162,5513,17,4.5th Anniversary SSR引換券,1,[鉄の乙女も微笑んで]イクノディクタス,1,2025-08-24 03:00:00,2050-08-01 14:59:59
5513163,5513,16,4.5th Anniversary SSR引換券,1,[導きの光]伝説の体現者,1,2025-08-24 03:00:00,2050-08-01 14:59:59
5513164,5513,15,4.5th Anniversary SSR引換券,1,[世界を変える眼差し]アーモンドアイ,1,2025-08-24 03:00:00,2050-08-01 14:59:59
5513165,5513,14,4.5th Anniversary SSR引換券,1,[春、来たれり]メジロブライト,1,2025-08-24 03:00:00,2050-08-01 14:59:59
5513166,5513,13,4.5th Anniversary SSR引換券,1,[Ballroom Tempest]ウオッカ,1,2025-08-24 03:00:00,2050-08-01 14:59:59
5513167,5513,12,4.5th Anniversary SSR引換券,1,[誘うは夢心地]ドリームジャーニー,1,2025-08-24 03:00:00,2050-08-01 14:59:59
5513168,5513,11,4.5th Anniversary SSR引換券,1,[無垢の白妙]デアリングタクト,1,2025-08-24 03:00:00,2050-08-01 14:59:59
5513169,5513,10,4.5th Anniversary SSR引換券,1,[繋がれパレード・ノーツ♪]トランセンド,1,2025-08-24 03:00:00,2050-08-01 14:59:59
5513170,5513,9,4.5th Anniversary SSR引換券,1,[Luz de ensueño]ブエナビスタ,1,2025-08-24 03:00:00,2050-08-01 14:59:59
5513171,5513,8,4.5th Anniversary SSR引換券,1,[My Beloved Scenery]サイレンススズカ,1,2025-08-24 03:00:00,2050-08-01 14:59:59
5513172,5513,7,4.5th Anniversary SSR引換券,1,[Unveiled Dream]ラインクラフト,1,2025-08-24 03:00:00,2050-08-01 14:59:59
5513173,5513,6,4.5th Anniversary SSR引換券,1,[Blooming Buds]デアリングハート,1,2025-08-24 03:00:00,2050-08-01 14:59:59
5513174,5513,5,4.5th Anniversary SSR引換券,1,[白き稲妻の如く]タマモクロス,1,2025-08-24 03:00:00,2050-08-01 14:59:59
5513175,5513,4,4.5th Anniversary SSR引換券,1,[本能は吼えているか！？]タッカーブライン,1,2025-08-24 03:00:00,2050-08-01 14:59:59
5513176,5513,3,4.5th Anniversary SSR引換券,1,[瞳に闘志を胸に勝利の渇望を]メジロライアン,1,2025-08-24 03:00:00,2050-08-01 14:59:59
5513177,5513,2,4.5th Anniversary SSR引換券,1,[水面のプリンシパル]ウインバリアシオン,1,2025-08-24 03:00:00,2050-08-01 14:59:59
5513178,5513,1,4.5th Anniversary SSR引換券,1,[Tranquillo]ドゥラメンテ,1,2025-08-24 03:00:00,2050-08-01 14:59:59
5514001,5514,164,特別SSR引換券 第4R,1,[献上全国第一的演出]特别周,1,2025-10-29 03:00:00,2050-08-01 14:59:59
5514002,5514,163,特別SSR引換券 第4R,1,[在耀眼景色的前方]无声铃鹿,1,2025-10-29 03:00:00,2050-08-01 14:59:59
5514003,5514,162,特別SSR引換券 第4R,1,[有梦想就要大声说出来！]东海帝王,1,2025-10-29 03:00:00,2050-08-01 14:59:59
5514004,5514,161,特別SSR引換券 第4R,1,[不沉舰的进击]黄金船,1,2025-10-29 03:00:00,2050-08-01 14:59:59
5514005,5514,160,特別SSR引換券 第4R,1,[伏特加之路]伏特加,1,2025-10-29 03:00:00,2050-08-01 14:59:59
5514006,5514,159,特別SSR引換券 第4R,1,[万紫千红中一枝独秀]草上飞,1,2025-10-29 03:00:00,2050-08-01 14:59:59
5514007,5514,158,特別SSR引換券 第4R,1,[热情的冠军！]神鹰,1,2025-10-29 03:00:00,2050-08-01 14:59:59
5514008,5514,157,特別SSR引換券 第4R,1,[期待已久的计谋]青云天空,1,2025-10-29 03:00:00,2050-08-01 14:59:59
5514009,5514,156,特別SSR引換券 第4R,1,[划破天空的闪电少女！]玉藻十字,1,2025-10-29 03:00:00,2050-08-01 14:59:59
5514010,5514,155,特別SSR引換券 第4R,1,[全身心的感谢]美妙姿势,1,2025-10-29 03:00:00,2050-08-01 14:59:59
5514011,5514,154,特別SSR引換券 第4R,1,[飞奔吧，闪耀吧]艾尼风神,1,2025-10-29 03:00:00,2050-08-01 14:59:59
5514012,5514,153,特別SSR引換券 第4R,1,[B·N·Winner！]胜利奖券,1,2025-10-29 03:00:00,2050-08-01 14:59:59
5514013,5514,152,特別SSR引換券 第4R,1,[冲向前方7厘米之外]空中神宫,1,2025-10-29 03:00:00,2050-08-01 14:59:59
5514014,5514,151,特別SSR引換券 第4R,1,[Run（my）way]黄金城,1,2025-10-29 03:00:00,2050-08-01 14:59:59
5514015,5514,150,特別SSR引換券 第4R,1,[好快！好吃！好快！]樱花进王,1,2025-10-29 03:00:00,2050-08-01 14:59:59
5514016,5514,149,特別SSR引換券 第4R,1,[一颗安心糖]超级溪流,1,2025-10-29 03:00:00,2050-08-01 14:59:59
5514017,5514,148,特別SSR引換券 第4R,1,[这就是我的优俊偶像之道☆]醒目飞鹰,1,2025-10-29 03:00:00,2050-08-01 14:59:59
5514018,5514,147,特別SSR引換券 第4R,1,[哪怕还不能独当一面]西野花,1,2025-10-29 03:00:00,2050-08-01 14:59:59
5514019,5514,146,特別SSR引換券 第4R,1,[必杀技！双胡萝卜拳！]微光飞驹,1,2025-10-29 03:00:00,2050-08-01 14:59:59
5514020,5514,145,特別SSR引換券 第4R,1,[欢迎来到特雷森学园！]骏川手纲,1,2025-10-29 03:00:00,2050-08-01 14:59:59
5514021,5514,144,特別SSR引換券 第4R,1,[“要受人喜爱啊”]小栗帽,1,2025-10-29 03:00:00,2050-08-01 14:59:59
5514022,5514,143,特別SSR引換券 第4R,1,[涡轮引擎马力全开！]双涡轮,1,2025-10-29 03:00:00,2050-08-01 14:59:59
5514023,5514,142,特別SSR引換券 第4R,1,[尽管笑我傻吧]目白善信,1,2025-10-29 03:00:00,2050-08-01 14:59:59
5514024,5514,141,特別SSR引換券 第4R,1,[身后迫近的热浪是动力]北部玄驹,1,2025-10-29 03:00:00,2050-08-01 14:59:59
5514025,5514,140,特別SSR引換券 第4R,1,[超越那前方的背影]里见光钻,1,2025-10-29 03:00:00,2050-08-01 14:59:59
5514026,5514,139,特別SSR引換券 第4R,1,[由故乡直达的助威！]雪之美人,1,2025-10-29 03:00:00,2050-08-01 14:59:59
5514027,5514,138,特別SSR引換券 第4R,1,[心中的烈火无法抑制]八重无敌,1,2025-10-29 03:00:00,2050-08-01 14:59:59
5514028,5514,137,特別SSR引換券 第4R,1,[樱花盛开之时]樱花千代王,1,2025-10-29 03:00:00,2050-08-01 14:59:59
5514029,5514,136,特別SSR引換券 第4R,1,[身为新娘！]川上公主,1,2025-10-29 03:00:00,2050-08-01 14:59:59
5514030,5514,135,特別SSR引換券 第4R,1,[请品尝第一口！]菱曙,1,2025-10-29 03:00:00,2050-08-01 14:59:59
5514031,5514,134,特別SSR引換券 第4R,1,[Head-on fight！]青竹回忆,1,2025-10-29 03:00:00,2050-08-01 14:59:59
5514032,5514,133,特別SSR引換券 第4R,1,[明天全国都会染红吧♪]青云天空,1,2025-10-29 03:00:00,2050-08-01 14:59:59
5514033,5514,132,特別SSR引換券 第4R,1,[起舞今宵]帝王光辉,1,2025-10-29 03:00:00,2050-08-01 14:59:59
5514034,5514,131,特別SSR引換券 第4R,1,[爽快！决胜一击！]目白莱恩,1,2025-10-29 03:00:00,2050-08-01 14:59:59
5514035,5514,130,特別SSR引換券 第4R,1,[独享冰凉？]东商变革,1,2025-10-29 03:00:00,2050-08-01 14:59:59
5514036,5514,129,特別SSR引換券 第4R,1,[全力嬉闹！]胜利奖券,1,2025-10-29 03:00:00,2050-08-01 14:59:59
5514037,5514,128,特別SSR引換券 第4R,1,[即使满身泥土，也要追逐梦想]优秀素质,1,2025-10-29 03:00:00,2050-08-01 14:59:59
5514038,5514,127,特別SSR引換券 第4R,1,[幸福就在转角后]米浴,1,2025-10-29 03:00:00,2050-08-01 14:59:59
5514039,5514,126,特別SSR引換券 第4R,1,[彻底管理主义]㭴本理子,1,2025-10-29 03:00:00,2050-08-01 14:59:59
5514040,5514,125,特別SSR引換券 第4R,1,[内心双脚皆温暖]生野狄杜斯,1,2025-10-29 03:00:00,2050-08-01 14:59:59
5514041,5514,124,特別SSR引換券 第4R,1,[大闹万圣夜！]玉藻十字,1,2025-10-29 03:00:00,2050-08-01 14:59:59
5514042,5514,123,特別SSR引換券 第4R,1,[被授予魔力的英雄]荒漠英雄,1,2025-10-29 03:00:00,2050-08-01 14:59:59
5514043,5514,122,特別SSR引換券 第4R,1,[43、8、1]中山庆典,1,2025-10-29 03:00:00,2050-08-01 14:59:59
5514044,5514,121,特別SSR引換券 第4R,1,[可爱的你，美丽的你]真机伶,1,2025-10-29 03:00:00,2050-08-01 14:59:59
5514045,5514,120,特別SSR引換券 第4R,1,[鸣箭嗤天]成田白仁,1,2025-10-29 03:00:00,2050-08-01 14:59:59
5514046,5514,119,特別SSR引換券 第4R,1,[舞动吧·躁动吧·狂欢吧！]大拓太阳神,1,2025-10-29 03:00:00,2050-08-01 14:59:59
5514047,5514,118,特別SSR引換券 第4R,1,[队形：PARTY]重炮,1,2025-10-29 03:00:00,2050-08-01 14:59:59
5514048,5514,117,特別SSR引換券 第4R,1,[倔强的集市]成田大进,1,2025-10-29 03:00:00,2050-08-01 14:59:59
5514049,5514,116,特別SSR引換券 第4R,1,[独奏·螺旋卡农]曼城茶座,1,2025-10-29 03:00:00,2050-08-01 14:59:59
5514050,5514,115,特別SSR引換券 第4R,1,[夜有黎明，天有祥星]爱慕织姬,1,2025-10-29 03:00:00,2050-08-01 14:59:59
5514051,5514,114,特別SSR引換券 第4R,1,[萍水相逢即是福♪]待兼福来,1,2025-10-29 03:00:00,2050-08-01 14:59:59
5514052,5514,113,特別SSR引換券 第4R,1,[要不赶紧扎一针？]安心泽刺刺美,1,2025-10-29 03:00:00,2050-08-01 14:59:59
5514053,5514,112,特別SSR引換券 第4R,1,[饱含心意的纸杯蛋糕]西野花,1,2025-10-29 03:00:00,2050-08-01 14:59:59
5514054,5514,111,特別SSR引換券 第4R,1,[极快！最快！花之风暴！]樱花进王,1,2025-10-29 03:00:00,2050-08-01 14:59:59
5514055,5514,110,特別SSR引換券 第4R,1,[“存在”于此的幸福]爱丽数码,1,2025-10-29 03:00:00,2050-08-01 14:59:59
5514056,5514,109,特別SSR引換券 第4R,1,[粉色背影]成田路,1,2025-10-29 03:00:00,2050-08-01 14:59:59
5514057,5514,108,特別SSR引換券 第4R,1,[让世界更加☆marvelous]美丽周日,1,2025-10-29 03:00:00,2050-08-01 14:59:59
5514058,5514,107,特別SSR引換券 第4R,1,[Enchaînement]鲁道夫象征,1,2025-10-29 03:00:00,2050-08-01 14:59:59
5514059,5514,106,特別SSR引換券 第4R,1,[Escorte étoile]天狼星象征,1,2025-10-29 03:00:00,2050-08-01 14:59:59
5514060,5514,105,特別SSR引換券 第4R,1,[Outfit as No.1]大和赤骥,1,2025-10-29 03:00:00,2050-08-01 14:59:59
5514061,5514,104,特別SSR引換券 第4R,1,[收下这份鼓励吧！]青竹回忆,1,2025-10-29 03:00:00,2050-08-01 14:59:59
5514062,5514,103,特別SSR引換券 第4R,1,[那声加油改变了世界]采珠,1,2025-10-29 03:00:00,2050-08-01 14:59:59
5514063,5514,102,特別SSR引換券 第4R,1,[Dear Mr. C.B.]千明代表,1,2025-10-29 03:00:00,2050-08-01 14:59:59
5514064,5514,101,特別SSR引換券 第4R,1,[乌菈菈的热情之歌♪]春乌菈菈,1,2025-10-29 03:00:00,2050-08-01 14:59:59
5514065,5514,100,特別SSR引換券 第4R,1,[可爱的金兰之交们]生野狄杜斯,1,2025-10-29 03:00:00,2050-08-01 14:59:59
5514066,5514,99,特別SSR引換券 第4R,1,[坏蛋，举起手来！]大树快车,1,2025-10-29 03:00:00,2050-08-01 14:59:59
5514067,5514,98,特別SSR引換券 第4R,1,[光芒四射地奔跑吧∞]神鹰,1,2025-10-29 03:00:00,2050-08-01 14:59:59
5514068,5514,97,特別SSR引換券 第4R,1,[待兼唐☆大冒险]待兼唐怀瑟,1,2025-10-29 03:00:00,2050-08-01 14:59:59
5514069,5514,96,特別SSR引換券 第4R,1,[奔向理想的熏风]气槽,1,2025-10-29 03:00:00,2050-08-01 14:59:59
5514070,5514,95,特別SSR引換券 第4R,1,[尊尚敬爱]聚于王座之人,1,2025-10-29 03:00:00,2050-08-01 14:59:59
5514071,5514,94,特別SSR引換券 第4R,1,[小感伤预警♪]丸善斯基,1,2025-10-29 03:00:00,2050-08-01 14:59:59
5514072,5514,93,特別SSR引換券 第4R,1,[听凭骰运]中山庆典,1,2025-10-29 03:00:00,2050-08-01 14:59:59
5514073,5514,92,特別SSR引換券 第4R,1,[It's on the house.]曼城茶座,1,2025-10-29 03:00:00,2050-08-01 14:59:59
5514074,5514,91,特別SSR引換券 第4R,1,[from the GROUND UP]明亮光晕,1,2025-10-29 03:00:00,2050-08-01 14:59:59
5514075,5514,90,特別SSR引換券 第4R,1,[Q≠0]爱丽速子,1,2025-10-29 03:00:00,2050-08-01 14:59:59
5514076,5514,89,特別SSR引換券 第4R,1,[帝王！王！王！！！]东海帝王,1,2025-10-29 03:00:00,2050-08-01 14:59:59
5514077,5514,88,特別SSR引換券 第4R,1,[TT Ignition！]双涡轮,1,2025-10-29 03:00:00,2050-08-01 14:59:59
5514078,5514,87,特別SSR引換券 第4R,1,[啊，华丽一族]第一红宝,1,2025-10-29 03:00:00,2050-08-01 14:59:59
5514079,5514,86,特別SSR引換券 第4R,1,[月下小恶魔♪]目白善信,1,2025-10-29 03:00:00,2050-08-01 14:59:59
5514080,5514,85,特別SSR引換券 第4R,1,[太阳小天使♪]大拓太阳神,1,2025-10-29 03:00:00,2050-08-01 14:59:59
5514081,5514,84,特別SSR引換券 第4R,1,[A Win Foreshadowed]克里斯象征,1,2025-10-29 03:00:00,2050-08-01 14:59:59
5514082,5514,83,特別SSR引換券 第4R,1,[奔跑吧，奔跑吧，奔跑吧！！]小栗帽,1,2025-10-29 03:00:00,2050-08-01 14:59:59
5514083,5514,82,特別SSR引換券 第4R,1,[燃至天际的祈祷之火]八重无敌,1,2025-10-29 03:00:00,2050-08-01 14:59:59
5514084,5514,81,特別SSR引換券 第4R,1,[Danke schön]荣进闪耀,1,2025-10-29 03:00:00,2050-08-01 14:59:59
5514085,5514,80,特別SSR引換券 第4R,1,[GLAD TIDINGS]成田白仁,1,2025-10-29 03:00:00,2050-08-01 14:59:59
5514086,5514,79,特別SSR引換券 第4R,1,[Are you merry？]气槽,1,2025-10-29 03:00:00,2050-08-01 14:59:59
5514087,5514,78,特別SSR引換券 第4R,1,[化为那无人知晓的风]山人西风,1,2025-10-29 03:00:00,2050-08-01 14:59:59
5514088,5514,77,特別SSR引換券 第4R,1,[平安喜乐寄于板羽球中]特别周,1,2025-10-29 03:00:00,2050-08-01 14:59:59
5514089,5514,76,特別SSR引換券 第4R,1,[难以捉摸的绝世佳人]东商变革,1,2025-10-29 03:00:00,2050-08-01 14:59:59
5514090,5514,75,特別SSR引換券 第4R,1,[To you]喜嘉奇迹,1,2025-10-29 03:00:00,2050-08-01 14:59:59
5514091,5514,74,特別SSR引換券 第4R,1,[Marvelous☆巧克力盛宴]美丽周日,1,2025-10-29 03:00:00,2050-08-01 14:59:59
5514092,5514,73,特別SSR引換券 第4R,1,[变身！侍者形态！]微光飞驹,1,2025-10-29 03:00:00,2050-08-01 14:59:59
5514093,5514,72,特別SSR引換券 第4R,1,[璨烂]目白拉莫娜,1,2025-10-29 03:00:00,2050-08-01 14:59:59
5514094,5514,71,特別SSR引換券 第4R,1,[迈向永恒的荣光]引领众人的始祖,1,2025-10-29 03:00:00,2050-08-01 14:59:59
5514095,5514,70,特別SSR引換券 第4R,1,[此刻请不要闭眼]优秀素质,1,2025-10-29 03:00:00,2050-08-01 14:59:59
5514096,5514,69,特別SSR引換券 第4R,1,[夜风掳心]目白麦昆,1,2025-10-29 03:00:00,2050-08-01 14:59:59
5514097,5514,68,特別SSR引換券 第4R,1,[绝对皇帝]鲁道夫象征,1,2025-10-29 03:00:00,2050-08-01 14:59:59
5514098,5514,67,特別SSR引換券 第4R,1,[任务“为内心补充营养”]美浦波旁,1,2025-10-29 03:00:00,2050-08-01 14:59:59
5514099,5514,66,特別SSR引換券 第4R,1,[此刻，樱花烂漫]樱花桂冠,1,2025-10-29 03:00:00,2050-08-01 14:59:59
5514100,5514,65,特別SSR引換券 第4R,1,[The frontier]森林宝袋,1,2025-10-29 03:00:00,2050-08-01 14:59:59
5514101,5514,64,特別SSR引換券 第4R,1,[Something Blue]大和赤骥,1,2025-10-29 03:00:00,2050-08-01 14:59:59
5514102,5514,63,特別SSR引換券 第4R,1,[与你定制的宝贵回忆]阿斯顿真弓,1,2025-10-29 03:00:00,2050-08-01 14:59:59
5514103,5514,62,特別SSR引換券 第4R,1,[All'alba vincerò！]好歌剧,1,2025-10-29 03:00:00,2050-08-01 14:59:59
5514104,5514,61,特別SSR引換券 第4R,1,[Chill chill night*]重炮,1,2025-10-29 03:00:00,2050-08-01 14:59:59
5514105,5514,60,特別SSR引換券 第4R,1,[暖月]黄金城,1,2025-10-29 03:00:00,2050-08-01 14:59:59
5514106,5514,59,特別SSR引換券 第4R,1,[宛如海鸥]目白善信,1,2025-10-29 03:00:00,2050-08-01 14:59:59
5514107,5514,58,特別SSR引換券 第4R,1,[坚持一生的奇迹]奇锐骏,1,2025-10-29 03:00:00,2050-08-01 14:59:59
5514108,5514,57,特別SSR引換券 第4R,1,[与你共赏的泡沫]曼城茶座,1,2025-10-29 03:00:00,2050-08-01 14:59:59
5514109,5514,56,特別SSR引換券 第4R,1,[在这火热的夏天飞奔吧！]森林宝袋,1,2025-10-29 03:00:00,2050-08-01 14:59:59
5514110,5514,55,特別SSR引換券 第4R,1,[黎明将至]佐岳鸣,1,2025-10-29 03:00:00,2050-08-01 14:59:59
5514111,5514,54,特別SSR引換券 第4R,1,[志向远大，展翅高飞]神鹰,1,2025-10-29 03:00:00,2050-08-01 14:59:59
5514112,5514,53,特別SSR引換券 第4R,1,[绽放于赛场的堇花]中山庆典,1,2025-10-29 03:00:00,2050-08-01 14:59:59
5514113,5514,52,特別SSR引換券 第4R,1,[炎々、闘志を抱き]ヒシアマゾン,1,2025-10-29 03:00:00,2050-08-01 14:59:59
5514114,5514,51,特別SSR引換券 第4R,1,[フォルトゥーナの喝采]タニノギムレット,1,2025-10-29 03:00:00,2050-08-01 14:59:59
5514115,5514,50,特別SSR引換券 第4R,1,[高らかにYO-HO!]タップダンスシチー,1,2025-10-29 03:00:00,2050-08-01 14:59:59
5514116,5514,49,特別SSR引換券 第4R,1,[波をかきわけ夢がゆく]ゴールドシップ,1,2025-10-29 03:00:00,2050-08-01 14:59:59
5514117,5514,48,特別SSR引換券 第4R,1,[天より遣われし微笑み]ツルマルツヨシ,1,2025-10-29 03:00:00,2050-08-01 14:59:59
5514118,5514,47,特別SSR引換券 第4R,1,[我が舞、巡りて]キングヘイロー,1,2025-10-29 03:00:00,2050-08-01 14:59:59
5514119,5514,46,特別SSR引換券 第4R,1,[かっとばせー！ですわ！？]メジロマックイーン,1,2025-10-29 03:00:00,2050-08-01 14:59:59
5514120,5514,45,特別SSR引換券 第4R,1,[大地と我らのアンサンブル]サウンズオブアース,1,2025-10-29 03:00:00,2050-08-01 14:59:59
5514121,5514,44,特別SSR引換券 第4R,1,[聖夜、変わるために]メジロドーベル,1,2025-10-29 03:00:00,2050-08-01 14:59:59
5514122,5514,43,特別SSR引換券 第4R,1,[冬溶かす熾火]メジロラモーヌ,1,2025-10-29 03:00:00,2050-08-01 14:59:59
5514123,5514,42,特別SSR引換券 第4R,1,[会心のウイニングスマイル]ヴィブロス,1,2025-10-29 03:00:00,2050-08-01 14:59:59
5514124,5514,41,特別SSR引換券 第4R,1,[血脈の胎動]ドゥラメンテ,1,2025-10-29 03:00:00,2050-08-01 14:59:59
5514125,5514,40,特別SSR引換券 第4R,1,[百花の願いをこの胸に]サトノダイヤモンド,1,2025-10-29 03:00:00,2050-08-01 14:59:59
5514126,5514,39,特別SSR引換券 第4R,1,[白い翼は舞い戻りて]ホッコータルマエ,1,2025-10-29 03:00:00,2050-08-01 14:59:59
5514127,5514,38,特別SSR引換券 第4R,1,[小さな笑顔、2つ]ウイニングチケット,1,2025-10-29 03:00:00,2050-08-01 14:59:59
5514128,5514,37,特別SSR引換券 第4R,1,[感謝感謝！サクラ吹雪！！]サクラバクシンオー,1,2025-10-29 03:00:00,2050-08-01 14:59:59
5514129,5514,36,特別SSR引換券 第4R,1,[只、君臨す。]オルフェーヴル,1,2025-10-29 03:00:00,2050-08-01 14:59:59
5514130,5514,35,特別SSR引換券 第4R,1,[共に描くキラメキ]都留岐涼花,1,2025-10-29 03:00:00,2050-08-01 14:59:59
5514131,5514,34,特別SSR引換券 第4R,1,[Over the Ocean]シュヴァルグラン,1,2025-10-29 03:00:00,2050-08-01 14:59:59
5514132,5514,33,特別SSR引換券 第4R,1,[白い鳥のアラベスク]ケイエスミラクル,1,2025-10-29 03:00:00,2050-08-01 14:59:59
5514133,5514,32,特別SSR引換券 第4R,1,[浚いの風]ヤマニンゼファー,1,2025-10-29 03:00:00,2050-08-01 14:59:59
5514134,5514,31,特別SSR引換券 第4R,1,[V.E.R.2285のあなたへ]ネオユニヴァース,1,2025-10-29 03:00:00,2050-08-01 14:59:59
5514135,5514,30,特別SSR引換券 第4R,1,[わーく・あ・みらくる！]ヒシミラクル,1,2025-10-29 03:00:00,2050-08-01 14:59:59
5514136,5514,29,特別SSR引換券 第4R,1,[Take Them Down!]ナリタタイシン,1,2025-10-29 03:00:00,2050-08-01 14:59:59
5514137,5514,28,特別SSR引換券 第4R,1,[明日のライド・オン]ウオッカ,1,2025-10-29 03:00:00,2050-08-01 14:59:59
5514138,5514,27,特別SSR引換券 第4R,1,[アルストロメリアの夢]ヴィブロス,1,2025-10-29 03:00:00,2050-08-01 14:59:59
5514139,5514,26,特別SSR引換券 第4R,1,[幸福の匂いにまどろむ]セイウンスカイ,1,2025-10-29 03:00:00,2050-08-01 14:59:59
5514140,5514,25,特別SSR引換券 第4R,1,[謹製ッ！特大夢にんじん！]秋川理事長,1,2025-10-29 03:00:00,2050-08-01 14:59:59
5514141,5514,24,特別SSR引換券 第4R,1,[朝焼け苺の畑にて]ニシノフラワー,1,2025-10-29 03:00:00,2050-08-01 14:59:59
5514142,5514,23,特別SSR引換券 第4R,1,[そして幕は上がる]ダンツフレーム,1,2025-10-29 03:00:00,2050-08-01 14:59:59
5514143,5514,22,特別SSR引換券 第4R,1,[波間のオフショット]スマートファルコン,1,2025-10-29 03:00:00,2050-08-01 14:59:59
5514144,5514,21,特別SSR引換券 第4R,1,[Lucky☆Summertime]コパノリッキー,1,2025-10-29 03:00:00,2050-08-01 14:59:59
5514145,5514,20,特別SSR引換券 第4R,1,[歴史も美食も余すところなく]ファインモーション,1,2025-10-29 03:00:00,2050-08-01 14:59:59
5514146,5514,19,特別SSR引換券 第4R,1,[Devilish Whispers]スティルインラブ,1,2025-10-29 03:00:00,2050-08-01 14:59:59
5514147,5514,18,特別SSR引換券 第4R,1,[月下のSunshine]タイキシャトル,1,2025-10-29 03:00:00,2050-08-01 14:59:59
5514148,5514,17,特別SSR引換券 第4R,1,[悩み事かい？ポニーちゃん]フジキセキ,1,2025-10-29 03:00:00,2050-08-01 14:59:59
5514149,5514,16,特別SSR引換券 第4R,1,[KNOCK 'EM DOWN!]エスポワールシチー,1,2025-10-29 03:00:00,2050-08-01 14:59:59
5514150,5514,15,特別SSR引換券 第4R,1,[牙を立て、リフレイン]ヒシアマゾン,1,2025-10-29 03:00:00,2050-08-01 14:59:59
5514151,5514,14,特別SSR引換券 第4R,1,[咆哮のアポヤンド]ナリタブライアン,1,2025-10-29 03:00:00,2050-08-01 14:59:59
5514152,5514,13,特別SSR引換券 第4R,1,[Cocoon]エアシャカール,1,2025-10-29 03:00:00,2050-08-01 14:59:59
5514153,5514,12,特別SSR引換券 第4R,1,[緋色の君へ風が吹く]ダイワスカーレット,1,2025-10-29 03:00:00,2050-08-01 14:59:59
5514154,5514,11,特別SSR引換券 第4R,1,[COOL⇔CRAZY/Buddy]シンボリクリスエス,1,2025-10-29 03:00:00,2050-08-01 14:59:59
5514155,5514,10,特別SSR引換券 第4R,1,[【告知】新刊あります！]アグネスデジタル,1,2025-10-29 03:00:00,2050-08-01 14:59:59
5514156,5514,9,特別SSR引換券 第4R,1,[不屈の遠吠え]メイショウドトウ,1,2025-10-29 03:00:00,2050-08-01 14:59:59
5514157,5514,8,特別SSR引換券 第4R,1,[Blast Off!]ブラストワンピース,1,2025-10-29 03:00:00,2050-08-01 14:59:59
5514158,5514,7,特別SSR引換券 第4R,1,[雲煙飛動]シンボリルドルフ,1,2025-10-29 03:00:00,2050-08-01 14:59:59
5514159,5514,6,特別SSR引換券 第4R,1,[深窓の少女へ]メジロアルダン,1,2025-10-29 03:00:00,2050-08-01 14:59:59
5514160,5514,5,特別SSR引換券 第4R,1,[飛び立つヴィーナス]シーキングザパール,1,2025-10-29 03:00:00,2050-08-01 14:59:59
5514161,5514,4,特別SSR引換券 第4R,1,[Cutest in Ur ♡]カレンチャン,1,2025-10-29 03:00:00,2050-08-01 14:59:59
5514162,5514,3,特別SSR引換券 第4R,1,[鉄の乙女も微笑んで]イクノディクタス,1,2025-10-29 03:00:00,2050-08-01 14:59:59
5514163,5514,2,特別SSR引換券 第4R,1,[天才的ユートピア]トウカイテイオー,1,2025-10-29 03:00:00,2050-08-01 14:59:59
5514164,5514,1,特別SSR引換券 第4R,1,[ゆるり、ゆこま旅館]保科健子,1,2025-10-29 03:00:00,2050-08-01 14:59:59
16000001,16000,1,彩虹解锁结晶,1,Item_-1,1,2025-10-06 15:00:00,2050-08-01 14:59:59
16001001,16001,1,金解锁结晶,1,Item_-1,1,2025-10-06 15:00:00,2050-08-01 14:59:59
60000101,6000,0,回忆书签,1,Item_0,1,2023-09-04 02:00:00,2050-08-01 14:59:59
60000201,6000,0,回忆书签,1,Item_0,1,2023-09-04 02:00:00,2050-08-01 14:59:59
60000301,6000,0,回忆书签,1,Item_0,1,2023-09-04 02:00:00,2050-08-01 14:59:59
60000401,6000,0,回忆书签,1,Item_0,1,2023-09-04 02:00:00,2050-08-01 14:59:59
60000501,6000,0,回忆书签,1,Item_0,1,2023-09-04 02:00:00,2050-08-01 14:59:59
60000601,6000,0,回忆书签,1,Item_0,1,2023-09-04 02:00:00,2050-08-01 14:59:59
60000701,6000,0,回忆书签,1,Item_0,1,2023-09-04 02:00:00,2050-08-01 14:59:59
60000801,6000,0,回忆书签,1,Item_0,1,2023-09-04 02:00:00,2050-08-01 14:59:59
60000901,6000,0,回忆书签,1,Item_0,1,2023-09-04 02:00:00,2050-08-01 14:59:59
60001001,6000,0,回忆书签,1,Item_0,1,2023-09-04 02:00:00,2050-08-01 14:59:59
60001101,6000,0,回忆书签,1,Item_0,1,2023-09-04 02:00:00,2050-08-01 14:59:59
60001201,6000,0,回忆书签,1,Item_0,1,2023-09-04 02:00:00,2050-08-01 14:59:59
60001301,6000,0,回忆书签,1,Item_0,1,2023-09-04 02:00:00,2050-08-01 14:59:59
60001401,6000,0,回忆书签,1,Item_0,1,2023-09-04 02:00:00,2050-08-01 14:59:59
60001501,6000,0,回忆书签,1,Item_0,1,2023-09-04 02:00:00,2050-08-01 14:59:59
60001601,6000,0,回忆书签,1,Item_0,1,2023-09-04 02:00:00,2050-08-01 14:59:59
60001701,6000,0,回忆书签,1,Item_0,1,2023-09-04 02:00:00,2050-08-01 14:59:59
60001801,6000,0,回忆书签,1,Item_0,1,2023-09-29 02:00:00,2050-08-01 14:59:59
60001901,6000,0,回忆书签,1,Item_0,1,2023-10-30 02:00:00,2050-08-01 14:59:59
60002001,6000,0,回忆书签,1,Item_0,1,2023-11-30 02:00:00,2050-08-01 14:59:59
60002101,6000,0,回忆书签,1,Item_0,1,2023-12-28 02:00:00,2050-08-01 14:59:59
60002201,6000,0,回忆书签,1,Item_0,1,2024-01-31 02:00:00,2050-08-01 14:59:59
60002301,6000,0,回忆书签,1,Item_0,1,2024-02-24 02:00:00,2050-08-01 14:59:59
60002401,6000,0,回忆书签,1,Item_0,1,2024-03-29 02:00:00,2050-08-01 14:59:59
60002501,6000,0,回忆书签,1,Item_0,1,2024-04-30 02:00:00,2050-08-01 14:59:59
60002601,6000,0,回忆书签,1,Item_0,1,2024-05-30 02:00:00,2050-08-01 14:59:59
60002701,6000,0,回忆书签,1,Item_0,1,2024-06-26 02:00:00,2050-08-01 14:59:59
60002801,6000,0,回忆书签,1,Item_0,1,2024-07-29 02:00:00,2050-08-01 14:59:59
60002901,6000,0,回忆书签,1,Item_0,1,2024-09-30 02:00:00,2050-08-01 14:59:59
60003001,6000,0,回忆书签,1,Item_0,1,2024-10-29 02:00:00,2050-08-01 14:59:59
60003101,6000,0,回忆书签,1,Item_0,1,2024-11-28 02:00:00,2050-08-01 14:59:59
60003201,6000,0,回忆书签,1,Item_0,1,2024-12-27 02:00:00,2050-08-01 14:59:59
60003301,6000,0,回忆书签,1,Item_0,1,2025-01-31 02:00:00,2050-08-01 14:59:59
60003401,6000,0,回忆书签,1,Item_0,1,2025-03-31 02:00:00,2050-08-01 14:59:59
60003501,6000,0,回忆书签,1,Item_0,1,2025-04-30 02:00:00,2050-08-01 14:59:59
60003601,6000,0,回忆书签,1,Item_0,1,2025-05-30 02:00:00,2050-08-01 14:59:59
60003701,6000,0,回忆书签,1,Item_0,1,2025-07-31 02:00:00,2050-08-01 14:59:59
60003801,6000,0,回忆书签,1,Item_0,1,2025-08-29 02:00:00,2050-08-01 14:59:59
60003901,6000,0,回忆书签,1,Item_0,1,2025-09-29 02:00:00,2050-08-01 14:59:59
130001001,13000,1001,协助卡兑换券,10,[身后迫近的热浪是动力]北部玄驹,1,2024-02-24 03:00:00,2050-08-01 14:59:59
130001002,13000,1002,协助卡兑换券,10,[必杀技！双胡萝卜拳！]微光飞驹,1,2024-02-24 03:00:00,2050-08-01 14:59:59
130001003,13000,1003,协助卡兑换券,10,[被授予魔力的英雄]荒漠英雄,1,2024-02-24 03:00:00,2050-08-01 14:59:59
130001004,13000,1004,协助卡兑换券,10,[萍水相逢即是福♪]待兼福来,1,2024-06-26 03:00:00,2050-08-01 14:59:59
130001005,13000,1005,协助卡兑换券,10,[队形：PARTY]重炮,1,2024-10-29 03:00:00,2050-08-01 14:59:59
130001006,13000,1006,协助卡兑换券,10,[小感伤预警♪]丸善斯基,1,2025-02-24 03:00:00,2050-08-01 14:59:59
130001007,13000,1007,协助卡兑换券,10,[The frontier]森林宝袋,1,2025-06-27 03:00:00,2050-08-01 14:59:59
130001008,13000,1008,协助卡兑换券,10,[Marvelous☆巧克力盛宴]美丽周日,1,2025-10-29 03:00:00,2050-08-01 14:59:59
130002001,13000,2001,协助卡兑换券,10,[超越那前方的背影]里见光钻,1,2024-02-24 03:00:00,2050-08-01 14:59:59
130002002,13000,2002,协助卡兑换券,10,[独奏·螺旋卡农]曼城茶座,1,2024-02-24 03:00:00,2050-08-01 14:59:59
130002003,13000,2003,协助卡兑换券,10,[43、8、1]中山庆典,1,2024-02-24 03:00:00,2050-08-01 14:59:59
130002004,13000,2004,协助卡兑换券,10,[一颗安心糖]超级溪流,1,2025-02-24 03:00:00,2050-08-01 14:59:59
130002005,13000,2005,协助卡兑换券,10,[月下小恶魔♪]目白善信,1,2025-06-27 03:00:00,2050-08-01 14:59:59
130002006,13000,2006,协助卡兑换券,10,[夜风掳心]目白麦昆,1,2025-10-29 03:00:00,2050-08-01 14:59:59
130003001,13000,3001,协助卡兑换券,10,[伏特加之路]伏特加,1,2024-02-24 03:00:00,2050-08-01 14:59:59
130003002,13000,3002,协助卡兑换券,10,[舞动吧·躁动吧·狂欢吧！]大拓太阳神,1,2024-02-24 03:00:00,2050-08-01 14:59:59
130003003,13000,3003,协助卡兑换券,10,[夜有黎明，天有祥星]爱慕织姬,1,2024-02-24 03:00:00,2050-08-01 14:59:59
130003004,13000,3004,协助卡兑换券,10,[幸福就在转角后]米浴,1,2024-10-29 03:00:00,2050-08-01 14:59:59
130003005,13000,3005,协助卡兑换券,10,[啊，华丽一族]第一红宝,1,2025-02-24 03:00:00,2050-08-01 14:59:59
130003006,13000,3006,协助卡兑换券,10,[坚持一生的奇迹]奇锐骏,1,2025-10-29 03:00:00,2050-08-01 14:59:59
130004001,13000,4001,协助卡兑换券,10,[飞奔吧，闪耀吧]艾尼风神,1,2024-02-24 03:00:00,2050-08-01 14:59:59
130004002,13000,4002,协助卡兑换券,10,[献上全国第一的演出]特别周,1,2024-02-24 03:00:00,2050-08-01 14:59:59
130004003,13000,4003,协助卡兑换券,10,[内心双脚皆温暖]生野狄杜斯,1,2024-02-24 03:00:00,2050-08-01 14:59:59
130004004,13000,4004,协助卡兑换券,10,[化为那无人知晓的风]山人西风,1,2025-02-24 03:00:00,2050-08-01 14:59:59
130005001,13000,5001,协助卡兑换券,10,[全身心的感谢]美妙姿势,1,2024-02-24 03:00:00,2050-08-01 14:59:59
130005002,13000,5002,协助卡兑换券,10,[即使满身泥土，也要追逐梦想]优秀素质,1,2024-02-24 03:00:00,2050-08-01 14:59:59
130005003,13000,5003,协助卡兑换券,10,[可爱的你，美丽的你]真机伶,1,2024-02-24 03:00:00,2050-08-01 14:59:59
130005004,13000,5004,协助卡兑换券,10,[Dear Mr. C.B.]千明代表,1,2024-06-26 03:00:00,2050-08-01 14:59:59
130005005,13000,5005,协助卡兑换券,10,[奔跑吧，奔跑吧，奔跑吧！！]小栗帽,1,2025-02-24 03:00:00,2050-08-01 14:59:59
130005006,13000,5006,协助卡兑换券,10,[All'alba vincerò！]好歌剧,1,2025-06-27 03:00:00,2050-08-01 14:59:59
