disp_order,item_id,start_date,end_date,id,item_num,item_text,mission_text
1,98,2021/02/24,2021/09/30 4:59:59,100000,100,好友积分,【日常任务①】\n在养成的赛事中赢得胜利
2,110,2021/02/24,2021/09/30 4:59:59,100001,300,协助积分,【日常任务②】\n参与日常赛事
4,59,2021/02/24,2021/09/30 4:59:59,100002,1000,金币,【日常任务④】\n参与团队竞技场
7,43,2021/02/24,2021/09/30 4:59:59,100005,10,宝石,【日常任务⑤】\n完成1次养成
8,43,2021/02/24,2021/09/30 4:59:59,100006,20,宝石,完成\n日常任务①-⑤
3,110,2021/02/24,2021/09/30 4:59:59,100007,500,协助积分,【日常任务③】参与3次日常赛事
1,98,2021/09/30 5:00:00,2050/01/01 4:59:59,100010,100,好友积分,【日常任务①】\n在养成的赛事中赢得胜利
2,98,2021/09/30 5:00:00,2050/01/01 4:59:59,100011,200,好友积分,【日常任务②】\n参与日常赛事
4,59,2021/09/30 5:00:00,2050/01/01 4:59:59,100012,2400,金币,【日常任务④】\n参与团队竞技场
7,43,2021/09/30 5:00:00,2050/01/01 4:59:59,100015,20,宝石,【日常任务⑤】\n完成1次养成
8,43,2021/09/30 5:00:00,2050/01/01 4:59:59,100016,30,宝石,完成\n日常任务①-⑤
3,59,2021/09/30 5:00:00,2050/01/01 4:59:59,100017,1400,金币,【日常任务③】参与3次日常赛事
29,43,2017/07/01 1:00:00,2050/01/01 4:59:59,301000,30,宝石,完成1次养成
29,43,2017/07/01 1:00:00,2050/01/01 4:59:59,301001,30,宝石,完成2次养成
29,43,2017/07/01 1:00:00,2050/01/01 4:59:59,301002,30,宝石,完成3次养成
29,43,2017/07/01 1:00:00,2050/01/01 4:59:59,301003,30,宝石,完成4次养成
29,43,2017/07/01 1:00:00,2050/01/01 4:59:59,301004,30,宝石,完成5次养成
29,43,2017/07/01 1:00:00,2050/01/01 4:59:59,301005,30,宝石,完成10次养成
29,43,2017/07/01 1:00:00,2050/01/01 4:59:59,301006,30,宝石,完成15次养成
29,43,2017/07/01 1:00:00,2050/01/01 4:59:59,301007,30,宝石,完成20次养成
29,43,2017/07/01 1:00:00,2050/01/01 4:59:59,301008,30,宝石,完成25次养成
29,43,2017/07/01 1:00:00,2050/01/01 4:59:59,301009,30,宝石,完成30次养成
29,43,2017/07/01 1:00:00,2050/01/01 4:59:59,301010,30,宝石,完成35次养成
29,43,2017/07/01 1:00:00,2050/01/01 4:59:59,301011,30,宝石,完成40次养成
29,43,2017/07/01 1:00:00,2050/01/01 4:59:59,301012,30,宝石,完成45次养成
29,43,2017/07/01 1:00:00,2050/01/01 4:59:59,301013,50,宝石,完成50次养成
29,43,2017/07/01 1:00:00,2050/01/01 4:59:59,301014,50,宝石,完成60次养成
29,43,2017/07/01 1:00:00,2050/01/01 4:59:59,301015,50,宝石,完成70次养成
29,43,2017/07/01 1:00:00,2050/01/01 4:59:59,301016,50,宝石,完成80次养成
29,43,2017/07/01 1:00:00,2050/01/01 4:59:59,301017,50,宝石,完成90次养成
29,43,2017/07/01 1:00:00,2050/01/01 4:59:59,301018,100,宝石,完成100次养成
29,43,2017/07/01 1:00:00,2050/01/01 4:59:59,301019,100,宝石,完成150次养成
29,43,2017/07/01 1:00:00,2050/01/01 4:59:59,301020,100,宝石,完成200次养成
29,43,2017/07/01 1:00:00,2050/01/01 4:59:59,301021,100,宝石,完成250次养成
29,43,2017/07/01 1:00:00,2050/01/01 4:59:59,301022,100,宝石,完成300次养成
29,43,2017/07/01 1:00:00,2050/01/01 4:59:59,301023,100,宝石,完成350次养成
29,43,2017/07/01 1:00:00,2050/01/01 4:59:59,301024,100,宝石,完成400次养成
29,43,2017/07/01 1:00:00,2050/01/01 4:59:59,301025,100,宝石,完成450次养成
29,43,2017/07/01 1:00:00,2050/01/01 4:59:59,301026,100,宝石,完成500次养成
29,43,2017/07/01 1:00:00,2050/01/01 4:59:59,301027,100,宝石,完成550次养成
29,43,2017/07/01 1:00:00,2050/01/01 4:59:59,301028,100,宝石,完成600次养成
29,43,2017/07/01 1:00:00,2050/01/01 4:59:59,301029,100,宝石,完成650次养成
29,43,2017/07/01 1:00:00,2050/01/01 4:59:59,301030,100,宝石,完成700次养成
29,43,2017/07/01 1:00:00,2050/01/01 4:59:59,301031,100,宝石,完成750次养成
29,43,2017/07/01 1:00:00,2050/01/01 4:59:59,301032,100,宝石,完成800次养成
29,43,2017/07/01 1:00:00,2050/01/01 4:59:59,301033,100,宝石,完成850次养成
29,43,2017/07/01 1:00:00,2050/01/01 4:59:59,301034,100,宝石,完成900次养成
29,43,2017/07/01 1:00:00,2050/01/01 4:59:59,301035,100,宝石,完成950次养成
29,43,2017/07/01 1:00:00,2050/01/01 4:59:59,301036,500,宝石,完成1000次养成
29,43,2017/07/01 1:00:00,2050/01/01 4:59:59,301037,100,宝石,完成1050次养成
29,43,2017/07/01 1:00:00,2050/01/01 4:59:59,301038,100,宝石,完成1100次养成
29,43,2017/07/01 1:00:00,2050/01/01 4:59:59,301039,100,宝石,完成1150次养成
29,43,2017/07/01 1:00:00,2050/01/01 4:59:59,301040,100,宝石,完成1200次养成
29,43,2017/07/01 1:00:00,2050/01/01 4:59:59,301041,100,宝石,完成1250次养成
29,43,2017/07/01 1:00:00,2050/01/01 4:59:59,301042,100,宝石,完成1300次养成
29,43,2017/07/01 1:00:00,2050/01/01 4:59:59,301043,100,宝石,完成1350次养成
29,43,2017/07/01 1:00:00,2050/01/01 4:59:59,301044,100,宝石,完成1400次养成
29,43,2017/07/01 1:00:00,2050/01/01 4:59:59,301045,100,宝石,完成1450次养成
29,43,2017/07/01 1:00:00,2050/01/01 4:59:59,301046,100,宝石,完成1500次养成
29,43,2017/07/01 1:00:00,2050/01/01 4:59:59,301047,100,宝石,完成1550次养成
29,43,2017/07/01 1:00:00,2050/01/01 4:59:59,301048,100,宝石,完成1600次养成
29,43,2017/07/01 1:00:00,2050/01/01 4:59:59,301049,100,宝石,完成1650次养成
29,43,2017/07/01 1:00:00,2050/01/01 4:59:59,301050,100,宝石,完成1700次养成
29,43,2017/07/01 1:00:00,2050/01/01 4:59:59,301051,100,宝石,完成1750次养成
29,43,2017/07/01 1:00:00,2050/01/01 4:59:59,301052,100,宝石,完成1800次养成
29,43,2017/07/01 1:00:00,2050/01/01 4:59:59,301053,100,宝石,完成1850次养成
29,43,2017/07/01 1:00:00,2050/01/01 4:59:59,301054,100,宝石,完成1900次养成
29,43,2017/07/01 1:00:00,2050/01/01 4:59:59,301055,100,宝石,完成1950次养成
29,43,2017/07/01 1:00:00,2050/01/01 4:59:59,301056,500,宝石,完成2000次养成
30,59,2017/07/01 1:00:00,2050/01/01 4:59:59,301100,1000,金币,在养成中获得\n1次一级赛事的胜利
30,59,2017/07/01 1:00:00,2050/01/01 4:59:59,301101,2000,金币,在养成中获得\n5次一级赛事的胜利
30,59,2017/07/01 1:00:00,2050/01/01 4:59:59,301102,3000,金币,在养成中获得\n10次一级赛事的胜利
30,59,2017/07/01 1:00:00,2050/01/01 4:59:59,301103,3000,金币,在养成中获得\n20次一级赛事的胜利
30,59,2017/07/01 1:00:00,2050/01/01 4:59:59,301104,3000,金币,在养成中获得\n30次一级赛事的胜利
30,59,2017/07/01 1:00:00,2050/01/01 4:59:59,301105,4000,金币,在养成中获得\n40次一级赛事的胜利
30,59,2017/07/01 1:00:00,2050/01/01 4:59:59,301106,4000,金币,在养成中获得\n50次一级赛事的胜利
30,59,2017/07/01 1:00:00,2050/01/01 4:59:59,301107,5000,金币,在养成中获得\n60次一级赛事的胜利
30,59,2017/07/01 1:00:00,2050/01/01 4:59:59,301108,5000,金币,在养成中获得\n70次一级赛事的胜利
30,59,2017/07/01 1:00:00,2050/01/01 4:59:59,301109,5000,金币,在养成中获得\n80次一级赛事的胜利
30,59,2017/07/01 1:00:00,2050/01/01 4:59:59,301110,5000,金币,在养成中获得\n90次一级赛事的胜利
30,59,2017/07/01 1:00:00,2050/01/01 4:59:59,301111,10000,金币,在养成中获得\n100次一级赛事的胜利
40,59,2017/07/01 1:00:00,2050/01/01 4:59:59,301200,1000,金币,在养成中获得\n1次二级赛事的胜利
40,59,2017/07/01 1:00:00,2050/01/01 4:59:59,301201,2000,金币,在养成中获得\n5次二级赛事的胜利
40,59,2017/07/01 1:00:00,2050/01/01 4:59:59,301202,3000,金币,在养成中获得\n10次二级赛事的胜利
40,59,2017/07/01 1:00:00,2050/01/01 4:59:59,301203,3000,金币,在养成中获得\n20次二级赛事的胜利
40,59,2017/07/01 1:00:00,2050/01/01 4:59:59,301204,3000,金币,在养成中获得\n30次二级赛事的胜利
40,59,2017/07/01 1:00:00,2050/01/01 4:59:59,301205,4000,金币,在养成中获得\n40次二级赛事的胜利
40,59,2017/07/01 1:00:00,2050/01/01 4:59:59,301206,4000,金币,在养成中获得\n50次二级赛事的胜利
40,59,2017/07/01 1:00:00,2050/01/01 4:59:59,301207,5000,金币,在养成中获得\n60次二级赛事的胜利
40,59,2017/07/01 1:00:00,2050/01/01 4:59:59,301208,5000,金币,在养成中获得\n70次二级赛事的胜利
40,59,2017/07/01 1:00:00,2050/01/01 4:59:59,301209,5000,金币,在养成中获得\n80次二级赛事的胜利
40,59,2017/07/01 1:00:00,2050/01/01 4:59:59,301210,5000,金币,在养成中获得\n90次二级赛事的胜利
40,59,2017/07/01 1:00:00,2050/01/01 4:59:59,301211,10000,金币,在养成中获得\n100次二级赛事的胜利
50,32,2017/07/01 1:00:00,2050/01/01 4:59:59,301300,2,能量饮料30,在养成中获得\n1次三级赛事的胜利
50,32,2017/07/01 1:00:00,2050/01/01 4:59:59,301301,2,能量饮料30,在养成中获得\n5次三级赛事的胜利
50,32,2017/07/01 1:00:00,2050/01/01 4:59:59,301302,2,能量饮料30,在养成中获得\n10次三级赛事的胜利
50,32,2017/07/01 1:00:00,2050/01/01 4:59:59,301303,2,能量饮料30,在养成中获得\n20次三级赛事的胜利
50,32,2017/07/01 1:00:00,2050/01/01 4:59:59,301304,2,能量饮料30,在养成中获得\n30次三级赛事的胜利
50,32,2017/07/01 1:00:00,2050/01/01 4:59:59,301305,2,能量饮料30,在养成中获得\n40次三级赛事的胜利
50,32,2017/07/01 1:00:00,2050/01/01 4:59:59,301306,2,能量饮料30,在养成中获得\n50次三级赛事的胜利
50,32,2017/07/01 1:00:00,2050/01/01 4:59:59,301307,2,能量饮料30,在养成中获得\n60次三级赛事的胜利
50,32,2017/07/01 1:00:00,2050/01/01 4:59:59,301308,2,能量饮料30,在养成中获得\n70次三级赛事的胜利
50,32,2017/07/01 1:00:00,2050/01/01 4:59:59,301309,2,能量饮料30,在养成中获得\n80次三级赛事的胜利
50,32,2017/07/01 1:00:00,2050/01/01 4:59:59,301310,2,能量饮料30,在养成中获得\n90次三级赛事的胜利
50,32,2017/07/01 1:00:00,2050/01/01 4:59:59,301311,2,能量饮料30,在养成中获得\n100次三级赛事的胜利
60,43,2017/07/01 1:00:00,2050/01/01 4:59:59,301400,30,宝石,在养成中获得\n3种[一级赛事]奖杯
60,43,2017/07/01 1:00:00,2050/01/01 4:59:59,301401,50,宝石,在养成中获得\n5种[一级赛事]奖杯
60,43,2017/07/01 1:00:00,2050/01/01 4:59:59,301402,100,宝石,在养成中获得\n10种[一级赛事]奖杯
60,43,2017/07/01 1:00:00,2050/01/01 4:59:59,301403,150,宝石,在养成中获得\n15种[一级赛事]奖杯
60,43,2017/07/01 1:00:00,2050/01/01 4:59:59,301404,300,宝石,在养成中获得\n20种[一级赛事]奖杯
70,43,2017/07/01 1:00:00,2050/01/01 4:59:59,301500,30,宝石,在养成中获得\n10种奖杯
70,43,2017/07/01 1:00:00,2050/01/01 4:59:59,301501,30,宝石,在养成中获得\n15种奖杯
70,43,2017/07/01 1:00:00,2050/01/01 4:59:59,301502,50,宝石,在养成中获得\n20种奖杯
70,43,2017/07/01 1:00:00,2050/01/01 4:59:59,301503,50,宝石,在养成中获得\n25种奖杯
70,43,2017/07/01 1:00:00,2050/01/01 4:59:59,301504,50,宝石,在养成中获得\n30种奖杯
70,43,2017/07/01 1:00:00,2050/01/01 4:59:59,301505,50,宝石,在养成中获得\n35种奖杯
70,43,2017/07/01 1:00:00,2050/01/01 4:59:59,301506,50,宝石,在养成中获得\n40种奖杯
70,43,2017/07/01 1:00:00,2050/01/01 4:59:59,301507,50,宝石,在养成中获得\n45种奖杯
70,43,2017/07/01 1:00:00,2050/01/01 4:59:59,301508,100,宝石,在养成中获得\n50种奖杯
70,43,2017/07/01 1:00:00,2050/01/01 4:59:59,301509,100,宝石,在养成中获得\n55种奖杯
70,43,2017/07/01 1:00:00,2050/01/01 4:59:59,301510,100,宝石,在养成中获得\n60种奖杯
70,43,2017/07/01 1:00:00,2050/01/01 4:59:59,301511,100,宝石,在养成中获得\n65种奖杯
70,43,2017/07/01 1:00:00,2050/01/01 4:59:59,301512,100,宝石,在养成中获得\n70种奖杯
70,43,2017/07/01 1:00:00,2050/01/01 4:59:59,301513,100,宝石,在养成中获得\n75种奖杯
70,43,2017/07/01 1:00:00,2050/01/01 4:59:59,301514,150,宝石,在养成中获得\n80种奖杯
70,43,2017/07/01 1:00:00,2050/01/01 4:59:59,301515,150,宝石,在养成中获得\n85种奖杯
70,43,2017/07/01 1:00:00,2050/01/01 4:59:59,301516,150,宝石,在养成中获得\n90种奖杯
70,43,2017/07/01 1:00:00,2050/01/01 4:59:59,301517,150,宝石,在养成中获得\n95种奖杯
70,43,2017/07/01 1:00:00,2050/01/01 4:59:59,301518,300,宝石,在养成中获得\n100种奖杯
140,59,2017/07/01 1:00:00,2050/01/01 4:59:59,302700,2000,金币,在养成中玩1次\n抓娃娃游戏
140,59,2017/07/01 1:00:00,2050/01/01 4:59:59,302701,4000,金币,在养成中玩5次\n抓娃娃游戏
140,59,2017/07/01 1:00:00,2050/01/01 4:59:59,302702,6000,金币,在养成中玩10次\n抓娃娃游戏
140,59,2017/07/01 1:00:00,2050/01/01 4:59:59,302703,10000,金币,在养成中玩30次\n抓娃娃游戏
151,43,2017/07/01 1:00:00,2050/01/01 4:59:59,303000,30,宝石,以至少5胜的战绩\n完成养成
152,43,2017/07/01 1:00:00,2050/01/01 4:59:59,303001,30,宝石,以至少10胜的战绩\n完成养成
153,43,2017/07/01 1:00:00,2050/01/01 4:59:59,303002,30,宝石,以至少15胜的战绩\n完成养成
154,43,2017/07/01 1:00:00,2050/01/01 4:59:59,303003,30,宝石,以至少20胜的战绩\n完成养成
155,43,2017/07/01 1:00:00,2050/01/01 4:59:59,303004,50,宝石,以至少21胜的战绩\n完成养成
156,43,2017/07/01 1:00:00,2050/01/01 4:59:59,303005,50,宝石,以至少22胜的战绩\n完成养成
157,43,2017/07/01 1:00:00,2050/01/01 4:59:59,303006,50,宝石,以至少23胜的战绩\n完成养成
158,43,2017/07/01 1:00:00,2050/01/01 4:59:59,303007,50,宝石,以至少24胜的战绩\n完成养成
159,43,2017/07/01 1:00:00,2050/01/01 4:59:59,303008,50,宝石,以至少25胜的战绩\n完成养成
160,43,2017/07/01 1:00:00,2050/01/01 4:59:59,303009,50,宝石,以至少26胜的战绩\n完成养成
161,43,2017/07/01 1:00:00,2050/01/01 4:59:59,303010,50,宝石,以至少27胜的战绩\n完成养成
162,43,2017/07/01 1:00:00,2050/01/01 4:59:59,303011,50,宝石,以至少28胜的战绩\n完成养成
163,43,2017/07/01 1:00:00,2050/01/01 4:59:59,303012,50,宝石,以至少29胜的战绩\n完成养成
164,43,2017/07/01 1:00:00,2050/01/01 4:59:59,303013,50,宝石,以至少30胜的战绩\n完成养成
171,43,2017/07/01 1:00:00,2050/01/01 4:59:59,303100,30,宝石,以至少为[F]的养成等级\n完成养成
172,43,2017/07/01 1:00:00,2050/01/01 4:59:59,303101,30,宝石,以至少为[F+]的养成等级\n完成养成
173,43,2017/07/01 1:00:00,2050/01/01 4:59:59,303102,30,宝石,以至少为[E]的养成等级\n完成养成
174,43,2017/07/01 1:00:00,2050/01/01 4:59:59,303103,30,宝石,以至少为[E+]的养成等级\n完成养成
175,43,2017/07/01 1:00:00,2050/01/01 4:59:59,303104,30,宝石,以至少为[D]的养成等级\n完成养成
176,43,2017/07/01 1:00:00,2050/01/01 4:59:59,303105,30,宝石,以至少为[D+]的养成等级\n完成养成
177,43,2017/07/01 1:00:00,2050/01/01 4:59:59,303106,50,宝石,以至少为[C]的养成等级\n完成养成
178,43,2017/07/01 1:00:00,2050/01/01 4:59:59,303107,50,宝石,以至少为[C+]的养成等级\n完成养成
179,43,2017/07/01 1:00:00,2050/01/01 4:59:59,303108,100,宝石,以至少为[B]的养成等级\n完成养成
180,43,2017/07/01 1:00:00,2050/01/01 4:59:59,303109,100,宝石,以至少为[B+]的养成等级\n完成养成
181,43,2017/07/01 1:00:00,2050/01/01 4:59:59,303110,150,宝石,以至少为[A]的养成等级\n完成养成
182,43,2017/07/01 1:00:00,2050/01/01 4:59:59,303111,150,宝石,以至少为[A+]的养成等级\n完成养成
183,43,2017/07/01 1:00:00,2050/01/01 4:59:59,303112,300,宝石,以至少为[S]的养成等级\n完成养成
184,43,2017/07/01 1:00:00,2050/01/01 4:59:59,303113,300,宝石,以至少为[S+]的养成等级\n完成养成
185,43,2017/07/01 1:00:00,2050/01/01 4:59:59,303114,300,宝石,以至少为[SS]的养成等级\n完成养成
185,43,2023/08/24 12:00:00,2050/01/01 4:59:59,303115,300,宝石,以至少为[SS+]的养成等级\n完成养成
185,43,2023/08/24 12:00:00,2050/01/01 4:59:59,303116,500,宝石,以至少为[UG]的养成等级\n完成养成
185,43,2023/08/24 12:00:00,2050/01/01 4:59:59,303117,100,宝石,以至少为[UG1]的养成等级\n完成养成
185,43,2023/08/24 12:00:00,2050/01/01 4:59:59,303118,100,宝石,以至少为[UG2]的养成等级\n完成养成
185,43,2023/08/24 12:00:00,2050/01/01 4:59:59,303119,100,宝石,以至少为[UG3]的养成等级\n完成养成
185,43,2023/08/24 12:00:00,2050/01/01 4:59:59,303120,100,宝石,以至少为[UG4]的养成等级\n完成养成
185,43,2023/08/24 12:00:00,2050/01/01 4:59:59,303121,100,宝石,以至少为[UG5]的养成等级\n完成养成
185,43,2023/08/24 12:00:00,2050/01/01 4:59:59,303122,100,宝石,以至少为[UG6]的养成等级\n完成养成
185,43,2023/08/24 12:00:00,2050/01/01 4:59:59,303123,100,宝石,以至少为[UG7]的养成等级\n完成养成
185,43,2023/08/24 12:00:00,2050/01/01 4:59:59,303124,100,宝石,以至少为[UG8]的养成等级\n完成养成
185,43,2023/08/24 12:00:00,2050/01/01 4:59:59,303125,100,宝石,以至少为[UG9]的养成等级\n完成养成
185,43,2023/08/24 12:00:00,2050/01/01 4:59:59,303126,500,宝石,以至少为[UF]的养成等级\n完成养成
185,43,2023/08/24 12:00:00,2050/01/01 4:59:59,303127,100,宝石,以至少为[UF1]的养成等级\n完成养成
185,43,2023/08/24 12:00:00,2050/01/01 4:59:59,303128,100,宝石,以至少为[UF2]的养成等级\n完成养成
185,43,2023/08/24 12:00:00,2050/01/01 4:59:59,303129,100,宝石,以至少为[UF3]的养成等级\n完成养成
185,43,2023/08/24 12:00:00,2050/01/01 4:59:59,303130,100,宝石,以至少为[UF4]的养成等级\n完成养成
185,43,2023/08/24 12:00:00,2050/01/01 4:59:59,303131,100,宝石,以至少为[UF5]的养成等级\n完成养成
185,43,2023/08/24 12:00:00,2050/01/01 4:59:59,303132,100,宝石,以至少为[UF6]的养成等级\n完成养成
185,43,2023/08/24 12:00:00,2050/01/01 4:59:59,303133,100,宝石,以至少为[UF7]的养成等级\n完成养成
185,43,2023/08/24 12:00:00,2050/01/01 4:59:59,303134,100,宝石,以至少为[UF8]的养成等级\n完成养成
185,43,2023/08/24 12:00:00,2050/01/01 4:59:59,303135,100,宝石,以至少为[UF9]的养成等级\n完成养成
185,43,2023/08/24 12:00:00,2050/01/01 4:59:59,303136,500,宝石,以至少为[UE]的养成等级\n完成养成
185,43,2023/08/24 12:00:00,2050/01/01 4:59:59,303137,100,宝石,以至少为[UE1]的养成等级\n完成养成
185,43,2023/08/24 12:00:00,2050/01/01 4:59:59,303138,100,宝石,以至少为[UE2]的养成等级\n完成养成
185,43,2023/08/24 12:00:00,2050/01/01 4:59:59,303139,100,宝石,以至少为[UE3]的养成等级\n完成养成
185,43,2023/08/24 12:00:00,2050/01/01 4:59:59,303140,100,宝石,以至少为[UE4]的养成等级\n完成养成
185,43,2023/08/24 12:00:00,2050/01/01 4:59:59,303141,100,宝石,以至少为[UE5]的养成等级\n完成养成
185,43,2023/08/24 12:00:00,2050/01/01 4:59:59,303142,100,宝石,以至少为[UE6]的养成等级\n完成养成
185,43,2023/08/24 12:00:00,2050/01/01 4:59:59,303143,100,宝石,以至少为[UE7]的养成等级\n完成养成
185,43,2023/08/24 12:00:00,2050/01/01 4:59:59,303144,100,宝石,以至少为[UE8]的养成等级\n完成养成
185,43,2023/08/24 12:00:00,2050/01/01 4:59:59,303145,100,宝石,以至少为[UE9]的养成等级\n完成养成
185,43,2023/08/24 12:00:00,2050/01/01 4:59:59,303146,500,宝石,以至少为[UD]的养成等级\n完成养成
185,43,2023/08/24 12:00:00,2050/01/01 4:59:59,303147,100,宝石,以至少为[UD1]的养成等级\n完成养成
185,43,2023/08/24 12:00:00,2050/01/01 4:59:59,303148,100,宝石,以至少为[UD2]的养成等级\n完成养成
185,43,2023/08/24 12:00:00,2050/01/01 4:59:59,303149,100,宝石,以至少为[UD3]的养成等级\n完成养成
185,43,2023/08/24 12:00:00,2050/01/01 4:59:59,303150,100,宝石,以至少为[UD4]的养成等级\n完成养成
185,43,2023/08/24 12:00:00,2050/01/01 4:59:59,303151,100,宝石,以至少为[UD5]的养成等级\n完成养成
185,43,2023/08/24 12:00:00,2050/01/01 4:59:59,303152,100,宝石,以至少为[UD6]的养成等级\n完成养成
185,43,2023/08/24 12:00:00,2050/01/01 4:59:59,303153,100,宝石,以至少为[UD7]的养成等级\n完成养成
185,43,2023/08/24 12:00:00,2050/01/01 4:59:59,303154,100,宝石,以至少为[UD8]的养成等级\n完成养成
185,43,2023/08/24 12:00:00,2050/01/01 4:59:59,303155,100,宝石,以至少为[UD9]的养成等级\n完成养成
185,43,2024/02/24 12:00:00,2050/01/01 4:59:59,303156,500,宝石,以至少为[UC]的养成等级\n完成养成
185,43,2024/02/24 12:00:00,2050/01/01 4:59:59,303157,100,宝石,以至少为[UC1]的养成等级\n完成养成
185,43,2024/02/24 12:00:00,2050/01/01 4:59:59,303158,100,宝石,以至少为[UC2]的养成等级\n完成养成
185,43,2024/02/24 12:00:00,2050/01/01 4:59:59,303159,100,宝石,以至少为[UC3]的养成等级\n完成养成
185,43,2024/02/24 12:00:00,2050/01/01 4:59:59,303160,100,宝石,以至少为[UC4]的养成等级\n完成养成
185,43,2024/02/24 12:00:00,2050/01/01 4:59:59,303161,100,宝石,以至少为[UC5]的养成等级\n完成养成
185,43,2024/02/24 12:00:00,2050/01/01 4:59:59,303162,100,宝石,以至少为[UC6]的养成等级\n完成养成
185,43,2024/02/24 12:00:00,2050/01/01 4:59:59,303163,100,宝石,以至少为[UC7]的养成等级\n完成养成
185,43,2024/02/24 12:00:00,2050/01/01 4:59:59,303164,100,宝石,以至少为[UC8]的养成等级\n完成养成
185,43,2024/02/24 12:00:00,2050/01/01 4:59:59,303165,100,宝石,以至少为[UC9]的养成等级\n完成养成
185,43,2024/02/24 12:00:00,2050/01/01 4:59:59,303166,500,宝石,以至少为[UB]的养成等级\n完成养成
185,43,2024/02/24 12:00:00,2050/01/01 4:59:59,303167,100,宝石,以至少为[UB1]的养成等级\n完成养成
185,43,2024/02/24 12:00:00,2050/01/01 4:59:59,303168,100,宝石,以至少为[UB2]的养成等级\n完成养成
185,43,2024/02/24 12:00:00,2050/01/01 4:59:59,303169,100,宝石,以至少为[UB3]的养成等级\n完成养成
185,43,2024/02/24 12:00:00,2050/01/01 4:59:59,303170,100,宝石,以至少为[UB4]的养成等级\n完成养成
185,43,2024/02/24 12:00:00,2050/01/01 4:59:59,303171,100,宝石,以至少为[UB5]的养成等级\n完成养成
185,43,2024/02/24 12:00:00,2050/01/01 4:59:59,303172,100,宝石,以至少为[UB6]的养成等级\n完成养成
185,43,2024/02/24 12:00:00,2050/01/01 4:59:59,303173,100,宝石,以至少为[UB7]的养成等级\n完成养成
185,43,2024/02/24 12:00:00,2050/01/01 4:59:59,303174,100,宝石,以至少为[UB8]的养成等级\n完成养成
185,43,2024/02/24 12:00:00,2050/01/01 4:59:59,303175,100,宝石,以至少为[UB9]的养成等级\n完成养成
185,43,2024/10/29 12:00:00,2050/01/01 4:59:59,303176,500,宝石,育成ランク[UA]以上で\n育成を完了しよう
185,43,2024/10/29 12:00:00,2050/01/01 4:59:59,303177,100,宝石,育成ランク[UA1]以上で\n育成を完了しよう
185,43,2024/10/29 12:00:00,2050/01/01 4:59:59,303178,100,宝石,育成ランク[UA2]以上で\n育成を完了しよう
185,43,2024/10/29 12:00:00,2050/01/01 4:59:59,303179,100,宝石,育成ランク[UA3]以上で\n育成を完了しよう
185,43,2024/10/29 12:00:00,2050/01/01 4:59:59,303180,100,宝石,育成ランク[UA4]以上で\n育成を完了しよう
185,43,2024/10/29 12:00:00,2050/01/01 4:59:59,303181,100,宝石,育成ランク[UA5]以上で\n育成を完了しよう
185,43,2024/10/29 12:00:00,2050/01/01 4:59:59,303182,100,宝石,育成ランク[UA6]以上で\n育成を完了しよう
185,43,2024/10/29 12:00:00,2050/01/01 4:59:59,303183,100,宝石,育成ランク[UA7]以上で\n育成を完了しよう
185,43,2024/10/29 12:00:00,2050/01/01 4:59:59,303184,100,宝石,育成ランク[UA8]以上で\n育成を完了しよう
185,43,2024/10/29 12:00:00,2050/01/01 4:59:59,303185,100,宝石,育成ランク[UA9]以上で\n育成を完了しよう
185,43,2025/08/14 12:00:00,2050/01/01 4:59:59,303186,500,宝石,育成ランク[US]以上で\n育成を完了しよう
185,43,2025/08/14 12:00:00,2050/01/01 4:59:59,303187,100,宝石,育成ランク[US1]以上で\n育成を完了しよう
185,43,2025/08/14 12:00:00,2050/01/01 4:59:59,303188,100,宝石,育成ランク[US2]以上で\n育成を完了しよう
185,43,2025/08/14 12:00:00,2050/01/01 4:59:59,303189,100,宝石,育成ランク[US3]以上で\n育成を完了しよう
185,43,2025/08/14 12:00:00,2050/01/01 4:59:59,303190,100,宝石,育成ランク[US4]以上で\n育成を完了しよう
185,43,2025/08/14 12:00:00,2050/01/01 4:59:59,303191,100,宝石,育成ランク[US5]以上で\n育成を完了しよう
185,43,2025/08/14 12:00:00,2050/01/01 4:59:59,303192,100,宝石,育成ランク[US6]以上で\n育成を完了しよう
185,43,2025/08/14 12:00:00,2050/01/01 4:59:59,303193,100,宝石,育成ランク[US7]以上で\n育成を完了しよう
185,43,2025/08/14 12:00:00,2050/01/01 4:59:59,303194,100,宝石,育成ランク[US8]以上で\n育成を完了しよう
185,43,2025/08/14 12:00:00,2050/01/01 4:59:59,303195,100,宝石,育成ランク[US9]以上で\n育成を完了しよう
210,43,2017/07/01 1:00:00,2050/01/01 4:59:59,303200,150,宝石,称霸经典三冠\n并完成养成
220,43,2017/07/01 1:00:00,2050/01/01 4:59:59,303201,150,宝石,称霸秋季高级三冠\n并完成养成
230,43,2017/07/01 1:00:00,2050/01/01 4:59:59,303202,150,宝石,称霸三后冠\n并完成养成
240,43,2017/07/01 1:00:00,2050/01/01 4:59:59,303203,150,宝石,称霸春季高级三冠\n并完成养成
250,43,2017/07/01 1:00:00,2050/01/01 4:59:59,303204,150,宝石,达成天王奖春秋连霸\n并完成养成
260,43,2017/07/01 1:00:00,2050/01/01 4:59:59,303205,150,宝石,称霸春秋大奖赛\n并完成养成
270,43,2017/07/01 1:00:00,2050/01/01 4:59:59,303206,150,宝石,称霸春秋英里赛\n并完成养成
280,43,2017/07/01 1:00:00,2050/01/01 4:59:59,303207,150,宝石,称霸春秋短距离赛\n并完成养成
290,43,2017/07/01 1:00:00,2050/01/01 4:59:59,303208,150,宝石,称霸春秋泥地赛\n并完成养成
300,59,2017/07/01 1:00:00,2050/01/01 4:59:59,303300,10000,金币,在养成中获得二月锦标赛的\n胜利
310,59,2017/07/01 1:00:00,2050/01/01 4:59:59,303301,10000,金币,在养成中获得中京短途赛的\n胜利
320,59,2017/07/01 1:00:00,2050/01/01 4:59:59,303302,10000,金币,在养成中获得大阪杯的\n胜利
330,59,2017/07/01 1:00:00,2050/01/01 4:59:59,303303,10000,金币,在养成中获得樱花奖的\n胜利
340,59,2017/07/01 1:00:00,2050/01/01 4:59:59,303304,10000,金币,在养成中获得皋月奖的\n胜利
350,59,2017/07/01 1:00:00,2050/01/01 4:59:59,303305,10000,金币,在养成中获得天王奖（春）的\n胜利
360,59,2017/07/01 1:00:00,2050/01/01 4:59:59,303306,10000,金币,在养成中获得广播协会英里杯的\n胜利
370,59,2017/07/01 1:00:00,2050/01/01 4:59:59,303307,10000,金币,在养成中获得维多利亚英里赛的\n胜利
380,59,2017/07/01 1:00:00,2050/01/01 4:59:59,303308,10000,金币,在养成中获得奥克斯的\n胜利
390,59,2017/07/01 1:00:00,2050/01/01 4:59:59,303309,10000,金币,在养成中获得全国德比的\n胜利
400,59,2017/07/01 1:00:00,2050/01/01 4:59:59,303310,10000,金币,在养成中获得东京英里赛的\n胜利
410,59,2017/07/01 1:00:00,2050/01/01 4:59:59,303311,10000,金币,在养成中获得宝冢纪念的\n胜利
420,59,2017/07/01 1:00:00,2050/01/01 4:59:59,303312,10000,金币,在养成中获得短途者锦标赛的\n胜利
430,59,2017/07/01 1:00:00,2050/01/01 4:59:59,303313,10000,金币,在养成中获得秋华奖的\n胜利
440,59,2017/07/01 1:00:00,2050/01/01 4:59:59,303314,10000,金币,在养成中获得菊花奖的\n胜利
450,59,2017/07/01 1:00:00,2050/01/01 4:59:59,303315,10000,金币,在养成中获得天王奖（秋）的\n胜利
460,59,2017/07/01 1:00:00,2050/01/01 4:59:59,303316,10000,金币,在养成中获得伊丽莎白女王杯的\n胜利
470,59,2017/07/01 1:00:00,2050/01/01 4:59:59,303317,10000,金币,在养成中获得英里冠军赛的\n胜利
480,59,2017/07/01 1:00:00,2050/01/01 4:59:59,303318,10000,金币,在养成中获得全国杯的\n胜利
490,59,2017/07/01 1:00:00,2050/01/01 4:59:59,303319,10000,金币,在养成中获得全国冠军杯的\n胜利
500,59,2017/07/01 1:00:00,2050/01/01 4:59:59,303320,10000,金币,在养成中获得阪神初级少女杯赛的\n胜利
510,59,2017/07/01 1:00:00,2050/01/01 4:59:59,303321,10000,金币,在养成中获得朝日杯未来锦标赛的\n胜利
520,59,2017/07/01 1:00:00,2050/01/01 4:59:59,303322,10000,金币,在养成中获得中山大奖赛的\n胜利
530,59,2017/07/01 1:00:00,2050/01/01 4:59:59,303323,10000,金币,在养成中获得希望锦标赛的\n胜利
540,59,2017/07/01 1:00:00,2050/01/01 4:59:59,303325,10000,金币,在养成中获得帝王奖的\n胜利
550,59,2017/07/01 1:00:00,2050/01/01 4:59:59,303326,10000,金币,在养成中获得全国泥地德比的\n胜利
560,59,2017/07/01 1:00:00,2050/01/01 4:59:59,303327,10000,金币,在养成中获得全国育成杯女士经典赛\n的胜利
570,59,2017/07/01 1:00:00,2050/01/01 4:59:59,303328,10000,金币,在养成中获得全国育成杯短途赛的\n胜利
580,59,2017/07/01 1:00:00,2050/01/01 4:59:59,303329,10000,金币,在养成中获得全国育成杯经典赛的\n胜利
590,59,2017/07/01 1:00:00,2050/01/01 4:59:59,303330,10000,金币,在养成中获得东京盛典赛的\n胜利
591,59,2022/08/19 12:00:00,2050/01/01 4:59:59,303331,10000,金币,在养成中获得川崎纪念的\n胜利
592,59,2022/08/19 12:00:00,2050/01/01 4:59:59,303332,10000,金币,在养成中获得全国初级优俊的\n胜利
593,59,2022/08/19 12:00:00,2050/01/01 4:59:59,303333,10000,金币,在养成中获得柏市纪念的\n胜利
594,59,2022/08/19 12:00:00,2050/01/01 4:59:59,303334,10000,金币,在养成中获得英里冠军南部杯的\n胜利
598,59,2023/08/24 12:00:00,2050/01/01 4:59:59,303335,10000,金币,在养成中获得凯旋门奖的\n胜利
821,43,2017/07/01 1:00:00,2050/01/01 4:59:59,304000,50,宝石,观看1名养成优俊少女的\n好结局
821,43,2017/07/01 1:00:00,2050/01/01 4:59:59,304001,50,宝石,观看2名养成优俊少女的\n好结局
821,43,2017/07/01 1:00:00,2050/01/01 4:59:59,304002,50,宝石,观看3名养成优俊少女的\n好结局
821,43,2017/07/01 1:00:00,2050/01/01 4:59:59,304003,50,宝石,观看4名养成优俊少女的\n好结局
821,43,2017/07/01 1:00:00,2050/01/01 4:59:59,304004,50,宝石,观看5名养成优俊少女的\n好结局
821,43,2017/07/01 1:00:00,2050/01/01 4:59:59,304005,50,宝石,观看6名养成优俊少女的\n好结局
821,43,2017/07/01 1:00:00,2050/01/01 4:59:59,304006,50,宝石,观看7名养成优俊少女的\n好结局
821,43,2017/07/01 1:00:00,2050/01/01 4:59:59,304007,50,宝石,观看8名养成优俊少女的\n好结局
821,43,2017/07/01 1:00:00,2050/01/01 4:59:59,304008,50,宝石,观看9名养成优俊少女的\n好结局
821,43,2017/07/01 1:00:00,2050/01/01 4:59:59,304009,50,宝石,观看10名养成优俊少女的\n好结局
821,43,2017/07/01 1:00:00,2050/01/01 4:59:59,304010,50,宝石,观看11名养成优俊少女的\n好结局
821,43,2017/07/01 1:00:00,2050/01/01 4:59:59,304011,50,宝石,观看12名养成优俊少女的\n好结局
821,43,2017/07/01 1:00:00,2050/01/01 4:59:59,304012,50,宝石,观看13名养成优俊少女的\n好结局
821,43,2017/07/01 1:00:00,2050/01/01 4:59:59,304013,50,宝石,观看14名养成优俊少女的\n好结局
821,43,2017/07/01 1:00:00,2050/01/01 4:59:59,304014,50,宝石,观看15名养成优俊少女的\n好结局
821,43,2017/07/01 1:00:00,2050/01/01 4:59:59,304015,50,宝石,观看16名养成优俊少女的\n好结局
821,43,2017/07/01 1:00:00,2050/01/01 4:59:59,304016,50,宝石,观看17名养成优俊少女的\n好结局
821,43,2017/07/01 1:00:00,2050/01/01 4:59:59,304017,50,宝石,观看18名养成优俊少女的\n好结局
821,43,2017/07/01 1:00:00,2050/01/01 4:59:59,304018,50,宝石,观看19名养成优俊少女的\n好结局
821,43,2017/07/01 1:00:00,2050/01/01 4:59:59,304019,50,宝石,观看20名养成优俊少女的\n好结局
821,43,2017/07/01 1:00:00,2050/01/01 4:59:59,304020,50,宝石,观看21名养成优俊少女的\n好结局
821,43,2017/07/01 1:00:00,2050/01/01 4:59:59,304021,50,宝石,观看22名养成优俊少女的\n好结局
821,43,2017/07/01 1:00:00,2050/01/01 4:59:59,304022,50,宝石,观看23名养成优俊少女的\n好结局
821,43,2017/07/01 1:00:00,2050/01/01 4:59:59,304023,50,宝石,观看24名养成优俊少女的\n好结局
821,43,2017/07/01 1:00:00,2050/01/01 4:59:59,304024,50,宝石,观看25名养成优俊少女的\n好结局
821,43,2017/07/01 1:00:00,2050/01/01 4:59:59,304025,50,宝石,观看26名养成优俊少女的\n好结局
821,43,2017/07/01 1:00:00,2050/01/01 4:59:59,304026,50,宝石,观看27名养成优俊少女的\n好结局
821,43,2017/07/01 1:00:00,2050/01/01 4:59:59,304027,50,宝石,观看28名养成优俊少女的\n好结局
821,43,2017/07/01 1:00:00,2050/01/01 4:59:59,304028,50,宝石,观看29名养成优俊少女的\n好结局
821,43,2017/07/01 1:00:00,2050/01/01 4:59:59,304029,50,宝石,观看30名养成优俊少女的\n好结局
821,43,2017/07/01 1:00:00,2050/01/01 4:59:59,304030,50,宝石,观看31名养成优俊少女的\n好结局
821,43,2017/07/01 1:00:00,2050/01/01 4:59:59,304031,50,宝石,观看32名养成优俊少女的\n好结局
821,43,2017/07/01 1:00:00,2050/01/01 4:59:59,304032,50,宝石,观看33名养成优俊少女的\n好结局
821,43,2017/07/01 1:00:00,2050/01/01 4:59:59,304033,50,宝石,观看34名养成优俊少女的\n好结局
821,43,2017/07/01 1:00:00,2050/01/01 4:59:59,304034,50,宝石,观看35名养成优俊少女的\n好结局
821,43,2017/07/01 1:00:00,2050/01/01 4:59:59,304035,50,宝石,观看36名养成优俊少女的\n好结局
821,43,2017/07/01 1:00:00,2050/01/01 4:59:59,304036,50,宝石,观看37名养成优俊少女的\n好结局
821,43,2017/07/01 1:00:00,2050/01/01 4:59:59,304037,50,宝石,观看38名养成优俊少女的\n好结局
821,43,2017/07/01 1:00:00,2050/01/01 4:59:59,304038,50,宝石,观看39名养成优俊少女的\n好结局
821,43,2017/07/01 1:00:00,2050/01/01 4:59:59,304039,50,宝石,观看40名养成优俊少女的\n好结局
821,43,2017/07/01 1:00:00,2050/01/01 4:59:59,304040,50,宝石,观看41名养成优俊少女的\n好结局
821,43,2017/07/01 1:00:00,2050/01/01 4:59:59,304041,50,宝石,观看42名养成优俊少女的\n好结局
821,43,2017/07/01 1:00:00,2050/01/01 4:59:59,304042,50,宝石,观看43名养成优俊少女的\n好结局
821,43,2017/07/01 1:00:00,2050/01/01 4:59:59,304043,50,宝石,观看44名养成优俊少女的\n好结局
821,43,2017/07/01 1:00:00,2050/01/01 4:59:59,304044,50,宝石,观看45名养成优俊少女的\n好结局
821,43,2017/07/01 1:00:00,2050/01/01 4:59:59,304045,50,宝石,观看46名养成优俊少女的\n好结局
821,43,2017/07/01 1:00:00,2050/01/01 4:59:59,304046,50,宝石,观看47名养成优俊少女的\n好结局
821,43,2017/07/01 1:00:00,2050/01/01 4:59:59,304047,50,宝石,观看48名养成优俊少女的\n好结局
821,43,2017/07/01 1:00:00,2050/01/01 4:59:59,304048,50,宝石,观看49名养成优俊少女的\n好结局
821,43,2017/07/01 1:00:00,2050/01/01 4:59:59,304049,50,宝石,观看50名养成优俊少女的\n好结局
821,43,2022/02/24 12:00:00,2050/01/01 4:59:59,304050,50,宝石,观看51名养成优俊少女的\n好结局
821,43,2022/02/24 12:00:00,2050/01/01 4:59:59,304051,50,宝石,观看52名养成优俊少女的\n好结局
821,43,2022/02/24 12:00:00,2050/01/01 4:59:59,304052,50,宝石,观看53名养成优俊少女的\n好结局
821,43,2022/02/24 12:00:00,2050/01/01 4:59:59,304053,50,宝石,观看54名养成优俊少女的\n好结局
821,43,2022/02/24 12:00:00,2050/01/01 4:59:59,304054,50,宝石,观看55名养成优俊少女的\n好结局
821,43,2022/02/24 12:00:00,2050/01/01 4:59:59,304055,50,宝石,观看56名养成优俊少女的\n好结局
821,43,2022/02/24 12:00:00,2050/01/01 4:59:59,304056,50,宝石,观看57名养成优俊少女的\n好结局
821,43,2022/02/24 12:00:00,2050/01/01 4:59:59,304057,50,宝石,观看58名养成优俊少女的\n好结局
821,43,2022/02/24 12:00:00,2050/01/01 4:59:59,304058,50,宝石,观看59名养成优俊少女的\n好结局
821,43,2022/02/24 12:00:00,2050/01/01 4:59:59,304059,50,宝石,观看60名养成优俊少女的\n好结局
821,43,2022/02/24 12:00:00,2050/01/01 4:59:59,304060,50,宝石,观看61名养成优俊少女的\n好结局
821,43,2022/02/24 12:00:00,2050/01/01 4:59:59,304061,50,宝石,观看62名养成优俊少女的\n好结局
821,43,2022/02/24 12:00:00,2050/01/01 4:59:59,304062,50,宝石,观看63名养成优俊少女的\n好结局
821,43,2022/02/24 12:00:00,2050/01/01 4:59:59,304063,50,宝石,观看64名养成优俊少女的\n好结局
821,43,2022/02/24 12:00:00,2050/01/01 4:59:59,304064,50,宝石,观看65名养成优俊少女的\n好结局
821,43,2022/02/24 12:00:00,2050/01/01 4:59:59,304065,50,宝石,观看66名养成优俊少女的\n好结局
821,43,2022/02/24 12:00:00,2050/01/01 4:59:59,304066,50,宝石,观看67名养成优俊少女的\n好结局
821,43,2022/02/24 12:00:00,2050/01/01 4:59:59,304067,50,宝石,观看68名养成优俊少女的\n好结局
821,43,2022/02/24 12:00:00,2050/01/01 4:59:59,304068,50,宝石,观看69名养成优俊少女的\n好结局
821,43,2022/02/24 12:00:00,2050/01/01 4:59:59,304069,50,宝石,观看70名养成优俊少女的\n好结局
821,43,2022/02/24 12:00:00,2050/01/01 4:59:59,304070,50,宝石,观看71名养成优俊少女的\n好结局
821,43,2022/02/24 12:00:00,2050/01/01 4:59:59,304071,50,宝石,观看72名养成优俊少女的\n好结局
821,43,2022/02/24 12:00:00,2050/01/01 4:59:59,304072,50,宝石,观看73名养成优俊少女的\n好结局
821,43,2022/02/24 12:00:00,2050/01/01 4:59:59,304073,50,宝石,观看74名养成优俊少女的\n好结局
821,43,2022/02/24 12:00:00,2050/01/01 4:59:59,304074,50,宝石,观看75名养成优俊少女的\n好结局
821,43,2022/02/24 12:00:00,2050/01/01 4:59:59,304075,50,宝石,观看76名养成优俊少女的\n好结局
821,43,2022/02/24 12:00:00,2050/01/01 4:59:59,304076,50,宝石,观看77名养成优俊少女的\n好结局
821,43,2022/02/24 12:00:00,2050/01/01 4:59:59,304077,50,宝石,观看78名养成优俊少女的\n好结局
821,43,2022/02/24 12:00:00,2050/01/01 4:59:59,304078,50,宝石,观看79名养成优俊少女的\n好结局
821,43,2022/02/24 12:00:00,2050/01/01 4:59:59,304079,50,宝石,观看80名养成优俊少女的\n好结局
821,43,2022/02/24 12:00:00,2050/01/01 4:59:59,304080,50,宝石,观看81名养成优俊少女的\n好结局
821,43,2022/02/24 12:00:00,2050/01/01 4:59:59,304081,50,宝石,观看82名养成优俊少女的\n好结局
821,43,2022/02/24 12:00:00,2050/01/01 4:59:59,304082,50,宝石,观看83名养成优俊少女的\n好结局
821,43,2022/02/24 12:00:00,2050/01/01 4:59:59,304083,50,宝石,观看84名养成优俊少女的\n好结局
821,43,2022/02/24 12:00:00,2050/01/01 4:59:59,304084,50,宝石,观看85名养成优俊少女的\n好结局
821,43,2022/02/24 12:00:00,2050/01/01 4:59:59,304085,50,宝石,观看86名养成优俊少女的\n好结局
821,43,2022/02/24 12:00:00,2050/01/01 4:59:59,304086,50,宝石,观看87名养成优俊少女的\n好结局
821,43,2022/02/24 12:00:00,2050/01/01 4:59:59,304087,50,宝石,观看88名养成优俊少女的\n好结局
821,43,2022/02/24 12:00:00,2050/01/01 4:59:59,304088,50,宝石,观看89名养成优俊少女的\n好结局
821,43,2022/02/24 12:00:00,2050/01/01 4:59:59,304089,50,宝石,观看90名养成优俊少女的\n好结局
821,43,2022/02/24 12:00:00,2050/01/01 4:59:59,304090,50,宝石,观看91名养成优俊少女的\n好结局
821,43,2022/02/24 12:00:00,2050/01/01 4:59:59,304091,50,宝石,观看92名养成优俊少女的\n好结局
821,43,2022/02/24 12:00:00,2050/01/01 4:59:59,304092,50,宝石,观看93名养成优俊少女的\n好结局
821,43,2022/02/24 12:00:00,2050/01/01 4:59:59,304093,50,宝石,观看94名养成优俊少女的\n好结局
821,43,2022/02/24 12:00:00,2050/01/01 4:59:59,304094,50,宝石,观看95名养成优俊少女的\n好结局
821,43,2022/02/24 12:00:00,2050/01/01 4:59:59,304095,50,宝石,观看96名养成优俊少女的\n好结局
821,43,2022/02/24 12:00:00,2050/01/01 4:59:59,304096,50,宝石,观看97名养成优俊少女的\n好结局
821,43,2022/02/24 12:00:00,2050/01/01 4:59:59,304097,50,宝石,观看98名养成优俊少女的\n好结局
821,43,2022/02/24 12:00:00,2050/01/01 4:59:59,304098,50,宝石,观看99名养成优俊少女的\n好结局
821,43,2022/02/24 12:00:00,2050/01/01 4:59:59,304099,50,宝石,观看100名养成优俊少女的\n好结局
821,43,2022/02/24 12:00:00,2050/01/01 4:59:59,304100,50,宝石,观看101名养成优俊少女的\n好结局
821,43,2022/02/24 12:00:00,2050/01/01 4:59:59,304101,50,宝石,观看102名养成优俊少女的\n好结局
821,43,2022/02/24 12:00:00,2050/01/01 4:59:59,304102,50,宝石,观看103名养成优俊少女的\n好结局
821,43,2022/02/24 12:00:00,2050/01/01 4:59:59,304103,50,宝石,观看104名养成优俊少女的\n好结局
821,43,2022/02/24 12:00:00,2050/01/01 4:59:59,304104,50,宝石,观看105名养成优俊少女的\n好结局
821,43,2022/02/24 12:00:00,2050/01/01 4:59:59,304105,50,宝石,观看106名养成优俊少女的\n好结局
821,43,2022/02/24 12:00:00,2050/01/01 4:59:59,304106,50,宝石,观看107名养成优俊少女的\n好结局
821,43,2022/02/24 12:00:00,2050/01/01 4:59:59,304107,50,宝石,观看108名养成优俊少女的\n好结局
821,43,2022/02/24 12:00:00,2050/01/01 4:59:59,304108,50,宝石,观看109名养成优俊少女的\n好结局
821,43,2022/02/24 12:00:00,2050/01/01 4:59:59,304109,50,宝石,观看110名养成优俊少女的\n好结局
821,43,2022/02/24 12:00:00,2050/01/01 4:59:59,304110,50,宝石,观看111名养成优俊少女的\n好结局
821,43,2022/02/24 12:00:00,2050/01/01 4:59:59,304111,50,宝石,观看112名养成优俊少女的\n好结局
821,43,2022/02/24 12:00:00,2050/01/01 4:59:59,304112,50,宝石,观看113名养成优俊少女的\n好结局
821,43,2022/02/24 12:00:00,2050/01/01 4:59:59,304113,50,宝石,观看114名养成优俊少女的\n好结局
821,43,2022/02/24 12:00:00,2050/01/01 4:59:59,304114,50,宝石,观看115名养成优俊少女的\n好结局
821,43,2022/02/24 12:00:00,2050/01/01 4:59:59,304115,50,宝石,观看116名养成优俊少女的\n好结局
821,43,2022/02/24 12:00:00,2050/01/01 4:59:59,304116,50,宝石,观看117名养成优俊少女的\n好结局
821,43,2022/02/24 12:00:00,2050/01/01 4:59:59,304117,50,宝石,观看118名养成优俊少女的\n好结局
821,43,2022/02/24 12:00:00,2050/01/01 4:59:59,304118,50,宝石,观看119名养成优俊少女的\n好结局
821,43,2022/02/24 12:00:00,2050/01/01 4:59:59,304119,50,宝石,观看120名养成优俊少女的\n好结局
821,43,2022/02/24 12:00:00,2050/01/01 4:59:59,304120,50,宝石,观看121名养成优俊少女的\n好结局
821,43,2022/02/24 12:00:00,2050/01/01 4:59:59,304121,50,宝石,观看122名养成优俊少女的\n好结局
821,43,2022/02/24 12:00:00,2050/01/01 4:59:59,304122,50,宝石,观看123名养成优俊少女的\n好结局
821,43,2022/02/24 12:00:00,2050/01/01 4:59:59,304123,50,宝石,观看124名养成优俊少女的\n好结局
821,43,2022/02/24 12:00:00,2050/01/01 4:59:59,304124,50,宝石,观看125名养成优俊少女的\n好结局
821,43,2022/02/24 12:00:00,2050/01/01 4:59:59,304125,50,宝石,观看126名养成优俊少女的\n好结局
821,43,2022/02/24 12:00:00,2050/01/01 4:59:59,304126,50,宝石,观看127名养成优俊少女的\n好结局
821,43,2022/02/24 12:00:00,2050/01/01 4:59:59,304127,50,宝石,观看128名养成优俊少女的\n好结局
821,43,2022/02/24 12:00:00,2050/01/01 4:59:59,304128,50,宝石,观看129名养成优俊少女的\n好结局
821,43,2022/02/24 12:00:00,2050/01/01 4:59:59,304129,50,宝石,观看130名养成优俊少女的\n好结局
821,43,2022/02/24 12:00:00,2050/01/01 4:59:59,304130,50,宝石,观看131名养成优俊少女的\n好结局
821,43,2022/02/24 12:00:00,2050/01/01 4:59:59,304131,50,宝石,观看132名养成优俊少女的\n好结局
821,43,2022/02/24 12:00:00,2050/01/01 4:59:59,304132,50,宝石,观看133名养成优俊少女的\n好结局
821,43,2022/02/24 12:00:00,2050/01/01 4:59:59,304133,50,宝石,观看134名养成优俊少女的\n好结局
821,43,2022/02/24 12:00:00,2050/01/01 4:59:59,304134,50,宝石,观看135名养成优俊少女的\n好结局
821,43,2022/02/24 12:00:00,2050/01/01 4:59:59,304135,50,宝石,观看136名养成优俊少女的\n好结局
821,43,2022/02/24 12:00:00,2050/01/01 4:59:59,304136,50,宝石,观看137名养成优俊少女的\n好结局
821,43,2022/02/24 12:00:00,2050/01/01 4:59:59,304137,50,宝石,观看138名养成优俊少女的\n好结局
821,43,2022/02/24 12:00:00,2050/01/01 4:59:59,304138,50,宝石,观看139名养成优俊少女的\n好结局
821,43,2022/02/24 12:00:00,2050/01/01 4:59:59,304139,50,宝石,观看140名养成优俊少女的\n好结局
821,43,2022/02/24 12:00:00,2050/01/01 4:59:59,304140,50,宝石,观看141名养成优俊少女的\n好结局
821,43,2022/02/24 12:00:00,2050/01/01 4:59:59,304141,50,宝石,观看142名养成优俊少女的\n好结局
821,43,2022/02/24 12:00:00,2050/01/01 4:59:59,304142,50,宝石,观看143名养成优俊少女的\n好结局
821,43,2022/02/24 12:00:00,2050/01/01 4:59:59,304143,50,宝石,观看144名养成优俊少女的\n好结局
821,43,2022/02/24 12:00:00,2050/01/01 4:59:59,304144,50,宝石,观看145名养成优俊少女的\n好结局
821,43,2022/02/24 12:00:00,2050/01/01 4:59:59,304145,50,宝石,观看146名养成优俊少女的\n好结局
821,43,2022/02/24 12:00:00,2050/01/01 4:59:59,304146,50,宝石,观看147名养成优俊少女的\n好结局
821,43,2022/02/24 12:00:00,2050/01/01 4:59:59,304147,50,宝石,观看148名养成优俊少女的\n好结局
821,43,2022/02/24 12:00:00,2050/01/01 4:59:59,304148,50,宝石,观看149名养成优俊少女的\n好结局
821,43,2022/02/24 12:00:00,2050/01/01 4:59:59,304149,50,宝石,观看150名养成优俊少女的\n好结局
821,43,2022/02/24 12:00:00,2050/01/01 4:59:59,304150,50,宝石,观看151名养成优俊少女的\n好结局
821,43,2022/02/24 12:00:00,2050/01/01 4:59:59,304151,50,宝石,观看152名养成优俊少女的\n好结局
821,43,2022/02/24 12:00:00,2050/01/01 4:59:59,304152,50,宝石,观看153名养成优俊少女的\n好结局
821,43,2022/02/24 12:00:00,2050/01/01 4:59:59,304153,50,宝石,观看154名养成优俊少女的\n好结局
821,43,2022/02/24 12:00:00,2050/01/01 4:59:59,304154,50,宝石,观看155名养成优俊少女的\n好结局
821,43,2022/02/24 12:00:00,2050/01/01 4:59:59,304155,50,宝石,观看156名养成优俊少女的\n好结局
821,43,2022/02/24 12:00:00,2050/01/01 4:59:59,304156,50,宝石,观看157名养成优俊少女的\n好结局
821,43,2022/02/24 12:00:00,2050/01/01 4:59:59,304157,50,宝石,观看158名养成优俊少女的\n好结局
821,43,2022/02/24 12:00:00,2050/01/01 4:59:59,304158,50,宝石,观看159名养成优俊少女的\n好结局
821,43,2022/02/24 12:00:00,2050/01/01 4:59:59,304159,50,宝石,观看160名养成优俊少女的\n好结局
821,43,2022/02/24 12:00:00,2050/01/01 4:59:59,304160,50,宝石,观看161名养成优俊少女的\n好结局
821,43,2022/02/24 12:00:00,2050/01/01 4:59:59,304161,50,宝石,观看162名养成优俊少女的\n好结局
821,43,2022/02/24 12:00:00,2050/01/01 4:59:59,304162,50,宝石,观看163名养成优俊少女的\n好结局
821,43,2022/02/24 12:00:00,2050/01/01 4:59:59,304163,50,宝石,观看164名养成优俊少女的\n好结局
821,43,2022/02/24 12:00:00,2050/01/01 4:59:59,304164,50,宝石,观看165名养成优俊少女的\n好结局
821,43,2022/02/24 12:00:00,2050/01/01 4:59:59,304165,50,宝石,观看166名养成优俊少女的\n好结局
821,43,2022/02/24 12:00:00,2050/01/01 4:59:59,304166,50,宝石,观看167名养成优俊少女的\n好结局
821,43,2022/02/24 12:00:00,2050/01/01 4:59:59,304167,50,宝石,观看168名养成优俊少女的\n好结局
821,43,2022/02/24 12:00:00,2050/01/01 4:59:59,304168,50,宝石,观看169名养成优俊少女的\n好结局
821,43,2022/02/24 12:00:00,2050/01/01 4:59:59,304169,50,宝石,观看170名养成优俊少女的\n好结局
821,43,2022/02/24 12:00:00,2050/01/01 4:59:59,304170,50,宝石,观看171名养成优俊少女的\n好结局
821,43,2022/02/24 12:00:00,2050/01/01 4:59:59,304171,50,宝石,观看172名养成优俊少女的\n好结局
821,43,2022/02/24 12:00:00,2050/01/01 4:59:59,304172,50,宝石,观看173名养成优俊少女的\n好结局
821,43,2022/02/24 12:00:00,2050/01/01 4:59:59,304173,50,宝石,观看174名养成优俊少女的\n好结局
821,43,2022/02/24 12:00:00,2050/01/01 4:59:59,304174,50,宝石,观看175名养成优俊少女的\n好结局
821,43,2022/02/24 12:00:00,2050/01/01 4:59:59,304175,50,宝石,观看176名养成优俊少女的\n好结局
821,43,2022/02/24 12:00:00,2050/01/01 4:59:59,304176,50,宝石,观看177名养成优俊少女的\n好结局
821,43,2022/02/24 12:00:00,2050/01/01 4:59:59,304177,50,宝石,观看178名养成优俊少女的\n好结局
821,43,2022/02/24 12:00:00,2050/01/01 4:59:59,304178,50,宝石,观看179名养成优俊少女的\n好结局
821,43,2022/02/24 12:00:00,2050/01/01 4:59:59,304179,50,宝石,观看180名养成优俊少女的\n好结局
821,43,2022/02/24 12:00:00,2050/01/01 4:59:59,304180,50,宝石,观看181名养成优俊少女的\n好结局
821,43,2022/02/24 12:00:00,2050/01/01 4:59:59,304181,50,宝石,观看182名养成优俊少女的\n好结局
821,43,2022/02/24 12:00:00,2050/01/01 4:59:59,304182,50,宝石,观看183名养成优俊少女的\n好结局
821,43,2022/02/24 12:00:00,2050/01/01 4:59:59,304183,50,宝石,观看184名养成优俊少女的\n好结局
821,43,2022/02/24 12:00:00,2050/01/01 4:59:59,304184,50,宝石,观看185名养成优俊少女的\n好结局
821,43,2022/02/24 12:00:00,2050/01/01 4:59:59,304185,50,宝石,观看186名养成优俊少女的\n好结局
821,43,2022/02/24 12:00:00,2050/01/01 4:59:59,304186,50,宝石,观看187名养成优俊少女的\n好结局
821,43,2022/02/24 12:00:00,2050/01/01 4:59:59,304187,50,宝石,观看188名养成优俊少女的\n好结局
821,43,2022/02/24 12:00:00,2050/01/01 4:59:59,304188,50,宝石,观看189名养成优俊少女的\n好结局
821,43,2022/02/24 12:00:00,2050/01/01 4:59:59,304189,50,宝石,观看190名养成优俊少女的\n好结局
821,43,2022/02/24 12:00:00,2050/01/01 4:59:59,304190,50,宝石,观看191名养成优俊少女的\n好结局
821,43,2022/02/24 12:00:00,2050/01/01 4:59:59,304191,50,宝石,观看192名养成优俊少女的\n好结局
821,43,2022/02/24 12:00:00,2050/01/01 4:59:59,304192,50,宝石,观看193名养成优俊少女的\n好结局
821,43,2022/02/24 12:00:00,2050/01/01 4:59:59,304193,50,宝石,观看194名养成优俊少女的\n好结局
821,43,2022/02/24 12:00:00,2050/01/01 4:59:59,304194,50,宝石,观看195名养成优俊少女的\n好结局
821,43,2022/02/24 12:00:00,2050/01/01 4:59:59,304195,50,宝石,观看196名养成优俊少女的\n好结局
821,43,2022/02/24 12:00:00,2050/01/01 4:59:59,304196,50,宝石,观看197名养成优俊少女的\n好结局
821,43,2022/02/24 12:00:00,2050/01/01 4:59:59,304197,50,宝石,观看198名养成优俊少女的\n好结局
821,43,2022/02/24 12:00:00,2050/01/01 4:59:59,304198,50,宝石,观看199名养成优俊少女的\n好结局
821,43,2022/02/24 12:00:00,2050/01/01 4:59:59,304199,50,宝石,观看200名养成优俊少女的\n好结局
821,43,2023/07/21 12:00:00,2050/01/01 4:59:59,304200,50,宝石,观看201名养成优俊少女的\n好结局
821,43,2023/07/21 12:00:00,2050/01/01 4:59:59,304201,50,宝石,观看202名养成优俊少女的\n好结局
821,43,2023/07/21 12:00:00,2050/01/01 4:59:59,304202,50,宝石,观看203名养成优俊少女的\n好结局
821,43,2023/07/21 12:00:00,2050/01/01 4:59:59,304203,50,宝石,观看204名养成优俊少女的\n好结局
821,43,2023/07/21 12:00:00,2050/01/01 4:59:59,304204,50,宝石,观看205名养成优俊少女的\n好结局
821,43,2023/07/21 12:00:00,2050/01/01 4:59:59,304205,50,宝石,观看206名养成优俊少女的\n好结局
821,43,2023/07/21 12:00:00,2050/01/01 4:59:59,304206,50,宝石,观看207名养成优俊少女的\n好结局
821,43,2023/07/21 12:00:00,2050/01/01 4:59:59,304207,50,宝石,观看208名养成优俊少女的\n好结局
821,43,2023/07/21 12:00:00,2050/01/01 4:59:59,304208,50,宝石,观看209名养成优俊少女的\n好结局
821,43,2023/07/21 12:00:00,2050/01/01 4:59:59,304209,50,宝石,观看210名养成优俊少女的\n好结局
821,43,2023/07/21 12:00:00,2050/01/01 4:59:59,304210,50,宝石,观看211名养成优俊少女的\n好结局
821,43,2023/07/21 12:00:00,2050/01/01 4:59:59,304211,50,宝石,观看212名养成优俊少女的\n好结局
821,43,2023/07/21 12:00:00,2050/01/01 4:59:59,304212,50,宝石,观看213名养成优俊少女的\n好结局
821,43,2023/07/21 12:00:00,2050/01/01 4:59:59,304213,50,宝石,观看214名养成优俊少女的\n好结局
821,43,2023/07/21 12:00:00,2050/01/01 4:59:59,304214,50,宝石,观看215名养成优俊少女的\n好结局
821,43,2023/07/21 12:00:00,2050/01/01 4:59:59,304215,50,宝石,观看216名养成优俊少女的\n好结局
821,43,2023/07/21 12:00:00,2050/01/01 4:59:59,304216,50,宝石,观看217名养成优俊少女的\n好结局
821,43,2023/07/21 12:00:00,2050/01/01 4:59:59,304217,50,宝石,观看218名养成优俊少女的\n好结局
821,43,2023/07/21 12:00:00,2050/01/01 4:59:59,304218,50,宝石,观看219名养成优俊少女的\n好结局
821,43,2023/07/21 12:00:00,2050/01/01 4:59:59,304219,50,宝石,观看220名养成优俊少女的\n好结局
821,43,2023/07/21 12:00:00,2050/01/01 4:59:59,304220,50,宝石,观看221名养成优俊少女的\n好结局
821,43,2023/07/21 12:00:00,2050/01/01 4:59:59,304221,50,宝石,观看222名养成优俊少女的\n好结局
821,43,2023/07/21 12:00:00,2050/01/01 4:59:59,304222,50,宝石,观看223名养成优俊少女的\n好结局
821,43,2023/07/21 12:00:00,2050/01/01 4:59:59,304223,50,宝石,观看224名养成优俊少女的\n好结局
821,43,2023/07/21 12:00:00,2050/01/01 4:59:59,304224,50,宝石,观看225名养成优俊少女的\n好结局
821,43,2023/07/21 12:00:00,2050/01/01 4:59:59,304225,50,宝石,观看226名养成优俊少女的\n好结局
821,43,2023/07/21 12:00:00,2050/01/01 4:59:59,304226,50,宝石,观看227名养成优俊少女的\n好结局
821,43,2023/07/21 12:00:00,2050/01/01 4:59:59,304227,50,宝石,观看228名养成优俊少女的\n好结局
821,43,2023/07/21 12:00:00,2050/01/01 4:59:59,304228,50,宝石,观看229名养成优俊少女的\n好结局
821,43,2023/07/21 12:00:00,2050/01/01 4:59:59,304229,50,宝石,观看230名养成优俊少女的\n好结局
821,43,2023/07/21 12:00:00,2050/01/01 4:59:59,304230,50,宝石,观看231名养成优俊少女的\n好结局
821,43,2023/07/21 12:00:00,2050/01/01 4:59:59,304231,50,宝石,观看232名养成优俊少女的\n好结局
821,43,2023/07/21 12:00:00,2050/01/01 4:59:59,304232,50,宝石,观看233名养成优俊少女的\n好结局
821,43,2023/07/21 12:00:00,2050/01/01 4:59:59,304233,50,宝石,观看234名养成优俊少女的\n好结局
821,43,2023/07/21 12:00:00,2050/01/01 4:59:59,304234,50,宝石,观看235名养成优俊少女的\n好结局
821,43,2023/07/21 12:00:00,2050/01/01 4:59:59,304235,50,宝石,观看236名养成优俊少女的\n好结局
821,43,2023/07/21 12:00:00,2050/01/01 4:59:59,304236,50,宝石,观看237名养成优俊少女的\n好结局
821,43,2023/07/21 12:00:00,2050/01/01 4:59:59,304237,50,宝石,观看238名养成优俊少女的\n好结局
821,43,2023/07/21 12:00:00,2050/01/01 4:59:59,304238,50,宝石,观看239名养成优俊少女的\n好结局
821,43,2023/07/21 12:00:00,2050/01/01 4:59:59,304239,50,宝石,观看240名养成优俊少女的\n好结局
821,43,2023/07/21 12:00:00,2050/01/01 4:59:59,304240,50,宝石,观看241名养成优俊少女的\n好结局
821,43,2023/07/21 12:00:00,2050/01/01 4:59:59,304241,50,宝石,观看242名养成优俊少女的\n好结局
821,43,2023/07/21 12:00:00,2050/01/01 4:59:59,304242,50,宝石,观看243名养成优俊少女的\n好结局
821,43,2023/07/21 12:00:00,2050/01/01 4:59:59,304243,50,宝石,观看244名养成优俊少女的\n好结局
821,43,2023/07/21 12:00:00,2050/01/01 4:59:59,304244,50,宝石,观看245名养成优俊少女的\n好结局
821,43,2023/07/21 12:00:00,2050/01/01 4:59:59,304245,50,宝石,观看246名养成优俊少女的\n好结局
821,43,2023/07/21 12:00:00,2050/01/01 4:59:59,304246,50,宝石,观看247名养成优俊少女的\n好结局
821,43,2023/07/21 12:00:00,2050/01/01 4:59:59,304247,50,宝石,观看248名养成优俊少女的\n好结局
821,43,2023/07/21 12:00:00,2050/01/01 4:59:59,304248,50,宝石,观看249名养成优俊少女的\n好结局
821,43,2023/07/21 12:00:00,2050/01/01 4:59:59,304249,50,宝石,观看250名养成优俊少女的\n好结局
821,43,2023/07/21 12:00:00,2050/01/01 4:59:59,304250,50,宝石,观看251名养成优俊少女的\n好结局
821,43,2023/07/21 12:00:00,2050/01/01 4:59:59,304251,50,宝石,观看252名养成优俊少女的\n好结局
821,43,2023/07/21 12:00:00,2050/01/01 4:59:59,304252,50,宝石,观看253名养成优俊少女的\n好结局
821,43,2023/07/21 12:00:00,2050/01/01 4:59:59,304253,50,宝石,观看254名养成优俊少女的\n好结局
821,43,2023/07/21 12:00:00,2050/01/01 4:59:59,304254,50,宝石,观看255名养成优俊少女的\n好结局
821,43,2023/07/21 12:00:00,2050/01/01 4:59:59,304255,50,宝石,观看256名养成优俊少女的\n好结局
821,43,2023/07/21 12:00:00,2050/01/01 4:59:59,304256,50,宝石,观看257名养成优俊少女的\n好结局
821,43,2023/07/21 12:00:00,2050/01/01 4:59:59,304257,50,宝石,观看258名养成优俊少女的\n好结局
821,43,2023/07/21 12:00:00,2050/01/01 4:59:59,304258,50,宝石,观看259名养成优俊少女的\n好结局
821,43,2023/07/21 12:00:00,2050/01/01 4:59:59,304259,50,宝石,观看260名养成优俊少女的\n好结局
821,43,2023/07/21 12:00:00,2050/01/01 4:59:59,304260,50,宝石,观看261名养成优俊少女的\n好结局
821,43,2023/07/21 12:00:00,2050/01/01 4:59:59,304261,50,宝石,观看262名养成优俊少女的\n好结局
821,43,2023/07/21 12:00:00,2050/01/01 4:59:59,304262,50,宝石,观看263名养成优俊少女的\n好结局
821,43,2023/07/21 12:00:00,2050/01/01 4:59:59,304263,50,宝石,观看264名养成优俊少女的\n好结局
821,43,2023/07/21 12:00:00,2050/01/01 4:59:59,304264,50,宝石,观看265名养成优俊少女的\n好结局
821,43,2023/07/21 12:00:00,2050/01/01 4:59:59,304265,50,宝石,观看266名养成优俊少女的\n好结局
821,43,2023/07/21 12:00:00,2050/01/01 4:59:59,304266,50,宝石,观看267名养成优俊少女的\n好结局
821,43,2023/07/21 12:00:00,2050/01/01 4:59:59,304267,50,宝石,观看268名养成优俊少女的\n好结局
821,43,2023/07/21 12:00:00,2050/01/01 4:59:59,304268,50,宝石,观看269名养成优俊少女的\n好结局
821,43,2023/07/21 12:00:00,2050/01/01 4:59:59,304269,50,宝石,观看270名养成优俊少女的\n好结局
821,43,2023/07/21 12:00:00,2050/01/01 4:59:59,304270,50,宝石,观看271名养成优俊少女的\n好结局
821,43,2023/07/21 12:00:00,2050/01/01 4:59:59,304271,50,宝石,观看272名养成优俊少女的\n好结局
821,43,2023/07/21 12:00:00,2050/01/01 4:59:59,304272,50,宝石,观看273名养成优俊少女的\n好结局
821,43,2023/07/21 12:00:00,2050/01/01 4:59:59,304273,50,宝石,观看274名养成优俊少女的\n好结局
821,43,2023/07/21 12:00:00,2050/01/01 4:59:59,304274,50,宝石,观看275名养成优俊少女的\n好结局
821,43,2023/07/21 12:00:00,2050/01/01 4:59:59,304275,50,宝石,观看276名养成优俊少女的\n好结局
821,43,2023/07/21 12:00:00,2050/01/01 4:59:59,304276,50,宝石,观看277名养成优俊少女的\n好结局
821,43,2023/07/21 12:00:00,2050/01/01 4:59:59,304277,50,宝石,观看278名养成优俊少女的\n好结局
821,43,2023/07/21 12:00:00,2050/01/01 4:59:59,304278,50,宝石,观看279名养成优俊少女的\n好结局
821,43,2023/07/21 12:00:00,2050/01/01 4:59:59,304279,50,宝石,观看280名养成优俊少女的\n好结局
821,43,2023/07/21 12:00:00,2050/01/01 4:59:59,304280,50,宝石,观看281名养成优俊少女的\n好结局
821,43,2023/07/21 12:00:00,2050/01/01 4:59:59,304281,50,宝石,观看282名养成优俊少女的\n好结局
821,43,2023/07/21 12:00:00,2050/01/01 4:59:59,304282,50,宝石,观看283名养成优俊少女的\n好结局
821,43,2023/07/21 12:00:00,2050/01/01 4:59:59,304283,50,宝石,观看284名养成优俊少女的\n好结局
821,43,2023/07/21 12:00:00,2050/01/01 4:59:59,304284,50,宝石,观看285名养成优俊少女的\n好结局
821,43,2023/07/21 12:00:00,2050/01/01 4:59:59,304285,50,宝石,观看286名养成优俊少女的\n好结局
821,43,2023/07/21 12:00:00,2050/01/01 4:59:59,304286,50,宝石,观看287名养成优俊少女的\n好结局
821,43,2023/07/21 12:00:00,2050/01/01 4:59:59,304287,50,宝石,观看288名养成优俊少女的\n好结局
821,43,2023/07/21 12:00:00,2050/01/01 4:59:59,304288,50,宝石,观看289名养成优俊少女的\n好结局
821,43,2023/07/21 12:00:00,2050/01/01 4:59:59,304289,50,宝石,观看290名养成优俊少女的\n好结局
821,43,2023/07/21 12:00:00,2050/01/01 4:59:59,304290,50,宝石,观看291名养成优俊少女的\n好结局
821,43,2023/07/21 12:00:00,2050/01/01 4:59:59,304291,50,宝石,观看292名养成优俊少女的\n好结局
821,43,2023/07/21 12:00:00,2050/01/01 4:59:59,304292,50,宝石,观看293名养成优俊少女的\n好结局
821,43,2023/07/21 12:00:00,2050/01/01 4:59:59,304293,50,宝石,观看294名养成优俊少女的\n好结局
821,43,2023/07/21 12:00:00,2050/01/01 4:59:59,304294,50,宝石,观看295名养成优俊少女的\n好结局
821,43,2023/07/21 12:00:00,2050/01/01 4:59:59,304295,50,宝石,观看296名养成优俊少女的\n好结局
821,43,2023/07/21 12:00:00,2050/01/01 4:59:59,304296,50,宝石,观看297名养成优俊少女的\n好结局
821,43,2023/07/21 12:00:00,2050/01/01 4:59:59,304297,50,宝石,观看298名养成优俊少女的\n好结局
821,43,2023/07/21 12:00:00,2050/01/01 4:59:59,304298,50,宝石,观看299名养成优俊少女的\n好结局
821,43,2023/07/21 12:00:00,2050/01/01 4:59:59,304299,50,宝石,观看300名养成优俊少女的\n好结局
821,43,2024/03/29 12:00:00,2050/01/01 4:59:59,304300,50,宝石,育成ウマ娘301人の\nグッドエンディングをみよう
821,43,2024/03/29 12:00:00,2050/01/01 4:59:59,304301,50,宝石,育成ウマ娘302人の\nグッドエンディングをみよう
821,43,2024/03/29 12:00:00,2050/01/01 4:59:59,304302,50,宝石,育成ウマ娘303人の\nグッドエンディングをみよう
821,43,2024/03/29 12:00:00,2050/01/01 4:59:59,304303,50,宝石,育成ウマ娘304人の\nグッドエンディングをみよう
821,43,2024/03/29 12:00:00,2050/01/01 4:59:59,304304,50,宝石,育成ウマ娘305人の\nグッドエンディングをみよう
821,43,2024/03/29 12:00:00,2050/01/01 4:59:59,304305,50,宝石,育成ウマ娘306人の\nグッドエンディングをみよう
821,43,2024/03/29 12:00:00,2050/01/01 4:59:59,304306,50,宝石,育成ウマ娘307人の\nグッドエンディングをみよう
821,43,2024/03/29 12:00:00,2050/01/01 4:59:59,304307,50,宝石,育成ウマ娘308人の\nグッドエンディングをみよう
821,43,2024/03/29 12:00:00,2050/01/01 4:59:59,304308,50,宝石,育成ウマ娘309人の\nグッドエンディングをみよう
821,43,2024/03/29 12:00:00,2050/01/01 4:59:59,304309,50,宝石,育成ウマ娘310人の\nグッドエンディングをみよう
821,43,2024/03/29 12:00:00,2050/01/01 4:59:59,304310,50,宝石,育成ウマ娘311人の\nグッドエンディングをみよう
821,43,2024/03/29 12:00:00,2050/01/01 4:59:59,304311,50,宝石,育成ウマ娘312人の\nグッドエンディングをみよう
821,43,2024/03/29 12:00:00,2050/01/01 4:59:59,304312,50,宝石,育成ウマ娘313人の\nグッドエンディングをみよう
821,43,2024/03/29 12:00:00,2050/01/01 4:59:59,304313,50,宝石,育成ウマ娘314人の\nグッドエンディングをみよう
821,43,2024/03/29 12:00:00,2050/01/01 4:59:59,304314,50,宝石,育成ウマ娘315人の\nグッドエンディングをみよう
821,43,2024/03/29 12:00:00,2050/01/01 4:59:59,304315,50,宝石,育成ウマ娘316人の\nグッドエンディングをみよう
821,43,2024/03/29 12:00:00,2050/01/01 4:59:59,304316,50,宝石,育成ウマ娘317人の\nグッドエンディングをみよう
821,43,2024/03/29 12:00:00,2050/01/01 4:59:59,304317,50,宝石,育成ウマ娘318人の\nグッドエンディングをみよう
821,43,2024/03/29 12:00:00,2050/01/01 4:59:59,304318,50,宝石,育成ウマ娘319人の\nグッドエンディングをみよう
821,43,2024/03/29 12:00:00,2050/01/01 4:59:59,304319,50,宝石,育成ウマ娘320人の\nグッドエンディングをみよう
821,43,2024/03/29 12:00:00,2050/01/01 4:59:59,304320,50,宝石,育成ウマ娘321人の\nグッドエンディングをみよう
821,43,2024/03/29 12:00:00,2050/01/01 4:59:59,304321,50,宝石,育成ウマ娘322人の\nグッドエンディングをみよう
821,43,2024/03/29 12:00:00,2050/01/01 4:59:59,304322,50,宝石,育成ウマ娘323人の\nグッドエンディングをみよう
821,43,2024/03/29 12:00:00,2050/01/01 4:59:59,304323,50,宝石,育成ウマ娘324人の\nグッドエンディングをみよう
821,43,2024/03/29 12:00:00,2050/01/01 4:59:59,304324,50,宝石,育成ウマ娘325人の\nグッドエンディングをみよう
821,43,2024/03/29 12:00:00,2050/01/01 4:59:59,304325,50,宝石,育成ウマ娘326人の\nグッドエンディングをみよう
821,43,2024/03/29 12:00:00,2050/01/01 4:59:59,304326,50,宝石,育成ウマ娘327人の\nグッドエンディングをみよう
821,43,2024/03/29 12:00:00,2050/01/01 4:59:59,304327,50,宝石,育成ウマ娘328人の\nグッドエンディングをみよう
821,43,2024/03/29 12:00:00,2050/01/01 4:59:59,304328,50,宝石,育成ウマ娘329人の\nグッドエンディングをみよう
821,43,2024/03/29 12:00:00,2050/01/01 4:59:59,304329,50,宝石,育成ウマ娘330人の\nグッドエンディングをみよう
821,43,2024/03/29 12:00:00,2050/01/01 4:59:59,304330,50,宝石,育成ウマ娘331人の\nグッドエンディングをみよう
821,43,2024/03/29 12:00:00,2050/01/01 4:59:59,304331,50,宝石,育成ウマ娘332人の\nグッドエンディングをみよう
821,43,2024/03/29 12:00:00,2050/01/01 4:59:59,304332,50,宝石,育成ウマ娘333人の\nグッドエンディングをみよう
821,43,2024/03/29 12:00:00,2050/01/01 4:59:59,304333,50,宝石,育成ウマ娘334人の\nグッドエンディングをみよう
821,43,2024/03/29 12:00:00,2050/01/01 4:59:59,304334,50,宝石,育成ウマ娘335人の\nグッドエンディングをみよう
821,43,2024/03/29 12:00:00,2050/01/01 4:59:59,304335,50,宝石,育成ウマ娘336人の\nグッドエンディングをみよう
821,43,2024/03/29 12:00:00,2050/01/01 4:59:59,304336,50,宝石,育成ウマ娘337人の\nグッドエンディングをみよう
821,43,2024/03/29 12:00:00,2050/01/01 4:59:59,304337,50,宝石,育成ウマ娘338人の\nグッドエンディングをみよう
821,43,2024/03/29 12:00:00,2050/01/01 4:59:59,304338,50,宝石,育成ウマ娘339人の\nグッドエンディングをみよう
821,43,2024/03/29 12:00:00,2050/01/01 4:59:59,304339,50,宝石,育成ウマ娘340人の\nグッドエンディングをみよう
821,43,2024/03/29 12:00:00,2050/01/01 4:59:59,304340,50,宝石,育成ウマ娘341人の\nグッドエンディングをみよう
821,43,2024/03/29 12:00:00,2050/01/01 4:59:59,304341,50,宝石,育成ウマ娘342人の\nグッドエンディングをみよう
821,43,2024/03/29 12:00:00,2050/01/01 4:59:59,304342,50,宝石,育成ウマ娘343人の\nグッドエンディングをみよう
821,43,2024/03/29 12:00:00,2050/01/01 4:59:59,304343,50,宝石,育成ウマ娘344人の\nグッドエンディングをみよう
821,43,2024/03/29 12:00:00,2050/01/01 4:59:59,304344,50,宝石,育成ウマ娘345人の\nグッドエンディングをみよう
821,43,2024/03/29 12:00:00,2050/01/01 4:59:59,304345,50,宝石,育成ウマ娘346人の\nグッドエンディングをみよう
821,43,2024/03/29 12:00:00,2050/01/01 4:59:59,304346,50,宝石,育成ウマ娘347人の\nグッドエンディングをみよう
821,43,2024/03/29 12:00:00,2050/01/01 4:59:59,304347,50,宝石,育成ウマ娘348人の\nグッドエンディングをみよう
821,43,2024/03/29 12:00:00,2050/01/01 4:59:59,304348,50,宝石,育成ウマ娘349人の\nグッドエンディングをみよう
821,43,2024/03/29 12:00:00,2050/01/01 4:59:59,304349,50,宝石,育成ウマ娘350人の\nグッドエンディングをみよう
821,43,2024/03/29 12:00:00,2050/01/01 4:59:59,304350,50,宝石,育成ウマ娘351人の\nグッドエンディングをみよう
821,43,2024/03/29 12:00:00,2050/01/01 4:59:59,304351,50,宝石,育成ウマ娘352人の\nグッドエンディングをみよう
821,43,2024/03/29 12:00:00,2050/01/01 4:59:59,304352,50,宝石,育成ウマ娘353人の\nグッドエンディングをみよう
821,43,2024/03/29 12:00:00,2050/01/01 4:59:59,304353,50,宝石,育成ウマ娘354人の\nグッドエンディングをみよう
821,43,2024/03/29 12:00:00,2050/01/01 4:59:59,304354,50,宝石,育成ウマ娘355人の\nグッドエンディングをみよう
821,43,2024/03/29 12:00:00,2050/01/01 4:59:59,304355,50,宝石,育成ウマ娘356人の\nグッドエンディングをみよう
821,43,2024/03/29 12:00:00,2050/01/01 4:59:59,304356,50,宝石,育成ウマ娘357人の\nグッドエンディングをみよう
821,43,2024/03/29 12:00:00,2050/01/01 4:59:59,304357,50,宝石,育成ウマ娘358人の\nグッドエンディングをみよう
821,43,2024/03/29 12:00:00,2050/01/01 4:59:59,304358,50,宝石,育成ウマ娘359人の\nグッドエンディングをみよう
821,43,2024/03/29 12:00:00,2050/01/01 4:59:59,304359,50,宝石,育成ウマ娘360人の\nグッドエンディングをみよう
821,43,2024/03/29 12:00:00,2050/01/01 4:59:59,304360,50,宝石,育成ウマ娘361人の\nグッドエンディングをみよう
821,43,2024/03/29 12:00:00,2050/01/01 4:59:59,304361,50,宝石,育成ウマ娘362人の\nグッドエンディングをみよう
821,43,2024/03/29 12:00:00,2050/01/01 4:59:59,304362,50,宝石,育成ウマ娘363人の\nグッドエンディングをみよう
821,43,2024/03/29 12:00:00,2050/01/01 4:59:59,304363,50,宝石,育成ウマ娘364人の\nグッドエンディングをみよう
821,43,2024/03/29 12:00:00,2050/01/01 4:59:59,304364,50,宝石,育成ウマ娘365人の\nグッドエンディングをみよう
821,43,2024/03/29 12:00:00,2050/01/01 4:59:59,304365,50,宝石,育成ウマ娘366人の\nグッドエンディングをみよう
821,43,2024/03/29 12:00:00,2050/01/01 4:59:59,304366,50,宝石,育成ウマ娘367人の\nグッドエンディングをみよう
821,43,2024/03/29 12:00:00,2050/01/01 4:59:59,304367,50,宝石,育成ウマ娘368人の\nグッドエンディングをみよう
821,43,2024/03/29 12:00:00,2050/01/01 4:59:59,304368,50,宝石,育成ウマ娘369人の\nグッドエンディングをみよう
821,43,2024/03/29 12:00:00,2050/01/01 4:59:59,304369,50,宝石,育成ウマ娘370人の\nグッドエンディングをみよう
821,43,2024/03/29 12:00:00,2050/01/01 4:59:59,304370,50,宝石,育成ウマ娘371人の\nグッドエンディングをみよう
821,43,2024/03/29 12:00:00,2050/01/01 4:59:59,304371,50,宝石,育成ウマ娘372人の\nグッドエンディングをみよう
821,43,2024/03/29 12:00:00,2050/01/01 4:59:59,304372,50,宝石,育成ウマ娘373人の\nグッドエンディングをみよう
821,43,2024/03/29 12:00:00,2050/01/01 4:59:59,304373,50,宝石,育成ウマ娘374人の\nグッドエンディングをみよう
821,43,2024/03/29 12:00:00,2050/01/01 4:59:59,304374,50,宝石,育成ウマ娘375人の\nグッドエンディングをみよう
821,43,2024/03/29 12:00:00,2050/01/01 4:59:59,304375,50,宝石,育成ウマ娘376人の\nグッドエンディングをみよう
821,43,2024/03/29 12:00:00,2050/01/01 4:59:59,304376,50,宝石,育成ウマ娘377人の\nグッドエンディングをみよう
821,43,2024/03/29 12:00:00,2050/01/01 4:59:59,304377,50,宝石,育成ウマ娘378人の\nグッドエンディングをみよう
821,43,2024/03/29 12:00:00,2050/01/01 4:59:59,304378,50,宝石,育成ウマ娘379人の\nグッドエンディングをみよう
821,43,2024/03/29 12:00:00,2050/01/01 4:59:59,304379,50,宝石,育成ウマ娘380人の\nグッドエンディングをみよう
821,43,2024/03/29 12:00:00,2050/01/01 4:59:59,304380,50,宝石,育成ウマ娘381人の\nグッドエンディングをみよう
821,43,2024/03/29 12:00:00,2050/01/01 4:59:59,304381,50,宝石,育成ウマ娘382人の\nグッドエンディングをみよう
821,43,2024/03/29 12:00:00,2050/01/01 4:59:59,304382,50,宝石,育成ウマ娘383人の\nグッドエンディングをみよう
821,43,2024/03/29 12:00:00,2050/01/01 4:59:59,304383,50,宝石,育成ウマ娘384人の\nグッドエンディングをみよう
821,43,2024/03/29 12:00:00,2050/01/01 4:59:59,304384,50,宝石,育成ウマ娘385人の\nグッドエンディングをみよう
821,43,2024/03/29 12:00:00,2050/01/01 4:59:59,304385,50,宝石,育成ウマ娘386人の\nグッドエンディングをみよう
821,43,2024/03/29 12:00:00,2050/01/01 4:59:59,304386,50,宝石,育成ウマ娘387人の\nグッドエンディングをみよう
821,43,2024/03/29 12:00:00,2050/01/01 4:59:59,304387,50,宝石,育成ウマ娘388人の\nグッドエンディングをみよう
821,43,2024/03/29 12:00:00,2050/01/01 4:59:59,304388,50,宝石,育成ウマ娘389人の\nグッドエンディングをみよう
821,43,2024/03/29 12:00:00,2050/01/01 4:59:59,304389,50,宝石,育成ウマ娘390人の\nグッドエンディングをみよう
821,43,2024/03/29 12:00:00,2050/01/01 4:59:59,304390,50,宝石,育成ウマ娘391人の\nグッドエンディングをみよう
821,43,2024/03/29 12:00:00,2050/01/01 4:59:59,304391,50,宝石,育成ウマ娘392人の\nグッドエンディングをみよう
821,43,2024/03/29 12:00:00,2050/01/01 4:59:59,304392,50,宝石,育成ウマ娘393人の\nグッドエンディングをみよう
821,43,2024/03/29 12:00:00,2050/01/01 4:59:59,304393,50,宝石,育成ウマ娘394人の\nグッドエンディングをみよう
821,43,2024/03/29 12:00:00,2050/01/01 4:59:59,304394,50,宝石,育成ウマ娘395人の\nグッドエンディングをみよう
821,43,2024/03/29 12:00:00,2050/01/01 4:59:59,304395,50,宝石,育成ウマ娘396人の\nグッドエンディングをみよう
821,43,2024/03/29 12:00:00,2050/01/01 4:59:59,304396,50,宝石,育成ウマ娘397人の\nグッドエンディングをみよう
821,43,2024/03/29 12:00:00,2050/01/01 4:59:59,304397,50,宝石,育成ウマ娘398人の\nグッドエンディングをみよう
821,43,2024/03/29 12:00:00,2050/01/01 4:59:59,304398,50,宝石,育成ウマ娘399人の\nグッドエンディングをみよう
821,43,2024/03/29 12:00:00,2050/01/01 4:59:59,304399,50,宝石,育成ウマ娘400人の\nグッドエンディングをみよう
600,59,2017/07/01 1:00:00,2050/01/01 4:59:59,310200,2000,金币,在日常赛事中获胜\n1次
600,59,2017/07/01 1:00:00,2050/01/01 4:59:59,310201,4000,金币,在日常赛事中获胜\n3次
600,59,2017/07/01 1:00:00,2050/01/01 4:59:59,310202,6000,金币,在日常赛事中获胜\n5次
600,59,2017/07/01 1:00:00,2050/01/01 4:59:59,310203,10000,金币,在日常赛事中获胜\n10次
650,59,2022/08/24 12:00:00,2050/01/01 4:59:59,310500,10000,金币,参与1次\n日常传奇赛事
900,43,2017/07/01 1:00:00,2050/01/01 4:59:59,311000,30,宝石,参与团队竞技场\n1次
900,43,2017/07/01 1:00:00,2050/01/01 4:59:59,311001,30,宝石,参与团队竞技场\n3次
900,43,2017/07/01 1:00:00,2050/01/01 4:59:59,311002,30,宝石,参与团队竞技场\n5次
900,43,2017/07/01 1:00:00,2050/01/01 4:59:59,311003,30,宝石,参与团队竞技场\n10次
900,43,2017/07/01 1:00:00,2050/01/01 4:59:59,311004,30,宝石,参与团队竞技场\n15次
900,43,2017/07/01 1:00:00,2050/01/01 4:59:59,311005,30,宝石,参与团队竞技场\n20次
900,43,2017/07/01 1:00:00,2050/01/01 4:59:59,311006,30,宝石,参与团队竞技场\n25次
900,43,2017/07/01 1:00:00,2050/01/01 4:59:59,311007,30,宝石,参与团队竞技场\n30次
900,43,2017/07/01 1:00:00,2050/01/01 4:59:59,311008,30,宝石,参与团队竞技场\n35次
900,43,2017/07/01 1:00:00,2050/01/01 4:59:59,311009,30,宝石,参与团队竞技场\n40次
900,43,2017/07/01 1:00:00,2050/01/01 4:59:59,311010,30,宝石,参与团队竞技场\n45次
900,43,2017/07/01 1:00:00,2050/01/01 4:59:59,311011,30,宝石,参与团队竞技场\n50次
900,43,2017/07/01 1:00:00,2050/01/01 4:59:59,311012,30,宝石,参与团队竞技场\n60次
900,43,2017/07/01 1:00:00,2050/01/01 4:59:59,311013,30,宝石,参与团队竞技场\n70次
900,43,2017/07/01 1:00:00,2050/01/01 4:59:59,311014,30,宝石,参与团队竞技场\n80次
900,43,2017/07/01 1:00:00,2050/01/01 4:59:59,311015,30,宝石,参与团队竞技场\n90次
900,43,2017/07/01 1:00:00,2050/01/01 4:59:59,311016,30,宝石,参与团队竞技场\n100次
900,43,2017/07/01 1:00:00,2050/01/01 4:59:59,311017,30,宝石,参与团队竞技场\n150次
900,43,2017/07/01 1:00:00,2050/01/01 4:59:59,311018,30,宝石,参与团队竞技场\n200次
900,43,2017/07/01 1:00:00,2050/01/01 4:59:59,311019,30,宝石,参与团队竞技场\n250次
900,43,2017/07/01 1:00:00,2050/01/01 4:59:59,311020,30,宝石,参与团队竞技场\n300次
900,43,2017/07/01 1:00:00,2050/01/01 4:59:59,311021,30,宝石,参与团队竞技场\n350次
900,43,2017/07/01 1:00:00,2050/01/01 4:59:59,311022,30,宝石,参与团队竞技场\n400次
900,43,2017/07/01 1:00:00,2050/01/01 4:59:59,311023,30,宝石,参与团队竞技场\n450次
900,43,2017/07/01 1:00:00,2050/01/01 4:59:59,311024,30,宝石,参与团队竞技场\n500次
900,43,2017/07/01 1:00:00,2050/01/01 4:59:59,311025,30,宝石,参与团队竞技场\n600次
900,43,2017/07/01 1:00:00,2050/01/01 4:59:59,311026,30,宝石,参与团队竞技场\n700次
900,43,2017/07/01 1:00:00,2050/01/01 4:59:59,311027,30,宝石,参与团队竞技场\n800次
900,43,2017/07/01 1:00:00,2050/01/01 4:59:59,311028,30,宝石,参与团队竞技场\n900次
900,43,2017/07/01 1:00:00,2050/01/01 4:59:59,311029,30,宝石,参与团队竞技场\n1000次
900,43,2017/07/01 1:00:00,2050/01/01 4:59:59,311030,30,宝石,参与团队竞技场\n1200次
900,43,2017/07/01 1:00:00,2050/01/01 4:59:59,311031,30,宝石,参与团队竞技场\n1400次
900,43,2017/07/01 1:00:00,2050/01/01 4:59:59,311032,30,宝石,参与团队竞技场\n1600次
900,43,2017/07/01 1:00:00,2050/01/01 4:59:59,311033,30,宝石,参与团队竞技场\n1800次
900,43,2017/07/01 1:00:00,2050/01/01 4:59:59,311034,30,宝石,参与团队竞技场\n2000次
900,43,2017/07/01 1:00:00,2050/01/01 4:59:59,311035,30,宝石,参与团队竞技场\n2200次
900,43,2017/07/01 1:00:00,2050/01/01 4:59:59,311036,30,宝石,参与团队竞技场\n2400次
900,43,2017/07/01 1:00:00,2050/01/01 4:59:59,311037,30,宝石,参与团队竞技场\n2600次
900,43,2017/07/01 1:00:00,2050/01/01 4:59:59,311038,30,宝石,参与团队竞技场\n2800次
900,43,2017/07/01 1:00:00,2050/01/01 4:59:59,311039,30,宝石,参与团队竞技场\n3000次
900,43,2017/07/01 1:00:00,2050/01/01 4:59:59,311040,30,宝石,参与团队竞技场\n3200次
900,43,2017/07/01 1:00:00,2050/01/01 4:59:59,311041,30,宝石,参与团队竞技场\n3400次
900,43,2017/07/01 1:00:00,2050/01/01 4:59:59,311042,30,宝石,参与团队竞技场\n3600次
900,43,2017/07/01 1:00:00,2050/01/01 4:59:59,311043,30,宝石,参与团队竞技场\n3800次
900,43,2017/07/01 1:00:00,2050/01/01 4:59:59,311044,30,宝石,参与团队竞技场\n4000次
900,43,2017/07/01 1:00:00,2050/01/01 4:59:59,311045,30,宝石,参与团队竞技场\n4200次
900,43,2017/07/01 1:00:00,2050/01/01 4:59:59,311046,30,宝石,参与团队竞技场\n4400次
900,43,2017/07/01 1:00:00,2050/01/01 4:59:59,311047,30,宝石,参与团队竞技场\n4600次
900,43,2017/07/01 1:00:00,2050/01/01 4:59:59,311048,30,宝石,参与团队竞技场\n4800次
900,43,2017/07/01 1:00:00,2050/01/01 4:59:59,311049,30,宝石,参与团队竞技场\n5000次
900,43,2017/07/01 1:00:00,2050/01/01 4:59:59,311050,30,宝石,参与团队竞技场\n5200次
900,43,2017/07/01 1:00:00,2050/01/01 4:59:59,311051,30,宝石,参与团队竞技场\n5400次
900,43,2017/07/01 1:00:00,2050/01/01 4:59:59,311052,30,宝石,参与团队竞技场\n5600次
900,43,2017/07/01 1:00:00,2050/01/01 4:59:59,311053,30,宝石,参与团队竞技场\n5800次
900,43,2017/07/01 1:00:00,2050/01/01 4:59:59,311054,30,宝石,参与团队竞技场\n6000次
900,43,2017/07/01 1:00:00,2050/01/01 4:59:59,311055,30,宝石,参与团队竞技场\n6200次
900,43,2017/07/01 1:00:00,2050/01/01 4:59:59,311056,30,宝石,参与团队竞技场\n6400次
900,43,2017/07/01 1:00:00,2050/01/01 4:59:59,311057,30,宝石,参与团队竞技场\n6600次
900,43,2017/07/01 1:00:00,2050/01/01 4:59:59,311058,30,宝石,参与团队竞技场\n6800次
900,43,2017/07/01 1:00:00,2050/01/01 4:59:59,311059,30,宝石,参与团队竞技场\n7000次
900,43,2017/07/01 1:00:00,2050/01/01 4:59:59,311060,30,宝石,参与团队竞技场\n7200次
900,43,2017/07/01 1:00:00,2050/01/01 4:59:59,311061,30,宝石,参与团队竞技场\n7400次
900,43,2017/07/01 1:00:00,2050/01/01 4:59:59,311062,30,宝石,参与团队竞技场\n7600次
900,43,2017/07/01 1:00:00,2050/01/01 4:59:59,311063,30,宝石,参与团队竞技场\n7800次
900,43,2017/07/01 1:00:00,2050/01/01 4:59:59,311064,30,宝石,参与团队竞技场\n8000次
900,43,2017/07/01 1:00:00,2050/01/01 4:59:59,311065,30,宝石,参与团队竞技场\n8200次
900,43,2017/07/01 1:00:00,2050/01/01 4:59:59,311066,30,宝石,参与团队竞技场\n8400次
900,43,2017/07/01 1:00:00,2050/01/01 4:59:59,311067,30,宝石,参与团队竞技场\n8600次
900,43,2017/07/01 1:00:00,2050/01/01 4:59:59,311068,30,宝石,参与团队竞技场\n8800次
900,43,2017/07/01 1:00:00,2050/01/01 4:59:59,311069,30,宝石,参与团队竞技场\n9000次
900,43,2017/07/01 1:00:00,2050/01/01 4:59:59,311070,30,宝石,参与团队竞技场\n9200次
900,43,2017/07/01 1:00:00,2050/01/01 4:59:59,311071,30,宝石,参与团队竞技场\n9400次
900,43,2017/07/01 1:00:00,2050/01/01 4:59:59,311072,30,宝石,参与团队竞技场\n9600次
900,43,2017/07/01 1:00:00,2050/01/01 4:59:59,311073,30,宝石,参与团队竞技场\n9800次
900,43,2017/07/01 1:00:00,2050/01/01 4:59:59,311074,30,宝石,参与团队竞技场\n10000次
900,43,2017/07/01 1:00:00,2050/01/01 4:59:59,311075,30,宝石,参与团队竞技场\n10200次
900,43,2017/07/01 1:00:00,2050/01/01 4:59:59,311076,30,宝石,参与团队竞技场\n10400次
900,43,2017/07/01 1:00:00,2050/01/01 4:59:59,311077,30,宝石,参与团队竞技场\n10600次
900,43,2017/07/01 1:00:00,2050/01/01 4:59:59,311078,30,宝石,参与团队竞技场\n10800次
900,43,2017/07/01 1:00:00,2050/01/01 4:59:59,311079,30,宝石,参与团队竞技场\n11000次
900,43,2017/07/01 1:00:00,2050/01/01 4:59:59,311080,30,宝石,参与团队竞技场\n11200次
900,43,2017/07/01 1:00:00,2050/01/01 4:59:59,311081,30,宝石,参与团队竞技场\n11400次
900,43,2017/07/01 1:00:00,2050/01/01 4:59:59,311082,30,宝石,参与团队竞技场\n11600次
900,43,2017/07/01 1:00:00,2050/01/01 4:59:59,311083,30,宝石,参与团队竞技场\n11800次
900,43,2017/07/01 1:00:00,2050/01/01 4:59:59,311084,30,宝石,参与团队竞技场\n12000次
900,43,2022/02/24 12:00:00,2050/01/01 4:59:59,311085,30,宝石,参与团队竞技场\n12200次
900,43,2022/02/24 12:00:00,2050/01/01 4:59:59,311086,30,宝石,参与团队竞技场\n12400次
900,43,2022/02/24 12:00:00,2050/01/01 4:59:59,311087,30,宝石,参与团队竞技场\n12600次
900,43,2022/02/24 12:00:00,2050/01/01 4:59:59,311088,30,宝石,参与团队竞技场\n12800次
900,43,2022/02/24 12:00:00,2050/01/01 4:59:59,311089,30,宝石,参与团队竞技场\n13000次
900,43,2022/02/24 12:00:00,2050/01/01 4:59:59,311090,30,宝石,参与团队竞技场\n13200次
900,43,2022/02/24 12:00:00,2050/01/01 4:59:59,311091,30,宝石,参与团队竞技场\n13400次
900,43,2022/02/24 12:00:00,2050/01/01 4:59:59,311092,30,宝石,参与团队竞技场\n13600次
900,43,2022/02/24 12:00:00,2050/01/01 4:59:59,311093,30,宝石,参与团队竞技场\n13800次
900,43,2022/02/24 12:00:00,2050/01/01 4:59:59,311094,30,宝石,参与团队竞技场\n14000次
900,43,2022/02/24 12:00:00,2050/01/01 4:59:59,311095,30,宝石,参与团队竞技场\n14200次
900,43,2022/02/24 12:00:00,2050/01/01 4:59:59,311096,30,宝石,参与团队竞技场\n14400次
900,43,2022/02/24 12:00:00,2050/01/01 4:59:59,311097,30,宝石,参与团队竞技场\n14600次
900,43,2022/02/24 12:00:00,2050/01/01 4:59:59,311098,30,宝石,参与团队竞技场\n14800次
900,43,2022/02/24 12:00:00,2050/01/01 4:59:59,311099,30,宝石,参与团队竞技场\n15000次
900,43,2022/02/24 12:00:00,2050/01/01 4:59:59,311100,30,宝石,参与团队竞技场\n15200次
900,43,2022/02/24 12:00:00,2050/01/01 4:59:59,311101,30,宝石,参与团队竞技场\n15400次
900,43,2022/02/24 12:00:00,2050/01/01 4:59:59,311102,30,宝石,参与团队竞技场\n15600次
900,43,2022/02/24 12:00:00,2050/01/01 4:59:59,311103,30,宝石,参与团队竞技场\n15800次
900,43,2022/02/24 12:00:00,2050/01/01 4:59:59,311104,30,宝石,参与团队竞技场\n16000次
900,43,2022/02/24 12:00:00,2050/01/01 4:59:59,311105,30,宝石,参与团队竞技场\n16200次
900,43,2022/02/24 12:00:00,2050/01/01 4:59:59,311106,30,宝石,参与团队竞技场\n16400次
900,43,2022/02/24 12:00:00,2050/01/01 4:59:59,311107,30,宝石,参与团队竞技场\n16600次
900,43,2022/02/24 12:00:00,2050/01/01 4:59:59,311108,30,宝石,参与团队竞技场\n16800次
900,43,2022/02/24 12:00:00,2050/01/01 4:59:59,311109,30,宝石,参与团队竞技场\n17000次
900,43,2022/02/24 12:00:00,2050/01/01 4:59:59,311110,30,宝石,参与团队竞技场\n17200次
900,43,2022/02/24 12:00:00,2050/01/01 4:59:59,311111,30,宝石,参与团队竞技场\n17400次
900,43,2022/02/24 12:00:00,2050/01/01 4:59:59,311112,30,宝石,参与团队竞技场\n17600次
900,43,2022/02/24 12:00:00,2050/01/01 4:59:59,311113,30,宝石,参与团队竞技场\n17800次
900,43,2022/02/24 12:00:00,2050/01/01 4:59:59,311114,30,宝石,参与团队竞技场\n18000次
900,43,2022/02/24 12:00:00,2050/01/01 4:59:59,311115,30,宝石,参与团队竞技场\n18200次
900,43,2022/02/24 12:00:00,2050/01/01 4:59:59,311116,30,宝石,参与团队竞技场\n18400次
900,43,2022/02/24 12:00:00,2050/01/01 4:59:59,311117,30,宝石,参与团队竞技场\n18600次
900,43,2022/02/24 12:00:00,2050/01/01 4:59:59,311118,30,宝石,参与团队竞技场\n18800次
900,43,2022/02/24 12:00:00,2050/01/01 4:59:59,311119,30,宝石,参与团队竞技场\n19000次
900,43,2022/02/24 12:00:00,2050/01/01 4:59:59,311120,30,宝石,参与团队竞技场\n19200次
900,43,2022/02/24 12:00:00,2050/01/01 4:59:59,311121,30,宝石,参与团队竞技场\n19400次
900,43,2022/02/24 12:00:00,2050/01/01 4:59:59,311122,30,宝石,参与团队竞技场\n19600次
900,43,2022/02/24 12:00:00,2050/01/01 4:59:59,311123,30,宝石,参与团队竞技场\n19800次
900,43,2022/02/24 12:00:00,2050/01/01 4:59:59,311124,30,宝石,参与团队竞技场\n20000次
900,43,2022/02/24 12:00:00,2050/01/01 4:59:59,311125,30,宝石,参与团队竞技场\n20200次
900,43,2022/02/24 12:00:00,2050/01/01 4:59:59,311126,30,宝石,参与团队竞技场\n20400次
900,43,2022/02/24 12:00:00,2050/01/01 4:59:59,311127,30,宝石,参与团队竞技场\n20600次
900,43,2022/02/24 12:00:00,2050/01/01 4:59:59,311128,30,宝石,参与团队竞技场\n20800次
900,43,2022/02/24 12:00:00,2050/01/01 4:59:59,311129,30,宝石,参与团队竞技场\n21000次
900,43,2022/02/24 12:00:00,2050/01/01 4:59:59,311130,30,宝石,参与团队竞技场\n21200次
900,43,2022/02/24 12:00:00,2050/01/01 4:59:59,311131,30,宝石,参与团队竞技场\n21400次
900,43,2022/02/24 12:00:00,2050/01/01 4:59:59,311132,30,宝石,参与团队竞技场\n21600次
900,43,2022/02/24 12:00:00,2050/01/01 4:59:59,311133,30,宝石,参与团队竞技场\n21800次
900,43,2022/02/24 12:00:00,2050/01/01 4:59:59,311134,30,宝石,参与团队竞技场\n22000次
900,43,2022/02/24 12:00:00,2050/01/01 4:59:59,311135,30,宝石,参与团队竞技场\n22200次
900,43,2022/02/24 12:00:00,2050/01/01 4:59:59,311136,30,宝石,参与团队竞技场\n22400次
900,43,2022/02/24 12:00:00,2050/01/01 4:59:59,311137,30,宝石,参与团队竞技场\n22600次
900,43,2022/02/24 12:00:00,2050/01/01 4:59:59,311138,30,宝石,参与团队竞技场\n22800次
900,43,2022/02/24 12:00:00,2050/01/01 4:59:59,311139,30,宝石,参与团队竞技场\n23000次
900,43,2022/02/24 12:00:00,2050/01/01 4:59:59,311140,30,宝石,参与团队竞技场\n23200次
900,43,2022/02/24 12:00:00,2050/01/01 4:59:59,311141,30,宝石,参与团队竞技场\n23400次
900,43,2022/02/24 12:00:00,2050/01/01 4:59:59,311142,30,宝石,参与团队竞技场\n23600次
900,43,2022/02/24 12:00:00,2050/01/01 4:59:59,311143,30,宝石,参与团队竞技场\n23800次
900,43,2022/02/24 12:00:00,2050/01/01 4:59:59,311144,30,宝石,参与团队竞技场\n24000次
900,43,2022/02/24 12:00:00,2050/01/01 4:59:59,311145,30,宝石,参与团队竞技场\n24200次
900,43,2022/02/24 12:00:00,2050/01/01 4:59:59,311146,30,宝石,参与团队竞技场\n24400次
900,43,2022/02/24 12:00:00,2050/01/01 4:59:59,311147,30,宝石,参与团队竞技场\n24600次
900,43,2022/02/24 12:00:00,2050/01/01 4:59:59,311148,30,宝石,参与团队竞技场\n24800次
900,43,2022/02/24 12:00:00,2050/01/01 4:59:59,311149,30,宝石,参与团队竞技场\n25000次
900,43,2022/02/24 12:00:00,2050/01/01 4:59:59,311150,30,宝石,参与团队竞技场\n25200次
900,43,2022/02/24 12:00:00,2050/01/01 4:59:59,311151,30,宝石,参与团队竞技场\n25400次
900,43,2022/02/24 12:00:00,2050/01/01 4:59:59,311152,30,宝石,参与团队竞技场\n25600次
900,43,2022/02/24 12:00:00,2050/01/01 4:59:59,311153,30,宝石,参与团队竞技场\n25800次
900,43,2022/02/24 12:00:00,2050/01/01 4:59:59,311154,30,宝石,参与团队竞技场\n26000次
900,43,2022/02/24 12:00:00,2050/01/01 4:59:59,311155,30,宝石,参与团队竞技场\n26200次
900,43,2022/02/24 12:00:00,2050/01/01 4:59:59,311156,30,宝石,参与团队竞技场\n26400次
900,43,2022/02/24 12:00:00,2050/01/01 4:59:59,311157,30,宝石,参与团队竞技场\n26600次
900,43,2022/02/24 12:00:00,2050/01/01 4:59:59,311158,30,宝石,参与团队竞技场\n26800次
900,43,2022/02/24 12:00:00,2050/01/01 4:59:59,311159,30,宝石,参与团队竞技场\n27000次
900,43,2022/02/24 12:00:00,2050/01/01 4:59:59,311160,30,宝石,参与团队竞技场\n27200次
900,43,2022/02/24 12:00:00,2050/01/01 4:59:59,311161,30,宝石,参与团队竞技场\n27400次
900,43,2022/02/24 12:00:00,2050/01/01 4:59:59,311162,30,宝石,参与团队竞技场\n27600次
900,43,2022/02/24 12:00:00,2050/01/01 4:59:59,311163,30,宝石,参与团队竞技场\n27800次
900,43,2022/02/24 12:00:00,2050/01/01 4:59:59,311164,30,宝石,参与团队竞技场\n28000次
900,43,2022/02/24 12:00:00,2050/01/01 4:59:59,311165,30,宝石,参与团队竞技场\n28200次
900,43,2022/02/24 12:00:00,2050/01/01 4:59:59,311166,30,宝石,参与团队竞技场\n28400次
900,43,2022/02/24 12:00:00,2050/01/01 4:59:59,311167,30,宝石,参与团队竞技场\n28600次
900,43,2022/02/24 12:00:00,2050/01/01 4:59:59,311168,30,宝石,参与团队竞技场\n28800次
900,43,2022/02/24 12:00:00,2050/01/01 4:59:59,311169,30,宝石,参与团队竞技场\n29000次
900,43,2022/02/24 12:00:00,2050/01/01 4:59:59,311170,30,宝石,参与团队竞技场\n29200次
900,43,2022/02/24 12:00:00,2050/01/01 4:59:59,311171,30,宝石,参与团队竞技场\n29400次
900,43,2022/02/24 12:00:00,2050/01/01 4:59:59,311172,30,宝石,参与团队竞技场\n29600次
900,43,2022/02/24 12:00:00,2050/01/01 4:59:59,311173,30,宝石,参与团队竞技场\n29800次
900,43,2022/02/24 12:00:00,2050/01/01 4:59:59,311174,30,宝石,参与团队竞技场\n30000次
900,43,2023/07/10 12:00:00,2050/01/01 4:59:59,311175,30,宝石,参与团队竞技场\n30200次
900,43,2023/07/10 12:00:00,2050/01/01 4:59:59,311176,30,宝石,参与团队竞技场\n30400次
900,43,2023/07/10 12:00:00,2050/01/01 4:59:59,311177,30,宝石,参与团队竞技场\n30600次
900,43,2023/07/10 12:00:00,2050/01/01 4:59:59,311178,30,宝石,参与团队竞技场\n30800次
900,43,2023/07/10 12:00:00,2050/01/01 4:59:59,311179,30,宝石,参与团队竞技场\n31000次
900,43,2023/07/10 12:00:00,2050/01/01 4:59:59,311180,30,宝石,参与团队竞技场\n31200次
900,43,2023/07/10 12:00:00,2050/01/01 4:59:59,311181,30,宝石,参与团队竞技场\n31400次
900,43,2023/07/10 12:00:00,2050/01/01 4:59:59,311182,30,宝石,参与团队竞技场\n31600次
900,43,2023/07/10 12:00:00,2050/01/01 4:59:59,311183,30,宝石,参与团队竞技场\n31800次
900,43,2023/07/10 12:00:00,2050/01/01 4:59:59,311184,30,宝石,参与团队竞技场\n32000次
900,43,2023/07/10 12:00:00,2050/01/01 4:59:59,311185,30,宝石,参与团队竞技场\n32200次
900,43,2023/07/10 12:00:00,2050/01/01 4:59:59,311186,30,宝石,参与团队竞技场\n32400次
900,43,2023/07/10 12:00:00,2050/01/01 4:59:59,311187,30,宝石,参与团队竞技场\n32600次
900,43,2023/07/10 12:00:00,2050/01/01 4:59:59,311188,30,宝石,参与团队竞技场\n32800次
900,43,2023/07/10 12:00:00,2050/01/01 4:59:59,311189,30,宝石,参与团队竞技场\n33000次
900,43,2023/07/10 12:00:00,2050/01/01 4:59:59,311190,30,宝石,参与团队竞技场\n33200次
900,43,2023/07/10 12:00:00,2050/01/01 4:59:59,311191,30,宝石,参与团队竞技场\n33400次
900,43,2023/07/10 12:00:00,2050/01/01 4:59:59,311192,30,宝石,参与团队竞技场\n33600次
900,43,2023/07/10 12:00:00,2050/01/01 4:59:59,311193,30,宝石,参与团队竞技场\n33800次
900,43,2023/07/10 12:00:00,2050/01/01 4:59:59,311194,30,宝石,参与团队竞技场\n34000次
900,43,2023/07/10 12:00:00,2050/01/01 4:59:59,311195,30,宝石,参与团队竞技场\n34200次
900,43,2023/07/10 12:00:00,2050/01/01 4:59:59,311196,30,宝石,参与团队竞技场\n34400次
900,43,2023/07/10 12:00:00,2050/01/01 4:59:59,311197,30,宝石,参与团队竞技场\n34600次
900,43,2023/07/10 12:00:00,2050/01/01 4:59:59,311198,30,宝石,参与团队竞技场\n34800次
900,43,2023/07/10 12:00:00,2050/01/01 4:59:59,311199,30,宝石,参与团队竞技场\n35000次
900,43,2023/07/10 12:00:00,2050/01/01 4:59:59,311200,30,宝石,参与团队竞技场\n35200次
900,43,2023/07/10 12:00:00,2050/01/01 4:59:59,311201,30,宝石,参与团队竞技场\n35400次
900,43,2023/07/10 12:00:00,2050/01/01 4:59:59,311202,30,宝石,参与团队竞技场\n35600次
900,43,2023/07/10 12:00:00,2050/01/01 4:59:59,311203,30,宝石,参与团队竞技场\n35800次
900,43,2023/07/10 12:00:00,2050/01/01 4:59:59,311204,30,宝石,参与团队竞技场\n36000次
900,43,2023/07/10 12:00:00,2050/01/01 4:59:59,311205,30,宝石,参与团队竞技场\n36200次
900,43,2023/07/10 12:00:00,2050/01/01 4:59:59,311206,30,宝石,参与团队竞技场\n36400次
900,43,2023/07/10 12:00:00,2050/01/01 4:59:59,311207,30,宝石,参与团队竞技场\n36600次
900,43,2023/07/10 12:00:00,2050/01/01 4:59:59,311208,30,宝石,参与团队竞技场\n36800次
900,43,2023/07/10 12:00:00,2050/01/01 4:59:59,311209,30,宝石,参与团队竞技场\n37000次
900,43,2023/07/10 12:00:00,2050/01/01 4:59:59,311210,30,宝石,参与团队竞技场\n37200次
900,43,2023/07/10 12:00:00,2050/01/01 4:59:59,311211,30,宝石,参与团队竞技场\n37400次
900,43,2023/07/10 12:00:00,2050/01/01 4:59:59,311212,30,宝石,参与团队竞技场\n37600次
900,43,2023/07/10 12:00:00,2050/01/01 4:59:59,311213,30,宝石,参与团队竞技场\n37800次
900,43,2023/07/10 12:00:00,2050/01/01 4:59:59,311214,30,宝石,参与团队竞技场\n38000次
900,43,2023/07/10 12:00:00,2050/01/01 4:59:59,311215,30,宝石,参与团队竞技场\n38200次
900,43,2023/07/10 12:00:00,2050/01/01 4:59:59,311216,30,宝石,参与团队竞技场\n38400次
900,43,2023/07/10 12:00:00,2050/01/01 4:59:59,311217,30,宝石,参与团队竞技场\n38600次
900,43,2023/07/10 12:00:00,2050/01/01 4:59:59,311218,30,宝石,参与团队竞技场\n38800次
900,43,2023/07/10 12:00:00,2050/01/01 4:59:59,311219,30,宝石,参与团队竞技场\n39000次
900,43,2023/07/10 12:00:00,2050/01/01 4:59:59,311220,30,宝石,参与团队竞技场\n39200次
900,43,2023/07/10 12:00:00,2050/01/01 4:59:59,311221,30,宝石,参与团队竞技场\n39400次
900,43,2023/07/10 12:00:00,2050/01/01 4:59:59,311222,30,宝石,参与团队竞技场\n39600次
900,43,2023/07/10 12:00:00,2050/01/01 4:59:59,311223,30,宝石,参与团队竞技场\n39800次
900,43,2023/07/10 12:00:00,2050/01/01 4:59:59,311224,30,宝石,参与团队竞技场\n40000次
900,43,2023/07/10 12:00:00,2050/01/01 4:59:59,311225,30,宝石,参与团队竞技场\n40200次
900,43,2023/07/10 12:00:00,2050/01/01 4:59:59,311226,30,宝石,参与团队竞技场\n40400次
900,43,2023/07/10 12:00:00,2050/01/01 4:59:59,311227,30,宝石,参与团队竞技场\n40600次
900,43,2023/07/10 12:00:00,2050/01/01 4:59:59,311228,30,宝石,参与团队竞技场\n40800次
900,43,2023/07/10 12:00:00,2050/01/01 4:59:59,311229,30,宝石,参与团队竞技场\n41000次
900,43,2023/07/10 12:00:00,2050/01/01 4:59:59,311230,30,宝石,参与团队竞技场\n41200次
900,43,2023/07/10 12:00:00,2050/01/01 4:59:59,311231,30,宝石,参与团队竞技场\n41400次
900,43,2023/07/10 12:00:00,2050/01/01 4:59:59,311232,30,宝石,参与团队竞技场\n41600次
900,43,2023/07/10 12:00:00,2050/01/01 4:59:59,311233,30,宝石,参与团队竞技场\n41800次
900,43,2023/07/10 12:00:00,2050/01/01 4:59:59,311234,30,宝石,参与团队竞技场\n42000次
900,43,2023/07/10 12:00:00,2050/01/01 4:59:59,311235,30,宝石,参与团队竞技场\n42200次
900,43,2023/07/10 12:00:00,2050/01/01 4:59:59,311236,30,宝石,参与团队竞技场\n42400次
900,43,2023/07/10 12:00:00,2050/01/01 4:59:59,311237,30,宝石,参与团队竞技场\n42600次
900,43,2023/07/10 12:00:00,2050/01/01 4:59:59,311238,30,宝石,参与团队竞技场\n42800次
900,43,2023/07/10 12:00:00,2050/01/01 4:59:59,311239,30,宝石,参与团队竞技场\n43000次
900,43,2023/07/10 12:00:00,2050/01/01 4:59:59,311240,30,宝石,参与团队竞技场\n43200次
900,43,2023/07/10 12:00:00,2050/01/01 4:59:59,311241,30,宝石,参与团队竞技场\n43400次
900,43,2023/07/10 12:00:00,2050/01/01 4:59:59,311242,30,宝石,参与团队竞技场\n43600次
900,43,2023/07/10 12:00:00,2050/01/01 4:59:59,311243,30,宝石,参与团队竞技场\n43800次
900,43,2023/07/10 12:00:00,2050/01/01 4:59:59,311244,30,宝石,参与团队竞技场\n44000次
900,43,2023/07/10 12:00:00,2050/01/01 4:59:59,311245,30,宝石,参与团队竞技场\n44200次
900,43,2023/07/10 12:00:00,2050/01/01 4:59:59,311246,30,宝石,参与团队竞技场\n44400次
900,43,2023/07/10 12:00:00,2050/01/01 4:59:59,311247,30,宝石,参与团队竞技场\n44600次
900,43,2023/07/10 12:00:00,2050/01/01 4:59:59,311248,30,宝石,参与团队竞技场\n44800次
900,43,2023/07/10 12:00:00,2050/01/01 4:59:59,311249,30,宝石,参与团队竞技场\n45000次
900,43,2023/07/10 12:00:00,2050/01/01 4:59:59,311250,30,宝石,参与团队竞技场\n45200次
900,43,2023/07/10 12:00:00,2050/01/01 4:59:59,311251,30,宝石,参与团队竞技场\n45400次
900,43,2023/07/10 12:00:00,2050/01/01 4:59:59,311252,30,宝石,参与团队竞技场\n45600次
900,43,2023/07/10 12:00:00,2050/01/01 4:59:59,311253,30,宝石,参与团队竞技场\n45800次
900,43,2023/07/10 12:00:00,2050/01/01 4:59:59,311254,30,宝石,参与团队竞技场\n46000次
900,43,2023/07/10 12:00:00,2050/01/01 4:59:59,311255,30,宝石,参与团队竞技场\n46200次
900,43,2023/07/10 12:00:00,2050/01/01 4:59:59,311256,30,宝石,参与团队竞技场\n46400次
900,43,2023/07/10 12:00:00,2050/01/01 4:59:59,311257,30,宝石,参与团队竞技场\n46600次
900,43,2023/07/10 12:00:00,2050/01/01 4:59:59,311258,30,宝石,参与团队竞技场\n46800次
900,43,2023/07/10 12:00:00,2050/01/01 4:59:59,311259,30,宝石,参与团队竞技场\n47000次
900,43,2023/07/10 12:00:00,2050/01/01 4:59:59,311260,30,宝石,参与团队竞技场\n47200次
900,43,2023/07/10 12:00:00,2050/01/01 4:59:59,311261,30,宝石,参与团队竞技场\n47400次
900,43,2023/07/10 12:00:00,2050/01/01 4:59:59,311262,30,宝石,参与团队竞技场\n47600次
900,43,2023/07/10 12:00:00,2050/01/01 4:59:59,311263,30,宝石,参与团队竞技场\n47800次
900,43,2023/07/10 12:00:00,2050/01/01 4:59:59,311264,30,宝石,参与团队竞技场\n48000次
900,43,2023/07/10 12:00:00,2050/01/01 4:59:59,311265,30,宝石,参与团队竞技场\n48200次
900,43,2023/07/10 12:00:00,2050/01/01 4:59:59,311266,30,宝石,参与团队竞技场\n48400次
900,43,2023/07/10 12:00:00,2050/01/01 4:59:59,311267,30,宝石,参与团队竞技场\n48600次
900,43,2023/07/10 12:00:00,2050/01/01 4:59:59,311268,30,宝石,参与团队竞技场\n48800次
900,43,2023/07/10 12:00:00,2050/01/01 4:59:59,311269,30,宝石,参与团队竞技场\n49000次
900,43,2023/07/10 12:00:00,2050/01/01 4:59:59,311270,30,宝石,参与团队竞技场\n49200次
900,43,2023/07/10 12:00:00,2050/01/01 4:59:59,311271,30,宝石,参与团队竞技场\n49400次
900,43,2023/07/10 12:00:00,2050/01/01 4:59:59,311272,30,宝石,参与团队竞技场\n49600次
900,43,2023/07/10 12:00:00,2050/01/01 4:59:59,311273,30,宝石,参与团队竞技场\n49800次
900,43,2023/07/10 12:00:00,2050/01/01 4:59:59,311274,30,宝石,参与团队竞技场\n50000次
900,43,2024/03/29 12:00:00,2050/01/01 4:59:59,311275,30,宝石,チーム競技場を\n50200回プレイしよう
900,43,2024/03/29 12:00:00,2050/01/01 4:59:59,311276,30,宝石,チーム競技場を\n50400回プレイしよう
900,43,2024/03/29 12:00:00,2050/01/01 4:59:59,311277,30,宝石,チーム競技場を\n50600回プレイしよう
900,43,2024/03/29 12:00:00,2050/01/01 4:59:59,311278,30,宝石,チーム競技場を\n50800回プレイしよう
900,43,2024/03/29 12:00:00,2050/01/01 4:59:59,311279,30,宝石,チーム競技場を\n51000回プレイしよう
900,43,2024/03/29 12:00:00,2050/01/01 4:59:59,311280,30,宝石,チーム競技場を\n51200回プレイしよう
900,43,2024/03/29 12:00:00,2050/01/01 4:59:59,311281,30,宝石,チーム競技場を\n51400回プレイしよう
900,43,2024/03/29 12:00:00,2050/01/01 4:59:59,311282,30,宝石,チーム競技場を\n51600回プレイしよう
900,43,2024/03/29 12:00:00,2050/01/01 4:59:59,311283,30,宝石,チーム競技場を\n51800回プレイしよう
900,43,2024/03/29 12:00:00,2050/01/01 4:59:59,311284,30,宝石,チーム競技場を\n52000回プレイしよう
900,43,2024/03/29 12:00:00,2050/01/01 4:59:59,311285,30,宝石,チーム競技場を\n52200回プレイしよう
900,43,2024/03/29 12:00:00,2050/01/01 4:59:59,311286,30,宝石,チーム競技場を\n52400回プレイしよう
900,43,2024/03/29 12:00:00,2050/01/01 4:59:59,311287,30,宝石,チーム競技場を\n52600回プレイしよう
900,43,2024/03/29 12:00:00,2050/01/01 4:59:59,311288,30,宝石,チーム競技場を\n52800回プレイしよう
900,43,2024/03/29 12:00:00,2050/01/01 4:59:59,311289,30,宝石,チーム競技場を\n53000回プレイしよう
900,43,2024/03/29 12:00:00,2050/01/01 4:59:59,311290,30,宝石,チーム競技場を\n53200回プレイしよう
900,43,2024/03/29 12:00:00,2050/01/01 4:59:59,311291,30,宝石,チーム競技場を\n53400回プレイしよう
900,43,2024/03/29 12:00:00,2050/01/01 4:59:59,311292,30,宝石,チーム競技場を\n53600回プレイしよう
900,43,2024/03/29 12:00:00,2050/01/01 4:59:59,311293,30,宝石,チーム競技場を\n53800回プレイしよう
900,43,2024/03/29 12:00:00,2050/01/01 4:59:59,311294,30,宝石,チーム競技場を\n54000回プレイしよう
900,43,2024/03/29 12:00:00,2050/01/01 4:59:59,311295,30,宝石,チーム競技場を\n54200回プレイしよう
900,43,2024/03/29 12:00:00,2050/01/01 4:59:59,311296,30,宝石,チーム競技場を\n54400回プレイしよう
900,43,2024/03/29 12:00:00,2050/01/01 4:59:59,311297,30,宝石,チーム競技場を\n54600回プレイしよう
900,43,2024/03/29 12:00:00,2050/01/01 4:59:59,311298,30,宝石,チーム競技場を\n54800回プレイしよう
900,43,2024/03/29 12:00:00,2050/01/01 4:59:59,311299,30,宝石,チーム競技場を\n55000回プレイしよう
900,43,2024/03/29 12:00:00,2050/01/01 4:59:59,311300,30,宝石,チーム競技場を\n55200回プレイしよう
900,43,2024/03/29 12:00:00,2050/01/01 4:59:59,311301,30,宝石,チーム競技場を\n55400回プレイしよう
900,43,2024/03/29 12:00:00,2050/01/01 4:59:59,311302,30,宝石,チーム競技場を\n55600回プレイしよう
900,43,2024/03/29 12:00:00,2050/01/01 4:59:59,311303,30,宝石,チーム競技場を\n55800回プレイしよう
900,43,2024/03/29 12:00:00,2050/01/01 4:59:59,311304,30,宝石,チーム競技場を\n56000回プレイしよう
900,43,2024/03/29 12:00:00,2050/01/01 4:59:59,311305,30,宝石,チーム競技場を\n56200回プレイしよう
900,43,2024/03/29 12:00:00,2050/01/01 4:59:59,311306,30,宝石,チーム競技場を\n56400回プレイしよう
900,43,2024/03/29 12:00:00,2050/01/01 4:59:59,311307,30,宝石,チーム競技場を\n56600回プレイしよう
900,43,2024/03/29 12:00:00,2050/01/01 4:59:59,311308,30,宝石,チーム競技場を\n56800回プレイしよう
900,43,2024/03/29 12:00:00,2050/01/01 4:59:59,311309,30,宝石,チーム競技場を\n57000回プレイしよう
900,43,2024/03/29 12:00:00,2050/01/01 4:59:59,311310,30,宝石,チーム競技場を\n57200回プレイしよう
900,43,2024/03/29 12:00:00,2050/01/01 4:59:59,311311,30,宝石,チーム競技場を\n57400回プレイしよう
900,43,2024/03/29 12:00:00,2050/01/01 4:59:59,311312,30,宝石,チーム競技場を\n57600回プレイしよう
900,43,2024/03/29 12:00:00,2050/01/01 4:59:59,311313,30,宝石,チーム競技場を\n57800回プレイしよう
900,43,2024/03/29 12:00:00,2050/01/01 4:59:59,311314,30,宝石,チーム競技場を\n58000回プレイしよう
900,43,2024/03/29 12:00:00,2050/01/01 4:59:59,311315,30,宝石,チーム競技場を\n58200回プレイしよう
900,43,2024/03/29 12:00:00,2050/01/01 4:59:59,311316,30,宝石,チーム競技場を\n58400回プレイしよう
900,43,2024/03/29 12:00:00,2050/01/01 4:59:59,311317,30,宝石,チーム競技場を\n58600回プレイしよう
900,43,2024/03/29 12:00:00,2050/01/01 4:59:59,311318,30,宝石,チーム競技場を\n58800回プレイしよう
900,43,2024/03/29 12:00:00,2050/01/01 4:59:59,311319,30,宝石,チーム競技場を\n59000回プレイしよう
900,43,2024/03/29 12:00:00,2050/01/01 4:59:59,311320,30,宝石,チーム競技場を\n59200回プレイしよう
900,43,2024/03/29 12:00:00,2050/01/01 4:59:59,311321,30,宝石,チーム競技場を\n59400回プレイしよう
900,43,2024/03/29 12:00:00,2050/01/01 4:59:59,311322,30,宝石,チーム競技場を\n59600回プレイしよう
900,43,2024/03/29 12:00:00,2050/01/01 4:59:59,311323,30,宝石,チーム競技場を\n59800回プレイしよう
900,43,2024/03/29 12:00:00,2050/01/01 4:59:59,311324,30,宝石,チーム競技場を\n60000回プレイしよう
900,43,2024/03/29 12:00:00,2050/01/01 4:59:59,311325,30,宝石,チーム競技場を\n60200回プレイしよう
900,43,2024/03/29 12:00:00,2050/01/01 4:59:59,311326,30,宝石,チーム競技場を\n60400回プレイしよう
900,43,2024/03/29 12:00:00,2050/01/01 4:59:59,311327,30,宝石,チーム競技場を\n60600回プレイしよう
900,43,2024/03/29 12:00:00,2050/01/01 4:59:59,311328,30,宝石,チーム競技場を\n60800回プレイしよう
900,43,2024/03/29 12:00:00,2050/01/01 4:59:59,311329,30,宝石,チーム競技場を\n61000回プレイしよう
900,43,2024/03/29 12:00:00,2050/01/01 4:59:59,311330,30,宝石,チーム競技場を\n61200回プレイしよう
900,43,2024/03/29 12:00:00,2050/01/01 4:59:59,311331,30,宝石,チーム競技場を\n61400回プレイしよう
900,43,2024/03/29 12:00:00,2050/01/01 4:59:59,311332,30,宝石,チーム競技場を\n61600回プレイしよう
900,43,2024/03/29 12:00:00,2050/01/01 4:59:59,311333,30,宝石,チーム競技場を\n61800回プレイしよう
900,43,2024/03/29 12:00:00,2050/01/01 4:59:59,311334,30,宝石,チーム競技場を\n62000回プレイしよう
900,43,2024/03/29 12:00:00,2050/01/01 4:59:59,311335,30,宝石,チーム競技場を\n62200回プレイしよう
900,43,2024/03/29 12:00:00,2050/01/01 4:59:59,311336,30,宝石,チーム競技場を\n62400回プレイしよう
900,43,2024/03/29 12:00:00,2050/01/01 4:59:59,311337,30,宝石,チーム競技場を\n62600回プレイしよう
900,43,2024/03/29 12:00:00,2050/01/01 4:59:59,311338,30,宝石,チーム競技場を\n62800回プレイしよう
900,43,2024/03/29 12:00:00,2050/01/01 4:59:59,311339,30,宝石,チーム競技場を\n63000回プレイしよう
900,43,2024/03/29 12:00:00,2050/01/01 4:59:59,311340,30,宝石,チーム競技場を\n63200回プレイしよう
900,43,2024/03/29 12:00:00,2050/01/01 4:59:59,311341,30,宝石,チーム競技場を\n63400回プレイしよう
900,43,2024/03/29 12:00:00,2050/01/01 4:59:59,311342,30,宝石,チーム競技場を\n63600回プレイしよう
900,43,2024/03/29 12:00:00,2050/01/01 4:59:59,311343,30,宝石,チーム競技場を\n63800回プレイしよう
900,43,2024/03/29 12:00:00,2050/01/01 4:59:59,311344,30,宝石,チーム競技場を\n64000回プレイしよう
900,43,2024/03/29 12:00:00,2050/01/01 4:59:59,311345,30,宝石,チーム競技場を\n64200回プレイしよう
900,43,2024/03/29 12:00:00,2050/01/01 4:59:59,311346,30,宝石,チーム競技場を\n64400回プレイしよう
900,43,2024/03/29 12:00:00,2050/01/01 4:59:59,311347,30,宝石,チーム競技場を\n64600回プレイしよう
900,43,2024/03/29 12:00:00,2050/01/01 4:59:59,311348,30,宝石,チーム競技場を\n64800回プレイしよう
900,43,2024/03/29 12:00:00,2050/01/01 4:59:59,311349,30,宝石,チーム競技場を\n65000回プレイしよう
900,43,2024/03/29 12:00:00,2050/01/01 4:59:59,311350,30,宝石,チーム競技場を\n65200回プレイしよう
900,43,2024/03/29 12:00:00,2050/01/01 4:59:59,311351,30,宝石,チーム競技場を\n65400回プレイしよう
900,43,2024/03/29 12:00:00,2050/01/01 4:59:59,311352,30,宝石,チーム競技場を\n65600回プレイしよう
900,43,2024/03/29 12:00:00,2050/01/01 4:59:59,311353,30,宝石,チーム競技場を\n65800回プレイしよう
900,43,2024/03/29 12:00:00,2050/01/01 4:59:59,311354,30,宝石,チーム競技場を\n66000回プレイしよう
900,43,2024/03/29 12:00:00,2050/01/01 4:59:59,311355,30,宝石,チーム競技場を\n66200回プレイしよう
900,43,2024/03/29 12:00:00,2050/01/01 4:59:59,311356,30,宝石,チーム競技場を\n66400回プレイしよう
900,43,2024/03/29 12:00:00,2050/01/01 4:59:59,311357,30,宝石,チーム競技場を\n66600回プレイしよう
900,43,2024/03/29 12:00:00,2050/01/01 4:59:59,311358,30,宝石,チーム競技場を\n66800回プレイしよう
900,43,2024/03/29 12:00:00,2050/01/01 4:59:59,311359,30,宝石,チーム競技場を\n67000回プレイしよう
900,43,2024/03/29 12:00:00,2050/01/01 4:59:59,311360,30,宝石,チーム競技場を\n67200回プレイしよう
900,43,2024/03/29 12:00:00,2050/01/01 4:59:59,311361,30,宝石,チーム競技場を\n67400回プレイしよう
900,43,2024/03/29 12:00:00,2050/01/01 4:59:59,311362,30,宝石,チーム競技場を\n67600回プレイしよう
900,43,2024/03/29 12:00:00,2050/01/01 4:59:59,311363,30,宝石,チーム競技場を\n67800回プレイしよう
900,43,2024/03/29 12:00:00,2050/01/01 4:59:59,311364,30,宝石,チーム競技場を\n68000回プレイしよう
900,43,2024/03/29 12:00:00,2050/01/01 4:59:59,311365,30,宝石,チーム競技場を\n68200回プレイしよう
900,43,2024/03/29 12:00:00,2050/01/01 4:59:59,311366,30,宝石,チーム競技場を\n68400回プレイしよう
900,43,2024/03/29 12:00:00,2050/01/01 4:59:59,311367,30,宝石,チーム競技場を\n68600回プレイしよう
900,43,2024/03/29 12:00:00,2050/01/01 4:59:59,311368,30,宝石,チーム競技場を\n68800回プレイしよう
900,43,2024/03/29 12:00:00,2050/01/01 4:59:59,311369,30,宝石,チーム競技場を\n69000回プレイしよう
900,43,2024/03/29 12:00:00,2050/01/01 4:59:59,311370,30,宝石,チーム競技場を\n69200回プレイしよう
900,43,2024/03/29 12:00:00,2050/01/01 4:59:59,311371,30,宝石,チーム競技場を\n69400回プレイしよう
900,43,2024/03/29 12:00:00,2050/01/01 4:59:59,311372,30,宝石,チーム競技場を\n69600回プレイしよう
900,43,2024/03/29 12:00:00,2050/01/01 4:59:59,311373,30,宝石,チーム競技場を\n69800回プレイしよう
900,43,2024/03/29 12:00:00,2050/01/01 4:59:59,311374,30,宝石,チーム競技場を\n70000回プレイしよう
900,43,2024/03/29 12:00:00,2050/01/01 4:59:59,311375,30,宝石,チーム競技場を\n70200回プレイしよう
900,43,2024/03/29 12:00:00,2050/01/01 4:59:59,311376,30,宝石,チーム競技場を\n70400回プレイしよう
900,43,2024/03/29 12:00:00,2050/01/01 4:59:59,311377,30,宝石,チーム競技場を\n70600回プレイしよう
900,43,2024/03/29 12:00:00,2050/01/01 4:59:59,311378,30,宝石,チーム競技場を\n70800回プレイしよう
900,43,2024/03/29 12:00:00,2050/01/01 4:59:59,311379,30,宝石,チーム競技場を\n71000回プレイしよう
900,43,2024/03/29 12:00:00,2050/01/01 4:59:59,311380,30,宝石,チーム競技場を\n71200回プレイしよう
900,43,2024/03/29 12:00:00,2050/01/01 4:59:59,311381,30,宝石,チーム競技場を\n71400回プレイしよう
900,43,2024/03/29 12:00:00,2050/01/01 4:59:59,311382,30,宝石,チーム競技場を\n71600回プレイしよう
900,43,2024/03/29 12:00:00,2050/01/01 4:59:59,311383,30,宝石,チーム競技場を\n71800回プレイしよう
900,43,2024/03/29 12:00:00,2050/01/01 4:59:59,311384,30,宝石,チーム競技場を\n72000回プレイしよう
900,43,2024/03/29 12:00:00,2050/01/01 4:59:59,311385,30,宝石,チーム競技場を\n72200回プレイしよう
900,43,2024/03/29 12:00:00,2050/01/01 4:59:59,311386,30,宝石,チーム競技場を\n72400回プレイしよう
900,43,2024/03/29 12:00:00,2050/01/01 4:59:59,311387,30,宝石,チーム競技場を\n72600回プレイしよう
900,43,2024/03/29 12:00:00,2050/01/01 4:59:59,311388,30,宝石,チーム競技場を\n72800回プレイしよう
900,43,2024/03/29 12:00:00,2050/01/01 4:59:59,311389,30,宝石,チーム競技場を\n73000回プレイしよう
900,43,2024/03/29 12:00:00,2050/01/01 4:59:59,311390,30,宝石,チーム競技場を\n73200回プレイしよう
900,43,2024/03/29 12:00:00,2050/01/01 4:59:59,311391,30,宝石,チーム競技場を\n73400回プレイしよう
900,43,2024/03/29 12:00:00,2050/01/01 4:59:59,311392,30,宝石,チーム競技場を\n73600回プレイしよう
900,43,2024/03/29 12:00:00,2050/01/01 4:59:59,311393,30,宝石,チーム競技場を\n73800回プレイしよう
900,43,2024/03/29 12:00:00,2050/01/01 4:59:59,311394,30,宝石,チーム競技場を\n74000回プレイしよう
900,43,2024/03/29 12:00:00,2050/01/01 4:59:59,311395,30,宝石,チーム競技場を\n74200回プレイしよう
900,43,2024/03/29 12:00:00,2050/01/01 4:59:59,311396,30,宝石,チーム競技場を\n74400回プレイしよう
900,43,2024/03/29 12:00:00,2050/01/01 4:59:59,311397,30,宝石,チーム競技場を\n74600回プレイしよう
900,43,2024/03/29 12:00:00,2050/01/01 4:59:59,311398,30,宝石,チーム競技場を\n74800回プレイしよう
900,43,2024/03/29 12:00:00,2050/01/01 4:59:59,311399,30,宝石,チーム競技場を\n75000回プレイしよう
900,43,2024/03/29 12:00:00,2050/01/01 4:59:59,311400,30,宝石,チーム競技場を\n75200回プレイしよう
900,43,2024/03/29 12:00:00,2050/01/01 4:59:59,311401,30,宝石,チーム競技場を\n75400回プレイしよう
900,43,2024/03/29 12:00:00,2050/01/01 4:59:59,311402,30,宝石,チーム競技場を\n75600回プレイしよう
900,43,2024/03/29 12:00:00,2050/01/01 4:59:59,311403,30,宝石,チーム競技場を\n75800回プレイしよう
900,43,2024/03/29 12:00:00,2050/01/01 4:59:59,311404,30,宝石,チーム競技場を\n76000回プレイしよう
900,43,2024/03/29 12:00:00,2050/01/01 4:59:59,311405,30,宝石,チーム競技場を\n76200回プレイしよう
900,43,2024/03/29 12:00:00,2050/01/01 4:59:59,311406,30,宝石,チーム競技場を\n76400回プレイしよう
900,43,2024/03/29 12:00:00,2050/01/01 4:59:59,311407,30,宝石,チーム競技場を\n76600回プレイしよう
900,43,2024/03/29 12:00:00,2050/01/01 4:59:59,311408,30,宝石,チーム競技場を\n76800回プレイしよう
900,43,2024/03/29 12:00:00,2050/01/01 4:59:59,311409,30,宝石,チーム競技場を\n77000回プレイしよう
900,43,2024/03/29 12:00:00,2050/01/01 4:59:59,311410,30,宝石,チーム競技場を\n77200回プレイしよう
900,43,2024/03/29 12:00:00,2050/01/01 4:59:59,311411,30,宝石,チーム競技場を\n77400回プレイしよう
900,43,2024/03/29 12:00:00,2050/01/01 4:59:59,311412,30,宝石,チーム競技場を\n77600回プレイしよう
900,43,2024/03/29 12:00:00,2050/01/01 4:59:59,311413,30,宝石,チーム競技場を\n77800回プレイしよう
900,43,2024/03/29 12:00:00,2050/01/01 4:59:59,311414,30,宝石,チーム競技場を\n78000回プレイしよう
900,43,2024/03/29 12:00:00,2050/01/01 4:59:59,311415,30,宝石,チーム競技場を\n78200回プレイしよう
900,43,2024/03/29 12:00:00,2050/01/01 4:59:59,311416,30,宝石,チーム競技場を\n78400回プレイしよう
900,43,2024/03/29 12:00:00,2050/01/01 4:59:59,311417,30,宝石,チーム競技場を\n78600回プレイしよう
900,43,2024/03/29 12:00:00,2050/01/01 4:59:59,311418,30,宝石,チーム競技場を\n78800回プレイしよう
900,43,2024/03/29 12:00:00,2050/01/01 4:59:59,311419,30,宝石,チーム競技場を\n79000回プレイしよう
900,43,2024/03/29 12:00:00,2050/01/01 4:59:59,311420,30,宝石,チーム競技場を\n79200回プレイしよう
900,43,2024/03/29 12:00:00,2050/01/01 4:59:59,311421,30,宝石,チーム競技場を\n79400回プレイしよう
900,43,2024/03/29 12:00:00,2050/01/01 4:59:59,311422,30,宝石,チーム競技場を\n79600回プレイしよう
900,43,2024/03/29 12:00:00,2050/01/01 4:59:59,311423,30,宝石,チーム競技場を\n79800回プレイしよう
900,43,2024/03/29 12:00:00,2050/01/01 4:59:59,311424,30,宝石,チーム競技場を\n80000回プレイしよう
900,43,2024/03/29 12:00:00,2050/01/01 4:59:59,311425,30,宝石,チーム競技場を\n80200回プレイしよう
900,43,2024/03/29 12:00:00,2050/01/01 4:59:59,311426,30,宝石,チーム競技場を\n80400回プレイしよう
900,43,2024/03/29 12:00:00,2050/01/01 4:59:59,311427,30,宝石,チーム競技場を\n80600回プレイしよう
900,43,2024/03/29 12:00:00,2050/01/01 4:59:59,311428,30,宝石,チーム競技場を\n80800回プレイしよう
900,43,2024/03/29 12:00:00,2050/01/01 4:59:59,311429,30,宝石,チーム競技場を\n81000回プレイしよう
900,43,2024/03/29 12:00:00,2050/01/01 4:59:59,311430,30,宝石,チーム競技場を\n81200回プレイしよう
900,43,2024/03/29 12:00:00,2050/01/01 4:59:59,311431,30,宝石,チーム競技場を\n81400回プレイしよう
900,43,2024/03/29 12:00:00,2050/01/01 4:59:59,311432,30,宝石,チーム競技場を\n81600回プレイしよう
900,43,2024/03/29 12:00:00,2050/01/01 4:59:59,311433,30,宝石,チーム競技場を\n81800回プレイしよう
900,43,2024/03/29 12:00:00,2050/01/01 4:59:59,311434,30,宝石,チーム競技場を\n82000回プレイしよう
900,43,2024/03/29 12:00:00,2050/01/01 4:59:59,311435,30,宝石,チーム競技場を\n82200回プレイしよう
900,43,2024/03/29 12:00:00,2050/01/01 4:59:59,311436,30,宝石,チーム競技場を\n82400回プレイしよう
900,43,2024/03/29 12:00:00,2050/01/01 4:59:59,311437,30,宝石,チーム競技場を\n82600回プレイしよう
900,43,2024/03/29 12:00:00,2050/01/01 4:59:59,311438,30,宝石,チーム競技場を\n82800回プレイしよう
900,43,2024/03/29 12:00:00,2050/01/01 4:59:59,311439,30,宝石,チーム競技場を\n83000回プレイしよう
900,43,2024/03/29 12:00:00,2050/01/01 4:59:59,311440,30,宝石,チーム競技場を\n83200回プレイしよう
900,43,2024/03/29 12:00:00,2050/01/01 4:59:59,311441,30,宝石,チーム競技場を\n83400回プレイしよう
900,43,2024/03/29 12:00:00,2050/01/01 4:59:59,311442,30,宝石,チーム競技場を\n83600回プレイしよう
900,43,2024/03/29 12:00:00,2050/01/01 4:59:59,311443,30,宝石,チーム競技場を\n83800回プレイしよう
900,43,2024/03/29 12:00:00,2050/01/01 4:59:59,311444,30,宝石,チーム競技場を\n84000回プレイしよう
900,43,2024/03/29 12:00:00,2050/01/01 4:59:59,311445,30,宝石,チーム競技場を\n84200回プレイしよう
900,43,2024/03/29 12:00:00,2050/01/01 4:59:59,311446,30,宝石,チーム競技場を\n84400回プレイしよう
900,43,2024/03/29 12:00:00,2050/01/01 4:59:59,311447,30,宝石,チーム競技場を\n84600回プレイしよう
900,43,2024/03/29 12:00:00,2050/01/01 4:59:59,311448,30,宝石,チーム競技場を\n84800回プレイしよう
900,43,2024/03/29 12:00:00,2050/01/01 4:59:59,311449,30,宝石,チーム競技場を\n85000回プレイしよう
900,43,2024/03/29 12:00:00,2050/01/01 4:59:59,311450,30,宝石,チーム競技場を\n85200回プレイしよう
900,43,2024/03/29 12:00:00,2050/01/01 4:59:59,311451,30,宝石,チーム競技場を\n85400回プレイしよう
900,43,2024/03/29 12:00:00,2050/01/01 4:59:59,311452,30,宝石,チーム競技場を\n85600回プレイしよう
900,43,2024/03/29 12:00:00,2050/01/01 4:59:59,311453,30,宝石,チーム競技場を\n85800回プレイしよう
900,43,2024/03/29 12:00:00,2050/01/01 4:59:59,311454,30,宝石,チーム競技場を\n86000回プレイしよう
900,43,2024/03/29 12:00:00,2050/01/01 4:59:59,311455,30,宝石,チーム競技場を\n86200回プレイしよう
900,43,2024/03/29 12:00:00,2050/01/01 4:59:59,311456,30,宝石,チーム競技場を\n86400回プレイしよう
900,43,2024/03/29 12:00:00,2050/01/01 4:59:59,311457,30,宝石,チーム競技場を\n86600回プレイしよう
900,43,2024/03/29 12:00:00,2050/01/01 4:59:59,311458,30,宝石,チーム競技場を\n86800回プレイしよう
900,43,2024/03/29 12:00:00,2050/01/01 4:59:59,311459,30,宝石,チーム競技場を\n87000回プレイしよう
900,43,2024/03/29 12:00:00,2050/01/01 4:59:59,311460,30,宝石,チーム競技場を\n87200回プレイしよう
900,43,2024/03/29 12:00:00,2050/01/01 4:59:59,311461,30,宝石,チーム競技場を\n87400回プレイしよう
900,43,2024/03/29 12:00:00,2050/01/01 4:59:59,311462,30,宝石,チーム競技場を\n87600回プレイしよう
900,43,2024/03/29 12:00:00,2050/01/01 4:59:59,311463,30,宝石,チーム競技場を\n87800回プレイしよう
900,43,2024/03/29 12:00:00,2050/01/01 4:59:59,311464,30,宝石,チーム競技場を\n88000回プレイしよう
900,43,2024/03/29 12:00:00,2050/01/01 4:59:59,311465,30,宝石,チーム競技場を\n88200回プレイしよう
900,43,2024/03/29 12:00:00,2050/01/01 4:59:59,311466,30,宝石,チーム競技場を\n88400回プレイしよう
900,43,2024/03/29 12:00:00,2050/01/01 4:59:59,311467,30,宝石,チーム競技場を\n88600回プレイしよう
900,43,2024/03/29 12:00:00,2050/01/01 4:59:59,311468,30,宝石,チーム競技場を\n88800回プレイしよう
900,43,2024/03/29 12:00:00,2050/01/01 4:59:59,311469,30,宝石,チーム競技場を\n89000回プレイしよう
900,43,2024/03/29 12:00:00,2050/01/01 4:59:59,311470,30,宝石,チーム競技場を\n89200回プレイしよう
900,43,2024/03/29 12:00:00,2050/01/01 4:59:59,311471,30,宝石,チーム競技場を\n89400回プレイしよう
900,43,2024/03/29 12:00:00,2050/01/01 4:59:59,311472,30,宝石,チーム競技場を\n89600回プレイしよう
900,43,2024/03/29 12:00:00,2050/01/01 4:59:59,311473,30,宝石,チーム競技場を\n89800回プレイしよう
900,43,2024/03/29 12:00:00,2050/01/01 4:59:59,311474,30,宝石,チーム競技場を\n90000回プレイしよう
900,43,2024/03/29 12:00:00,2050/01/01 4:59:59,311475,30,宝石,チーム競技場を\n90200回プレイしよう
900,43,2024/03/29 12:00:00,2050/01/01 4:59:59,311476,30,宝石,チーム競技場を\n90400回プレイしよう
900,43,2024/03/29 12:00:00,2050/01/01 4:59:59,311477,30,宝石,チーム競技場を\n90600回プレイしよう
900,43,2024/03/29 12:00:00,2050/01/01 4:59:59,311478,30,宝石,チーム競技場を\n90800回プレイしよう
900,43,2024/03/29 12:00:00,2050/01/01 4:59:59,311479,30,宝石,チーム競技場を\n91000回プレイしよう
900,43,2024/03/29 12:00:00,2050/01/01 4:59:59,311480,30,宝石,チーム競技場を\n91200回プレイしよう
900,43,2024/03/29 12:00:00,2050/01/01 4:59:59,311481,30,宝石,チーム競技場を\n91400回プレイしよう
900,43,2024/03/29 12:00:00,2050/01/01 4:59:59,311482,30,宝石,チーム競技場を\n91600回プレイしよう
900,43,2024/03/29 12:00:00,2050/01/01 4:59:59,311483,30,宝石,チーム競技場を\n91800回プレイしよう
900,43,2024/03/29 12:00:00,2050/01/01 4:59:59,311484,30,宝石,チーム競技場を\n92000回プレイしよう
900,43,2024/03/29 12:00:00,2050/01/01 4:59:59,311485,30,宝石,チーム競技場を\n92200回プレイしよう
900,43,2024/03/29 12:00:00,2050/01/01 4:59:59,311486,30,宝石,チーム競技場を\n92400回プレイしよう
900,43,2024/03/29 12:00:00,2050/01/01 4:59:59,311487,30,宝石,チーム競技場を\n92600回プレイしよう
900,43,2024/03/29 12:00:00,2050/01/01 4:59:59,311488,30,宝石,チーム競技場を\n92800回プレイしよう
900,43,2024/03/29 12:00:00,2050/01/01 4:59:59,311489,30,宝石,チーム競技場を\n93000回プレイしよう
900,43,2024/03/29 12:00:00,2050/01/01 4:59:59,311490,30,宝石,チーム競技場を\n93200回プレイしよう
900,43,2024/03/29 12:00:00,2050/01/01 4:59:59,311491,30,宝石,チーム競技場を\n93400回プレイしよう
900,43,2024/03/29 12:00:00,2050/01/01 4:59:59,311492,30,宝石,チーム競技場を\n93600回プレイしよう
900,43,2024/03/29 12:00:00,2050/01/01 4:59:59,311493,30,宝石,チーム競技場を\n93800回プレイしよう
900,43,2024/03/29 12:00:00,2050/01/01 4:59:59,311494,30,宝石,チーム競技場を\n94000回プレイしよう
900,43,2024/03/29 12:00:00,2050/01/01 4:59:59,311495,30,宝石,チーム競技場を\n94200回プレイしよう
900,43,2024/03/29 12:00:00,2050/01/01 4:59:59,311496,30,宝石,チーム競技場を\n94400回プレイしよう
900,43,2024/03/29 12:00:00,2050/01/01 4:59:59,311497,30,宝石,チーム競技場を\n94600回プレイしよう
900,43,2024/03/29 12:00:00,2050/01/01 4:59:59,311498,30,宝石,チーム競技場を\n94800回プレイしよう
900,43,2024/03/29 12:00:00,2050/01/01 4:59:59,311499,30,宝石,チーム競技場を\n95000回プレイしよう
900,43,2024/03/29 12:00:00,2050/01/01 4:59:59,311500,30,宝石,チーム競技場を\n95200回プレイしよう
900,43,2024/03/29 12:00:00,2050/01/01 4:59:59,311501,30,宝石,チーム競技場を\n95400回プレイしよう
900,43,2024/03/29 12:00:00,2050/01/01 4:59:59,311502,30,宝石,チーム競技場を\n95600回プレイしよう
900,43,2024/03/29 12:00:00,2050/01/01 4:59:59,311503,30,宝石,チーム競技場を\n95800回プレイしよう
900,43,2024/03/29 12:00:00,2050/01/01 4:59:59,311504,30,宝石,チーム競技場を\n96000回プレイしよう
900,43,2024/03/29 12:00:00,2050/01/01 4:59:59,311505,30,宝石,チーム競技場を\n96200回プレイしよう
900,43,2024/03/29 12:00:00,2050/01/01 4:59:59,311506,30,宝石,チーム競技場を\n96400回プレイしよう
900,43,2024/03/29 12:00:00,2050/01/01 4:59:59,311507,30,宝石,チーム競技場を\n96600回プレイしよう
900,43,2024/03/29 12:00:00,2050/01/01 4:59:59,311508,30,宝石,チーム競技場を\n96800回プレイしよう
900,43,2024/03/29 12:00:00,2050/01/01 4:59:59,311509,30,宝石,チーム競技場を\n97000回プレイしよう
900,43,2024/03/29 12:00:00,2050/01/01 4:59:59,311510,30,宝石,チーム競技場を\n97200回プレイしよう
900,43,2024/03/29 12:00:00,2050/01/01 4:59:59,311511,30,宝石,チーム競技場を\n97400回プレイしよう
900,43,2024/03/29 12:00:00,2050/01/01 4:59:59,311512,30,宝石,チーム競技場を\n97600回プレイしよう
900,43,2024/03/29 12:00:00,2050/01/01 4:59:59,311513,30,宝石,チーム競技場を\n97800回プレイしよう
900,43,2024/03/29 12:00:00,2050/01/01 4:59:59,311514,30,宝石,チーム競技場を\n98000回プレイしよう
900,43,2024/03/29 12:00:00,2050/01/01 4:59:59,311515,30,宝石,チーム競技場を\n98200回プレイしよう
900,43,2024/03/29 12:00:00,2050/01/01 4:59:59,311516,30,宝石,チーム競技場を\n98400回プレイしよう
900,43,2024/03/29 12:00:00,2050/01/01 4:59:59,311517,30,宝石,チーム競技場を\n98600回プレイしよう
900,43,2024/03/29 12:00:00,2050/01/01 4:59:59,311518,30,宝石,チーム競技場を\n98800回プレイしよう
900,43,2024/03/29 12:00:00,2050/01/01 4:59:59,311519,30,宝石,チーム競技場を\n99000回プレイしよう
900,43,2024/03/29 12:00:00,2050/01/01 4:59:59,311520,30,宝石,チーム競技場を\n99200回プレイしよう
900,43,2024/03/29 12:00:00,2050/01/01 4:59:59,311521,30,宝石,チーム競技場を\n99400回プレイしよう
900,43,2024/03/29 12:00:00,2050/01/01 4:59:59,311522,30,宝石,チーム競技場を\n99600回プレイしよう
900,43,2024/03/29 12:00:00,2050/01/01 4:59:59,311523,30,宝石,チーム競技場を\n99800回プレイしよう
900,43,2024/03/29 12:00:00,2050/01/01 4:59:59,311524,30,宝石,チーム競技場を\n100000回プレイしよう
12,43,2022/02/14 12:00:00,2050/01/01 4:59:59,312000,30,宝石,参与1次\n自定义对战
13,43,2022/02/14 12:00:00,2050/01/01 4:59:59,313000,30,宝石,进行1次练习
14,59,2022/02/14 12:00:00,2050/01/01 4:59:59,314000,10000,金币,设置1人\n为练习搭档
700,32,2017/07/01 1:00:00,2050/01/01 4:59:59,320000,2,能量饮料30,提高1次养成优俊少女的\n觉醒等级
700,43,2017/07/01 1:00:00,2050/01/01 4:59:59,320001,30,宝石,提高3次养成优俊少女的\n觉醒等级
700,43,2017/07/01 1:00:00,2050/01/01 4:59:59,320002,30,宝石,提高5次养成优俊少女的\n觉醒等级
700,43,2017/07/01 1:00:00,2050/01/01 4:59:59,320003,30,宝石,提高10次养成优俊少女的\n觉醒等级
700,43,2017/07/01 1:00:00,2050/01/01 4:59:59,320004,30,宝石,提高15次养成优俊少女的\n觉醒等级
700,43,2017/07/01 1:00:00,2050/01/01 4:59:59,320005,30,宝石,提高20次养成优俊少女的\n觉醒等级
700,43,2017/07/01 1:00:00,2050/01/01 4:59:59,320006,30,宝石,提高25次养成优俊少女的\n觉醒等级
700,43,2017/07/01 1:00:00,2050/01/01 4:59:59,320007,30,宝石,提高30次养成优俊少女的\n觉醒等级
700,43,2017/07/01 1:00:00,2050/01/01 4:59:59,320008,30,宝石,提高35次养成优俊少女的\n觉醒等级
700,43,2017/07/01 1:00:00,2050/01/01 4:59:59,320009,30,宝石,提高40次养成优俊少女的\n觉醒等级
700,43,2017/07/01 1:00:00,2050/01/01 4:59:59,320010,50,宝石,提高45次养成优俊少女的\n觉醒等级
700,43,2017/07/01 1:00:00,2050/01/01 4:59:59,320011,50,宝石,提高50次养成优俊少女的\n觉醒等级
700,43,2017/07/01 1:00:00,2050/01/01 4:59:59,320012,50,宝石,提高55次养成优俊少女的\n觉醒等级
700,43,2017/07/01 1:00:00,2050/01/01 4:59:59,320013,50,宝石,提高60次养成优俊少女的\n觉醒等级
700,43,2017/07/01 1:00:00,2050/01/01 4:59:59,320014,50,宝石,提高65次养成优俊少女的\n觉醒等级
700,43,2017/07/01 1:00:00,2050/01/01 4:59:59,320015,50,宝石,提高70次养成优俊少女的\n觉醒等级
700,43,2017/07/01 1:00:00,2050/01/01 4:59:59,320016,50,宝石,提高75次养成优俊少女的\n觉醒等级
700,43,2017/07/01 1:00:00,2050/01/01 4:59:59,320017,50,宝石,提高80次养成优俊少女的\n觉醒等级
700,43,2017/07/01 1:00:00,2050/01/01 4:59:59,320018,50,宝石,提高85次养成优俊少女的\n觉醒等级
700,43,2017/07/01 1:00:00,2050/01/01 4:59:59,320019,50,宝石,提高90次养成优俊少女的\n觉醒等级
700,43,2017/07/01 1:00:00,2050/01/01 4:59:59,320020,50,宝石,提高95次养成优俊少女的\n觉醒等级
700,43,2017/07/01 1:00:00,2050/01/01 4:59:59,320021,50,宝石,提高100次养成优俊少女的\n觉醒等级
700,43,2017/07/01 1:00:00,2050/01/01 4:59:59,320022,50,宝石,提高105次养成优俊少女的\n觉醒等级
700,43,2017/07/01 1:00:00,2050/01/01 4:59:59,320023,50,宝石,提高110次养成优俊少女的\n觉醒等级
700,43,2017/07/01 1:00:00,2050/01/01 4:59:59,320024,50,宝石,提高115次养成优俊少女的\n觉醒等级
700,43,2017/07/01 1:00:00,2050/01/01 4:59:59,320025,50,宝石,提高120次养成优俊少女的\n觉醒等级
700,43,2017/07/01 1:00:00,2050/01/01 4:59:59,320026,50,宝石,提高125次养成优俊少女的\n觉醒等级
700,43,2017/07/01 1:00:00,2050/01/01 4:59:59,320027,50,宝石,提高130次养成优俊少女的\n觉醒等级
700,43,2017/07/01 1:00:00,2050/01/01 4:59:59,320028,50,宝石,提高135次养成优俊少女的\n觉醒等级
700,43,2017/07/01 1:00:00,2050/01/01 4:59:59,320029,50,宝石,提高140次养成优俊少女的\n觉醒等级
700,43,2017/07/01 1:00:00,2050/01/01 4:59:59,320030,50,宝石,提高145次养成优俊少女的\n觉醒等级
700,43,2017/07/01 1:00:00,2050/01/01 4:59:59,320031,50,宝石,提高150次养成优俊少女的\n觉醒等级
700,43,2017/07/01 1:00:00,2050/01/01 4:59:59,320032,50,宝石,提高155次养成优俊少女的\n觉醒等级
700,43,2017/07/01 1:00:00,2050/01/01 4:59:59,320033,50,宝石,提高160次养成优俊少女的\n觉醒等级
700,43,2017/07/01 1:00:00,2050/01/01 4:59:59,320034,50,宝石,提高165次养成优俊少女的\n觉醒等级
700,43,2017/07/01 1:00:00,2050/01/01 4:59:59,320035,50,宝石,提高170次养成优俊少女的\n觉醒等级
700,43,2017/07/01 1:00:00,2050/01/01 4:59:59,320036,50,宝石,提高175次养成优俊少女的\n觉醒等级
700,43,2017/07/01 1:00:00,2050/01/01 4:59:59,320037,50,宝石,提高180次养成优俊少女的\n觉醒等级
700,43,2017/07/01 1:00:00,2050/01/01 4:59:59,320038,50,宝石,提高185次养成优俊少女的\n觉醒等级
700,43,2017/07/01 1:00:00,2050/01/01 4:59:59,320039,50,宝石,提高190次养成优俊少女的\n觉醒等级
700,43,2017/07/01 1:00:00,2050/01/01 4:59:59,320040,50,宝石,提高195次养成优俊少女的\n觉醒等级
700,43,2017/07/01 1:00:00,2050/01/01 4:59:59,320041,50,宝石,提高200次养成优俊少女的\n觉醒等级
700,43,2017/07/01 1:00:00,2050/01/01 4:59:59,320042,50,宝石,提高205次养成优俊少女的\n觉醒等级
700,43,2017/07/01 1:00:00,2050/01/01 4:59:59,320043,50,宝石,提高210次养成优俊少女的\n觉醒等级
700,43,2017/07/01 1:00:00,2050/01/01 4:59:59,320044,50,宝石,提高215次养成优俊少女的\n觉醒等级
700,43,2017/07/01 1:00:00,2050/01/01 4:59:59,320045,50,宝石,提高220次养成优俊少女的\n觉醒等级
700,43,2017/07/01 1:00:00,2050/01/01 4:59:59,320046,50,宝石,提高225次养成优俊少女的\n觉醒等级
700,43,2017/07/01 1:00:00,2050/01/01 4:59:59,320047,50,宝石,提高230次养成优俊少女的\n觉醒等级
700,43,2017/07/01 1:00:00,2050/01/01 4:59:59,320048,50,宝石,提高235次养成优俊少女的\n觉醒等级
700,43,2017/07/01 1:00:00,2050/01/01 4:59:59,320049,50,宝石,提高240次养成优俊少女的\n觉醒等级
700,43,2017/07/01 1:00:00,2050/01/01 4:59:59,320050,50,宝石,提高245次养成优俊少女的\n觉醒等级
700,43,2017/07/01 1:00:00,2050/01/01 4:59:59,320051,50,宝石,提高250次养成优俊少女的\n觉醒等级
700,43,2017/07/01 1:00:00,2050/01/01 4:59:59,320052,50,宝石,提高255次养成优俊少女的\n觉醒等级
700,43,2017/07/01 1:00:00,2050/01/01 4:59:59,320053,50,宝石,提高260次养成优俊少女的\n觉醒等级
700,43,2017/07/01 1:00:00,2050/01/01 4:59:59,320054,50,宝石,提高265次养成优俊少女的\n觉醒等级
700,43,2017/07/01 1:00:00,2050/01/01 4:59:59,320055,50,宝石,提高270次养成优俊少女的\n觉醒等级
700,43,2017/07/01 1:00:00,2050/01/01 4:59:59,320056,50,宝石,提高275次养成优俊少女的\n觉醒等级
700,43,2017/07/01 1:00:00,2050/01/01 4:59:59,320057,50,宝石,提高280次养成优俊少女的\n觉醒等级
700,43,2017/07/01 1:00:00,2050/01/01 4:59:59,320058,50,宝石,提高285次养成优俊少女的\n觉醒等级
700,43,2017/07/01 1:00:00,2050/01/01 4:59:59,320059,50,宝石,提高290次养成优俊少女的\n觉醒等级
700,43,2017/07/01 1:00:00,2050/01/01 4:59:59,320060,50,宝石,提高295次养成优俊少女的\n觉醒等级
700,43,2017/07/01 1:00:00,2050/01/01 4:59:59,320061,50,宝石,提高300次养成优俊少女的\n觉醒等级
700,43,2017/07/01 1:00:00,2050/01/01 4:59:59,320062,50,宝石,提高305次养成优俊少女的\n觉醒等级
700,43,2017/07/01 1:00:00,2050/01/01 4:59:59,320063,50,宝石,提高310次养成优俊少女的\n觉醒等级
700,43,2017/07/01 1:00:00,2050/01/01 4:59:59,320064,50,宝石,提高315次养成优俊少女的\n觉醒等级
700,43,2017/07/01 1:00:00,2050/01/01 4:59:59,320065,50,宝石,提高320次养成优俊少女的\n觉醒等级
700,43,2017/07/01 1:00:00,2050/01/01 4:59:59,320066,50,宝石,提高325次养成优俊少女的\n觉醒等级
700,43,2017/07/01 1:00:00,2050/01/01 4:59:59,320067,50,宝石,提高330次养成优俊少女的\n觉醒等级
700,43,2017/07/01 1:00:00,2050/01/01 4:59:59,320068,50,宝石,提高335次养成优俊少女的\n觉醒等级
700,43,2017/07/01 1:00:00,2050/01/01 4:59:59,320069,50,宝石,提高340次养成优俊少女的\n觉醒等级
700,43,2017/07/01 1:00:00,2050/01/01 4:59:59,320070,50,宝石,提高345次养成优俊少女的\n觉醒等级
700,43,2017/07/01 1:00:00,2050/01/01 4:59:59,320071,50,宝石,提高350次养成优俊少女的\n觉醒等级
700,43,2022/02/24 12:00:00,2050/01/01 4:59:59,320072,50,宝石,提高355次养成优俊少女的\n觉醒等级
700,43,2022/02/24 12:00:00,2050/01/01 4:59:59,320073,50,宝石,提高360次养成优俊少女的\n觉醒等级
700,43,2022/02/24 12:00:00,2050/01/01 4:59:59,320074,50,宝石,提高365次养成优俊少女的\n觉醒等级
700,43,2022/02/24 12:00:00,2050/01/01 4:59:59,320075,50,宝石,提高370次养成优俊少女的\n觉醒等级
700,43,2022/02/24 12:00:00,2050/01/01 4:59:59,320076,50,宝石,提高375次养成优俊少女的\n觉醒等级
700,43,2022/02/24 12:00:00,2050/01/01 4:59:59,320077,50,宝石,提高380次养成优俊少女的\n觉醒等级
700,43,2022/02/24 12:00:00,2050/01/01 4:59:59,320078,50,宝石,提高385次养成优俊少女的\n觉醒等级
700,43,2022/02/24 12:00:00,2050/01/01 4:59:59,320079,50,宝石,提高390次养成优俊少女的\n觉醒等级
700,43,2022/02/24 12:00:00,2050/01/01 4:59:59,320080,50,宝石,提高395次养成优俊少女的\n觉醒等级
700,43,2022/02/24 12:00:00,2050/01/01 4:59:59,320081,50,宝石,提高400次养成优俊少女的\n觉醒等级
700,43,2022/02/24 12:00:00,2050/01/01 4:59:59,320082,50,宝石,提高405次养成优俊少女的\n觉醒等级
700,43,2022/02/24 12:00:00,2050/01/01 4:59:59,320083,50,宝石,提高410次养成优俊少女的\n觉醒等级
700,43,2022/02/24 12:00:00,2050/01/01 4:59:59,320084,50,宝石,提高415次养成优俊少女的\n觉醒等级
700,43,2022/02/24 12:00:00,2050/01/01 4:59:59,320085,50,宝石,提高420次养成优俊少女的\n觉醒等级
700,43,2022/02/24 12:00:00,2050/01/01 4:59:59,320086,50,宝石,提高425次养成优俊少女的\n觉醒等级
700,43,2022/02/24 12:00:00,2050/01/01 4:59:59,320087,50,宝石,提高430次养成优俊少女的\n觉醒等级
700,43,2022/02/24 12:00:00,2050/01/01 4:59:59,320088,50,宝石,提高435次养成优俊少女的\n觉醒等级
700,43,2022/02/24 12:00:00,2050/01/01 4:59:59,320089,50,宝石,提高440次养成优俊少女的\n觉醒等级
700,43,2022/02/24 12:00:00,2050/01/01 4:59:59,320090,50,宝石,提高445次养成优俊少女的\n觉醒等级
700,43,2022/02/24 12:00:00,2050/01/01 4:59:59,320091,50,宝石,提高450次养成优俊少女的\n觉醒等级
700,43,2022/02/24 12:00:00,2050/01/01 4:59:59,320092,50,宝石,提高455次养成优俊少女的\n觉醒等级
700,43,2022/02/24 12:00:00,2050/01/01 4:59:59,320093,50,宝石,提高460次养成优俊少女的\n觉醒等级
700,43,2022/02/24 12:00:00,2050/01/01 4:59:59,320094,50,宝石,提高465次养成优俊少女的\n觉醒等级
700,43,2022/02/24 12:00:00,2050/01/01 4:59:59,320095,50,宝石,提高470次养成优俊少女的\n觉醒等级
700,43,2022/02/24 12:00:00,2050/01/01 4:59:59,320096,50,宝石,提高475次养成优俊少女的\n觉醒等级
700,43,2022/02/24 12:00:00,2050/01/01 4:59:59,320097,50,宝石,提高480次养成优俊少女的\n觉醒等级
700,43,2022/02/24 12:00:00,2050/01/01 4:59:59,320098,50,宝石,提高485次养成优俊少女的\n觉醒等级
700,43,2022/02/24 12:00:00,2050/01/01 4:59:59,320099,50,宝石,提高490次养成优俊少女的\n觉醒等级
710,32,2017/07/01 1:00:00,2050/01/01 4:59:59,320100,2,能量饮料30,通过才能开花\n提高养成优俊少女★数1次
710,43,2017/07/01 1:00:00,2050/01/01 4:59:59,320101,30,宝石,通过才能开花\n提高养成优俊少女★数3次
710,43,2017/07/01 1:00:00,2050/01/01 4:59:59,320102,30,宝石,通过才能开花\n提高养成优俊少女★数5次
710,43,2017/07/01 1:00:00,2050/01/01 4:59:59,320103,30,宝石,通过才能开花\n提高养成优俊少女★数10次
710,43,2017/07/01 1:00:00,2050/01/01 4:59:59,320104,30,宝石,通过才能开花\n提高养成优俊少女★数15次
710,43,2017/07/01 1:00:00,2050/01/01 4:59:59,320105,50,宝石,通过才能开花\n提高养成优俊少女★数20次
710,43,2017/07/01 1:00:00,2050/01/01 4:59:59,320106,50,宝石,通过才能开花\n提高养成优俊少女★数25次
710,43,2017/07/01 1:00:00,2050/01/01 4:59:59,320107,50,宝石,通过才能开花\n提高养成优俊少女★数30次
710,43,2017/07/01 1:00:00,2050/01/01 4:59:59,320108,50,宝石,通过才能开花\n提高养成优俊少女★数35次
710,43,2017/07/01 1:00:00,2050/01/01 4:59:59,320109,50,宝石,通过才能开花\n提高养成优俊少女★数40次
710,43,2017/07/01 1:00:00,2050/01/01 4:59:59,320110,50,宝石,通过才能开花\n提高养成优俊少女★数45次
710,43,2017/07/01 1:00:00,2050/01/01 4:59:59,320111,50,宝石,通过才能开花\n提高养成优俊少女★数50次
710,43,2017/07/01 1:00:00,2050/01/01 4:59:59,320112,50,宝石,通过才能开花\n提高养成优俊少女★数55次
710,43,2017/07/01 1:00:00,2050/01/01 4:59:59,320113,50,宝石,通过才能开花\n提高养成优俊少女★数60次
710,43,2017/07/01 1:00:00,2050/01/01 4:59:59,320114,50,宝石,通过才能开花\n提高养成优俊少女★数65次
710,43,2017/07/01 1:00:00,2050/01/01 4:59:59,320115,50,宝石,通过才能开花\n提高养成优俊少女★数70次
710,43,2017/07/01 1:00:00,2050/01/01 4:59:59,320116,50,宝石,通过才能开花\n提高养成优俊少女★数75次
710,43,2017/07/01 1:00:00,2050/01/01 4:59:59,320117,50,宝石,通过才能开花\n提高养成优俊少女★数80次
710,43,2017/07/01 1:00:00,2050/01/01 4:59:59,320118,50,宝石,通过才能开花\n提高养成优俊少女★数85次
710,43,2017/07/01 1:00:00,2050/01/01 4:59:59,320119,50,宝石,通过才能开花\n提高养成优俊少女★数90次
710,43,2017/07/01 1:00:00,2050/01/01 4:59:59,320120,50,宝石,通过才能开花\n提高养成优俊少女★数95次
710,43,2017/07/01 1:00:00,2050/01/01 4:59:59,320121,50,宝石,通过才能开花\n提高养成优俊少女★数100次
710,43,2017/07/01 1:00:00,2050/01/01 4:59:59,320122,50,宝石,通过才能开花\n提高养成优俊少女★数105次
710,43,2017/07/01 1:00:00,2050/01/01 4:59:59,320123,50,宝石,通过才能开花\n提高养成优俊少女★数110次
710,43,2017/07/01 1:00:00,2050/01/01 4:59:59,320124,50,宝石,通过才能开花\n提高养成优俊少女★数115次
710,43,2017/07/01 1:00:00,2050/01/01 4:59:59,320125,50,宝石,通过才能开花\n提高养成优俊少女★数120次
710,43,2017/07/01 1:00:00,2050/01/01 4:59:59,320126,50,宝石,通过才能开花\n提高养成优俊少女★数125次
710,43,2017/07/01 1:00:00,2050/01/01 4:59:59,320127,50,宝石,通过才能开花\n提高养成优俊少女★数130次
710,43,2017/07/01 1:00:00,2050/01/01 4:59:59,320128,50,宝石,通过才能开花\n提高养成优俊少女★数135次
710,43,2017/07/01 1:00:00,2050/01/01 4:59:59,320129,50,宝石,通过才能开花\n提高养成优俊少女★数140次
710,43,2017/07/01 1:00:00,2050/01/01 4:59:59,320130,50,宝石,通过才能开花\n提高养成优俊少女★数145次
710,43,2017/07/01 1:00:00,2050/01/01 4:59:59,320131,50,宝石,通过才能开花\n提高养成优俊少女★数150次
710,43,2017/07/01 1:00:00,2050/01/01 4:59:59,320132,50,宝石,通过才能开花\n提高养成优俊少女★数155次
710,43,2017/07/01 1:00:00,2050/01/01 4:59:59,320133,50,宝石,通过才能开花\n提高养成优俊少女★数160次
710,43,2017/07/01 1:00:00,2050/01/01 4:59:59,320134,50,宝石,通过才能开花\n提高养成优俊少女★数165次
710,43,2017/07/01 1:00:00,2050/01/01 4:59:59,320135,50,宝石,通过才能开花\n提高养成优俊少女★数170次
710,43,2017/07/01 1:00:00,2050/01/01 4:59:59,320136,50,宝石,通过才能开花\n提高养成优俊少女★数175次
710,43,2017/07/01 1:00:00,2050/01/01 4:59:59,320137,50,宝石,通过才能开花\n提高养成优俊少女★数180次
710,43,2017/07/01 1:00:00,2050/01/01 4:59:59,320138,50,宝石,通过才能开花\n提高养成优俊少女★数185次
710,43,2017/07/01 1:00:00,2050/01/01 4:59:59,320139,50,宝石,通过才能开花\n提高养成优俊少女★数190次
710,43,2017/07/01 1:00:00,2050/01/01 4:59:59,320140,50,宝石,通过才能开花\n提高养成优俊少女★数195次
710,43,2017/07/01 1:00:00,2050/01/01 4:59:59,320141,50,宝石,通过才能开花\n提高养成优俊少女★数200次
710,43,2017/07/01 1:00:00,2050/01/01 4:59:59,320142,50,宝石,通过才能开花\n提高养成优俊少女★数205次
710,43,2017/07/01 1:00:00,2050/01/01 4:59:59,320143,50,宝石,通过才能开花\n提高养成优俊少女★数210次
710,43,2017/07/01 1:00:00,2050/01/01 4:59:59,320144,50,宝石,通过才能开花\n提高养成优俊少女★数215次
710,43,2017/07/01 1:00:00,2050/01/01 4:59:59,320145,50,宝石,通过才能开花\n提高养成优俊少女★数220次
710,43,2017/07/01 1:00:00,2050/01/01 4:59:59,320146,50,宝石,通过才能开花\n提高养成优俊少女★数225次
710,43,2017/07/01 1:00:00,2050/01/01 4:59:59,320147,50,宝石,通过才能开花\n提高养成优俊少女★数230次
710,43,2017/07/01 1:00:00,2050/01/01 4:59:59,320148,50,宝石,通过才能开花\n提高养成优俊少女★数235次
710,43,2017/07/01 1:00:00,2050/01/01 4:59:59,320149,50,宝石,通过才能开花\n提高养成优俊少女★数240次
710,43,2017/07/01 1:00:00,2050/01/01 4:59:59,320150,50,宝石,通过才能开花\n提高养成优俊少女★数245次
710,43,2017/07/01 1:00:00,2050/01/01 4:59:59,320151,50,宝石,通过才能开花\n提高养成优俊少女★数250次
710,43,2017/07/01 1:00:00,2050/01/01 4:59:59,320152,50,宝石,通过才能开花\n提高养成优俊少女★数255次
710,43,2017/07/01 1:00:00,2050/01/01 4:59:59,320153,50,宝石,通过才能开花\n提高养成优俊少女★数260次
710,43,2017/07/01 1:00:00,2050/01/01 4:59:59,320154,50,宝石,通过才能开花\n提高养成优俊少女★数265次
710,43,2017/07/01 1:00:00,2050/01/01 4:59:59,320155,50,宝石,通过才能开花\n提高养成优俊少女★数270次
710,43,2017/07/01 1:00:00,2050/01/01 4:59:59,320156,50,宝石,通过才能开花\n提高养成优俊少女★数275次
710,43,2017/07/01 1:00:00,2050/01/01 4:59:59,320157,50,宝石,通过才能开花\n提高养成优俊少女★数280次
710,43,2017/07/01 1:00:00,2050/01/01 4:59:59,320158,50,宝石,通过才能开花\n提高养成优俊少女★数285次
710,43,2017/07/01 1:00:00,2050/01/01 4:59:59,320159,50,宝石,通过才能开花\n提高养成优俊少女★数290次
710,43,2017/07/01 1:00:00,2050/01/01 4:59:59,320160,50,宝石,通过才能开花\n提高养成优俊少女★数295次
710,43,2017/07/01 1:00:00,2050/01/01 4:59:59,320161,50,宝石,通过才能开花\n提高养成优俊少女★数300次
710,43,2017/07/01 1:00:00,2050/01/01 4:59:59,320162,50,宝石,通过才能开花\n提高养成优俊少女★数305次
710,43,2017/07/01 1:00:00,2050/01/01 4:59:59,320163,50,宝石,通过才能开花\n提高养成优俊少女★数310次
710,43,2017/07/01 1:00:00,2050/01/01 4:59:59,320164,50,宝石,通过才能开花\n提高养成优俊少女★数315次
710,43,2017/07/01 1:00:00,2050/01/01 4:59:59,320165,50,宝石,通过才能开花\n提高养成优俊少女★数320次
710,43,2017/07/01 1:00:00,2050/01/01 4:59:59,320166,50,宝石,通过才能开花\n提高养成优俊少女★数325次
710,43,2017/07/01 1:00:00,2050/01/01 4:59:59,320167,50,宝石,通过才能开花\n提高养成优俊少女★数330次
710,43,2017/07/01 1:00:00,2050/01/01 4:59:59,320168,50,宝石,通过才能开花\n提高养成优俊少女★数335次
710,43,2017/07/01 1:00:00,2050/01/01 4:59:59,320169,50,宝石,通过才能开花\n提高养成优俊少女★数340次
710,43,2017/07/01 1:00:00,2050/01/01 4:59:59,320170,50,宝石,通过才能开花\n提高养成优俊少女★数345次
710,43,2017/07/01 1:00:00,2050/01/01 4:59:59,320171,50,宝石,通过才能开花\n提高养成优俊少女★数350次
710,43,2022/02/24 12:00:00,2050/01/01 4:59:59,320172,50,宝石,通过才能开花\n提高养成优俊少女★数355次
710,43,2022/02/24 12:00:00,2050/01/01 4:59:59,320173,50,宝石,通过才能开花\n提高养成优俊少女★数360次
710,43,2022/02/24 12:00:00,2050/01/01 4:59:59,320174,50,宝石,通过才能开花\n提高养成优俊少女★数365次
710,43,2022/02/24 12:00:00,2050/01/01 4:59:59,320175,50,宝石,通过才能开花\n提高养成优俊少女★数370次
710,43,2022/02/24 12:00:00,2050/01/01 4:59:59,320176,50,宝石,通过才能开花\n提高养成优俊少女★数375次
710,43,2022/02/24 12:00:00,2050/01/01 4:59:59,320177,50,宝石,通过才能开花\n提高养成优俊少女★数380次
710,43,2022/02/24 12:00:00,2050/01/01 4:59:59,320178,50,宝石,通过才能开花\n提高养成优俊少女★数385次
710,43,2022/02/24 12:00:00,2050/01/01 4:59:59,320179,50,宝石,通过才能开花\n提高养成优俊少女★数390次
710,43,2022/02/24 12:00:00,2050/01/01 4:59:59,320180,50,宝石,通过才能开花\n提高养成优俊少女★数395次
710,43,2022/02/24 12:00:00,2050/01/01 4:59:59,320181,50,宝石,通过才能开花\n提高养成优俊少女★数400次
710,43,2022/02/24 12:00:00,2050/01/01 4:59:59,320182,50,宝石,通过才能开花\n提高养成优俊少女★数405次
710,43,2022/02/24 12:00:00,2050/01/01 4:59:59,320183,50,宝石,通过才能开花\n提高养成优俊少女★数410次
710,43,2022/02/24 12:00:00,2050/01/01 4:59:59,320184,50,宝石,通过才能开花\n提高养成优俊少女★数415次
710,43,2022/02/24 12:00:00,2050/01/01 4:59:59,320185,50,宝石,通过才能开花\n提高养成优俊少女★数420次
710,43,2022/02/24 12:00:00,2050/01/01 4:59:59,320186,50,宝石,通过才能开花\n提高养成优俊少女★数425次
710,43,2022/02/24 12:00:00,2050/01/01 4:59:59,320187,50,宝石,通过才能开花\n提高养成优俊少女★数430次
710,43,2022/02/24 12:00:00,2050/01/01 4:59:59,320188,50,宝石,通过才能开花\n提高养成优俊少女★数435次
710,43,2022/02/24 12:00:00,2050/01/01 4:59:59,320189,50,宝石,通过才能开花\n提高养成优俊少女★数440次
710,43,2022/02/24 12:00:00,2050/01/01 4:59:59,320190,50,宝石,通过才能开花\n提高养成优俊少女★数445次
710,43,2022/02/24 12:00:00,2050/01/01 4:59:59,320191,50,宝石,通过才能开花\n提高养成优俊少女★数450次
710,43,2022/02/24 12:00:00,2050/01/01 4:59:59,320192,50,宝石,通过才能开花\n提高养成优俊少女★数455次
710,43,2022/02/24 12:00:00,2050/01/01 4:59:59,320193,50,宝石,通过才能开花\n提高养成优俊少女★数460次
710,43,2022/02/24 12:00:00,2050/01/01 4:59:59,320194,50,宝石,通过才能开花\n提高养成优俊少女★数465次
710,43,2022/02/24 12:00:00,2050/01/01 4:59:59,320195,50,宝石,通过才能开花\n提高养成优俊少女★数470次
710,43,2022/02/24 12:00:00,2050/01/01 4:59:59,320196,50,宝石,通过才能开花\n提高养成优俊少女★数475次
710,43,2022/02/24 12:00:00,2050/01/01 4:59:59,320197,50,宝石,通过才能开花\n提高养成优俊少女★数480次
710,43,2022/02/24 12:00:00,2050/01/01 4:59:59,320198,50,宝石,通过才能开花\n提高养成优俊少女★数485次
710,43,2022/02/24 12:00:00,2050/01/01 4:59:59,320199,50,宝石,通过才能开花\n提高养成优俊少女★数490次
710,43,2022/02/24 12:00:00,2050/01/01 4:59:59,320200,50,宝石,通过才能开花\n提高养成优俊少女★数495次
710,43,2022/02/24 12:00:00,2050/01/01 4:59:59,320201,50,宝石,通过才能开花\n提高养成优俊少女★数500次
710,43,2023/07/21 12:00:00,2050/01/01 4:59:59,320202,50,宝石,通过才能开花\n提高养成优俊少女★数505次
710,43,2023/07/21 12:00:00,2050/01/01 4:59:59,320203,50,宝石,通过才能开花\n提高养成优俊少女★数510次
710,43,2023/07/21 12:00:00,2050/01/01 4:59:59,320204,50,宝石,通过才能开花\n提高养成优俊少女★数515次
710,43,2023/07/21 12:00:00,2050/01/01 4:59:59,320205,50,宝石,通过才能开花\n提高养成优俊少女★数520次
710,43,2023/07/21 12:00:00,2050/01/01 4:59:59,320206,50,宝石,通过才能开花\n提高养成优俊少女★数525次
710,43,2023/07/21 12:00:00,2050/01/01 4:59:59,320207,50,宝石,通过才能开花\n提高养成优俊少女★数530次
710,43,2023/07/21 12:00:00,2050/01/01 4:59:59,320208,50,宝石,通过才能开花\n提高养成优俊少女★数535次
710,43,2023/07/21 12:00:00,2050/01/01 4:59:59,320209,50,宝石,通过才能开花\n提高养成优俊少女★数540次
710,43,2023/07/21 12:00:00,2050/01/01 4:59:59,320210,50,宝石,通过才能开花\n提高养成优俊少女★数545次
710,43,2023/07/21 12:00:00,2050/01/01 4:59:59,320211,50,宝石,通过才能开花\n提高养成优俊少女★数550次
710,43,2023/07/21 12:00:00,2050/01/01 4:59:59,320212,50,宝石,通过才能开花\n提高养成优俊少女★数555次
710,43,2023/07/21 12:00:00,2050/01/01 4:59:59,320213,50,宝石,通过才能开花\n提高养成优俊少女★数560次
710,43,2023/07/21 12:00:00,2050/01/01 4:59:59,320214,50,宝石,通过才能开花\n提高养成优俊少女★数565次
710,43,2023/07/21 12:00:00,2050/01/01 4:59:59,320215,50,宝石,通过才能开花\n提高养成优俊少女★数570次
710,43,2023/07/21 12:00:00,2050/01/01 4:59:59,320216,50,宝石,通过才能开花\n提高养成优俊少女★数575次
710,43,2023/07/21 12:00:00,2050/01/01 4:59:59,320217,50,宝石,通过才能开花\n提高养成优俊少女★数580次
710,43,2023/07/21 12:00:00,2050/01/01 4:59:59,320218,50,宝石,通过才能开花\n提高养成优俊少女★数585次
710,43,2023/07/21 12:00:00,2050/01/01 4:59:59,320219,50,宝石,通过才能开花\n提高养成优俊少女★数590次
710,43,2023/07/21 12:00:00,2050/01/01 4:59:59,320220,50,宝石,通过才能开花\n提高养成优俊少女★数595次
710,43,2023/07/21 12:00:00,2050/01/01 4:59:59,320221,50,宝石,通过才能开花\n提高养成优俊少女★数600次
710,43,2023/07/21 12:00:00,2050/01/01 4:59:59,320222,50,宝石,通过才能开花\n提高养成优俊少女★数605次
710,43,2023/07/21 12:00:00,2050/01/01 4:59:59,320223,50,宝石,通过才能开花\n提高养成优俊少女★数610次
710,43,2023/07/21 12:00:00,2050/01/01 4:59:59,320224,50,宝石,通过才能开花\n提高养成优俊少女★数615次
710,43,2023/07/21 12:00:00,2050/01/01 4:59:59,320225,50,宝石,通过才能开花\n提高养成优俊少女★数620次
710,43,2023/07/21 12:00:00,2050/01/01 4:59:59,320226,50,宝石,通过才能开花\n提高养成优俊少女★数625次
710,43,2023/07/21 12:00:00,2050/01/01 4:59:59,320227,50,宝石,通过才能开花\n提高养成优俊少女★数630次
710,43,2023/07/21 12:00:00,2050/01/01 4:59:59,320228,50,宝石,通过才能开花\n提高养成优俊少女★数635次
710,43,2023/07/21 12:00:00,2050/01/01 4:59:59,320229,50,宝石,通过才能开花\n提高养成优俊少女★数640次
710,43,2023/07/21 12:00:00,2050/01/01 4:59:59,320230,50,宝石,通过才能开花\n提高养成优俊少女★数645次
710,43,2023/07/21 12:00:00,2050/01/01 4:59:59,320231,50,宝石,通过才能开花\n提高养成优俊少女★数650次
710,43,2023/07/21 12:00:00,2050/01/01 4:59:59,320232,50,宝石,通过才能开花\n提高养成优俊少女★数655次
710,43,2023/07/21 12:00:00,2050/01/01 4:59:59,320233,50,宝石,通过才能开花\n提高养成优俊少女★数660次
710,43,2023/07/21 12:00:00,2050/01/01 4:59:59,320234,50,宝石,通过才能开花\n提高养成优俊少女★数665次
710,43,2023/07/21 12:00:00,2050/01/01 4:59:59,320235,50,宝石,通过才能开花\n提高养成优俊少女★数670次
710,43,2023/07/21 12:00:00,2050/01/01 4:59:59,320236,50,宝石,通过才能开花\n提高养成优俊少女★数675次
710,43,2023/07/21 12:00:00,2050/01/01 4:59:59,320237,50,宝石,通过才能开花\n提高养成优俊少女★数680次
710,43,2023/07/21 12:00:00,2050/01/01 4:59:59,320238,50,宝石,通过才能开花\n提高养成优俊少女★数685次
710,43,2023/07/21 12:00:00,2050/01/01 4:59:59,320239,50,宝石,通过才能开花\n提高养成优俊少女★数690次
710,43,2023/07/21 12:00:00,2050/01/01 4:59:59,320240,50,宝石,通过才能开花\n提高养成优俊少女★数695次
710,43,2023/07/21 12:00:00,2050/01/01 4:59:59,320241,50,宝石,通过才能开花\n提高养成优俊少女★数700次
710,43,2024/03/29 12:00:00,2050/01/01 4:59:59,320242,50,宝石,育成ウマ娘を才能開花で\n705回★を上げよう
710,43,2024/03/29 12:00:00,2050/01/01 4:59:59,320243,50,宝石,育成ウマ娘を才能開花で\n710回★を上げよう
710,43,2024/03/29 12:00:00,2050/01/01 4:59:59,320244,50,宝石,育成ウマ娘を才能開花で\n715回★を上げよう
710,43,2024/03/29 12:00:00,2050/01/01 4:59:59,320245,50,宝石,育成ウマ娘を才能開花で\n720回★を上げよう
710,43,2024/03/29 12:00:00,2050/01/01 4:59:59,320246,50,宝石,育成ウマ娘を才能開花で\n725回★を上げよう
710,43,2024/03/29 12:00:00,2050/01/01 4:59:59,320247,50,宝石,育成ウマ娘を才能開花で\n730回★を上げよう
710,43,2024/03/29 12:00:00,2050/01/01 4:59:59,320248,50,宝石,育成ウマ娘を才能開花で\n735回★を上げよう
710,43,2024/03/29 12:00:00,2050/01/01 4:59:59,320249,50,宝石,育成ウマ娘を才能開花で\n740回★を上げよう
710,43,2024/03/29 12:00:00,2050/01/01 4:59:59,320250,50,宝石,育成ウマ娘を才能開花で\n745回★を上げよう
710,43,2024/03/29 12:00:00,2050/01/01 4:59:59,320251,50,宝石,育成ウマ娘を才能開花で\n750回★を上げよう
710,43,2024/03/29 12:00:00,2050/01/01 4:59:59,320252,50,宝石,育成ウマ娘を才能開花で\n755回★を上げよう
710,43,2024/03/29 12:00:00,2050/01/01 4:59:59,320253,50,宝石,育成ウマ娘を才能開花で\n760回★を上げよう
710,43,2024/03/29 12:00:00,2050/01/01 4:59:59,320254,50,宝石,育成ウマ娘を才能開花で\n765回★を上げよう
710,43,2024/03/29 12:00:00,2050/01/01 4:59:59,320255,50,宝石,育成ウマ娘を才能開花で\n770回★を上げよう
710,43,2024/03/29 12:00:00,2050/01/01 4:59:59,320256,50,宝石,育成ウマ娘を才能開花で\n775回★を上げよう
710,43,2024/03/29 12:00:00,2050/01/01 4:59:59,320257,50,宝石,育成ウマ娘を才能開花で\n780回★を上げよう
710,43,2024/03/29 12:00:00,2050/01/01 4:59:59,320258,50,宝石,育成ウマ娘を才能開花で\n785回★を上げよう
710,43,2024/03/29 12:00:00,2050/01/01 4:59:59,320259,50,宝石,育成ウマ娘を才能開花で\n790回★を上げよう
710,43,2024/03/29 12:00:00,2050/01/01 4:59:59,320260,50,宝石,育成ウマ娘を才能開花で\n795回★を上げよう
710,43,2024/03/29 12:00:00,2050/01/01 4:59:59,320261,50,宝石,育成ウマ娘を才能開花で\n800回★を上げよう
710,43,2024/03/29 12:00:00,2050/01/01 4:59:59,320262,50,宝石,育成ウマ娘を才能開花で\n805回★を上げよう
710,43,2024/03/29 12:00:00,2050/01/01 4:59:59,320263,50,宝石,育成ウマ娘を才能開花で\n810回★を上げよう
710,43,2024/03/29 12:00:00,2050/01/01 4:59:59,320264,50,宝石,育成ウマ娘を才能開花で\n815回★を上げよう
710,43,2024/03/29 12:00:00,2050/01/01 4:59:59,320265,50,宝石,育成ウマ娘を才能開花で\n820回★を上げよう
710,43,2024/03/29 12:00:00,2050/01/01 4:59:59,320266,50,宝石,育成ウマ娘を才能開花で\n825回★を上げよう
710,43,2024/03/29 12:00:00,2050/01/01 4:59:59,320267,50,宝石,育成ウマ娘を才能開花で\n830回★を上げよう
710,43,2024/03/29 12:00:00,2050/01/01 4:59:59,320268,50,宝石,育成ウマ娘を才能開花で\n835回★を上げよう
710,43,2024/03/29 12:00:00,2050/01/01 4:59:59,320269,50,宝石,育成ウマ娘を才能開花で\n840回★を上げよう
710,43,2024/03/29 12:00:00,2050/01/01 4:59:59,320270,50,宝石,育成ウマ娘を才能開花で\n845回★を上げよう
710,43,2024/03/29 12:00:00,2050/01/01 4:59:59,320271,50,宝石,育成ウマ娘を才能開花で\n850回★を上げよう
710,43,2024/03/29 12:00:00,2050/01/01 4:59:59,320272,50,宝石,育成ウマ娘を才能開花で\n855回★を上げよう
710,43,2024/03/29 12:00:00,2050/01/01 4:59:59,320273,50,宝石,育成ウマ娘を才能開花で\n860回★を上げよう
710,43,2024/03/29 12:00:00,2050/01/01 4:59:59,320274,50,宝石,育成ウマ娘を才能開花で\n865回★を上げよう
710,43,2024/03/29 12:00:00,2050/01/01 4:59:59,320275,50,宝石,育成ウマ娘を才能開花で\n870回★を上げよう
710,43,2024/03/29 12:00:00,2050/01/01 4:59:59,320276,50,宝石,育成ウマ娘を才能開花で\n875回★を上げよう
710,43,2024/03/29 12:00:00,2050/01/01 4:59:59,320277,50,宝石,育成ウマ娘を才能開花で\n880回★を上げよう
710,43,2024/03/29 12:00:00,2050/01/01 4:59:59,320278,50,宝石,育成ウマ娘を才能開花で\n885回★を上げよう
710,43,2024/03/29 12:00:00,2050/01/01 4:59:59,320279,50,宝石,育成ウマ娘を才能開花で\n890回★を上げよう
710,43,2024/03/29 12:00:00,2050/01/01 4:59:59,320280,50,宝石,育成ウマ娘を才能開花で\n895回★を上げよう
710,43,2024/03/29 12:00:00,2050/01/01 4:59:59,320281,50,宝石,育成ウマ娘を才能開花で\n900回★を上げよう
710,43,2024/03/29 12:00:00,2050/01/01 4:59:59,320282,50,宝石,育成ウマ娘を才能開花で\n905回★を上げよう
710,43,2024/03/29 12:00:00,2050/01/01 4:59:59,320283,50,宝石,育成ウマ娘を才能開花で\n910回★を上げよう
710,43,2024/03/29 12:00:00,2050/01/01 4:59:59,320284,50,宝石,育成ウマ娘を才能開花で\n915回★を上げよう
710,43,2024/03/29 12:00:00,2050/01/01 4:59:59,320285,50,宝石,育成ウマ娘を才能開花で\n920回★を上げよう
710,43,2024/03/29 12:00:00,2050/01/01 4:59:59,320286,50,宝石,育成ウマ娘を才能開花で\n925回★を上げよう
710,43,2024/03/29 12:00:00,2050/01/01 4:59:59,320287,50,宝石,育成ウマ娘を才能開花で\n930回★を上げよう
710,43,2024/03/29 12:00:00,2050/01/01 4:59:59,320288,50,宝石,育成ウマ娘を才能開花で\n935回★を上げよう
710,43,2024/03/29 12:00:00,2050/01/01 4:59:59,320289,50,宝石,育成ウマ娘を才能開花で\n940回★を上げよう
710,43,2024/03/29 12:00:00,2050/01/01 4:59:59,320290,50,宝石,育成ウマ娘を才能開花で\n945回★を上げよう
710,43,2024/03/29 12:00:00,2050/01/01 4:59:59,320291,50,宝石,育成ウマ娘を才能開花で\n950回★を上げよう
710,43,2024/03/29 12:00:00,2050/01/01 4:59:59,320292,50,宝石,育成ウマ娘を才能開花で\n955回★を上げよう
710,43,2024/03/29 12:00:00,2050/01/01 4:59:59,320293,50,宝石,育成ウマ娘を才能開花で\n960回★を上げよう
710,43,2024/03/29 12:00:00,2050/01/01 4:59:59,320294,50,宝石,育成ウマ娘を才能開花で\n965回★を上げよう
710,43,2024/03/29 12:00:00,2050/01/01 4:59:59,320295,50,宝石,育成ウマ娘を才能開花で\n970回★を上げよう
710,43,2024/03/29 12:00:00,2050/01/01 4:59:59,320296,50,宝石,育成ウマ娘を才能開花で\n975回★を上げよう
710,43,2024/03/29 12:00:00,2050/01/01 4:59:59,320297,50,宝石,育成ウマ娘を才能開花で\n980回★を上げよう
710,43,2024/03/29 12:00:00,2050/01/01 4:59:59,320298,50,宝石,育成ウマ娘を才能開花で\n985回★を上げよう
710,43,2024/03/29 12:00:00,2050/01/01 4:59:59,320299,50,宝石,育成ウマ娘を才能開花で\n990回★を上げよう
730,43,2017/07/01 1:00:00,2050/01/01 4:59:59,320300,10,宝石,进行1次\n协助卡上限解锁
730,43,2017/07/01 1:00:00,2050/01/01 4:59:59,320301,10,宝石,进行3次\n协助卡上限解锁
730,43,2017/07/01 1:00:00,2050/01/01 4:59:59,320302,10,宝石,进行5次\n协助卡上限解锁
730,43,2017/07/01 1:00:00,2050/01/01 4:59:59,320303,30,宝石,进行10次\n协助卡上限解锁
730,43,2017/07/01 1:00:00,2050/01/01 4:59:59,320304,30,宝石,进行15次\n协助卡上限解锁
730,43,2017/07/01 1:00:00,2050/01/01 4:59:59,320305,30,宝石,进行20次\n协助卡上限解锁
730,43,2017/07/01 1:00:00,2050/01/01 4:59:59,320306,30,宝石,进行25次\n协助卡上限解锁
730,43,2017/07/01 1:00:00,2050/01/01 4:59:59,320307,30,宝石,进行30次\n协助卡上限解锁
730,43,2017/07/01 1:00:00,2050/01/01 4:59:59,320308,30,宝石,进行35次\n协助卡上限解锁
730,43,2017/07/01 1:00:00,2050/01/01 4:59:59,320309,30,宝石,进行40次\n协助卡上限解锁
730,43,2017/07/01 1:00:00,2050/01/01 4:59:59,320310,30,宝石,进行45次\n协助卡上限解锁
730,43,2017/07/01 1:00:00,2050/01/01 4:59:59,320311,30,宝石,进行50次\n协助卡上限解锁
730,43,2017/07/01 1:00:00,2050/01/01 4:59:59,320312,30,宝石,进行60次\n协助卡上限解锁
730,43,2017/07/01 1:00:00,2050/01/01 4:59:59,320313,30,宝石,进行70次\n协助卡上限解锁
730,43,2017/07/01 1:00:00,2050/01/01 4:59:59,320314,30,宝石,进行80次\n协助卡上限解锁
730,43,2017/07/01 1:00:00,2050/01/01 4:59:59,320315,30,宝石,进行90次\n协助卡上限解锁
730,43,2017/07/01 1:00:00,2050/01/01 4:59:59,320316,30,宝石,进行100次\n协助卡上限解锁
730,43,2017/07/01 1:00:00,2050/01/01 4:59:59,320317,30,宝石,进行120次\n协助卡上限解锁
730,43,2017/07/01 1:00:00,2050/01/01 4:59:59,320318,50,宝石,进行140次\n协助卡上限解锁
730,43,2017/07/01 1:00:00,2050/01/01 4:59:59,320319,50,宝石,进行160次\n协助卡上限解锁
730,43,2017/07/01 1:00:00,2050/01/01 4:59:59,320320,50,宝石,进行180次\n协助卡上限解锁
730,43,2017/07/01 1:00:00,2050/01/01 4:59:59,320321,50,宝石,进行200次\n协助卡上限解锁
730,43,2017/07/01 1:00:00,2050/01/01 4:59:59,320322,50,宝石,进行220次\n协助卡上限解锁
730,43,2017/07/01 1:00:00,2050/01/01 4:59:59,320323,50,宝石,进行240次\n协助卡上限解锁
730,43,2017/07/01 1:00:00,2050/01/01 4:59:59,320324,50,宝石,进行260次\n协助卡上限解锁
730,43,2017/07/01 1:00:00,2050/01/01 4:59:59,320325,50,宝石,进行280次\n协助卡上限解锁
730,43,2017/07/01 1:00:00,2050/01/01 4:59:59,320326,50,宝石,进行300次\n协助卡上限解锁
730,43,2017/07/01 1:00:00,2050/01/01 4:59:59,320327,50,宝石,进行320次\n协助卡上限解锁
730,43,2017/07/01 1:00:00,2050/01/01 4:59:59,320328,50,宝石,进行340次\n协助卡上限解锁
730,43,2017/07/01 1:00:00,2050/01/01 4:59:59,320329,50,宝石,进行360次\n协助卡上限解锁
730,43,2017/07/01 1:00:00,2050/01/01 4:59:59,320330,50,宝石,进行380次\n协助卡上限解锁
730,43,2017/07/01 1:00:00,2050/01/01 4:59:59,320331,50,宝石,进行400次\n协助卡上限解锁
730,43,2017/07/01 1:00:00,2050/01/01 4:59:59,320332,50,宝石,进行420次\n协助卡上限解锁
730,43,2017/07/01 1:00:00,2050/01/01 4:59:59,320333,50,宝石,进行440次\n协助卡上限解锁
730,43,2017/07/01 1:00:00,2050/01/01 4:59:59,320334,50,宝石,进行460次\n协助卡上限解锁
730,43,2017/07/01 1:00:00,2050/01/01 4:59:59,320335,50,宝石,进行480次\n协助卡上限解锁
730,43,2017/07/01 1:00:00,2050/01/01 4:59:59,320336,50,宝石,进行500次\n协助卡上限解锁
730,43,2017/07/01 1:00:00,2050/01/01 4:59:59,320337,50,宝石,进行520次\n协助卡上限解锁
730,43,2017/07/01 1:00:00,2050/01/01 4:59:59,320338,50,宝石,进行540次\n协助卡上限解锁
730,43,2017/07/01 1:00:00,2050/01/01 4:59:59,320339,50,宝石,进行560次\n协助卡上限解锁
730,43,2017/07/01 1:00:00,2050/01/01 4:59:59,320340,50,宝石,进行580次\n协助卡上限解锁
730,43,2017/07/01 1:00:00,2050/01/01 4:59:59,320341,50,宝石,进行600次\n协助卡上限解锁
730,43,2017/07/01 1:00:00,2050/01/01 4:59:59,320342,50,宝石,进行620次\n协助卡上限解锁
730,43,2017/07/01 1:00:00,2050/01/01 4:59:59,320343,50,宝石,进行640次\n协助卡上限解锁
730,43,2017/07/01 1:00:00,2050/01/01 4:59:59,320344,50,宝石,进行660次\n协助卡上限解锁
730,43,2017/07/01 1:00:00,2050/01/01 4:59:59,320345,50,宝石,进行680次\n协助卡上限解锁
730,43,2017/07/01 1:00:00,2050/01/01 4:59:59,320346,50,宝石,进行700次\n协助卡上限解锁
730,43,2017/07/01 1:00:00,2050/01/01 4:59:59,320347,50,宝石,进行720次\n协助卡上限解锁
730,43,2017/07/01 1:00:00,2050/01/01 4:59:59,320348,50,宝石,进行740次\n协助卡上限解锁
730,43,2017/07/01 1:00:00,2050/01/01 4:59:59,320349,50,宝石,进行760次\n协助卡上限解锁
730,43,2017/07/01 1:00:00,2050/01/01 4:59:59,320350,50,宝石,进行780次\n协助卡上限解锁
730,43,2017/07/01 1:00:00,2050/01/01 4:59:59,320351,50,宝石,进行800次\n协助卡上限解锁
730,43,2017/07/01 1:00:00,2050/01/01 4:59:59,320352,50,宝石,进行820次\n协助卡上限解锁
730,43,2017/07/01 1:00:00,2050/01/01 4:59:59,320353,50,宝石,进行840次\n协助卡上限解锁
730,43,2017/07/01 1:00:00,2050/01/01 4:59:59,320354,50,宝石,进行860次\n协助卡上限解锁
730,43,2017/07/01 1:00:00,2050/01/01 4:59:59,320355,50,宝石,进行880次\n协助卡上限解锁
730,43,2017/07/01 1:00:00,2050/01/01 4:59:59,320356,50,宝石,进行900次\n协助卡上限解锁
730,43,2017/07/01 1:00:00,2050/01/01 4:59:59,320357,50,宝石,进行920次\n协助卡上限解锁
730,43,2017/07/01 1:00:00,2050/01/01 4:59:59,320358,50,宝石,进行940次\n协助卡上限解锁
730,43,2017/07/01 1:00:00,2050/01/01 4:59:59,320359,50,宝石,进行960次\n协助卡上限解锁
730,43,2017/07/01 1:00:00,2050/01/01 4:59:59,320360,50,宝石,进行980次\n协助卡上限解锁
730,43,2017/07/01 1:00:00,2050/01/01 4:59:59,320361,50,宝石,进行1000次\n协助卡上限解锁
730,43,2022/02/24 12:00:00,2050/01/01 4:59:59,320362,50,宝石,进行1020次\n协助卡上限解锁
730,43,2022/02/24 12:00:00,2050/01/01 4:59:59,320363,50,宝石,进行1040次\n协助卡上限解锁
730,43,2022/02/24 12:00:00,2050/01/01 4:59:59,320364,50,宝石,进行1060次\n协助卡上限解锁
730,43,2022/02/24 12:00:00,2050/01/01 4:59:59,320365,50,宝石,进行1080次\n协助卡上限解锁
730,43,2022/02/24 12:00:00,2050/01/01 4:59:59,320366,50,宝石,进行1100次\n协助卡上限解锁
730,43,2022/02/24 12:00:00,2050/01/01 4:59:59,320367,50,宝石,进行1120次\n协助卡上限解锁
730,43,2022/02/24 12:00:00,2050/01/01 4:59:59,320368,50,宝石,进行1140次\n协助卡上限解锁
730,43,2022/02/24 12:00:00,2050/01/01 4:59:59,320369,50,宝石,进行1160次\n协助卡上限解锁
730,43,2022/02/24 12:00:00,2050/01/01 4:59:59,320370,50,宝石,进行1180次\n协助卡上限解锁
730,43,2022/02/24 12:00:00,2050/01/01 4:59:59,320371,50,宝石,进行1200次\n协助卡上限解锁
730,43,2023/06/19 12:00:00,2050/01/01 4:59:59,320372,50,宝石,进行1220次\n协助卡上限解锁
730,43,2023/06/19 12:00:00,2050/01/01 4:59:59,320373,50,宝石,进行1240次\n协助卡上限解锁
730,43,2023/06/19 12:00:00,2050/01/01 4:59:59,320374,50,宝石,进行1260次\n协助卡上限解锁
730,43,2023/06/19 12:00:00,2050/01/01 4:59:59,320375,50,宝石,进行1280次\n协助卡上限解锁
730,43,2023/06/19 12:00:00,2050/01/01 4:59:59,320376,50,宝石,进行1300次\n协助卡上限解锁
730,43,2023/06/19 12:00:00,2050/01/01 4:59:59,320377,50,宝石,进行1320次\n协助卡上限解锁
730,43,2023/06/19 12:00:00,2050/01/01 4:59:59,320378,50,宝石,进行1340次\n协助卡上限解锁
730,43,2023/06/19 12:00:00,2050/01/01 4:59:59,320379,50,宝石,进行1360次\n协助卡上限解锁
730,43,2023/06/19 12:00:00,2050/01/01 4:59:59,320380,50,宝石,进行1380次\n协助卡上限解锁
730,43,2023/06/19 12:00:00,2050/01/01 4:59:59,320381,50,宝石,进行1400次\n协助卡上限解锁
730,43,2023/06/19 12:00:00,2050/01/01 4:59:59,320382,50,宝石,进行1420次\n协助卡上限解锁
730,43,2023/06/19 12:00:00,2050/01/01 4:59:59,320383,50,宝石,进行1440次\n协助卡上限解锁
730,43,2023/06/19 12:00:00,2050/01/01 4:59:59,320384,50,宝石,进行1460次\n协助卡上限解锁
730,43,2023/06/19 12:00:00,2050/01/01 4:59:59,320385,50,宝石,进行1480次\n协助卡上限解锁
730,43,2023/06/19 12:00:00,2050/01/01 4:59:59,320386,50,宝石,进行1500次\n协助卡上限解锁
730,43,2023/06/19 12:00:00,2050/01/01 4:59:59,320387,50,宝石,进行1520次\n协助卡上限解锁
730,43,2023/06/19 12:00:00,2050/01/01 4:59:59,320388,50,宝石,进行1540次\n协助卡上限解锁
730,43,2023/06/19 12:00:00,2050/01/01 4:59:59,320389,50,宝石,进行1560次\n协助卡上限解锁
730,43,2023/06/19 12:00:00,2050/01/01 4:59:59,320390,50,宝石,进行1580次\n协助卡上限解锁
730,43,2023/06/19 12:00:00,2050/01/01 4:59:59,320391,50,宝石,进行1600次\n协助卡上限解锁
730,43,2023/06/19 12:00:00,2050/01/01 4:59:59,320392,50,宝石,进行1620次\n协助卡上限解锁
730,43,2023/06/19 12:00:00,2050/01/01 4:59:59,320393,50,宝石,进行1640次\n协助卡上限解锁
730,43,2023/06/19 12:00:00,2050/01/01 4:59:59,320394,50,宝石,进行1660次\n协助卡上限解锁
730,43,2023/06/19 12:00:00,2050/01/01 4:59:59,320395,50,宝石,进行1680次\n协助卡上限解锁
730,43,2023/06/19 12:00:00,2050/01/01 4:59:59,320396,50,宝石,进行1700次\n协助卡上限解锁
730,43,2023/06/19 12:00:00,2050/01/01 4:59:59,320397,50,宝石,进行1720次\n协助卡上限解锁
730,43,2023/06/19 12:00:00,2050/01/01 4:59:59,320398,50,宝石,进行1740次\n协助卡上限解锁
730,43,2023/06/19 12:00:00,2050/01/01 4:59:59,320399,50,宝石,进行1760次\n协助卡上限解锁
730,43,2023/06/19 12:00:00,2050/01/01 4:59:59,320400,50,宝石,进行1780次\n协助卡上限解锁
730,43,2023/06/19 12:00:00,2050/01/01 4:59:59,320401,50,宝石,进行1800次\n协助卡上限解锁
730,43,2023/06/19 12:00:00,2050/01/01 4:59:59,320402,50,宝石,进行1820次\n协助卡上限解锁
730,43,2023/06/19 12:00:00,2050/01/01 4:59:59,320403,50,宝石,进行1840次\n协助卡上限解锁
730,43,2023/06/19 12:00:00,2050/01/01 4:59:59,320404,50,宝石,进行1860次\n协助卡上限解锁
730,43,2023/06/19 12:00:00,2050/01/01 4:59:59,320405,50,宝石,进行1880次\n协助卡上限解锁
730,43,2023/06/19 12:00:00,2050/01/01 4:59:59,320406,50,宝石,进行1900次\n协助卡上限解锁
730,43,2023/06/19 12:00:00,2050/01/01 4:59:59,320407,50,宝石,进行1920次\n协助卡上限解锁
730,43,2023/06/19 12:00:00,2050/01/01 4:59:59,320408,50,宝石,进行1940次\n协助卡上限解锁
730,43,2023/06/19 12:00:00,2050/01/01 4:59:59,320409,50,宝石,进行1960次\n协助卡上限解锁
730,43,2023/06/19 12:00:00,2050/01/01 4:59:59,320410,50,宝石,进行1980次\n协助卡上限解锁
730,43,2023/06/19 12:00:00,2050/01/01 4:59:59,320411,50,宝石,进行2000次\n协助卡上限解锁
730,43,2025/08/14 12:00:00,2050/01/01 4:59:59,320412,50,宝石,サポートカードを\n2020回性能解放しよう
730,43,2025/08/14 12:00:00,2050/01/01 4:59:59,320413,50,宝石,サポートカードを\n2040回性能解放しよう
730,43,2025/08/14 12:00:00,2050/01/01 4:59:59,320414,50,宝石,サポートカードを\n2060回性能解放しよう
730,43,2025/08/14 12:00:00,2050/01/01 4:59:59,320415,50,宝石,サポートカードを\n2080回性能解放しよう
730,43,2025/08/14 12:00:00,2050/01/01 4:59:59,320416,50,宝石,サポートカードを\n2100回性能解放しよう
730,43,2025/08/14 12:00:00,2050/01/01 4:59:59,320417,50,宝石,サポートカードを\n2120回性能解放しよう
730,43,2025/08/14 12:00:00,2050/01/01 4:59:59,320418,50,宝石,サポートカードを\n2140回性能解放しよう
730,43,2025/08/14 12:00:00,2050/01/01 4:59:59,320419,50,宝石,サポートカードを\n2160回性能解放しよう
730,43,2025/08/14 12:00:00,2050/01/01 4:59:59,320420,50,宝石,サポートカードを\n2180回性能解放しよう
730,43,2025/08/14 12:00:00,2050/01/01 4:59:59,320421,50,宝石,サポートカードを\n2200回性能解放しよう
730,43,2025/08/14 12:00:00,2050/01/01 4:59:59,320422,50,宝石,サポートカードを\n2220回性能解放しよう
730,43,2025/08/14 12:00:00,2050/01/01 4:59:59,320423,50,宝石,サポートカードを\n2240回性能解放しよう
730,43,2025/08/14 12:00:00,2050/01/01 4:59:59,320424,50,宝石,サポートカードを\n2260回性能解放しよう
730,43,2025/08/14 12:00:00,2050/01/01 4:59:59,320425,50,宝石,サポートカードを\n2280回性能解放しよう
730,43,2025/08/14 12:00:00,2050/01/01 4:59:59,320426,50,宝石,サポートカードを\n2300回性能解放しよう
730,43,2025/08/14 12:00:00,2050/01/01 4:59:59,320427,50,宝石,サポートカードを\n2320回性能解放しよう
730,43,2025/08/14 12:00:00,2050/01/01 4:59:59,320428,50,宝石,サポートカードを\n2340回性能解放しよう
730,43,2025/08/14 12:00:00,2050/01/01 4:59:59,320429,50,宝石,サポートカードを\n2360回性能解放しよう
730,43,2025/08/14 12:00:00,2050/01/01 4:59:59,320430,50,宝石,サポートカードを\n2380回性能解放しよう
730,43,2025/08/14 12:00:00,2050/01/01 4:59:59,320431,50,宝石,サポートカードを\n2400回性能解放しよう
730,43,2025/08/14 12:00:00,2050/01/01 4:59:59,320432,50,宝石,サポートカードを\n2420回性能解放しよう
730,43,2025/08/14 12:00:00,2050/01/01 4:59:59,320433,50,宝石,サポートカードを\n2440回性能解放しよう
730,43,2025/08/14 12:00:00,2050/01/01 4:59:59,320434,50,宝石,サポートカードを\n2460回性能解放しよう
730,43,2025/08/14 12:00:00,2050/01/01 4:59:59,320435,50,宝石,サポートカードを\n2480回性能解放しよう
730,43,2025/08/14 12:00:00,2050/01/01 4:59:59,320436,50,宝石,サポートカードを\n2500回性能解放しよう
730,43,2025/08/14 12:00:00,2050/01/01 4:59:59,320437,50,宝石,サポートカードを\n2520回性能解放しよう
730,43,2025/08/14 12:00:00,2050/01/01 4:59:59,320438,50,宝石,サポートカードを\n2540回性能解放しよう
730,43,2025/08/14 12:00:00,2050/01/01 4:59:59,320439,50,宝石,サポートカードを\n2560回性能解放しよう
730,43,2025/08/14 12:00:00,2050/01/01 4:59:59,320440,50,宝石,サポートカードを\n2580回性能解放しよう
730,43,2025/08/14 12:00:00,2050/01/01 4:59:59,320441,50,宝石,サポートカードを\n2600回性能解放しよう
730,43,2025/08/14 12:00:00,2050/01/01 4:59:59,320442,50,宝石,サポートカードを\n2620回性能解放しよう
730,43,2025/08/14 12:00:00,2050/01/01 4:59:59,320443,50,宝石,サポートカードを\n2640回性能解放しよう
730,43,2025/08/14 12:00:00,2050/01/01 4:59:59,320444,50,宝石,サポートカードを\n2660回性能解放しよう
730,43,2025/08/14 12:00:00,2050/01/01 4:59:59,320445,50,宝石,サポートカードを\n2680回性能解放しよう
730,43,2025/08/14 12:00:00,2050/01/01 4:59:59,320446,50,宝石,サポートカードを\n2700回性能解放しよう
730,43,2025/08/14 12:00:00,2050/01/01 4:59:59,320447,50,宝石,サポートカードを\n2720回性能解放しよう
730,43,2025/08/14 12:00:00,2050/01/01 4:59:59,320448,50,宝石,サポートカードを\n2740回性能解放しよう
730,43,2025/08/14 12:00:00,2050/01/01 4:59:59,320449,50,宝石,サポートカードを\n2760回性能解放しよう
730,43,2025/08/14 12:00:00,2050/01/01 4:59:59,320450,50,宝石,サポートカードを\n2780回性能解放しよう
730,43,2025/08/14 12:00:00,2050/01/01 4:59:59,320451,50,宝石,サポートカードを\n2800回性能解放しよう
730,43,2025/08/14 12:00:00,2050/01/01 4:59:59,320452,50,宝石,サポートカードを\n2820回性能解放しよう
730,43,2025/08/14 12:00:00,2050/01/01 4:59:59,320453,50,宝石,サポートカードを\n2840回性能解放しよう
730,43,2025/08/14 12:00:00,2050/01/01 4:59:59,320454,50,宝石,サポートカードを\n2860回性能解放しよう
730,43,2025/08/14 12:00:00,2050/01/01 4:59:59,320455,50,宝石,サポートカードを\n2880回性能解放しよう
730,43,2025/08/14 12:00:00,2050/01/01 4:59:59,320456,50,宝石,サポートカードを\n2900回性能解放しよう
730,43,2025/08/14 12:00:00,2050/01/01 4:59:59,320457,50,宝石,サポートカードを\n2920回性能解放しよう
730,43,2025/08/14 12:00:00,2050/01/01 4:59:59,320458,50,宝石,サポートカードを\n2940回性能解放しよう
730,43,2025/08/14 12:00:00,2050/01/01 4:59:59,320459,50,宝石,サポートカードを\n2960回性能解放しよう
730,43,2025/08/14 12:00:00,2050/01/01 4:59:59,320460,50,宝石,サポートカードを\n2980回性能解放しよう
730,43,2025/08/14 12:00:00,2050/01/01 4:59:59,320461,50,宝石,サポートカードを\n3000回性能解放しよう
730,43,2025/08/14 12:00:00,2050/01/01 4:59:59,320462,50,宝石,サポートカードを\n3020回性能解放しよう
730,43,2025/08/14 12:00:00,2050/01/01 4:59:59,320463,50,宝石,サポートカードを\n3040回性能解放しよう
730,43,2025/08/14 12:00:00,2050/01/01 4:59:59,320464,50,宝石,サポートカードを\n3060回性能解放しよう
730,43,2025/08/14 12:00:00,2050/01/01 4:59:59,320465,50,宝石,サポートカードを\n3080回性能解放しよう
730,43,2025/08/14 12:00:00,2050/01/01 4:59:59,320466,50,宝石,サポートカードを\n3100回性能解放しよう
730,43,2025/08/14 12:00:00,2050/01/01 4:59:59,320467,50,宝石,サポートカードを\n3120回性能解放しよう
730,43,2025/08/14 12:00:00,2050/01/01 4:59:59,320468,50,宝石,サポートカードを\n3140回性能解放しよう
730,43,2025/08/14 12:00:00,2050/01/01 4:59:59,320469,50,宝石,サポートカードを\n3160回性能解放しよう
730,43,2025/08/14 12:00:00,2050/01/01 4:59:59,320470,50,宝石,サポートカードを\n3180回性能解放しよう
730,43,2025/08/14 12:00:00,2050/01/01 4:59:59,320471,50,宝石,サポートカードを\n3200回性能解放しよう
1200,43,2017/07/01 1:00:00,2050/01/01 4:59:59,321000,50,宝石,通过才能开花将\n1位养成优俊少女提升至5★
1200,43,2017/07/01 1:00:00,2050/01/01 4:59:59,321001,50,宝石,通过才能开花将\n2位养成优俊少女提升至5★
1200,43,2017/07/01 1:00:00,2050/01/01 4:59:59,321002,50,宝石,通过才能开花将\n3位养成优俊少女提升至5★
1200,43,2017/07/01 1:00:00,2050/01/01 4:59:59,321003,50,宝石,通过才能开花将\n4位养成优俊少女提升至5★
1200,43,2017/07/01 1:00:00,2050/01/01 4:59:59,321004,50,宝石,通过才能开花将\n5位养成优俊少女提升至5★
1200,43,2017/07/01 1:00:00,2050/01/01 4:59:59,321005,50,宝石,通过才能开花将\n6位养成优俊少女提升至5★
1200,43,2017/07/01 1:00:00,2050/01/01 4:59:59,321006,50,宝石,通过才能开花将\n7位养成优俊少女提升至5★
1200,43,2017/07/01 1:00:00,2050/01/01 4:59:59,321007,50,宝石,通过才能开花将\n8位养成优俊少女提升至5★
1200,43,2017/07/01 1:00:00,2050/01/01 4:59:59,321008,50,宝石,通过才能开花将\n9位养成优俊少女提升至5★
1200,43,2017/07/01 1:00:00,2050/01/01 4:59:59,321009,50,宝石,通过才能开花将\n10位养成优俊少女提升至5★
1200,43,2017/07/01 1:00:00,2050/01/01 4:59:59,321010,50,宝石,通过才能开花将\n11位养成优俊少女提升至5★
1200,43,2017/07/01 1:00:00,2050/01/01 4:59:59,321011,50,宝石,通过才能开花将\n12位养成优俊少女提升至5★
1200,43,2017/07/01 1:00:00,2050/01/01 4:59:59,321012,50,宝石,通过才能开花将\n13位养成优俊少女提升至5★
1200,43,2017/07/01 1:00:00,2050/01/01 4:59:59,321013,50,宝石,通过才能开花将\n14位养成优俊少女提升至5★
1200,43,2017/07/01 1:00:00,2050/01/01 4:59:59,321014,50,宝石,通过才能开花将\n15位养成优俊少女提升至5★
1200,43,2017/07/01 1:00:00,2050/01/01 4:59:59,321015,50,宝石,通过才能开花将\n16位养成优俊少女提升至5★
1200,43,2017/07/01 1:00:00,2050/01/01 4:59:59,321016,50,宝石,通过才能开花将\n17位养成优俊少女提升至5★
1200,43,2017/07/01 1:00:00,2050/01/01 4:59:59,321017,50,宝石,通过才能开花将\n18位养成优俊少女提升至5★
1200,43,2017/07/01 1:00:00,2050/01/01 4:59:59,321018,50,宝石,通过才能开花将\n19位养成优俊少女提升至5★
1200,43,2017/07/01 1:00:00,2050/01/01 4:59:59,321019,50,宝石,通过才能开花将\n20位养成优俊少女提升至5★
1200,43,2017/07/01 1:00:00,2050/01/01 4:59:59,321020,50,宝石,通过才能开花将\n21位养成优俊少女提升至5★
1200,43,2017/07/01 1:00:00,2050/01/01 4:59:59,321021,50,宝石,通过才能开花将\n22位养成优俊少女提升至5★
1200,43,2017/07/01 1:00:00,2050/01/01 4:59:59,321022,50,宝石,通过才能开花将\n23位养成优俊少女提升至5★
1200,43,2017/07/01 1:00:00,2050/01/01 4:59:59,321023,50,宝石,通过才能开花将\n24位养成优俊少女提升至5★
1200,43,2017/07/01 1:00:00,2050/01/01 4:59:59,321024,50,宝石,通过才能开花将\n25位养成优俊少女提升至5★
1200,43,2017/07/01 1:00:00,2050/01/01 4:59:59,321025,50,宝石,通过才能开花将\n26位养成优俊少女提升至5★
1200,43,2017/07/01 1:00:00,2050/01/01 4:59:59,321026,50,宝石,通过才能开花将\n27位养成优俊少女提升至5★
1200,43,2017/07/01 1:00:00,2050/01/01 4:59:59,321027,50,宝石,通过才能开花将\n28位养成优俊少女提升至5★
1200,43,2017/07/01 1:00:00,2050/01/01 4:59:59,321028,50,宝石,通过才能开花将\n29位养成优俊少女提升至5★
1200,43,2017/07/01 1:00:00,2050/01/01 4:59:59,321029,50,宝石,通过才能开花将\n30位养成优俊少女提升至5★
1200,43,2017/07/01 1:00:00,2050/01/01 4:59:59,321030,50,宝石,通过才能开花将\n32位养成优俊少女提升至5★
1200,43,2017/07/01 1:00:00,2050/01/01 4:59:59,321031,50,宝石,通过才能开花将\n34位养成优俊少女提升至5★
1200,43,2017/07/01 1:00:00,2050/01/01 4:59:59,321032,50,宝石,通过才能开花将\n36位养成优俊少女提升至5★
1200,43,2017/07/01 1:00:00,2050/01/01 4:59:59,321033,50,宝石,通过才能开花将\n38位养成优俊少女提升至5★
1200,43,2017/07/01 1:00:00,2050/01/01 4:59:59,321034,50,宝石,通过才能开花将\n40位养成优俊少女提升至5★
1200,43,2017/07/01 1:00:00,2050/01/01 4:59:59,321035,50,宝石,通过才能开花将\n42位养成优俊少女提升至5★
1200,43,2017/07/01 1:00:00,2050/01/01 4:59:59,321036,50,宝石,通过才能开花将\n44位养成优俊少女提升至5★
1200,43,2017/07/01 1:00:00,2050/01/01 4:59:59,321037,50,宝石,通过才能开花将\n46位养成优俊少女提升至5★
1200,43,2017/07/01 1:00:00,2050/01/01 4:59:59,321038,50,宝石,通过才能开花将\n48位养成优俊少女提升至5★
1200,43,2017/07/01 1:00:00,2050/01/01 4:59:59,321039,50,宝石,通过才能开花将\n50位养成优俊少女提升至5★
1200,43,2017/07/01 1:00:00,2050/01/01 4:59:59,321040,50,宝石,通过才能开花将\n52位养成优俊少女提升至5★
1200,43,2017/07/01 1:00:00,2050/01/01 4:59:59,321041,50,宝石,通过才能开花将\n54位养成优俊少女提升至5★
1200,43,2017/07/01 1:00:00,2050/01/01 4:59:59,321042,50,宝石,通过才能开花将\n56位养成优俊少女提升至5★
1200,43,2017/07/01 1:00:00,2050/01/01 4:59:59,321043,50,宝石,通过才能开花将\n58位养成优俊少女提升至5★
1200,43,2017/07/01 1:00:00,2050/01/01 4:59:59,321044,50,宝石,通过才能开花将\n60位养成优俊少女提升至5★
1200,43,2017/07/01 1:00:00,2050/01/01 4:59:59,321045,50,宝石,通过才能开花将\n62位养成优俊少女提升至5★
1200,43,2017/07/01 1:00:00,2050/01/01 4:59:59,321046,50,宝石,通过才能开花将\n64位养成优俊少女提升至5★
1200,43,2017/07/01 1:00:00,2050/01/01 4:59:59,321047,50,宝石,通过才能开花将\n66位养成优俊少女提升至5★
1200,43,2017/07/01 1:00:00,2050/01/01 4:59:59,321048,50,宝石,通过才能开花将\n68位养成优俊少女提升至5★
1200,43,2017/07/01 1:00:00,2050/01/01 4:59:59,321049,50,宝石,通过才能开花将\n70位养成优俊少女提升至5★
1200,43,2017/07/01 1:00:00,2050/01/01 4:59:59,321050,50,宝石,通过才能开花将\n72位养成优俊少女提升至5★
1200,43,2017/07/01 1:00:00,2050/01/01 4:59:59,321051,50,宝石,通过才能开花将\n74位养成优俊少女提升至5★
1200,43,2017/07/01 1:00:00,2050/01/01 4:59:59,321052,50,宝石,通过才能开花将\n76位养成优俊少女提升至5★
1200,43,2017/07/01 1:00:00,2050/01/01 4:59:59,321053,50,宝石,通过才能开花将\n78位养成优俊少女提升至5★
1200,43,2017/07/01 1:00:00,2050/01/01 4:59:59,321054,50,宝石,通过才能开花将\n80位养成优俊少女提升至5★
1200,43,2017/07/01 1:00:00,2050/01/01 4:59:59,321055,50,宝石,通过才能开花将\n82位养成优俊少女提升至5★
1200,43,2017/07/01 1:00:00,2050/01/01 4:59:59,321056,50,宝石,通过才能开花将\n84位养成优俊少女提升至5★
1200,43,2017/07/01 1:00:00,2050/01/01 4:59:59,321057,50,宝石,通过才能开花将\n86位养成优俊少女提升至5★
1200,43,2017/07/01 1:00:00,2050/01/01 4:59:59,321058,50,宝石,通过才能开花将\n88位养成优俊少女提升至5★
1200,43,2017/07/01 1:00:00,2050/01/01 4:59:59,321059,50,宝石,通过才能开花将\n90位养成优俊少女提升至5★
1200,43,2017/07/01 1:00:00,2050/01/01 4:59:59,321060,50,宝石,通过才能开花将\n92位养成优俊少女提升至5★
1200,43,2017/07/01 1:00:00,2050/01/01 4:59:59,321061,50,宝石,通过才能开花将\n94位养成优俊少女提升至5★
1200,43,2017/07/01 1:00:00,2050/01/01 4:59:59,321062,50,宝石,通过才能开花将\n96位养成优俊少女提升至5★
1200,43,2017/07/01 1:00:00,2050/01/01 4:59:59,321063,50,宝石,通过才能开花将\n98位养成优俊少女提升至5★
1200,43,2017/07/01 1:00:00,2050/01/01 4:59:59,321064,50,宝石,通过才能开花将\n100位养成优俊少女提升至5★
1200,43,2017/07/01 1:00:00,2050/01/01 4:59:59,321065,50,宝石,通过才能开花将\n102位养成优俊少女提升至5★
1200,43,2017/07/01 1:00:00,2050/01/01 4:59:59,321066,50,宝石,通过才能开花将\n104位养成优俊少女提升至5★
1200,43,2017/07/01 1:00:00,2050/01/01 4:59:59,321067,50,宝石,通过才能开花将\n106位养成优俊少女提升至5★
1200,43,2017/07/01 1:00:00,2050/01/01 4:59:59,321068,50,宝石,通过才能开花将\n108位养成优俊少女提升至5★
1200,43,2017/07/01 1:00:00,2050/01/01 4:59:59,321069,50,宝石,通过才能开花将\n110位养成优俊少女提升至5★
1200,43,2017/07/01 1:00:00,2050/01/01 4:59:59,321070,50,宝石,通过才能开花将\n112位养成优俊少女提升至5★
1200,43,2017/07/01 1:00:00,2050/01/01 4:59:59,321071,50,宝石,通过才能开花将\n114位养成优俊少女提升至5★
1200,43,2017/07/01 1:00:00,2050/01/01 4:59:59,321072,50,宝石,通过才能开花将\n116位养成优俊少女提升至5★
1200,43,2017/07/01 1:00:00,2050/01/01 4:59:59,321073,50,宝石,通过才能开花将\n118位养成优俊少女提升至5★
1200,43,2017/07/01 1:00:00,2050/01/01 4:59:59,321074,50,宝石,通过才能开花将\n120位养成优俊少女提升至5★
1200,43,2017/07/01 1:00:00,2050/01/01 4:59:59,321075,50,宝石,通过才能开花将\n122位养成优俊少女提升至5★
1200,43,2017/07/01 1:00:00,2050/01/01 4:59:59,321076,50,宝石,通过才能开花将\n124位养成优俊少女提升至5★
1200,43,2017/07/01 1:00:00,2050/01/01 4:59:59,321077,50,宝石,通过才能开花将\n126位养成优俊少女提升至5★
1200,43,2017/07/01 1:00:00,2050/01/01 4:59:59,321078,50,宝石,通过才能开花将\n128位养成优俊少女提升至5★
1200,43,2017/07/01 1:00:00,2050/01/01 4:59:59,321079,50,宝石,通过才能开花将\n130位养成优俊少女提升至5★
1200,43,2017/07/01 1:00:00,2050/01/01 4:59:59,321080,50,宝石,通过才能开花将\n132位养成优俊少女提升至5★
1200,43,2017/07/01 1:00:00,2050/01/01 4:59:59,321081,50,宝石,通过才能开花将\n134位养成优俊少女提升至5★
1200,43,2017/07/01 1:00:00,2050/01/01 4:59:59,321082,50,宝石,通过才能开花将\n136位养成优俊少女提升至5★
1200,43,2017/07/01 1:00:00,2050/01/01 4:59:59,321083,50,宝石,通过才能开花将\n138位养成优俊少女提升至5★
1200,43,2017/07/01 1:00:00,2050/01/01 4:59:59,321084,50,宝石,通过才能开花将\n140位养成优俊少女提升至5★
1200,43,2017/07/01 1:00:00,2050/01/01 4:59:59,321085,50,宝石,通过才能开花将\n142位养成优俊少女提升至5★
1200,43,2017/07/01 1:00:00,2050/01/01 4:59:59,321086,50,宝石,通过才能开花将\n144位养成优俊少女提升至5★
1200,43,2017/07/01 1:00:00,2050/01/01 4:59:59,321087,50,宝石,通过才能开花将\n146位养成优俊少女提升至5★
1200,43,2017/07/01 1:00:00,2050/01/01 4:59:59,321088,50,宝石,通过才能开花将\n148位养成优俊少女提升至5★
1200,43,2017/07/01 1:00:00,2050/01/01 4:59:59,321089,50,宝石,通过才能开花将\n150位养成优俊少女提升至5★
1200,43,2017/07/01 1:00:00,2050/01/01 4:59:59,321090,50,宝石,通过才能开花将\n152位养成优俊少女提升至5★
1200,43,2017/07/01 1:00:00,2050/01/01 4:59:59,321091,50,宝石,通过才能开花将\n154位养成优俊少女提升至5★
1200,43,2017/07/01 1:00:00,2050/01/01 4:59:59,321092,50,宝石,通过才能开花将\n156位养成优俊少女提升至5★
1200,43,2017/07/01 1:00:00,2050/01/01 4:59:59,321093,50,宝石,通过才能开花将\n158位养成优俊少女提升至5★
1200,43,2017/07/01 1:00:00,2050/01/01 4:59:59,321094,50,宝石,通过才能开花将\n160位养成优俊少女提升至5★
1200,43,2017/07/01 1:00:00,2050/01/01 4:59:59,321095,50,宝石,通过才能开花将\n162位养成优俊少女提升至5★
1200,43,2017/07/01 1:00:00,2050/01/01 4:59:59,321096,50,宝石,通过才能开花将\n164位养成优俊少女提升至5★
1200,43,2017/07/01 1:00:00,2050/01/01 4:59:59,321097,50,宝石,通过才能开花将\n166位养成优俊少女提升至5★
1200,43,2017/07/01 1:00:00,2050/01/01 4:59:59,321098,50,宝石,通过才能开花将\n168位养成优俊少女提升至5★
1200,43,2017/07/01 1:00:00,2050/01/01 4:59:59,321099,50,宝石,通过才能开花将\n170位养成优俊少女提升至5★
1200,43,2017/07/01 1:00:00,2050/01/01 4:59:59,321100,50,宝石,通过才能开花将\n172位养成优俊少女提升至5★
1200,43,2017/07/01 1:00:00,2050/01/01 4:59:59,321101,50,宝石,通过才能开花将\n174位养成优俊少女提升至5★
1200,43,2017/07/01 1:00:00,2050/01/01 4:59:59,321102,50,宝石,通过才能开花将\n176位养成优俊少女提升至5★
1200,43,2017/07/01 1:00:00,2050/01/01 4:59:59,321103,50,宝石,通过才能开花将\n178位养成优俊少女提升至5★
1200,43,2017/07/01 1:00:00,2050/01/01 4:59:59,321104,50,宝石,通过才能开花将\n180位养成优俊少女提升至5★
1200,43,2017/07/01 1:00:00,2050/01/01 4:59:59,321105,50,宝石,通过才能开花将\n182位养成优俊少女提升至5★
1200,43,2017/07/01 1:00:00,2050/01/01 4:59:59,321106,50,宝石,通过才能开花将\n184位养成优俊少女提升至5★
1200,43,2017/07/01 1:00:00,2050/01/01 4:59:59,321107,50,宝石,通过才能开花将\n186位养成优俊少女提升至5★
1200,43,2017/07/01 1:00:00,2050/01/01 4:59:59,321108,50,宝石,通过才能开花将\n188位养成优俊少女提升至5★
1200,43,2017/07/01 1:00:00,2050/01/01 4:59:59,321109,50,宝石,通过才能开花将\n190位养成优俊少女提升至5★
1200,43,2017/07/01 1:00:00,2050/01/01 4:59:59,321110,50,宝石,通过才能开花将\n192位养成优俊少女提升至5★
1200,43,2017/07/01 1:00:00,2050/01/01 4:59:59,321111,50,宝石,通过才能开花将\n194位养成优俊少女提升至5★
1200,43,2017/07/01 1:00:00,2050/01/01 4:59:59,321112,50,宝石,通过才能开花将\n196位养成优俊少女提升至5★
1200,43,2017/07/01 1:00:00,2050/01/01 4:59:59,321113,50,宝石,通过才能开花将\n198位养成优俊少女提升至5★
1200,43,2017/07/01 1:00:00,2050/01/01 4:59:59,321114,50,宝石,通过才能开花将\n200位养成优俊少女提升至5★
1200,43,2017/07/01 1:00:00,2050/01/01 4:59:59,321115,50,宝石,通过才能开花将\n202位养成优俊少女提升至5★
1200,43,2017/07/01 1:00:00,2050/01/01 4:59:59,321116,50,宝石,通过才能开花将\n204位养成优俊少女提升至5★
1200,43,2017/07/01 1:00:00,2050/01/01 4:59:59,321117,50,宝石,通过才能开花将\n206位养成优俊少女提升至5★
1200,43,2017/07/01 1:00:00,2050/01/01 4:59:59,321118,50,宝石,通过才能开花将\n208位养成优俊少女提升至5★
1200,43,2017/07/01 1:00:00,2050/01/01 4:59:59,321119,50,宝石,通过才能开花将\n210位养成优俊少女提升至5★
1200,43,2017/07/01 1:00:00,2050/01/01 4:59:59,321120,50,宝石,通过才能开花将\n212位养成优俊少女提升至5★
1200,43,2017/07/01 1:00:00,2050/01/01 4:59:59,321121,50,宝石,通过才能开花将\n214位养成优俊少女提升至5★
1200,43,2017/07/01 1:00:00,2050/01/01 4:59:59,321122,50,宝石,通过才能开花将\n216位养成优俊少女提升至5★
1200,43,2017/07/01 1:00:00,2050/01/01 4:59:59,321123,50,宝石,通过才能开花将\n218位养成优俊少女提升至5★
1200,43,2017/07/01 1:00:00,2050/01/01 4:59:59,321124,50,宝石,通过才能开花将\n220位养成优俊少女提升至5★
1200,43,2017/07/01 1:00:00,2050/01/01 4:59:59,321125,50,宝石,通过才能开花将\n222位养成优俊少女提升至5★
1200,43,2017/07/01 1:00:00,2050/01/01 4:59:59,321126,50,宝石,通过才能开花将\n224位养成优俊少女提升至5★
1200,43,2017/07/01 1:00:00,2050/01/01 4:59:59,321127,50,宝石,通过才能开花将\n226位养成优俊少女提升至5★
1200,43,2017/07/01 1:00:00,2050/01/01 4:59:59,321128,50,宝石,通过才能开花将\n228位养成优俊少女提升至5★
1200,43,2017/07/01 1:00:00,2050/01/01 4:59:59,321129,50,宝石,通过才能开花将\n230位养成优俊少女提升至5★
1200,43,2017/07/01 1:00:00,2050/01/01 4:59:59,321130,50,宝石,通过才能开花将\n232位养成优俊少女提升至5★
1200,43,2017/07/01 1:00:00,2050/01/01 4:59:59,321131,50,宝石,通过才能开花将\n234位养成优俊少女提升至5★
1200,43,2017/07/01 1:00:00,2050/01/01 4:59:59,321132,50,宝石,通过才能开花将\n236位养成优俊少女提升至5★
1200,43,2017/07/01 1:00:00,2050/01/01 4:59:59,321133,50,宝石,通过才能开花将\n238位养成优俊少女提升至5★
1200,43,2017/07/01 1:00:00,2050/01/01 4:59:59,321134,50,宝石,通过才能开花将\n240位养成优俊少女提升至5★
1200,43,2017/07/01 1:00:00,2050/01/01 4:59:59,321135,50,宝石,通过才能开花将\n242位养成优俊少女提升至5★
1200,43,2017/07/01 1:00:00,2050/01/01 4:59:59,321136,50,宝石,通过才能开花将\n244位养成优俊少女提升至5★
1200,43,2017/07/01 1:00:00,2050/01/01 4:59:59,321137,50,宝石,通过才能开花将\n246位养成优俊少女提升至5★
1200,43,2017/07/01 1:00:00,2050/01/01 4:59:59,321138,50,宝石,通过才能开花将\n248位养成优俊少女提升至5★
1200,43,2017/07/01 1:00:00,2050/01/01 4:59:59,321139,50,宝石,通过才能开花将\n250位养成优俊少女提升至5★
1200,43,2017/07/01 1:00:00,2050/01/01 4:59:59,321140,50,宝石,通过才能开花将\n252位养成优俊少女提升至5★
1200,43,2017/07/01 1:00:00,2050/01/01 4:59:59,321141,50,宝石,通过才能开花将\n254位养成优俊少女提升至5★
1200,43,2017/07/01 1:00:00,2050/01/01 4:59:59,321142,50,宝石,通过才能开花将\n256位养成优俊少女提升至5★
1200,43,2017/07/01 1:00:00,2050/01/01 4:59:59,321143,50,宝石,通过才能开花将\n258位养成优俊少女提升至5★
1200,43,2017/07/01 1:00:00,2050/01/01 4:59:59,321144,50,宝石,通过才能开花将\n260位养成优俊少女提升至5★
1200,43,2017/07/01 1:00:00,2050/01/01 4:59:59,321145,50,宝石,通过才能开花将\n262位养成优俊少女提升至5★
1200,43,2017/07/01 1:00:00,2050/01/01 4:59:59,321146,50,宝石,通过才能开花将\n264位养成优俊少女提升至5★
1200,43,2017/07/01 1:00:00,2050/01/01 4:59:59,321147,50,宝石,通过才能开花将\n266位养成优俊少女提升至5★
1200,43,2017/07/01 1:00:00,2050/01/01 4:59:59,321148,50,宝石,通过才能开花将\n268位养成优俊少女提升至5★
1200,43,2017/07/01 1:00:00,2050/01/01 4:59:59,321149,50,宝石,通过才能开花将\n270位养成优俊少女提升至5★
1200,43,2017/07/01 1:00:00,2050/01/01 4:59:59,321150,50,宝石,通过才能开花将\n272位养成优俊少女提升至5★
1200,43,2017/07/01 1:00:00,2050/01/01 4:59:59,321151,50,宝石,通过才能开花将\n274位养成优俊少女提升至5★
1200,43,2017/07/01 1:00:00,2050/01/01 4:59:59,321152,50,宝石,通过才能开花将\n276位养成优俊少女提升至5★
1200,43,2017/07/01 1:00:00,2050/01/01 4:59:59,321153,50,宝石,通过才能开花将\n278位养成优俊少女提升至5★
1200,43,2017/07/01 1:00:00,2050/01/01 4:59:59,321154,50,宝石,通过才能开花将\n280位养成优俊少女提升至5★
1200,43,2017/07/01 1:00:00,2050/01/01 4:59:59,321155,50,宝石,通过才能开花将\n282位养成优俊少女提升至5★
1200,43,2017/07/01 1:00:00,2050/01/01 4:59:59,321156,50,宝石,通过才能开花将\n284位养成优俊少女提升至5★
1200,43,2017/07/01 1:00:00,2050/01/01 4:59:59,321157,50,宝石,通过才能开花将\n286位养成优俊少女提升至5★
1200,43,2017/07/01 1:00:00,2050/01/01 4:59:59,321158,50,宝石,通过才能开花将\n288位养成优俊少女提升至5★
1200,43,2017/07/01 1:00:00,2050/01/01 4:59:59,321159,50,宝石,通过才能开花将\n290位养成优俊少女提升至5★
1200,43,2017/07/01 1:00:00,2050/01/01 4:59:59,321160,50,宝石,通过才能开花将\n292位养成优俊少女提升至5★
1200,43,2017/07/01 1:00:00,2050/01/01 4:59:59,321161,50,宝石,通过才能开花将\n294位养成优俊少女提升至5★
1200,43,2017/07/01 1:00:00,2050/01/01 4:59:59,321162,50,宝石,通过才能开花将\n296位养成优俊少女提升至5★
1200,43,2017/07/01 1:00:00,2050/01/01 4:59:59,321163,50,宝石,通过才能开花将\n298位养成优俊少女提升至5★
1200,43,2017/07/01 1:00:00,2050/01/01 4:59:59,321164,50,宝石,通过才能开花将\n300位养成优俊少女提升至5★
1200,43,2017/07/01 1:00:00,2050/01/01 4:59:59,321165,50,宝石,才能開花で\n302人の育成ウマ娘を★5にしよう
1200,43,2017/07/01 1:00:00,2050/01/01 4:59:59,321166,50,宝石,才能開花で\n304人の育成ウマ娘を★5にしよう
1200,43,2017/07/01 1:00:00,2050/01/01 4:59:59,321167,50,宝石,才能開花で\n306人の育成ウマ娘を★5にしよう
1200,43,2017/07/01 1:00:00,2050/01/01 4:59:59,321168,50,宝石,才能開花で\n308人の育成ウマ娘を★5にしよう
1200,43,2017/07/01 1:00:00,2050/01/01 4:59:59,321169,50,宝石,才能開花で\n310人の育成ウマ娘を★5にしよう
1200,43,2017/07/01 1:00:00,2050/01/01 4:59:59,321170,50,宝石,才能開花で\n312人の育成ウマ娘を★5にしよう
1200,43,2017/07/01 1:00:00,2050/01/01 4:59:59,321171,50,宝石,才能開花で\n314人の育成ウマ娘を★5にしよう
1200,43,2017/07/01 1:00:00,2050/01/01 4:59:59,321172,50,宝石,才能開花で\n316人の育成ウマ娘を★5にしよう
1200,43,2017/07/01 1:00:00,2050/01/01 4:59:59,321173,50,宝石,才能開花で\n318人の育成ウマ娘を★5にしよう
1200,43,2017/07/01 1:00:00,2050/01/01 4:59:59,321174,50,宝石,才能開花で\n320人の育成ウマ娘を★5にしよう
1200,43,2017/07/01 1:00:00,2050/01/01 4:59:59,321175,50,宝石,才能開花で\n322人の育成ウマ娘を★5にしよう
1200,43,2017/07/01 1:00:00,2050/01/01 4:59:59,321176,50,宝石,才能開花で\n324人の育成ウマ娘を★5にしよう
1200,43,2017/07/01 1:00:00,2050/01/01 4:59:59,321177,50,宝石,才能開花で\n326人の育成ウマ娘を★5にしよう
1200,43,2017/07/01 1:00:00,2050/01/01 4:59:59,321178,50,宝石,才能開花で\n328人の育成ウマ娘を★5にしよう
1200,43,2017/07/01 1:00:00,2050/01/01 4:59:59,321179,50,宝石,才能開花で\n330人の育成ウマ娘を★5にしよう
1200,43,2017/07/01 1:00:00,2050/01/01 4:59:59,321180,50,宝石,才能開花で\n332人の育成ウマ娘を★5にしよう
1200,43,2017/07/01 1:00:00,2050/01/01 4:59:59,321181,50,宝石,才能開花で\n334人の育成ウマ娘を★5にしよう
1200,43,2017/07/01 1:00:00,2050/01/01 4:59:59,321182,50,宝石,才能開花で\n336人の育成ウマ娘を★5にしよう
1200,43,2017/07/01 1:00:00,2050/01/01 4:59:59,321183,50,宝石,才能開花で\n338人の育成ウマ娘を★5にしよう
1200,43,2017/07/01 1:00:00,2050/01/01 4:59:59,321184,50,宝石,才能開花で\n340人の育成ウマ娘を★5にしよう
1200,43,2017/07/01 1:00:00,2050/01/01 4:59:59,321185,50,宝石,才能開花で\n342人の育成ウマ娘を★5にしよう
1200,43,2017/07/01 1:00:00,2050/01/01 4:59:59,321186,50,宝石,才能開花で\n344人の育成ウマ娘を★5にしよう
1200,43,2017/07/01 1:00:00,2050/01/01 4:59:59,321187,50,宝石,才能開花で\n346人の育成ウマ娘を★5にしよう
1200,43,2017/07/01 1:00:00,2050/01/01 4:59:59,321188,50,宝石,才能開花で\n348人の育成ウマ娘を★5にしよう
1200,43,2017/07/01 1:00:00,2050/01/01 4:59:59,321189,50,宝石,才能開花で\n350人の育成ウマ娘を★5にしよう
1200,43,2017/07/01 1:00:00,2050/01/01 4:59:59,321190,50,宝石,才能開花で\n352人の育成ウマ娘を★5にしよう
1200,43,2017/07/01 1:00:00,2050/01/01 4:59:59,321191,50,宝石,才能開花で\n354人の育成ウマ娘を★5にしよう
1200,43,2017/07/01 1:00:00,2050/01/01 4:59:59,321192,50,宝石,才能開花で\n356人の育成ウマ娘を★5にしよう
1200,43,2017/07/01 1:00:00,2050/01/01 4:59:59,321193,50,宝石,才能開花で\n358人の育成ウマ娘を★5にしよう
1200,43,2017/07/01 1:00:00,2050/01/01 4:59:59,321194,50,宝石,才能開花で\n360人の育成ウマ娘を★5にしよう
1200,43,2017/07/01 1:00:00,2050/01/01 4:59:59,321195,50,宝石,才能開花で\n362人の育成ウマ娘を★5にしよう
1200,43,2017/07/01 1:00:00,2050/01/01 4:59:59,321196,50,宝石,才能開花で\n364人の育成ウマ娘を★5にしよう
1200,43,2017/07/01 1:00:00,2050/01/01 4:59:59,321197,50,宝石,才能開花で\n366人の育成ウマ娘を★5にしよう
1200,43,2017/07/01 1:00:00,2050/01/01 4:59:59,321198,50,宝石,才能開花で\n368人の育成ウマ娘を★5にしよう
1200,43,2017/07/01 1:00:00,2050/01/01 4:59:59,321199,50,宝石,才能開花で\n370人の育成ウマ娘を★5にしよう
1200,43,2017/07/01 1:00:00,2050/01/01 4:59:59,321200,50,宝石,才能開花で\n372人の育成ウマ娘を★5にしよう
1200,43,2017/07/01 1:00:00,2050/01/01 4:59:59,321201,50,宝石,才能開花で\n374人の育成ウマ娘を★5にしよう
1200,43,2017/07/01 1:00:00,2050/01/01 4:59:59,321202,50,宝石,才能開花で\n376人の育成ウマ娘を★5にしよう
1200,43,2017/07/01 1:00:00,2050/01/01 4:59:59,321203,50,宝石,才能開花で\n378人の育成ウマ娘を★5にしよう
1200,43,2017/07/01 1:00:00,2050/01/01 4:59:59,321204,50,宝石,才能開花で\n380人の育成ウマ娘を★5にしよう
1200,43,2017/07/01 1:00:00,2050/01/01 4:59:59,321205,50,宝石,才能開花で\n382人の育成ウマ娘を★5にしよう
1200,43,2017/07/01 1:00:00,2050/01/01 4:59:59,321206,50,宝石,才能開花で\n384人の育成ウマ娘を★5にしよう
1200,43,2017/07/01 1:00:00,2050/01/01 4:59:59,321207,50,宝石,才能開花で\n386人の育成ウマ娘を★5にしよう
1200,43,2017/07/01 1:00:00,2050/01/01 4:59:59,321208,50,宝石,才能開花で\n388人の育成ウマ娘を★5にしよう
1200,43,2017/07/01 1:00:00,2050/01/01 4:59:59,321209,50,宝石,才能開花で\n390人の育成ウマ娘を★5にしよう
1200,43,2017/07/01 1:00:00,2050/01/01 4:59:59,321210,50,宝石,才能開花で\n392人の育成ウマ娘を★5にしよう
1200,43,2017/07/01 1:00:00,2050/01/01 4:59:59,321211,50,宝石,才能開花で\n394人の育成ウマ娘を★5にしよう
1200,43,2017/07/01 1:00:00,2050/01/01 4:59:59,321212,50,宝石,才能開花で\n396人の育成ウマ娘を★5にしよう
1200,43,2017/07/01 1:00:00,2050/01/01 4:59:59,321213,50,宝石,才能開花で\n398人の育成ウマ娘を★5にしよう
1200,43,2017/07/01 1:00:00,2050/01/01 4:59:59,321214,50,宝石,才能開花で\n400人の育成ウマ娘を★5にしよう
700,43,2022/02/24 12:00:00,2050/01/01 4:59:59,322000,50,宝石,提高495次养成优俊少女的\n觉醒等级
700,43,2022/02/24 12:00:00,2050/01/01 4:59:59,322001,50,宝石,提高500次养成优俊少女的\n觉醒等级
700,43,2022/02/24 12:00:00,2050/01/01 4:59:59,322002,50,宝石,提高505次养成优俊少女的\n觉醒等级
700,43,2022/02/24 12:00:00,2050/01/01 4:59:59,322003,50,宝石,提高510次养成优俊少女的\n觉醒等级
700,43,2022/02/24 12:00:00,2050/01/01 4:59:59,322004,50,宝石,提高515次养成优俊少女的\n觉醒等级
700,43,2022/02/24 12:00:00,2050/01/01 4:59:59,322005,50,宝石,提高520次养成优俊少女的\n觉醒等级
700,43,2022/02/24 12:00:00,2050/01/01 4:59:59,322006,50,宝石,提高525次养成优俊少女的\n觉醒等级
700,43,2022/02/24 12:00:00,2050/01/01 4:59:59,322007,50,宝石,提高530次养成优俊少女的\n觉醒等级
700,43,2022/02/24 12:00:00,2050/01/01 4:59:59,322008,50,宝石,提高535次养成优俊少女的\n觉醒等级
700,43,2022/02/24 12:00:00,2050/01/01 4:59:59,322009,50,宝石,提高540次养成优俊少女的\n觉醒等级
700,43,2022/02/24 12:00:00,2050/01/01 4:59:59,322010,50,宝石,提高545次养成优俊少女的\n觉醒等级
700,43,2022/02/24 12:00:00,2050/01/01 4:59:59,322011,50,宝石,提高550次养成优俊少女的\n觉醒等级
700,43,2022/02/24 12:00:00,2050/01/01 4:59:59,322012,50,宝石,提高555次养成优俊少女的\n觉醒等级
700,43,2022/02/24 12:00:00,2050/01/01 4:59:59,322013,50,宝石,提高560次养成优俊少女的\n觉醒等级
700,43,2022/02/24 12:00:00,2050/01/01 4:59:59,322014,50,宝石,提高565次养成优俊少女的\n觉醒等级
700,43,2022/02/24 12:00:00,2050/01/01 4:59:59,322015,50,宝石,提高570次养成优俊少女的\n觉醒等级
700,43,2022/02/24 12:00:00,2050/01/01 4:59:59,322016,50,宝石,提高575次养成优俊少女的\n觉醒等级
700,43,2022/02/24 12:00:00,2050/01/01 4:59:59,322017,50,宝石,提高580次养成优俊少女的\n觉醒等级
700,43,2022/02/24 12:00:00,2050/01/01 4:59:59,322018,50,宝石,提高585次养成优俊少女的\n觉醒等级
700,43,2022/02/24 12:00:00,2050/01/01 4:59:59,322019,50,宝石,提高590次养成优俊少女的\n觉醒等级
700,43,2022/02/24 12:00:00,2050/01/01 4:59:59,322020,50,宝石,提高595次养成优俊少女的\n觉醒等级
700,43,2022/02/24 12:00:00,2050/01/01 4:59:59,322021,50,宝石,提高600次养成优俊少女的\n觉醒等级
700,43,2022/02/24 12:00:00,2050/01/01 4:59:59,322022,50,宝石,提高605次养成优俊少女的\n觉醒等级
700,43,2022/02/24 12:00:00,2050/01/01 4:59:59,322023,50,宝石,提高610次养成优俊少女的\n觉醒等级
700,43,2022/02/24 12:00:00,2050/01/01 4:59:59,322024,50,宝石,提高615次养成优俊少女的\n觉醒等级
700,43,2022/02/24 12:00:00,2050/01/01 4:59:59,322025,50,宝石,提高620次养成优俊少女的\n觉醒等级
700,43,2022/02/24 12:00:00,2050/01/01 4:59:59,322026,50,宝石,提高625次养成优俊少女的\n觉醒等级
700,43,2022/02/24 12:00:00,2050/01/01 4:59:59,322027,50,宝石,提高630次养成优俊少女的\n觉醒等级
700,43,2022/02/24 12:00:00,2050/01/01 4:59:59,322028,50,宝石,提高635次养成优俊少女的\n觉醒等级
700,43,2022/02/24 12:00:00,2050/01/01 4:59:59,322029,50,宝石,提高640次养成优俊少女的\n觉醒等级
700,43,2022/02/24 12:00:00,2050/01/01 4:59:59,322030,50,宝石,提高645次养成优俊少女的\n觉醒等级
700,43,2022/02/24 12:00:00,2050/01/01 4:59:59,322031,50,宝石,提高650次养成优俊少女的\n觉醒等级
700,43,2022/02/24 12:00:00,2050/01/01 4:59:59,322032,50,宝石,提高655次养成优俊少女的\n觉醒等级
700,43,2022/02/24 12:00:00,2050/01/01 4:59:59,322033,50,宝石,提高660次养成优俊少女的\n觉醒等级
700,43,2022/02/24 12:00:00,2050/01/01 4:59:59,322034,50,宝石,提高665次养成优俊少女的\n觉醒等级
700,43,2022/02/24 12:00:00,2050/01/01 4:59:59,322035,50,宝石,提高670次养成优俊少女的\n觉醒等级
700,43,2022/02/24 12:00:00,2050/01/01 4:59:59,322036,50,宝石,提高675次养成优俊少女的\n觉醒等级
700,43,2022/02/24 12:00:00,2050/01/01 4:59:59,322037,50,宝石,提高680次养成优俊少女的\n觉醒等级
700,43,2022/02/24 12:00:00,2050/01/01 4:59:59,322038,50,宝石,提高685次养成优俊少女的\n觉醒等级
700,43,2022/02/24 12:00:00,2050/01/01 4:59:59,322039,50,宝石,提高690次养成优俊少女的\n觉醒等级
700,43,2022/02/24 12:00:00,2050/01/01 4:59:59,322040,50,宝石,提高695次养成优俊少女的\n觉醒等级
700,43,2022/02/24 12:00:00,2050/01/01 4:59:59,322041,50,宝石,提高700次养成优俊少女的\n觉醒等级
700,43,2022/02/24 12:00:00,2050/01/01 4:59:59,322042,50,宝石,提高705次养成优俊少女的\n觉醒等级
700,43,2022/02/24 12:00:00,2050/01/01 4:59:59,322043,50,宝石,提高710次养成优俊少女的\n觉醒等级
700,43,2022/02/24 12:00:00,2050/01/01 4:59:59,322044,50,宝石,提高715次养成优俊少女的\n觉醒等级
700,43,2022/02/24 12:00:00,2050/01/01 4:59:59,322045,50,宝石,提高720次养成优俊少女的\n觉醒等级
700,43,2022/02/24 12:00:00,2050/01/01 4:59:59,322046,50,宝石,提高725次养成优俊少女的\n觉醒等级
700,43,2022/02/24 12:00:00,2050/01/01 4:59:59,322047,50,宝石,提高730次养成优俊少女的\n觉醒等级
700,43,2022/02/24 12:00:00,2050/01/01 4:59:59,322048,50,宝石,提高735次养成优俊少女的\n觉醒等级
700,43,2022/02/24 12:00:00,2050/01/01 4:59:59,322049,50,宝石,提高740次养成优俊少女的\n觉醒等级
700,43,2022/02/24 12:00:00,2050/01/01 4:59:59,322050,50,宝石,提高745次养成优俊少女的\n觉醒等级
700,43,2022/02/24 12:00:00,2050/01/01 4:59:59,322051,50,宝石,提高750次养成优俊少女的\n觉醒等级
700,43,2022/02/24 12:00:00,2050/01/01 4:59:59,322052,50,宝石,提高755次养成优俊少女的\n觉醒等级
700,43,2022/02/24 12:00:00,2050/01/01 4:59:59,322053,50,宝石,提高760次养成优俊少女的\n觉醒等级
700,43,2022/02/24 12:00:00,2050/01/01 4:59:59,322054,50,宝石,提高765次养成优俊少女的\n觉醒等级
700,43,2022/02/24 12:00:00,2050/01/01 4:59:59,322055,50,宝石,提高770次养成优俊少女的\n觉醒等级
700,43,2022/02/24 12:00:00,2050/01/01 4:59:59,322056,50,宝石,提高775次养成优俊少女的\n觉醒等级
700,43,2022/02/24 12:00:00,2050/01/01 4:59:59,322057,50,宝石,提高780次养成优俊少女的\n觉醒等级
700,43,2022/02/24 12:00:00,2050/01/01 4:59:59,322058,50,宝石,提高785次养成优俊少女的\n觉醒等级
700,43,2022/02/24 12:00:00,2050/01/01 4:59:59,322059,50,宝石,提高790次养成优俊少女的\n觉醒等级
700,43,2022/02/24 12:00:00,2050/01/01 4:59:59,322060,50,宝石,提高795次养成优俊少女的\n觉醒等级
700,43,2022/02/24 12:00:00,2050/01/01 4:59:59,322061,50,宝石,提高800次养成优俊少女的\n觉醒等级
700,43,2023/07/21 12:00:00,2050/01/01 4:59:59,322062,50,宝石,提高805次养成优俊少女的\n觉醒等级
700,43,2023/07/21 12:00:00,2050/01/01 4:59:59,322063,50,宝石,提高810次养成优俊少女的\n觉醒等级
700,43,2023/07/21 12:00:00,2050/01/01 4:59:59,322064,50,宝石,提高815次养成优俊少女的\n觉醒等级
700,43,2023/07/21 12:00:00,2050/01/01 4:59:59,322065,50,宝石,提高820次养成优俊少女的\n觉醒等级
700,43,2023/07/21 12:00:00,2050/01/01 4:59:59,322066,50,宝石,提高825次养成优俊少女的\n觉醒等级
700,43,2023/07/21 12:00:00,2050/01/01 4:59:59,322067,50,宝石,提高830次养成优俊少女的\n觉醒等级
700,43,2023/07/21 12:00:00,2050/01/01 4:59:59,322068,50,宝石,提高835次养成优俊少女的\n觉醒等级
700,43,2023/07/21 12:00:00,2050/01/01 4:59:59,322069,50,宝石,提高840次养成优俊少女的\n觉醒等级
700,43,2023/07/21 12:00:00,2050/01/01 4:59:59,322070,50,宝石,提高845次养成优俊少女的\n觉醒等级
700,43,2023/07/21 12:00:00,2050/01/01 4:59:59,322071,50,宝石,提高850次养成优俊少女的\n觉醒等级
700,43,2023/07/21 12:00:00,2050/01/01 4:59:59,322072,50,宝石,提高855次养成优俊少女的\n觉醒等级
700,43,2023/07/21 12:00:00,2050/01/01 4:59:59,322073,50,宝石,提高860次养成优俊少女的\n觉醒等级
700,43,2023/07/21 12:00:00,2050/01/01 4:59:59,322074,50,宝石,提高865次养成优俊少女的\n觉醒等级
700,43,2023/07/21 12:00:00,2050/01/01 4:59:59,322075,50,宝石,提高870次养成优俊少女的\n觉醒等级
700,43,2023/07/21 12:00:00,2050/01/01 4:59:59,322076,50,宝石,提高875次养成优俊少女的\n觉醒等级
700,43,2023/07/21 12:00:00,2050/01/01 4:59:59,322077,50,宝石,提高880次养成优俊少女的\n觉醒等级
700,43,2023/07/21 12:00:00,2050/01/01 4:59:59,322078,50,宝石,提高885次养成优俊少女的\n觉醒等级
700,43,2023/07/21 12:00:00,2050/01/01 4:59:59,322079,50,宝石,提高890次养成优俊少女的\n觉醒等级
700,43,2023/07/21 12:00:00,2050/01/01 4:59:59,322080,50,宝石,提高895次养成优俊少女的\n觉醒等级
700,43,2023/07/21 12:00:00,2050/01/01 4:59:59,322081,50,宝石,提高900次养成优俊少女的\n觉醒等级
700,43,2023/07/21 12:00:00,2050/01/01 4:59:59,322082,50,宝石,提高905次养成优俊少女的\n觉醒等级
700,43,2023/07/21 12:00:00,2050/01/01 4:59:59,322083,50,宝石,提高910次养成优俊少女的\n觉醒等级
700,43,2023/07/21 12:00:00,2050/01/01 4:59:59,322084,50,宝石,提高915次养成优俊少女的\n觉醒等级
700,43,2023/07/21 12:00:00,2050/01/01 4:59:59,322085,50,宝石,提高920次养成优俊少女的\n觉醒等级
700,43,2023/07/21 12:00:00,2050/01/01 4:59:59,322086,50,宝石,提高925次养成优俊少女的\n觉醒等级
700,43,2023/07/21 12:00:00,2050/01/01 4:59:59,322087,50,宝石,提高930次养成优俊少女的\n觉醒等级
700,43,2023/07/21 12:00:00,2050/01/01 4:59:59,322088,50,宝石,提高935次养成优俊少女的\n觉醒等级
700,43,2023/07/21 12:00:00,2050/01/01 4:59:59,322089,50,宝石,提高940次养成优俊少女的\n觉醒等级
700,43,2023/07/21 12:00:00,2050/01/01 4:59:59,322090,50,宝石,提高945次养成优俊少女的\n觉醒等级
700,43,2023/07/21 12:00:00,2050/01/01 4:59:59,322091,50,宝石,提高950次养成优俊少女的\n觉醒等级
700,43,2023/07/21 12:00:00,2050/01/01 4:59:59,322092,50,宝石,提高955次养成优俊少女的\n觉醒等级
700,43,2023/07/21 12:00:00,2050/01/01 4:59:59,322093,50,宝石,提高960次养成优俊少女的\n觉醒等级
700,43,2023/07/21 12:00:00,2050/01/01 4:59:59,322094,50,宝石,提高965次养成优俊少女的\n觉醒等级
700,43,2023/07/21 12:00:00,2050/01/01 4:59:59,322095,50,宝石,提高970次养成优俊少女的\n觉醒等级
700,43,2023/07/21 12:00:00,2050/01/01 4:59:59,322096,50,宝石,提高975次养成优俊少女的\n觉醒等级
700,43,2023/07/21 12:00:00,2050/01/01 4:59:59,322097,50,宝石,提高980次养成优俊少女的\n觉醒等级
700,43,2023/07/21 12:00:00,2050/01/01 4:59:59,322098,50,宝石,提高985次养成优俊少女的\n觉醒等级
700,43,2023/07/21 12:00:00,2050/01/01 4:59:59,322099,50,宝石,提高990次养成优俊少女的\n觉醒等级
700,43,2023/07/21 12:00:00,2050/01/01 4:59:59,322100,50,宝石,提高995次养成优俊少女的\n觉醒等级
700,43,2023/07/21 12:00:00,2050/01/01 4:59:59,322101,50,宝石,提高1000次养成优俊少女的\n觉醒等级
700,43,2023/07/21 12:00:00,2050/01/01 4:59:59,322102,50,宝石,提高1005次养成优俊少女的\n觉醒等级
700,43,2023/07/21 12:00:00,2050/01/01 4:59:59,322103,50,宝石,提高1010次养成优俊少女的\n觉醒等级
700,43,2023/07/21 12:00:00,2050/01/01 4:59:59,322104,50,宝石,提高1015次养成优俊少女的\n觉醒等级
700,43,2023/07/21 12:00:00,2050/01/01 4:59:59,322105,50,宝石,提高1020次养成优俊少女的\n觉醒等级
700,43,2023/07/21 12:00:00,2050/01/01 4:59:59,322106,50,宝石,提高1025次养成优俊少女的\n觉醒等级
700,43,2023/07/21 12:00:00,2050/01/01 4:59:59,322107,50,宝石,提高1030次养成优俊少女的\n觉醒等级
700,43,2023/07/21 12:00:00,2050/01/01 4:59:59,322108,50,宝石,提高1035次养成优俊少女的\n觉醒等级
700,43,2023/07/21 12:00:00,2050/01/01 4:59:59,322109,50,宝石,提高1040次养成优俊少女的\n觉醒等级
700,43,2023/07/21 12:00:00,2050/01/01 4:59:59,322110,50,宝石,提高1045次养成优俊少女的\n觉醒等级
700,43,2023/07/21 12:00:00,2050/01/01 4:59:59,322111,50,宝石,提高1050次养成优俊少女的\n觉醒等级
700,43,2023/07/21 12:00:00,2050/01/01 4:59:59,322112,50,宝石,提高1055次养成优俊少女的\n觉醒等级
700,43,2023/07/21 12:00:00,2050/01/01 4:59:59,322113,50,宝石,提高1060次养成优俊少女的\n觉醒等级
700,43,2023/07/21 12:00:00,2050/01/01 4:59:59,322114,50,宝石,提高1065次养成优俊少女的\n觉醒等级
700,43,2023/07/21 12:00:00,2050/01/01 4:59:59,322115,50,宝石,提高1070次养成优俊少女的\n觉醒等级
700,43,2023/07/21 12:00:00,2050/01/01 4:59:59,322116,50,宝石,提高1075次养成优俊少女的\n觉醒等级
700,43,2023/07/21 12:00:00,2050/01/01 4:59:59,322117,50,宝石,提高1080次养成优俊少女的\n觉醒等级
700,43,2023/07/21 12:00:00,2050/01/01 4:59:59,322118,50,宝石,提高1085次养成优俊少女的\n觉醒等级
700,43,2023/07/21 12:00:00,2050/01/01 4:59:59,322119,50,宝石,提高1090次养成优俊少女的\n觉醒等级
700,43,2023/07/21 12:00:00,2050/01/01 4:59:59,322120,50,宝石,提高1095次养成优俊少女的\n觉醒等级
700,43,2023/07/21 12:00:00,2050/01/01 4:59:59,322121,50,宝石,提高1100次养成优俊少女的\n觉醒等级
700,43,2023/07/21 12:00:00,2050/01/01 4:59:59,322122,50,宝石,提高1105次养成优俊少女的\n觉醒等级
700,43,2023/07/21 12:00:00,2050/01/01 4:59:59,322123,50,宝石,提高1110次养成优俊少女的\n觉醒等级
700,43,2023/07/21 12:00:00,2050/01/01 4:59:59,322124,50,宝石,提高1115次养成优俊少女的\n觉醒等级
700,43,2023/07/21 12:00:00,2050/01/01 4:59:59,322125,50,宝石,提高1120次养成优俊少女的\n觉醒等级
700,43,2023/07/21 12:00:00,2050/01/01 4:59:59,322126,50,宝石,提高1125次养成优俊少女的\n觉醒等级
700,43,2023/07/21 12:00:00,2050/01/01 4:59:59,322127,50,宝石,提高1130次养成优俊少女的\n觉醒等级
700,43,2023/07/21 12:00:00,2050/01/01 4:59:59,322128,50,宝石,提高1135次养成优俊少女的\n觉醒等级
700,43,2023/07/21 12:00:00,2050/01/01 4:59:59,322129,50,宝石,提高1140次养成优俊少女的\n觉醒等级
700,43,2023/07/21 12:00:00,2050/01/01 4:59:59,322130,50,宝石,提高1145次养成优俊少女的\n觉醒等级
700,43,2023/07/21 12:00:00,2050/01/01 4:59:59,322131,50,宝石,提高1150次养成优俊少女的\n觉醒等级
700,43,2023/07/21 12:00:00,2050/01/01 4:59:59,322132,50,宝石,提高1155次养成优俊少女的\n觉醒等级
700,43,2023/07/21 12:00:00,2050/01/01 4:59:59,322133,50,宝石,提高1160次养成优俊少女的\n觉醒等级
700,43,2023/07/21 12:00:00,2050/01/01 4:59:59,322134,50,宝石,提高1165次养成优俊少女的\n觉醒等级
700,43,2023/07/21 12:00:00,2050/01/01 4:59:59,322135,50,宝石,提高1170次养成优俊少女的\n觉醒等级
700,43,2023/07/21 12:00:00,2050/01/01 4:59:59,322136,50,宝石,提高1175次养成优俊少女的\n觉醒等级
700,43,2023/07/21 12:00:00,2050/01/01 4:59:59,322137,50,宝石,提高1180次养成优俊少女的\n觉醒等级
700,43,2023/07/21 12:00:00,2050/01/01 4:59:59,322138,50,宝石,提高1185次养成优俊少女的\n觉醒等级
700,43,2023/07/21 12:00:00,2050/01/01 4:59:59,322139,50,宝石,提高1190次养成优俊少女的\n觉醒等级
700,43,2023/07/21 12:00:00,2050/01/01 4:59:59,322140,50,宝石,提高1195次养成优俊少女的\n觉醒等级
700,43,2023/07/21 12:00:00,2050/01/01 4:59:59,322141,50,宝石,提高1200次养成优俊少女的\n觉醒等级
700,43,2024/03/29 12:00:00,2050/01/01 4:59:59,322142,50,宝石,育成ウマ娘の覚醒Lvを\n1205回上げよう
700,43,2024/03/29 12:00:00,2050/01/01 4:59:59,322143,50,宝石,育成ウマ娘の覚醒Lvを\n1210回上げよう
700,43,2024/03/29 12:00:00,2050/01/01 4:59:59,322144,50,宝石,育成ウマ娘の覚醒Lvを\n1215回上げよう
700,43,2024/03/29 12:00:00,2050/01/01 4:59:59,322145,50,宝石,育成ウマ娘の覚醒Lvを\n1220回上げよう
700,43,2024/03/29 12:00:00,2050/01/01 4:59:59,322146,50,宝石,育成ウマ娘の覚醒Lvを\n1225回上げよう
700,43,2024/03/29 12:00:00,2050/01/01 4:59:59,322147,50,宝石,育成ウマ娘の覚醒Lvを\n1230回上げよう
700,43,2024/03/29 12:00:00,2050/01/01 4:59:59,322148,50,宝石,育成ウマ娘の覚醒Lvを\n1235回上げよう
700,43,2024/03/29 12:00:00,2050/01/01 4:59:59,322149,50,宝石,育成ウマ娘の覚醒Lvを\n1240回上げよう
700,43,2024/03/29 12:00:00,2050/01/01 4:59:59,322150,50,宝石,育成ウマ娘の覚醒Lvを\n1245回上げよう
700,43,2024/03/29 12:00:00,2050/01/01 4:59:59,322151,50,宝石,育成ウマ娘の覚醒Lvを\n1250回上げよう
700,43,2024/03/29 12:00:00,2050/01/01 4:59:59,322152,50,宝石,育成ウマ娘の覚醒Lvを\n1255回上げよう
700,43,2024/03/29 12:00:00,2050/01/01 4:59:59,322153,50,宝石,育成ウマ娘の覚醒Lvを\n1260回上げよう
700,43,2024/03/29 12:00:00,2050/01/01 4:59:59,322154,50,宝石,育成ウマ娘の覚醒Lvを\n1265回上げよう
700,43,2024/03/29 12:00:00,2050/01/01 4:59:59,322155,50,宝石,育成ウマ娘の覚醒Lvを\n1270回上げよう
700,43,2024/03/29 12:00:00,2050/01/01 4:59:59,322156,50,宝石,育成ウマ娘の覚醒Lvを\n1275回上げよう
700,43,2024/03/29 12:00:00,2050/01/01 4:59:59,322157,50,宝石,育成ウマ娘の覚醒Lvを\n1280回上げよう
700,43,2024/03/29 12:00:00,2050/01/01 4:59:59,322158,50,宝石,育成ウマ娘の覚醒Lvを\n1285回上げよう
700,43,2024/03/29 12:00:00,2050/01/01 4:59:59,322159,50,宝石,育成ウマ娘の覚醒Lvを\n1290回上げよう
700,43,2024/03/29 12:00:00,2050/01/01 4:59:59,322160,50,宝石,育成ウマ娘の覚醒Lvを\n1295回上げよう
700,43,2024/03/29 12:00:00,2050/01/01 4:59:59,322161,50,宝石,育成ウマ娘の覚醒Lvを\n1300回上げよう
700,43,2024/03/29 12:00:00,2050/01/01 4:59:59,322162,50,宝石,育成ウマ娘の覚醒Lvを\n1305回上げよう
700,43,2024/03/29 12:00:00,2050/01/01 4:59:59,322163,50,宝石,育成ウマ娘の覚醒Lvを\n1310回上げよう
700,43,2024/03/29 12:00:00,2050/01/01 4:59:59,322164,50,宝石,育成ウマ娘の覚醒Lvを\n1315回上げよう
700,43,2024/03/29 12:00:00,2050/01/01 4:59:59,322165,50,宝石,育成ウマ娘の覚醒Lvを\n1320回上げよう
700,43,2024/03/29 12:00:00,2050/01/01 4:59:59,322166,50,宝石,育成ウマ娘の覚醒Lvを\n1325回上げよう
700,43,2024/03/29 12:00:00,2050/01/01 4:59:59,322167,50,宝石,育成ウマ娘の覚醒Lvを\n1330回上げよう
700,43,2024/03/29 12:00:00,2050/01/01 4:59:59,322168,50,宝石,育成ウマ娘の覚醒Lvを\n1335回上げよう
700,43,2024/03/29 12:00:00,2050/01/01 4:59:59,322169,50,宝石,育成ウマ娘の覚醒Lvを\n1340回上げよう
700,43,2024/03/29 12:00:00,2050/01/01 4:59:59,322170,50,宝石,育成ウマ娘の覚醒Lvを\n1345回上げよう
700,43,2024/03/29 12:00:00,2050/01/01 4:59:59,322171,50,宝石,育成ウマ娘の覚醒Lvを\n1350回上げよう
700,43,2024/03/29 12:00:00,2050/01/01 4:59:59,322172,50,宝石,育成ウマ娘の覚醒Lvを\n1355回上げよう
700,43,2024/03/29 12:00:00,2050/01/01 4:59:59,322173,50,宝石,育成ウマ娘の覚醒Lvを\n1360回上げよう
700,43,2024/03/29 12:00:00,2050/01/01 4:59:59,322174,50,宝石,育成ウマ娘の覚醒Lvを\n1365回上げよう
700,43,2024/03/29 12:00:00,2050/01/01 4:59:59,322175,50,宝石,育成ウマ娘の覚醒Lvを\n1370回上げよう
700,43,2024/03/29 12:00:00,2050/01/01 4:59:59,322176,50,宝石,育成ウマ娘の覚醒Lvを\n1375回上げよう
700,43,2024/03/29 12:00:00,2050/01/01 4:59:59,322177,50,宝石,育成ウマ娘の覚醒Lvを\n1380回上げよう
700,43,2024/03/29 12:00:00,2050/01/01 4:59:59,322178,50,宝石,育成ウマ娘の覚醒Lvを\n1385回上げよう
700,43,2024/03/29 12:00:00,2050/01/01 4:59:59,322179,50,宝石,育成ウマ娘の覚醒Lvを\n1390回上げよう
700,43,2024/03/29 12:00:00,2050/01/01 4:59:59,322180,50,宝石,育成ウマ娘の覚醒Lvを\n1395回上げよう
700,43,2024/03/29 12:00:00,2050/01/01 4:59:59,322181,50,宝石,育成ウマ娘の覚醒Lvを\n1400回上げよう
700,43,2024/03/29 12:00:00,2050/01/01 4:59:59,322182,50,宝石,育成ウマ娘の覚醒Lvを\n1405回上げよう
700,43,2024/03/29 12:00:00,2050/01/01 4:59:59,322183,50,宝石,育成ウマ娘の覚醒Lvを\n1410回上げよう
700,43,2024/03/29 12:00:00,2050/01/01 4:59:59,322184,50,宝石,育成ウマ娘の覚醒Lvを\n1415回上げよう
700,43,2024/03/29 12:00:00,2050/01/01 4:59:59,322185,50,宝石,育成ウマ娘の覚醒Lvを\n1420回上げよう
700,43,2024/03/29 12:00:00,2050/01/01 4:59:59,322186,50,宝石,育成ウマ娘の覚醒Lvを\n1425回上げよう
700,43,2024/03/29 12:00:00,2050/01/01 4:59:59,322187,50,宝石,育成ウマ娘の覚醒Lvを\n1430回上げよう
700,43,2024/03/29 12:00:00,2050/01/01 4:59:59,322188,50,宝石,育成ウマ娘の覚醒Lvを\n1435回上げよう
700,43,2024/03/29 12:00:00,2050/01/01 4:59:59,322189,50,宝石,育成ウマ娘の覚醒Lvを\n1440回上げよう
700,43,2024/03/29 12:00:00,2050/01/01 4:59:59,322190,50,宝石,育成ウマ娘の覚醒Lvを\n1445回上げよう
700,43,2024/03/29 12:00:00,2050/01/01 4:59:59,322191,50,宝石,育成ウマ娘の覚醒Lvを\n1450回上げよう
700,43,2024/03/29 12:00:00,2050/01/01 4:59:59,322192,50,宝石,育成ウマ娘の覚醒Lvを\n1455回上げよう
700,43,2024/03/29 12:00:00,2050/01/01 4:59:59,322193,50,宝石,育成ウマ娘の覚醒Lvを\n1460回上げよう
700,43,2024/03/29 12:00:00,2050/01/01 4:59:59,322194,50,宝石,育成ウマ娘の覚醒Lvを\n1465回上げよう
700,43,2024/03/29 12:00:00,2050/01/01 4:59:59,322195,50,宝石,育成ウマ娘の覚醒Lvを\n1470回上げよう
700,43,2024/03/29 12:00:00,2050/01/01 4:59:59,322196,50,宝石,育成ウマ娘の覚醒Lvを\n1475回上げよう
700,43,2024/03/29 12:00:00,2050/01/01 4:59:59,322197,50,宝石,育成ウマ娘の覚醒Lvを\n1480回上げよう
700,43,2024/03/29 12:00:00,2050/01/01 4:59:59,322198,50,宝石,育成ウマ娘の覚醒Lvを\n1485回上げよう
700,43,2024/03/29 12:00:00,2050/01/01 4:59:59,322199,50,宝石,育成ウマ娘の覚醒Lvを\n1490回上げよう
700,43,2024/03/29 12:00:00,2050/01/01 4:59:59,322200,50,宝石,育成ウマ娘の覚醒Lvを\n1495回上げよう
700,43,2024/03/29 12:00:00,2050/01/01 4:59:59,322201,50,宝石,育成ウマ娘の覚醒Lvを\n1500回上げよう
700,43,2024/03/29 12:00:00,2050/01/01 4:59:59,322202,50,宝石,育成ウマ娘の覚醒Lvを\n1505回上げよう
700,43,2024/03/29 12:00:00,2050/01/01 4:59:59,322203,50,宝石,育成ウマ娘の覚醒Lvを\n1510回上げよう
700,43,2024/03/29 12:00:00,2050/01/01 4:59:59,322204,50,宝石,育成ウマ娘の覚醒Lvを\n1515回上げよう
700,43,2024/03/29 12:00:00,2050/01/01 4:59:59,322205,50,宝石,育成ウマ娘の覚醒Lvを\n1520回上げよう
700,43,2024/03/29 12:00:00,2050/01/01 4:59:59,322206,50,宝石,育成ウマ娘の覚醒Lvを\n1525回上げよう
700,43,2024/03/29 12:00:00,2050/01/01 4:59:59,322207,50,宝石,育成ウマ娘の覚醒Lvを\n1530回上げよう
700,43,2024/03/29 12:00:00,2050/01/01 4:59:59,322208,50,宝石,育成ウマ娘の覚醒Lvを\n1535回上げよう
700,43,2024/03/29 12:00:00,2050/01/01 4:59:59,322209,50,宝石,育成ウマ娘の覚醒Lvを\n1540回上げよう
700,43,2024/03/29 12:00:00,2050/01/01 4:59:59,322210,50,宝石,育成ウマ娘の覚醒Lvを\n1545回上げよう
700,43,2024/03/29 12:00:00,2050/01/01 4:59:59,322211,50,宝石,育成ウマ娘の覚醒Lvを\n1550回上げよう
700,43,2024/03/29 12:00:00,2050/01/01 4:59:59,322212,50,宝石,育成ウマ娘の覚醒Lvを\n1555回上げよう
700,43,2024/03/29 12:00:00,2050/01/01 4:59:59,322213,50,宝石,育成ウマ娘の覚醒Lvを\n1560回上げよう
700,43,2024/03/29 12:00:00,2050/01/01 4:59:59,322214,50,宝石,育成ウマ娘の覚醒Lvを\n1565回上げよう
700,43,2024/03/29 12:00:00,2050/01/01 4:59:59,322215,50,宝石,育成ウマ娘の覚醒Lvを\n1570回上げよう
700,43,2024/03/29 12:00:00,2050/01/01 4:59:59,322216,50,宝石,育成ウマ娘の覚醒Lvを\n1575回上げよう
700,43,2024/03/29 12:00:00,2050/01/01 4:59:59,322217,50,宝石,育成ウマ娘の覚醒Lvを\n1580回上げよう
700,43,2024/03/29 12:00:00,2050/01/01 4:59:59,322218,50,宝石,育成ウマ娘の覚醒Lvを\n1585回上げよう
700,43,2024/03/29 12:00:00,2050/01/01 4:59:59,322219,50,宝石,育成ウマ娘の覚醒Lvを\n1590回上げよう
700,43,2024/03/29 12:00:00,2050/01/01 4:59:59,322220,50,宝石,育成ウマ娘の覚醒Lvを\n1595回上げよう
700,43,2024/03/29 12:00:00,2050/01/01 4:59:59,322221,50,宝石,育成ウマ娘の覚醒Lvを\n1600回上げよう
720,43,2022/08/24 12:00:00,2050/01/01 4:59:59,323000,30,宝石,通过启发等级强化提高1次\n养成优俊少女的技能启发等级
710,43,2024/03/29 12:00:00,2050/01/01 4:59:59,324000,50,宝石,育成ウマ娘を才能開花で\n995回★を上げよう
710,43,2024/03/29 12:00:00,2050/01/01 4:59:59,324001,50,宝石,育成ウマ娘を才能開花で\n1000回★を上げよう
800,43,2017/07/01 1:00:00,2050/01/01 4:59:59,330000,150,宝石,达成\n累计登录30天
800,43,2017/07/01 1:00:00,2050/01/01 4:59:59,330001,150,宝石,达成\n累计登录50天
800,43,2017/07/01 1:00:00,2050/01/01 4:59:59,330002,150,宝石,达成\n累计登录100天
800,43,2017/07/01 1:00:00,2050/01/01 4:59:59,330003,150,宝石,达成\n累计登录150天
800,43,2017/07/01 1:00:00,2050/01/01 4:59:59,330004,150,宝石,达成\n累计登录200天
800,43,2017/07/01 1:00:00,2050/01/01 4:59:59,330005,150,宝石,达成\n累计登录250天
800,43,2017/07/01 1:00:00,2050/01/01 4:59:59,330006,150,宝石,达成\n累计登录300天
800,43,2017/07/01 1:00:00,2050/01/01 4:59:59,330007,150,宝石,达成\n累计登录350天
800,43,2017/07/01 1:00:00,2050/01/01 4:59:59,330008,150,宝石,达成\n累计登录400天
800,43,2017/07/01 1:00:00,2050/01/01 4:59:59,330009,150,宝石,达成\n累计登录450天
800,43,2017/07/01 1:00:00,2050/01/01 4:59:59,330010,150,宝石,达成\n累计登录500天
800,43,2017/07/01 1:00:00,2050/01/01 4:59:59,330011,150,宝石,达成\n累计登录550天
800,43,2017/07/01 1:00:00,2050/01/01 4:59:59,330012,150,宝石,达成\n累计登录600天
800,43,2017/07/01 1:00:00,2050/01/01 4:59:59,330013,150,宝石,达成\n累计登录650天
800,43,2017/07/01 1:00:00,2050/01/01 4:59:59,330014,150,宝石,达成\n累计登录700天
800,43,2017/07/01 1:00:00,2050/01/01 4:59:59,330015,150,宝石,达成\n累计登录750天
800,43,2017/07/01 1:00:00,2050/01/01 4:59:59,330016,150,宝石,达成\n累计登录800天
800,43,2017/07/01 1:00:00,2050/01/01 4:59:59,330017,150,宝石,达成\n累计登录850天
800,43,2017/07/01 1:00:00,2050/01/01 4:59:59,330018,150,宝石,达成\n累计登录900天
800,43,2017/07/01 1:00:00,2050/01/01 4:59:59,330019,150,宝石,达成\n累计登录950天
800,43,2017/07/01 1:00:00,2050/01/01 4:59:59,330020,1500,宝石,达成\n累计登录1000天
800,43,2017/07/01 1:00:00,2050/01/01 4:59:59,330021,150,宝石,达成\n累计登录1050天
800,43,2017/07/01 1:00:00,2050/01/01 4:59:59,330022,150,宝石,达成\n累计登录1100天
800,43,2017/07/01 1:00:00,2050/01/01 4:59:59,330023,150,宝石,达成\n累计登录1150天
800,43,2017/07/01 1:00:00,2050/01/01 4:59:59,330024,150,宝石,达成\n累计登录1200天
800,43,2017/07/01 1:00:00,2050/01/01 4:59:59,330025,150,宝石,达成\n累计登录1250天
800,43,2017/07/01 1:00:00,2050/01/01 4:59:59,330026,150,宝石,达成\n累计登录1300天
800,43,2017/07/01 1:00:00,2050/01/01 4:59:59,330027,150,宝石,达成\n累计登录1350天
800,43,2017/07/01 1:00:00,2050/01/01 4:59:59,330028,150,宝石,达成\n累计登录1400天
800,43,2017/07/01 1:00:00,2050/01/01 4:59:59,330029,150,宝石,达成\n累计登录1450天
800,43,2017/07/01 1:00:00,2050/01/01 4:59:59,330030,150,宝石,达成\n累计登录1500天
800,43,2017/07/01 1:00:00,2050/01/01 4:59:59,330031,150,宝石,达成\n累计登录1550天
800,43,2017/07/01 1:00:00,2050/01/01 4:59:59,330032,150,宝石,达成\n累计登录1600天
800,43,2017/07/01 1:00:00,2050/01/01 4:59:59,330033,150,宝石,达成\n累计登录1650天
800,43,2017/07/01 1:00:00,2050/01/01 4:59:59,330034,150,宝石,达成\n累计登录1700天
800,43,2017/07/01 1:00:00,2050/01/01 4:59:59,330035,150,宝石,达成\n累计登录1750天
800,43,2017/07/01 1:00:00,2050/01/01 4:59:59,330036,150,宝石,达成\n累计登录1800天
800,43,2017/07/01 1:00:00,2050/01/01 4:59:59,330037,150,宝石,达成\n累计登录1850天
800,43,2017/07/01 1:00:00,2050/01/01 4:59:59,330038,150,宝石,达成\n累计登录1900天
800,43,2017/07/01 1:00:00,2050/01/01 4:59:59,330039,150,宝石,达成\n累计登录1950天
800,43,2017/07/01 1:00:00,2050/01/01 4:59:59,330040,1500,宝石,达成\n累计登录2000天
800,43,2017/07/01 1:00:00,2050/01/01 4:59:59,330041,150,宝石,通算ログイン2050日を\n達成しよう
800,43,2017/07/01 1:00:00,2050/01/01 4:59:59,330042,150,宝石,通算ログイン2100日を\n達成しよう
800,43,2017/07/01 1:00:00,2050/01/01 4:59:59,330043,150,宝石,通算ログイン2150日を\n達成しよう
800,43,2017/07/01 1:00:00,2050/01/01 4:59:59,330044,150,宝石,通算ログイン2200日を\n達成しよう
800,43,2017/07/01 1:00:00,2050/01/01 4:59:59,330045,150,宝石,通算ログイン2250日を\n達成しよう
800,43,2017/07/01 1:00:00,2050/01/01 4:59:59,330046,150,宝石,通算ログイン2300日を\n達成しよう
800,43,2017/07/01 1:00:00,2050/01/01 4:59:59,330047,150,宝石,通算ログイン2350日を\n達成しよう
800,43,2017/07/01 1:00:00,2050/01/01 4:59:59,330048,150,宝石,通算ログイン2400日を\n達成しよう
800,43,2017/07/01 1:00:00,2050/01/01 4:59:59,330049,150,宝石,通算ログイン2450日を\n達成しよう
800,43,2017/07/01 1:00:00,2050/01/01 4:59:59,330050,150,宝石,通算ログイン2500日を\n達成しよう
800,43,2017/07/01 1:00:00,2050/01/01 4:59:59,330051,150,宝石,通算ログイン2550日を\n達成しよう
800,43,2017/07/01 1:00:00,2050/01/01 4:59:59,330052,150,宝石,通算ログイン2600日を\n達成しよう
800,43,2017/07/01 1:00:00,2050/01/01 4:59:59,330053,150,宝石,通算ログイン2650日を\n達成しよう
800,43,2017/07/01 1:00:00,2050/01/01 4:59:59,330054,150,宝石,通算ログイン2700日を\n達成しよう
800,43,2017/07/01 1:00:00,2050/01/01 4:59:59,330055,150,宝石,通算ログイン2750日を\n達成しよう
800,43,2017/07/01 1:00:00,2050/01/01 4:59:59,330056,150,宝石,通算ログイン2800日を\n達成しよう
800,43,2017/07/01 1:00:00,2050/01/01 4:59:59,330057,150,宝石,通算ログイン2850日を\n達成しよう
800,43,2017/07/01 1:00:00,2050/01/01 4:59:59,330058,150,宝石,通算ログイン2900日を\n達成しよう
800,43,2017/07/01 1:00:00,2050/01/01 4:59:59,330059,150,宝石,通算ログイン2950日を\n達成しよう
800,43,2017/07/01 1:00:00,2050/01/01 4:59:59,330060,1500,宝石,通算ログイン3000日を\n達成しよう
3,43,2017/07/01 1:00:00,2050/01/01 4:59:59,330100,150,宝石,加入社团
3,43,2023/08/14 12:00:00,2050/01/01 4:59:59,330101,30,宝石,查看社团名片
9,43,2017/07/01 1:00:00,2050/01/01 4:59:59,330200,150,宝石,在养成中取得URA总决赛决赛\n的胜利
4,43,2017/07/01 1:00:00,2050/01/01 4:59:59,330300,30,宝石,在个人资料中设置生日
6,43,2017/07/01 1:00:00,2050/01/01 4:59:59,330400,30,宝石,变更称号
7,43,2017/07/01 1:00:00,2050/01/01 4:59:59,330410,30,宝石,观看主线剧情\n第1部第1章第1话
7,43,2021/06/29 12:00:00,2050/01/01 4:59:59,330411,30,宝石,观看主线剧情\n第1部第2章第1话
7,43,2021/06/29 12:00:00,2050/01/01 4:59:59,330412,30,宝石,观看主线剧情\n第1部第3章第1话
7,43,2021/07/20 12:00:00,2050/01/01 4:59:59,330413,30,宝石,观看主线剧情\n第1部第4章第1话
7,43,2021/12/22 12:00:00,2050/01/01 4:59:59,330414,30,宝石,观看主线剧情\n第1部第5章第1话
7,43,2022/03/18 12:00:00,2050/01/01 4:59:59,330415,30,宝石,观看主线剧情第1部\n最终章前篇第1话
7,43,2022/07/20 12:00:00,2050/01/01 4:59:59,330416,30,宝石,观看主线剧情第1部\n最终章后篇第14话
7,43,2024/03/21 12:00:00,2050/01/01 4:59:59,330421,30,宝石,メインストーリー第2部\n前編第1話を見よう
7,43,2024/09/20 12:00:00,2050/01/01 4:59:59,330422,30,宝石,メインストーリー第2部\n中編第1話を見よう
7,43,2025/07/22 12:00:00,2050/01/01 4:59:59,330423,30,宝石,メインストーリー第2部\n後編第1話を見よう
1,43,2017/07/01 1:00:00,2050/01/01 4:59:59,330500,30,宝石,变更主页设置
5,43,2017/07/01 1:00:00,2050/01/01 4:59:59,330600,30,宝石,个人资料中变更\n优俊少女设置
8,43,2017/07/01 1:00:00,2050/01/01 4:59:59,330700,1000,宝石,完成手机绑定\n重新登录游戏领取奖励吧
8,43,2025/06/27 12:00:00,2050/01/01 4:59:59,330701,300,宝石,Cygames IDと連携しよう
10,59,2022/02/14 12:00:00,2050/01/01 4:59:59,330900,3000,金币,在点唱机中\n点赞1次
11,43,2022/02/14 12:00:00,2050/01/01 4:59:59,330910,30,宝石,在点唱机\n点播1次歌曲
15,43,2022/04/22 12:00:00,2050/01/01 4:59:59,331000,30,宝石,编辑训练员名片1次
16,59,2022/04/22 12:00:00,2050/01/01 4:59:59,331100,4000,金币,在主线剧情中保存1次照片
17,59,2022/04/22 12:00:00,2050/01/01 4:59:59,331110,4000,金币,在照片一览中收藏1次照片
18,59,2022/12/12 12:00:00,2050/01/01 4:59:59,331120,4000,金币,在摄影棚中\n保存1次照片
18,43,2022/05/30 12:00:00,2050/01/01 4:59:59,331200,30,宝石,更换服装1次
19,43,2023/02/24 12:00:00,2050/01/01 4:59:59,331300,30,宝石,获得进化技能\n并完成1次养成	
141,43,2023/09/04 12:00:00,2050/01/01 4:59:59,331400,30,宝石,在收藏中\n收集1种娃娃
141,43,2023/09/04 12:00:00,2050/01/01 4:59:59,331410,30,宝石,在收藏中\n收集10种娃娃
822,43,2017/07/01 1:00:00,2050/01/01 4:59:59,331500,30,宝石,提高亲密度等级1次
822,43,2017/07/01 1:00:00,2050/01/01 4:59:59,331501,30,宝石,提高亲密度等级3次
822,43,2017/07/01 1:00:00,2050/01/01 4:59:59,331502,60,宝石,提高亲密度等级5次
822,43,2017/07/01 1:00:00,2050/01/01 4:59:59,331503,80,宝石,提高亲密度等级10次
822,43,2017/07/01 1:00:00,2050/01/01 4:59:59,331504,80,宝石,提高亲密度等级15次
822,43,2017/07/01 1:00:00,2050/01/01 4:59:59,331505,80,宝石,提高亲密度等级20次
822,43,2017/07/01 1:00:00,2050/01/01 4:59:59,331506,80,宝石,提高亲密度等级25次
822,43,2017/07/01 1:00:00,2050/01/01 4:59:59,331507,80,宝石,提高亲密度等级30次
822,43,2017/07/01 1:00:00,2050/01/01 4:59:59,331508,80,宝石,提高亲密度等级35次
822,43,2017/07/01 1:00:00,2050/01/01 4:59:59,331509,80,宝石,提高亲密度等级40次
822,43,2017/07/01 1:00:00,2050/01/01 4:59:59,331510,80,宝石,提高亲密度等级45次
822,43,2017/07/01 1:00:00,2050/01/01 4:59:59,331511,80,宝石,提高亲密度等级50次
822,43,2017/07/01 1:00:00,2050/01/01 4:59:59,331512,80,宝石,提高亲密度等级60次
822,43,2017/07/01 1:00:00,2050/01/01 4:59:59,331513,80,宝石,提高亲密度等级70次
822,43,2017/07/01 1:00:00,2050/01/01 4:59:59,331514,80,宝石,提高亲密度等级80次
822,43,2017/07/01 1:00:00,2050/01/01 4:59:59,331515,80,宝石,提高亲密度等级90次
822,43,2017/07/01 1:00:00,2050/01/01 4:59:59,331516,100,宝石,提高亲密度等级100次
822,43,2017/07/01 1:00:00,2050/01/01 4:59:59,331517,100,宝石,提高亲密度等级120次
822,43,2017/07/01 1:00:00,2050/01/01 4:59:59,331518,100,宝石,提高亲密度等级140次
822,43,2017/07/01 1:00:00,2050/01/01 4:59:59,331519,100,宝石,提高亲密度等级160次
822,43,2017/07/01 1:00:00,2050/01/01 4:59:59,331520,100,宝石,提高亲密度等级180次
822,43,2017/07/01 1:00:00,2050/01/01 4:59:59,331521,200,宝石,提高亲密度等级200次
822,43,2017/07/01 1:00:00,2050/01/01 4:59:59,331522,200,宝石,提高亲密度等级220次
822,43,2017/07/01 1:00:00,2050/01/01 4:59:59,331523,200,宝石,提高亲密度等级240次
822,43,2017/07/01 1:00:00,2050/01/01 4:59:59,331524,200,宝石,提高亲密度等级260次
822,43,2017/07/01 1:00:00,2050/01/01 4:59:59,331525,200,宝石,提高亲密度等级280次
822,43,2017/07/01 1:00:00,2050/01/01 4:59:59,331526,300,宝石,提高亲密度等级300次
822,43,2017/07/01 1:00:00,2050/01/01 4:59:59,331527,300,宝石,提高亲密度等级350次
822,43,2017/07/01 1:00:00,2050/01/01 4:59:59,331528,300,宝石,提高亲密度等级400次
822,43,2017/07/01 1:00:00,2050/01/01 4:59:59,331529,300,宝石,提高亲密度等级450次
822,43,2017/07/01 1:00:00,2050/01/01 4:59:59,331530,500,宝石,提高亲密度等级500次
822,43,2017/07/01 1:00:00,2050/01/01 4:59:59,331531,500,宝石,提高亲密度等级550次
822,43,2017/07/01 1:00:00,2050/01/01 4:59:59,331532,500,宝石,提高亲密度等级600次
822,43,2017/07/01 1:00:00,2050/01/01 4:59:59,331533,500,宝石,提高亲密度等级650次
822,43,2017/07/01 1:00:00,2050/01/01 4:59:59,331534,500,宝石,提高亲密度等级700次
822,43,2017/07/01 1:00:00,2050/01/01 4:59:59,331535,500,宝石,提高亲密度等级750次
822,43,2017/07/01 1:00:00,2050/01/01 4:59:59,331536,500,宝石,提高亲密度等级800次
822,43,2017/07/01 1:00:00,2050/01/01 4:59:59,331537,500,宝石,提高亲密度等级850次
822,43,2017/07/01 1:00:00,2050/01/01 4:59:59,331538,500,宝石,提高亲密度等级900次
822,43,2017/07/01 1:00:00,2050/01/01 4:59:59,331539,500,宝石,提高亲密度等级950次
822,43,2017/07/01 1:00:00,2050/01/01 4:59:59,331540,1000,宝石,提高亲密度等级1000次
822,43,2017/07/01 1:00:00,2050/01/01 4:59:59,331541,500,宝石,提高亲密度等级1050次
822,43,2017/07/01 1:00:00,2050/01/01 4:59:59,331542,500,宝石,提高亲密度等级1100次
822,43,2017/07/01 1:00:00,2050/01/01 4:59:59,331543,500,宝石,提高亲密度等级1150次
822,43,2017/07/01 1:00:00,2050/01/01 4:59:59,331544,500,宝石,提高亲密度等级1200次
822,43,2017/07/01 1:00:00,2050/01/01 4:59:59,331545,500,宝石,提高亲密度等级1250次
822,43,2017/07/01 1:00:00,2050/01/01 4:59:59,331546,500,宝石,提高亲密度等级1300次
822,43,2017/07/01 1:00:00,2050/01/01 4:59:59,331547,500,宝石,提高亲密度等级1350次
822,43,2017/07/01 1:00:00,2050/01/01 4:59:59,331548,500,宝石,提高亲密度等级1400次
822,43,2017/07/01 1:00:00,2050/01/01 4:59:59,331549,500,宝石,提高亲密度等级1450次
822,43,2017/07/01 1:00:00,2050/01/01 4:59:59,331550,500,宝石,提高亲密度等级1500次
822,43,2017/07/01 1:00:00,2050/01/01 4:59:59,331551,500,宝石,提高亲密度等级1550次
822,43,2017/07/01 1:00:00,2050/01/01 4:59:59,331552,500,宝石,提高亲密度等级1600次
822,43,2017/07/01 1:00:00,2050/01/01 4:59:59,331553,500,宝石,提高亲密度等级1650次
822,43,2017/07/01 1:00:00,2050/01/01 4:59:59,331554,500,宝石,提高亲密度等级1700次
822,43,2017/07/01 1:00:00,2050/01/01 4:59:59,331555,500,宝石,提高亲密度等级1750次
822,43,2017/07/01 1:00:00,2050/01/01 4:59:59,331556,500,宝石,提高亲密度等级1800次
822,43,2017/07/01 1:00:00,2050/01/01 4:59:59,331557,500,宝石,提高亲密度等级1850次
822,43,2017/07/01 1:00:00,2050/01/01 4:59:59,331558,500,宝石,提高亲密度等级1900次
822,43,2017/07/01 1:00:00,2050/01/01 4:59:59,331559,500,宝石,提高亲密度等级1950次
822,43,2017/07/01 1:00:00,2050/01/01 4:59:59,331560,1000,宝石,提高亲密度等级2000次
822,43,2017/07/01 1:00:00,2050/01/01 4:59:59,331561,500,宝石,親愛度ランクを2050回上げよう
822,43,2017/07/01 1:00:00,2050/01/01 4:59:59,331562,500,宝石,親愛度ランクを2100回上げよう
822,43,2017/07/01 1:00:00,2050/01/01 4:59:59,331563,500,宝石,親愛度ランクを2150回上げよう
822,43,2017/07/01 1:00:00,2050/01/01 4:59:59,331564,500,宝石,親愛度ランクを2200回上げよう
822,43,2017/07/01 1:00:00,2050/01/01 4:59:59,331565,500,宝石,親愛度ランクを2250回上げよう
822,43,2017/07/01 1:00:00,2050/01/01 4:59:59,331566,500,宝石,親愛度ランクを2300回上げよう
822,43,2017/07/01 1:00:00,2050/01/01 4:59:59,331567,500,宝石,親愛度ランクを2350回上げよう
822,43,2017/07/01 1:00:00,2050/01/01 4:59:59,331568,500,宝石,親愛度ランクを2400回上げよう
822,43,2017/07/01 1:00:00,2050/01/01 4:59:59,331569,500,宝石,親愛度ランクを2450回上げよう
822,43,2017/07/01 1:00:00,2050/01/01 4:59:59,331570,500,宝石,親愛度ランクを2500回上げよう
822,43,2017/07/01 1:00:00,2050/01/01 4:59:59,331571,500,宝石,親愛度ランクを2550回上げよう
822,43,2017/07/01 1:00:00,2050/01/01 4:59:59,331572,500,宝石,親愛度ランクを2600回上げよう
822,43,2017/07/01 1:00:00,2050/01/01 4:59:59,331573,500,宝石,親愛度ランクを2650回上げよう
822,43,2017/07/01 1:00:00,2050/01/01 4:59:59,331574,500,宝石,親愛度ランクを2700回上げよう
822,43,2017/07/01 1:00:00,2050/01/01 4:59:59,331575,500,宝石,親愛度ランクを2750回上げよう
822,43,2017/07/01 1:00:00,2050/01/01 4:59:59,331576,500,宝石,親愛度ランクを2800回上げよう
822,43,2017/07/01 1:00:00,2050/01/01 4:59:59,331577,500,宝石,親愛度ランクを2850回上げよう
822,43,2017/07/01 1:00:00,2050/01/01 4:59:59,331578,500,宝石,親愛度ランクを2900回上げよう
822,43,2017/07/01 1:00:00,2050/01/01 4:59:59,331579,500,宝石,親愛度ランクを2950回上げよう
822,43,2017/07/01 1:00:00,2050/01/01 4:59:59,331580,1000,宝石,親愛度ランクを3000回上げよう
823,43,2017/07/01 1:00:00,2050/01/01 4:59:59,331600,30,宝石,1位优俊少女\n粉丝数达到至少100万人
823,43,2017/07/01 1:00:00,2050/01/01 4:59:59,331601,30,宝石,2位优俊少女\n粉丝数达到至少100万人
823,43,2017/07/01 1:00:00,2050/01/01 4:59:59,331602,30,宝石,3位优俊少女\n粉丝数达到至少100万人
823,43,2017/07/01 1:00:00,2050/01/01 4:59:59,331603,30,宝石,4位优俊少女\n粉丝数达到至少100万人
823,43,2017/07/01 1:00:00,2050/01/01 4:59:59,331604,30,宝石,5位优俊少女\n粉丝数达到至少100万人
823,43,2017/07/01 1:00:00,2050/01/01 4:59:59,331605,30,宝石,6位优俊少女\n粉丝数达到至少100万人
823,43,2017/07/01 1:00:00,2050/01/01 4:59:59,331606,30,宝石,7位优俊少女\n粉丝数达到至少100万人
823,43,2017/07/01 1:00:00,2050/01/01 4:59:59,331607,30,宝石,8位优俊少女\n粉丝数达到至少100万人
823,43,2017/07/01 1:00:00,2050/01/01 4:59:59,331608,30,宝石,9位优俊少女\n粉丝数达到至少100万人
823,43,2017/07/01 1:00:00,2050/01/01 4:59:59,331609,50,宝石,10位优俊少女\n粉丝数达到至少100万人
823,43,2017/07/01 1:00:00,2050/01/01 4:59:59,331610,50,宝石,15位优俊少女\n粉丝数达到至少100万人
823,43,2017/07/01 1:00:00,2050/01/01 4:59:59,331611,50,宝石,20位优俊少女\n粉丝数达到至少100万人
823,43,2017/07/01 1:00:00,2050/01/01 4:59:59,331612,50,宝石,25位优俊少女\n粉丝数达到至少100万人
823,43,2017/07/01 1:00:00,2050/01/01 4:59:59,331613,50,宝石,30位优俊少女\n粉丝数达到至少100万人
823,43,2017/07/01 1:00:00,2050/01/01 4:59:59,331614,50,宝石,35位优俊少女\n粉丝数达到至少100万人
823,43,2017/07/01 1:00:00,2050/01/01 4:59:59,331615,50,宝石,40位优俊少女\n粉丝数达到至少100万人
823,43,2017/07/01 1:00:00,2050/01/01 4:59:59,331616,50,宝石,45位优俊少女\n粉丝数达到至少100万人
823,43,2017/07/01 1:00:00,2050/01/01 4:59:59,331617,50,宝石,50位优俊少女\n粉丝数达到至少100万人
823,43,2017/07/01 1:00:00,2050/01/01 4:59:59,331618,50,宝石,55位优俊少女\n粉丝数达到至少100万人
823,43,2017/07/01 1:00:00,2050/01/01 4:59:59,331619,50,宝石,60位优俊少女\n粉丝数达到至少100万人
823,43,2017/07/01 1:00:00,2050/01/01 4:59:59,331620,50,宝石,65位优俊少女\n粉丝数达到至少100万人
823,43,2017/07/01 1:00:00,2050/01/01 4:59:59,331621,50,宝石,70位优俊少女\n粉丝数达到至少100万人
823,43,2017/07/01 1:00:00,2050/01/01 4:59:59,331622,50,宝石,75位优俊少女\n粉丝数达到至少100万人
823,43,2017/07/01 1:00:00,2050/01/01 4:59:59,331623,50,宝石,80位优俊少女\n粉丝数达到至少100万人
823,43,2017/07/01 1:00:00,2050/01/01 4:59:59,331624,50,宝石,85位优俊少女\n粉丝数达到至少100万人
823,43,2017/07/01 1:00:00,2050/01/01 4:59:59,331625,50,宝石,90位优俊少女\n粉丝数达到至少100万人
823,43,2017/07/01 1:00:00,2050/01/01 4:59:59,331626,50,宝石,95位优俊少女\n粉丝数达到至少100万人
823,43,2017/07/01 1:00:00,2050/01/01 4:59:59,331627,50,宝石,100位优俊少女\n粉丝数达到至少100万人
823,43,2017/07/01 1:00:00,2050/01/01 4:59:59,331628,50,宝石,110位优俊少女\n粉丝数达到至少100万人
823,43,2017/07/01 1:00:00,2050/01/01 4:59:59,331629,50,宝石,120位优俊少女\n粉丝数达到至少100万人
823,43,2017/07/01 1:00:00,2050/01/01 4:59:59,331630,50,宝石,130位优俊少女\n粉丝数达到至少100万人
823,43,2017/07/01 1:00:00,2050/01/01 4:59:59,331631,50,宝石,140位优俊少女\n粉丝数达到至少100万人
823,43,2017/07/01 1:00:00,2050/01/01 4:59:59,331632,50,宝石,150位优俊少女\n粉丝数达到至少100万人
823,43,2017/07/01 1:00:00,2050/01/01 4:59:59,331633,50,宝石,160位优俊少女\n粉丝数达到至少100万人
823,43,2017/07/01 1:00:00,2050/01/01 4:59:59,331634,50,宝石,170位优俊少女\n粉丝数达到至少100万人
823,43,2017/07/01 1:00:00,2050/01/01 4:59:59,331635,50,宝石,180位优俊少女\n粉丝数达到至少100万人
823,43,2017/07/01 1:00:00,2050/01/01 4:59:59,331636,50,宝石,190位优俊少女\n粉丝数达到至少100万人
823,43,2017/07/01 1:00:00,2050/01/01 4:59:59,331637,50,宝石,200位优俊少女\n粉丝数达到至少100万人
823,43,2017/07/01 1:00:00,2050/01/01 4:59:59,331638,50,宝石,210位优俊少女\n粉丝数达到至少100万人
823,43,2017/07/01 1:00:00,2050/01/01 4:59:59,331639,50,宝石,220位优俊少女\n粉丝数达到至少100万人
823,43,2017/07/01 1:00:00,2050/01/01 4:59:59,331640,50,宝石,230位优俊少女\n粉丝数达到至少100万人
823,43,2017/07/01 1:00:00,2050/01/01 4:59:59,331641,50,宝石,240位优俊少女\n粉丝数达到至少100万人
823,43,2017/07/01 1:00:00,2050/01/01 4:59:59,331642,50,宝石,250位优俊少女\n粉丝数达到至少100万人
823,43,2017/07/01 1:00:00,2050/01/01 4:59:59,331643,50,宝石,260位优俊少女\n粉丝数达到至少100万人
823,43,2017/07/01 1:00:00,2050/01/01 4:59:59,331644,50,宝石,270位优俊少女\n粉丝数达到至少100万人
823,43,2017/07/01 1:00:00,2050/01/01 4:59:59,331645,50,宝石,280位优俊少女\n粉丝数达到至少100万人
823,43,2017/07/01 1:00:00,2050/01/01 4:59:59,331646,50,宝石,290位优俊少女\n粉丝数达到至少100万人
823,43,2017/07/01 1:00:00,2050/01/01 4:59:59,331647,50,宝石,300位优俊少女\n粉丝数达到至少100万人
823,43,2017/07/01 1:00:00,2050/01/01 4:59:59,331648,50,宝石,310人のウマ娘を\nファン数100万人以上にしよう
823,43,2017/07/01 1:00:00,2050/01/01 4:59:59,331649,50,宝石,320人のウマ娘を\nファン数100万人以上にしよう
823,43,2017/07/01 1:00:00,2050/01/01 4:59:59,331650,50,宝石,330人のウマ娘を\nファン数100万人以上にしよう
823,43,2017/07/01 1:00:00,2050/01/01 4:59:59,331651,50,宝石,340人のウマ娘を\nファン数100万人以上にしよう
823,43,2017/07/01 1:00:00,2050/01/01 4:59:59,331652,50,宝石,350人のウマ娘を\nファン数100万人以上にしよう
823,43,2017/07/01 1:00:00,2050/01/01 4:59:59,331653,50,宝石,360人のウマ娘を\nファン数100万人以上にしよう
823,43,2017/07/01 1:00:00,2050/01/01 4:59:59,331654,50,宝石,370人のウマ娘を\nファン数100万人以上にしよう
823,43,2017/07/01 1:00:00,2050/01/01 4:59:59,331655,50,宝石,380人のウマ娘を\nファン数100万人以上にしよう
823,43,2017/07/01 1:00:00,2050/01/01 4:59:59,331656,50,宝石,390人のウマ娘を\nファン数100万人以上にしよう
823,43,2017/07/01 1:00:00,2050/01/01 4:59:59,331657,50,宝石,400人のウマ娘を\nファン数100万人以上にしよう
142,43,2024/09/10 12:00:00,2050/01/01 4:59:59,331700,30,宝石,全国興行を1回完了しよう
142,43,2024/09/10 12:00:00,2050/01/01 4:59:59,331701,30,宝石,全国興行を10回完了しよう
142,43,2024/09/10 12:00:00,2050/01/01 4:59:59,331702,30,宝石,全国興行を30回完了しよう
142,43,2024/09/10 12:00:00,2050/01/01 4:59:59,331703,30,宝石,全国興行を50回完了しよう
740,43,2017/07/01 1:00:00,2050/01/01 4:59:59,333000,10,宝石,获得\n10种协助卡
740,43,2017/07/01 1:00:00,2050/01/01 4:59:59,333001,10,宝石,获得\n15种协助卡
740,43,2017/07/01 1:00:00,2050/01/01 4:59:59,333002,10,宝石,获得\n20种协助卡
740,43,2017/07/01 1:00:00,2050/01/01 4:59:59,333003,10,宝石,获得\n25种协助卡
740,43,2017/07/01 1:00:00,2050/01/01 4:59:59,333004,10,宝石,获得\n30种协助卡
740,43,2017/07/01 1:00:00,2050/01/01 4:59:59,333005,10,宝石,获得\n35种协助卡
740,43,2017/07/01 1:00:00,2050/01/01 4:59:59,333006,30,宝石,获得\n40种协助卡
740,43,2017/07/01 1:00:00,2050/01/01 4:59:59,333007,30,宝石,获得\n45种协助卡
740,43,2017/07/01 1:00:00,2050/01/01 4:59:59,333008,30,宝石,获得\n50种协助卡
740,43,2017/07/01 1:00:00,2050/01/01 4:59:59,333009,30,宝石,获得\n55种协助卡
740,43,2017/07/01 1:00:00,2050/01/01 4:59:59,333010,50,宝石,获得\n60种协助卡
740,43,2017/07/01 1:00:00,2050/01/01 4:59:59,333011,50,宝石,获得\n65种协助卡
740,43,2017/07/01 1:00:00,2050/01/01 4:59:59,333012,50,宝石,获得\n70种协助卡
740,43,2017/07/01 1:00:00,2050/01/01 4:59:59,333013,50,宝石,获得\n75种协助卡
740,43,2017/07/01 1:00:00,2050/01/01 4:59:59,333014,50,宝石,获得\n80种协助卡
740,43,2017/07/01 1:00:00,2050/01/01 4:59:59,333015,50,宝石,获得\n85种协助卡
740,43,2017/07/01 1:00:00,2050/01/01 4:59:59,333016,50,宝石,获得\n90种协助卡
740,43,2017/07/01 1:00:00,2050/01/01 4:59:59,333017,50,宝石,获得\n95种协助卡
740,43,2017/07/01 1:00:00,2050/01/01 4:59:59,333018,50,宝石,获得\n100种协助卡
740,43,2017/07/01 1:00:00,2050/01/01 4:59:59,333019,50,宝石,获得\n105种协助卡
740,43,2017/07/01 1:00:00,2050/01/01 4:59:59,333020,50,宝石,获得\n110种协助卡
740,43,2017/07/01 1:00:00,2050/01/01 4:59:59,333021,50,宝石,获得\n115种协助卡
740,43,2017/07/01 1:00:00,2050/01/01 4:59:59,333022,50,宝石,获得\n120种协助卡
740,43,2017/07/01 1:00:00,2050/01/01 4:59:59,333023,50,宝石,获得\n125种协助卡
740,43,2017/07/01 1:00:00,2050/01/01 4:59:59,333024,50,宝石,获得\n130种协助卡
740,43,2017/07/01 1:00:00,2050/01/01 4:59:59,333025,50,宝石,获得\n135种协助卡
740,43,2017/07/01 1:00:00,2050/01/01 4:59:59,333026,50,宝石,获得\n140种协助卡
740,43,2017/07/01 1:00:00,2050/01/01 4:59:59,333027,50,宝石,获得\n145种协助卡
740,43,2017/07/01 1:00:00,2050/01/01 4:59:59,333028,50,宝石,获得\n150种协助卡
740,43,2017/07/01 1:00:00,2050/01/01 4:59:59,333029,50,宝石,获得\n155种协助卡
740,43,2017/07/01 1:00:00,2050/01/01 4:59:59,333030,50,宝石,获得\n160种协助卡
740,43,2017/07/01 1:00:00,2050/01/01 4:59:59,333031,50,宝石,获得\n165种协助卡
740,43,2017/07/01 1:00:00,2050/01/01 4:59:59,333032,50,宝石,获得\n170种协助卡
740,43,2017/07/01 1:00:00,2050/01/01 4:59:59,333033,50,宝石,获得\n175种协助卡
740,43,2017/07/01 1:00:00,2050/01/01 4:59:59,333034,50,宝石,获得\n180种协助卡
740,43,2017/07/01 1:00:00,2050/01/01 4:59:59,333035,50,宝石,获得\n185种协助卡
740,43,2017/07/01 1:00:00,2050/01/01 4:59:59,333036,50,宝石,获得\n190种协助卡
740,43,2017/07/01 1:00:00,2050/01/01 4:59:59,333037,50,宝石,获得\n195种协助卡
740,43,2017/07/01 1:00:00,2050/01/01 4:59:59,333038,50,宝石,获得\n200种协助卡
740,43,2017/07/01 1:00:00,2050/01/01 4:59:59,333039,50,宝石,获得\n205种协助卡
740,43,2017/07/01 1:00:00,2050/01/01 4:59:59,333040,50,宝石,获得\n210种协助卡
740,43,2017/07/01 1:00:00,2050/01/01 4:59:59,333041,50,宝石,获得\n215种协助卡
740,43,2017/07/01 1:00:00,2050/01/01 4:59:59,333042,50,宝石,获得\n220种协助卡
740,43,2017/07/01 1:00:00,2050/01/01 4:59:59,333043,50,宝石,获得\n225种协助卡
740,43,2017/07/01 1:00:00,2050/01/01 4:59:59,333044,50,宝石,获得\n230种协助卡
740,43,2017/07/01 1:00:00,2050/01/01 4:59:59,333045,50,宝石,获得\n235种协助卡
740,43,2017/07/01 1:00:00,2050/01/01 4:59:59,333046,50,宝石,获得\n240种协助卡
740,43,2017/07/01 1:00:00,2050/01/01 4:59:59,333047,50,宝石,获得\n245种协助卡
740,43,2017/07/01 1:00:00,2050/01/01 4:59:59,333048,50,宝石,获得\n250种协助卡
740,43,2017/07/01 1:00:00,2050/01/01 4:59:59,333049,50,宝石,获得\n255种协助卡
740,43,2017/07/01 1:00:00,2050/01/01 4:59:59,333050,50,宝石,获得\n260种协助卡
740,43,2017/07/01 1:00:00,2050/01/01 4:59:59,333051,50,宝石,获得\n265种协助卡
740,43,2017/07/01 1:00:00,2050/01/01 4:59:59,333052,50,宝石,获得\n270种协助卡
740,43,2017/07/01 1:00:00,2050/01/01 4:59:59,333053,50,宝石,获得\n275种协助卡
740,43,2017/07/01 1:00:00,2050/01/01 4:59:59,333054,50,宝石,获得\n280种协助卡
740,43,2017/07/01 1:00:00,2050/01/01 4:59:59,333055,50,宝石,获得\n285种协助卡
740,43,2017/07/01 1:00:00,2050/01/01 4:59:59,333056,50,宝石,获得\n290种协助卡
740,43,2017/07/01 1:00:00,2050/01/01 4:59:59,333057,50,宝石,获得\n295种协助卡
740,43,2017/07/01 1:00:00,2050/01/01 4:59:59,333058,50,宝石,获得\n300种协助卡
740,43,2017/07/01 1:00:00,2050/01/01 4:59:59,333059,50,宝石,获得\n305种协助卡
740,43,2017/07/01 1:00:00,2050/01/01 4:59:59,333060,50,宝石,获得\n310种协助卡
740,43,2017/07/01 1:00:00,2050/01/01 4:59:59,333061,50,宝石,获得\n315种协助卡
740,43,2017/07/01 1:00:00,2050/01/01 4:59:59,333062,50,宝石,获得\n320种协助卡
740,43,2017/07/01 1:00:00,2050/01/01 4:59:59,333063,50,宝石,获得\n325种协助卡
740,43,2017/07/01 1:00:00,2050/01/01 4:59:59,333064,50,宝石,获得\n330种协助卡
740,43,2017/07/01 1:00:00,2050/01/01 4:59:59,333065,50,宝石,获得\n335种协助卡
740,43,2017/07/01 1:00:00,2050/01/01 4:59:59,333066,50,宝石,获得\n340种协助卡
740,43,2017/07/01 1:00:00,2050/01/01 4:59:59,333067,50,宝石,获得\n345种协助卡
740,43,2017/07/01 1:00:00,2050/01/01 4:59:59,333068,50,宝石,获得\n350种协助卡
740,43,2017/07/01 1:00:00,2050/01/01 4:59:59,333069,50,宝石,获得\n355种协助卡
740,43,2017/07/01 1:00:00,2050/01/01 4:59:59,333070,50,宝石,获得\n360种协助卡
740,43,2017/07/01 1:00:00,2050/01/01 4:59:59,333071,50,宝石,获得\n365种协助卡
740,43,2017/07/01 1:00:00,2050/01/01 4:59:59,333072,50,宝石,获得\n370种协助卡
740,43,2017/07/01 1:00:00,2050/01/01 4:59:59,333073,50,宝石,获得\n375种协助卡
740,43,2017/07/01 1:00:00,2050/01/01 4:59:59,333074,50,宝石,获得\n380种协助卡
740,43,2017/07/01 1:00:00,2050/01/01 4:59:59,333075,50,宝石,获得\n385种协助卡
740,43,2017/07/01 1:00:00,2050/01/01 4:59:59,333076,50,宝石,获得\n390种协助卡
740,43,2017/07/01 1:00:00,2050/01/01 4:59:59,333077,50,宝石,获得\n395种协助卡
740,43,2017/07/01 1:00:00,2050/01/01 4:59:59,333078,50,宝石,获得\n400种协助卡
740,43,2017/07/01 1:00:00,2050/01/01 4:59:59,333079,50,宝石,获得\n405种协助卡
740,43,2017/07/01 1:00:00,2050/01/01 4:59:59,333080,50,宝石,获得\n410种协助卡
740,43,2017/07/01 1:00:00,2050/01/01 4:59:59,333081,50,宝石,获得\n415种协助卡
740,43,2017/07/01 1:00:00,2050/01/01 4:59:59,333082,50,宝石,获得\n420种协助卡
740,43,2017/07/01 1:00:00,2050/01/01 4:59:59,333083,50,宝石,获得\n425种协助卡
740,43,2017/07/01 1:00:00,2050/01/01 4:59:59,333084,50,宝石,获得\n430种协助卡
740,43,2017/07/01 1:00:00,2050/01/01 4:59:59,333085,50,宝石,获得\n435种协助卡
740,43,2017/07/01 1:00:00,2050/01/01 4:59:59,333086,50,宝石,获得\n440种协助卡
740,43,2017/07/01 1:00:00,2050/01/01 4:59:59,333087,50,宝石,获得\n445种协助卡
740,43,2017/07/01 1:00:00,2050/01/01 4:59:59,333088,50,宝石,获得\n450种协助卡
740,43,2017/07/01 1:00:00,2050/01/01 4:59:59,333089,50,宝石,获得\n455种协助卡
740,43,2017/07/01 1:00:00,2050/01/01 4:59:59,333090,50,宝石,获得\n460种协助卡
740,43,2017/07/01 1:00:00,2050/01/01 4:59:59,333091,50,宝石,获得\n465种协助卡
740,43,2017/07/01 1:00:00,2050/01/01 4:59:59,333092,50,宝石,获得\n470种协助卡
740,43,2017/07/01 1:00:00,2050/01/01 4:59:59,333093,50,宝石,获得\n475种协助卡
740,43,2017/07/01 1:00:00,2050/01/01 4:59:59,333094,50,宝石,获得\n480种协助卡
740,43,2017/07/01 1:00:00,2050/01/01 4:59:59,333095,50,宝石,获得\n485种协助卡
740,43,2017/07/01 1:00:00,2050/01/01 4:59:59,333096,50,宝石,获得\n490种协助卡
740,43,2017/07/01 1:00:00,2050/01/01 4:59:59,333097,50,宝石,获得\n495种协助卡
740,43,2017/07/01 1:00:00,2050/01/01 4:59:59,333098,50,宝石,获得\n500种协助卡
740,43,2025/08/14 12:00:00,2050/01/01 4:59:59,333099,50,宝石,サポートカードを\n510種類獲得しよう
740,43,2025/08/14 12:00:00,2050/01/01 4:59:59,333100,50,宝石,サポートカードを\n520種類獲得しよう
740,43,2025/08/14 12:00:00,2050/01/01 4:59:59,333101,50,宝石,サポートカードを\n530種類獲得しよう
740,43,2025/08/14 12:00:00,2050/01/01 4:59:59,333102,50,宝石,サポートカードを\n540種類獲得しよう
740,43,2025/08/14 12:00:00,2050/01/01 4:59:59,333103,50,宝石,サポートカードを\n550種類獲得しよう
740,43,2025/08/14 12:00:00,2050/01/01 4:59:59,333104,50,宝石,サポートカードを\n560種類獲得しよう
740,43,2025/08/14 12:00:00,2050/01/01 4:59:59,333105,50,宝石,サポートカードを\n570種類獲得しよう
740,43,2025/08/14 12:00:00,2050/01/01 4:59:59,333106,50,宝石,サポートカードを\n580種類獲得しよう
740,43,2025/08/14 12:00:00,2050/01/01 4:59:59,333107,50,宝石,サポートカードを\n590種類獲得しよう
740,43,2025/08/14 12:00:00,2050/01/01 4:59:59,333108,50,宝石,サポートカードを\n600種類獲得しよう
740,43,2025/08/14 12:00:00,2050/01/01 4:59:59,333109,50,宝石,サポートカードを\n610種類獲得しよう
740,43,2025/08/14 12:00:00,2050/01/01 4:59:59,333110,50,宝石,サポートカードを\n620種類獲得しよう
740,43,2025/08/14 12:00:00,2050/01/01 4:59:59,333111,50,宝石,サポートカードを\n630種類獲得しよう
740,43,2025/08/14 12:00:00,2050/01/01 4:59:59,333112,50,宝石,サポートカードを\n640種類獲得しよう
740,43,2025/08/14 12:00:00,2050/01/01 4:59:59,333113,50,宝石,サポートカードを\n650種類獲得しよう
740,43,2025/08/14 12:00:00,2050/01/01 4:59:59,333114,50,宝石,サポートカードを\n660種類獲得しよう
740,43,2025/08/14 12:00:00,2050/01/01 4:59:59,333115,50,宝石,サポートカードを\n670種類獲得しよう
740,43,2025/08/14 12:00:00,2050/01/01 4:59:59,333116,50,宝石,サポートカードを\n680種類獲得しよう
740,43,2025/08/14 12:00:00,2050/01/01 4:59:59,333117,50,宝石,サポートカードを\n690種類獲得しよう
740,43,2025/08/14 12:00:00,2050/01/01 4:59:59,333118,50,宝石,サポートカードを\n700種類獲得しよう
740,43,2025/08/14 12:00:00,2050/01/01 4:59:59,333119,50,宝石,サポートカードを\n710種類獲得しよう
740,43,2025/08/14 12:00:00,2050/01/01 4:59:59,333120,50,宝石,サポートカードを\n720種類獲得しよう
740,43,2025/08/14 12:00:00,2050/01/01 4:59:59,333121,50,宝石,サポートカードを\n730種類獲得しよう
740,43,2025/08/14 12:00:00,2050/01/01 4:59:59,333122,50,宝石,サポートカードを\n740種類獲得しよう
740,43,2025/08/14 12:00:00,2050/01/01 4:59:59,333123,50,宝石,サポートカードを\n750種類獲得しよう
740,43,2025/08/14 12:00:00,2050/01/01 4:59:59,333124,50,宝石,サポートカードを\n760種類獲得しよう
740,43,2025/08/14 12:00:00,2050/01/01 4:59:59,333125,50,宝石,サポートカードを\n770種類獲得しよう
740,43,2025/08/14 12:00:00,2050/01/01 4:59:59,333126,50,宝石,サポートカードを\n780種類獲得しよう
740,43,2025/08/14 12:00:00,2050/01/01 4:59:59,333127,50,宝石,サポートカードを\n790種類獲得しよう
740,43,2025/08/14 12:00:00,2050/01/01 4:59:59,333128,50,宝石,サポートカードを\n800種類獲得しよう
1100,43,2017/07/01 1:00:00,2050/01/01 4:59:59,334000,50,宝石,获得\n5位优俊少女（含不同服装）
1100,43,2017/07/01 1:00:00,2050/01/01 4:59:59,334001,50,宝石,获得\n10位优俊少女（含不同服装）
1100,43,2017/07/01 1:00:00,2050/01/01 4:59:59,334002,50,宝石,获得\n15位优俊少女（含不同服装）
1100,43,2017/07/01 1:00:00,2050/01/01 4:59:59,334003,50,宝石,获得\n20位优俊少女（含不同服装）
1100,43,2017/07/01 1:00:00,2050/01/01 4:59:59,334004,50,宝石,获得\n25位优俊少女（含不同服装）
1100,43,2017/07/01 1:00:00,2050/01/01 4:59:59,334005,50,宝石,获得\n30位优俊少女（含不同服装）
1100,43,2017/07/01 1:00:00,2050/01/01 4:59:59,334006,50,宝石,获得\n35位优俊少女（含不同服装）
1100,43,2017/07/01 1:00:00,2050/01/01 4:59:59,334007,50,宝石,获得\n40位优俊少女（含不同服装）
1100,43,2017/07/01 1:00:00,2050/01/01 4:59:59,334008,50,宝石,获得\n45位优俊少女（含不同服装）
1100,43,2017/07/01 1:00:00,2050/01/01 4:59:59,334009,50,宝石,获得\n50位优俊少女（含不同服装）
1100,43,2017/07/01 1:00:00,2050/01/01 4:59:59,334010,50,宝石,获得\n55位优俊少女（含不同服装）
1100,43,2017/07/01 1:00:00,2050/01/01 4:59:59,334011,50,宝石,获得\n60位优俊少女（含不同服装）
1100,43,2017/07/01 1:00:00,2050/01/01 4:59:59,334012,50,宝石,获得\n65位优俊少女（含不同服装）
1100,43,2017/07/01 1:00:00,2050/01/01 4:59:59,334013,50,宝石,获得\n70位优俊少女（含不同服装）
1100,43,2017/07/01 1:00:00,2050/01/01 4:59:59,334014,50,宝石,获得\n75位优俊少女（含不同服装）
1100,43,2017/07/01 1:00:00,2050/01/01 4:59:59,334015,50,宝石,获得\n80位优俊少女（含不同服装）
1100,43,2017/07/01 1:00:00,2050/01/01 4:59:59,334016,50,宝石,获得\n85位优俊少女（含不同服装）
1100,43,2017/07/01 1:00:00,2050/01/01 4:59:59,334017,50,宝石,获得\n90位优俊少女（含不同服装）
1100,43,2017/07/01 1:00:00,2050/01/01 4:59:59,334018,50,宝石,获得\n95位优俊少女（含不同服装）
1100,43,2017/07/01 1:00:00,2050/01/01 4:59:59,334019,50,宝石,获得\n100位优俊少女（含不同服装）
1100,43,2017/07/01 1:00:00,2050/01/01 4:59:59,334020,50,宝石,获得\n105位优俊少女（含不同服装）
1100,43,2017/07/01 1:00:00,2050/01/01 4:59:59,334021,50,宝石,获得\n110位优俊少女（含不同服装）
1100,43,2017/07/01 1:00:00,2050/01/01 4:59:59,334022,50,宝石,获得\n115位优俊少女（含不同服装）
1100,43,2017/07/01 1:00:00,2050/01/01 4:59:59,334023,50,宝石,获得\n120位优俊少女（含不同服装）
1100,43,2017/07/01 1:00:00,2050/01/01 4:59:59,334024,50,宝石,获得\n125位优俊少女（含不同服装）
1100,43,2017/07/01 1:00:00,2050/01/01 4:59:59,334025,50,宝石,获得\n130位优俊少女（含不同服装）
1100,43,2017/07/01 1:00:00,2050/01/01 4:59:59,334026,50,宝石,获得\n135位优俊少女（含不同服装）
1100,43,2017/07/01 1:00:00,2050/01/01 4:59:59,334027,50,宝石,获得\n140位优俊少女（含不同服装）
1100,43,2017/07/01 1:00:00,2050/01/01 4:59:59,334028,50,宝石,获得\n145位优俊少女（含不同服装）
1100,43,2017/07/01 1:00:00,2050/01/01 4:59:59,334029,50,宝石,获得\n150位优俊少女（含不同服装）
1100,43,2017/07/01 1:00:00,2050/01/01 4:59:59,334030,50,宝石,获得\n155位优俊少女（含不同服装）
1100,43,2017/07/01 1:00:00,2050/01/01 4:59:59,334031,50,宝石,获得\n160位优俊少女（含不同服装）
1100,43,2017/07/01 1:00:00,2050/01/01 4:59:59,334032,50,宝石,获得\n165位优俊少女（含不同服装）
1100,43,2017/07/01 1:00:00,2050/01/01 4:59:59,334033,50,宝石,获得\n170位优俊少女（含不同服装）
1100,43,2017/07/01 1:00:00,2050/01/01 4:59:59,334034,50,宝石,获得\n175位优俊少女（含不同服装）
1100,43,2017/07/01 1:00:00,2050/01/01 4:59:59,334035,50,宝石,获得\n180位优俊少女（含不同服装）
1100,43,2017/07/01 1:00:00,2050/01/01 4:59:59,334036,50,宝石,获得\n185位优俊少女（含不同服装）
1100,43,2017/07/01 1:00:00,2050/01/01 4:59:59,334037,50,宝石,获得\n190位优俊少女（含不同服装）
1100,43,2017/07/01 1:00:00,2050/01/01 4:59:59,334038,50,宝石,获得\n195位优俊少女（含不同服装）
1100,43,2017/07/01 1:00:00,2050/01/01 4:59:59,334039,50,宝石,获得\n200位优俊少女（含不同服装）
1100,43,2017/07/01 1:00:00,2050/01/01 4:59:59,334040,50,宝石,获得\n205位优俊少女（含不同服装）
1100,43,2017/07/01 1:00:00,2050/01/01 4:59:59,334041,50,宝石,获得\n210位优俊少女（含不同服装）
1100,43,2017/07/01 1:00:00,2050/01/01 4:59:59,334042,50,宝石,获得\n215位优俊少女（含不同服装）
1100,43,2017/07/01 1:00:00,2050/01/01 4:59:59,334043,50,宝石,获得\n220位优俊少女（含不同服装）
1100,43,2017/07/01 1:00:00,2050/01/01 4:59:59,334044,50,宝石,获得\n225位优俊少女（含不同服装）
1100,43,2017/07/01 1:00:00,2050/01/01 4:59:59,334045,50,宝石,获得\n230位优俊少女（含不同服装）
1100,43,2017/07/01 1:00:00,2050/01/01 4:59:59,334046,50,宝石,获得\n235位优俊少女（含不同服装）
1100,43,2017/07/01 1:00:00,2050/01/01 4:59:59,334047,50,宝石,获得\n240位优俊少女（含不同服装）
1100,43,2017/07/01 1:00:00,2050/01/01 4:59:59,334048,50,宝石,获得\n245位优俊少女（含不同服装）
1100,43,2017/07/01 1:00:00,2050/01/01 4:59:59,334049,50,宝石,获得\n250位优俊少女（含不同服装）
1100,43,2017/07/01 1:00:00,2050/01/01 4:59:59,334050,50,宝石,获得\n255位优俊少女（含不同服装）
1100,43,2017/07/01 1:00:00,2050/01/01 4:59:59,334051,50,宝石,获得\n260位优俊少女（含不同服装）
1100,43,2017/07/01 1:00:00,2050/01/01 4:59:59,334052,50,宝石,获得\n265位优俊少女（含不同服装）
1100,43,2017/07/01 1:00:00,2050/01/01 4:59:59,334053,50,宝石,获得\n270位优俊少女（含不同服装）
1100,43,2017/07/01 1:00:00,2050/01/01 4:59:59,334054,50,宝石,获得\n275位优俊少女（含不同服装）
1100,43,2017/07/01 1:00:00,2050/01/01 4:59:59,334055,50,宝石,获得\n280位优俊少女（含不同服装）
1100,43,2017/07/01 1:00:00,2050/01/01 4:59:59,334056,50,宝石,获得\n285位优俊少女（含不同服装）
1100,43,2017/07/01 1:00:00,2050/01/01 4:59:59,334057,50,宝石,获得\n290位优俊少女（含不同服装）
1100,43,2017/07/01 1:00:00,2050/01/01 4:59:59,334058,50,宝石,获得\n295位优俊少女（含不同服装）
1100,43,2017/07/01 1:00:00,2050/01/01 4:59:59,334059,50,宝石,获得\n300位优俊少女（含不同服装）
1100,43,2017/07/01 1:00:00,2050/01/01 4:59:59,334060,50,宝石,ウマ娘を\n305人獲得しよう
1100,43,2017/07/01 1:00:00,2050/01/01 4:59:59,334061,50,宝石,ウマ娘を\n310人獲得しよう
1100,43,2017/07/01 1:00:00,2050/01/01 4:59:59,334062,50,宝石,ウマ娘を\n315人獲得しよう
1100,43,2017/07/01 1:00:00,2050/01/01 4:59:59,334063,50,宝石,ウマ娘を\n320人獲得しよう
1100,43,2017/07/01 1:00:00,2050/01/01 4:59:59,334064,50,宝石,ウマ娘を\n325人獲得しよう
1100,43,2017/07/01 1:00:00,2050/01/01 4:59:59,334065,50,宝石,ウマ娘を\n330人獲得しよう
1100,43,2017/07/01 1:00:00,2050/01/01 4:59:59,334066,50,宝石,ウマ娘を\n335人獲得しよう
1100,43,2017/07/01 1:00:00,2050/01/01 4:59:59,334067,50,宝石,ウマ娘を\n340人獲得しよう
1100,43,2017/07/01 1:00:00,2050/01/01 4:59:59,334068,50,宝石,ウマ娘を\n345人獲得しよう
1100,43,2017/07/01 1:00:00,2050/01/01 4:59:59,334069,50,宝石,ウマ娘を\n350人獲得しよう
1100,43,2017/07/01 1:00:00,2050/01/01 4:59:59,334070,50,宝石,ウマ娘を\n355人獲得しよう
1100,43,2017/07/01 1:00:00,2050/01/01 4:59:59,334071,50,宝石,ウマ娘を\n360人獲得しよう
1100,43,2017/07/01 1:00:00,2050/01/01 4:59:59,334072,50,宝石,ウマ娘を\n365人獲得しよう
1100,43,2017/07/01 1:00:00,2050/01/01 4:59:59,334073,50,宝石,ウマ娘を\n370人獲得しよう
1100,43,2017/07/01 1:00:00,2050/01/01 4:59:59,334074,50,宝石,ウマ娘を\n375人獲得しよう
1100,43,2017/07/01 1:00:00,2050/01/01 4:59:59,334075,50,宝石,ウマ娘を\n380人獲得しよう
1100,43,2017/07/01 1:00:00,2050/01/01 4:59:59,334076,50,宝石,ウマ娘を\n385人獲得しよう
1100,43,2017/07/01 1:00:00,2050/01/01 4:59:59,334077,50,宝石,ウマ娘を\n390人獲得しよう
1100,43,2017/07/01 1:00:00,2050/01/01 4:59:59,334078,50,宝石,ウマ娘を\n395人獲得しよう
1100,43,2017/07/01 1:00:00,2050/01/01 4:59:59,334079,50,宝石,ウマ娘を\n400人獲得しよう
1500,43,2017/07/01 1:00:00,2050/01/01 4:59:59,340000,50,宝石,特别周的\n亲密度等级达到1级
1501,43,2017/07/01 1:00:00,2050/01/01 4:59:59,340001,50,宝石,无声铃鹿的\n亲密度等级达到1级
1502,43,2017/07/01 1:00:00,2050/01/01 4:59:59,340002,50,宝石,东海帝王的\n亲密度等级达到1级
1503,43,2017/07/01 1:00:00,2050/01/01 4:59:59,340003,50,宝石,丸善斯基的\n亲密度等级达到1级
1504,43,2021/07/12 12:00:00,2050/01/01 4:59:59,340004,50,宝石,富士奇石的\n亲密度等级达到1级
1505,43,2017/07/01 1:00:00,2050/01/01 4:59:59,340005,50,宝石,小栗帽的\n亲密度等级达到1级
1506,43,2017/07/01 1:00:00,2050/01/01 4:59:59,340006,50,宝石,黄金船的\n亲密度等级达到1级
1507,43,2017/07/01 1:00:00,2050/01/01 4:59:59,340007,50,宝石,伏特加的\n亲密度等级达到1级
1508,43,2017/07/01 1:00:00,2050/01/01 4:59:59,340008,50,宝石,大和赤骥的\n亲密度等级达到1级
1509,43,2017/07/01 1:00:00,2050/01/01 4:59:59,340009,50,宝石,大树快车的\n亲密度等级达到1级
1510,43,2017/07/01 1:00:00,2050/01/01 4:59:59,340010,50,宝石,草上飞的\n亲密度等级达到1级
1511,43,2021/06/21 12:00:00,2050/01/01 4:59:59,340011,50,宝石,菱亚马逊的\n亲密度等级达到1级
1512,43,2017/07/01 1:00:00,2050/01/01 4:59:59,340012,50,宝石,目白麦昆的\n亲密度等级达到1级
1513,43,2017/07/01 1:00:00,2050/01/01 4:59:59,340013,50,宝石,神鹰的\n亲密度等级达到1级
1514,43,2021/03/02 12:00:00,2050/01/01 4:59:59,340014,50,宝石,好歌剧的\n亲密度等级达到1级
1515,43,2017/07/01 1:00:00,2050/01/01 4:59:59,340015,50,宝石,鲁道夫象征的\n亲密度等级达到1级
1516,43,2017/07/01 1:00:00,2050/01/01 4:59:59,340016,50,宝石,气槽的\n亲密度等级达到1级
1517,43,2021/06/10 12:00:00,2050/01/01 4:59:59,340017,50,宝石,青云天空的\n亲密度等级达到1级
1518,43,2017/07/01 1:00:00,2050/01/01 4:59:59,340018,50,宝石,重炮的\n亲密度等级达到1级
1519,43,2017/07/01 1:00:00,2050/01/01 4:59:59,340019,50,宝石,目白莱恩的\n亲密度等级达到1级
1520,43,2017/07/01 1:00:00,2050/01/01 4:59:59,340020,50,宝石,米浴的\n亲密度等级达到1级
1521,43,2017/07/01 1:00:00,2050/01/01 4:59:59,340021,50,宝石,爱丽速子的\n亲密度等级达到1级
1522,43,2017/07/01 1:00:00,2050/01/01 4:59:59,340022,50,宝石,胜利奖券的\n亲密度等级达到1级
1523,43,2021/07/20 12:00:00,2050/01/01 4:59:59,340023,50,宝石,黄金城的\n亲密度等级达到1级
1524,43,2017/07/01 1:00:00,2050/01/01 4:59:59,340024,50,宝石,樱花进王的\n亲密度等级达到1级
1525,43,2017/07/01 1:00:00,2050/01/01 4:59:59,340025,50,宝石,超级溪流的\n亲密度等级达到1级
1526,43,2017/07/01 1:00:00,2050/01/01 4:59:59,340026,50,宝石,春乌菈菈的\n亲密度等级达到1级
1527,43,2017/07/01 1:00:00,2050/01/01 4:59:59,340027,50,宝石,待兼福来的\n亲密度等级达到1级
1528,43,2017/07/01 1:00:00,2050/01/01 4:59:59,340028,50,宝石,优秀素质的\n亲密度等级达到1级
1529,43,2017/07/01 1:00:00,2050/01/01 4:59:59,340029,50,宝石,帝王光辉的\n亲密度等级达到1级
1530,43,2021/03/09 12:00:00,2050/01/01 4:59:59,340030,50,宝石,美浦波旁的\n亲密度等级达到1级
1531,43,2021/03/18 12:00:00,2050/01/01 4:59:59,340031,50,宝石,琵琶晨光的\n亲密度等级达到1级
1532,43,2021/04/15 12:00:00,2050/01/01 4:59:59,340032,50,宝石,真机伶的\n亲密度等级达到1级
1533,43,2021/04/26 12:00:00,2050/01/01 4:59:59,340033,50,宝石,成田大进的\n亲密度等级达到1级
1534,43,2021/05/06 12:00:00,2050/01/01 4:59:59,340034,50,宝石,醒目飞鹰的\n亲密度等级达到1级
1535,43,2021/05/17 12:00:00,2050/01/01 4:59:59,340035,50,宝石,成田白仁的\n亲密度等级达到1级
1536,43,2021/08/11 12:00:00,2050/01/01 4:59:59,340036,50,宝石,名将怒涛的\n亲密度等级达到1级
1537,43,2021/08/20 12:00:00,2050/01/01 4:59:59,340037,50,宝石,荣进闪耀的\n亲密度等级达到1级
1538,43,2021/09/10 12:00:00,2050/01/01 4:59:59,340038,50,宝石,菱曙的\n亲密度等级达到1级
1539,43,2021/09/20 12:00:00,2050/01/01 4:59:59,340039,50,宝石,爱丽数码的\n亲密度等级达到1级
1540,43,2021/10/11 12:00:00,2050/01/01 4:59:59,340040,50,宝石,川上公主的\n亲密度等级达到1级
1541,43,2021/10/20 12:00:00,2050/01/01 4:59:59,340041,50,宝石,曼城茶座的\n亲密度等级达到1级
1542,43,2021/11/08 12:00:00,2050/01/01 4:59:59,340042,50,宝石,岛川乔丹的\n亲密度等级达到1级
1543,43,2021/11/19 12:00:00,2050/01/01 4:59:59,340043,50,宝石,目白多伯的\n亲密度等级达到1级
1544,43,2021/12/14 12:00:00,2050/01/01 4:59:59,340044,50,宝石,美妙姿势的\n亲密度等级达到1级
1545,43,2021/12/22 12:00:00,2050/01/01 4:59:59,340045,50,宝石,玉藻十字的\n亲密度等级达到1级
1546,43,2022/01/20 12:00:00,2050/01/01 4:59:59,340046,50,宝石,樱花千代王的\n亲密度等级达到1级
1547,43,2022/02/08 12:00:00,2050/01/01 4:59:59,340047,50,宝石,目白雅丹的\n亲密度等级达到1级
1548,43,2022/02/16 12:00:00,2050/01/01 4:59:59,340048,50,宝石,爱慕织姬的\n亲密度等级达到1级
1549,43,2022/02/24 12:00:00,2050/01/01 4:59:59,340049,50,宝石,北部玄驹的\n亲密度等级达到1级
1550,43,2022/02/24 12:00:00,2050/01/01 4:59:59,340050,50,宝石,待兼唐怀瑟的\n亲密度等级达到1级
1551,43,2022/03/07 12:00:00,2050/01/01 4:59:59,340051,50,宝石,里见光钻的\n亲密度等级达到1级
1552,43,2022/03/18 12:00:00,2050/01/01 4:59:59,340052,50,宝石,目白光明的\n亲密度等级达到1级
1553,43,2022/04/11 12:00:00,2050/01/01 4:59:59,340053,50,宝石,西野花的\n亲密度等级达到1级
1554,43,2022/04/19 12:00:00,2050/01/01 4:59:59,340054,50,宝石,八重无敌的\n亲密度等级达到1级
1555,43,2022/05/10 12:00:00,2050/01/01 4:59:59,340055,50,宝石,艾尼风神的\n亲密度等级达到1级
1556,43,2022/05/20 12:00:00,2050/01/01 4:59:59,340056,50,宝石,目白善信的\n亲密度等级达到1级
1557,43,2022/06/10 12:00:00,2050/01/01 4:59:59,340057,50,宝石,稻荷一的\n亲密度等级达到1级
1558,43,2022/06/20 12:00:00,2050/01/01 4:59:59,340058,50,宝石,东商变革的\n亲密度等级达到1级
1559,43,2022/07/11 12:00:00,2050/01/01 4:59:59,340059,50,宝石,空中神宫的\n亲密度等级达到1级
1560,43,2022/08/10 12:00:00,2050/01/01 4:59:59,340060,50,宝石,青竹回忆的\n亲密度等级达到1级
1561,43,2022/08/19 12:00:00,2050/01/01 4:59:59,340061,50,宝石,小林历奇的\n亲密度等级达到1级
1562,43,2022/09/12 12:00:00,2050/01/01 4:59:59,340062,50,宝石,雪之美人的\n亲密度等级达到1级
1563,43,2022/09/20 12:00:00,2050/01/01 4:59:59,340063,50,宝石,采珠的\n亲密度等级达到1级
1564,43,2022/10/11 12:00:00,2050/01/01 4:59:59,340064,50,宝石,阿斯顿真弓的\n亲密度等级达到1级
1565,43,2022/10/19 12:00:00,2050/01/01 4:59:59,340065,50,宝石,山人西风的\n亲密度等级达到1级
1566,43,2022/11/09 12:00:00,2050/01/01 4:59:59,340066,50,宝石,中山庆典的\n亲密度等级达到1级
1567,43,2022/11/17 12:00:00,2050/01/01 4:59:59,340067,50,宝石,奇锐骏的\n亲密度等级达到1级
1568,43,2022/12/12 12:00:00,2050/01/01 4:59:59,340068,50,宝石,荒漠英雄的\n亲密度等级达到1级
1569,43,2023/01/10 12:00:00,2050/01/01 4:59:59,340069,50,宝石,北幸樽前的\n亲密度等级达到1级
1570,43,2023/01/20 12:00:00,2050/01/01 4:59:59,340070,50,宝石,大拓太阳神的\n亲密度等级达到1级
1571,43,2023/02/13 12:00:00,2050/01/01 4:59:59,340071,50,宝石,新光风的\n亲密度等级达到1级
1572,43,2023/02/24 12:00:00,2050/01/01 4:59:59,340072,50,宝石,千明代表的\n亲密度等级达到1级
1573,43,2023/02/24 12:00:00,2050/01/01 4:59:59,340073,50,宝石,双涡轮的\n亲密度等级达到1级
1574,43,2023/03/10 12:00:00,2050/01/01 4:59:59,340074,50,宝石,第一红宝的\n亲密度等级达到1级
1575,43,2023/03/20 12:00:00,2050/01/01 4:59:59,340075,50,宝石,克里斯象征的\n亲密度等级达到1级
1576,43,2023/04/10 12:00:00,2050/01/01 4:59:59,340076,50,宝石,樱花桂冠的\n亲密度等级达到1级
1577,43,2023/04/19 12:00:00,2050/01/01 4:59:59,340077,50,宝石,新宇宙的\n亲密度等级达到1级
1578,43,2023/05/10 12:00:00,2050/01/01 4:59:59,340078,50,宝石,菱奇宝的\n亲密度等级达到1级
1579,43,2023/05/19 12:00:00,2050/01/01 4:59:59,340079,50,宝石,谷水琴蕾的\n亲密度等级达到1级
1580,43,2023/06/19 12:00:00,2050/01/01 4:59:59,340080,50,宝石,美丽周日的\n亲密度等级达到1级
1581,43,2023/07/10 12:00:00,2050/01/01 4:59:59,340081,50,宝石,葛城荣主的\n亲密度等级达到1级
1582,43,2023/07/21 12:00:00,2050/01/01 4:59:59,340082,50,宝石,天狼星象征的\n亲密度等级达到1级
1583,43,2023/08/24 12:00:00,2050/01/01 4:59:59,340083,50,宝石,成田路的\n亲密度等级达到1级
1584,43,2023/09/20 12:00:00,2050/01/01 4:59:59,340084,50,宝石,喜嘉奇迹的\n亲密度等级达到1级
1585,43,2023/10/19 12:00:00,2050/01/01 4:59:59,340085,50,宝石,目白拉莫娜的\n亲密度等级达到1级
1586,43,2023/11/20 12:00:00,2050/01/01 4:59:59,340086,50,宝石,跳舞城的\n亲密度等级达到1级
1587,43,2023/12/11 12:00:00,2050/01/01 4:59:59,340087,50,宝石,里见皇冠的\n亲密度等级达到1级
1588,43,2023/12/20 12:00:00,2050/01/01 4:59:59,340088,50,宝石,高尚骏逸的\n亲密度等级达到1级
1589,43,2024/01/19 12:00:00,2050/01/01 4:59:59,340089,50,宝石,维普露斯的\n亲密度等级达到1级
1590,43,2024/02/14 12:00:00,2050/01/01 4:59:59,340090,50,宝石,微光飞驹的\n亲密度等级达到1级
1591,43,2024/02/24 12:00:00,2050/01/01 4:59:59,340091,50,宝石,生野狄杜斯的\n亲密度等级达到1级
1592,43,2024/02/24 12:00:00,2050/01/01 4:59:59,340092,50,宝石,鸣声雷动的\n亲密度等级达到1级
1593,43,2024/03/12 12:00:00,2050/01/01 4:59:59,340093,50,宝石,トランセンドの\n親愛度ランクを1にしよう
1594,43,2024/03/21 12:00:00,2050/01/01 4:59:59,340094,50,宝石,ラインクラフトの\n親愛度ランクを1にしよう
1595,43,2024/04/19 12:00:00,2050/01/01 4:59:59,340095,50,宝石,サウンズオブアースの\n親愛度ランクを1にしよう
1596,43,2024/05/20 12:00:00,2050/01/01 4:59:59,340096,50,宝石,ノースフライトの\n親愛度ランクを1にしよう
1597,43,2024/06/13 12:00:00,2050/01/01 4:59:59,340097,50,宝石,ジャングルポケットの\n親愛度ランクを1にしよう
1598,43,2024/06/26 12:00:00,2050/01/01 4:59:59,340098,50,宝石,ドリームジャーニーの\n親愛度ランクを1にしよう
1599,43,2024/07/19 12:00:00,2050/01/01 4:59:59,340099,50,宝石,カルストンライトオの\n親愛度ランクを1にしよう
1600,43,2024/08/24 12:00:00,2050/01/01 4:59:59,340100,50,宝石,ジェンティルドンナの\n親愛度ランクを1にしよう
1601,43,2024/09/10 12:00:00,2050/01/01 4:59:59,340101,50,宝石,シーザリオの\n親愛度ランクを1にしよう
1602,43,2024/09/20 12:00:00,2050/01/01 4:59:59,340102,50,宝石,デュランダルの\n親愛度ランクを1にしよう
1603,43,2024/10/11 12:00:00,2050/01/01 4:59:59,340103,50,宝石,バブルガムフェローの\n親愛度ランクを1にしよう
1604,43,2024/11/18 12:00:00,2050/01/01 4:59:59,340104,50,宝石,エアメサイアの\n親愛度ランクを1にしよう
1605,43,2024/12/10 12:00:00,2050/01/01 4:59:59,340105,50,宝石,ウインバリアシオンの\n親愛度ランクを1にしよう
1606,43,2025/01/20 12:00:00,2050/01/01 4:59:59,340106,50,宝石,フリオーソの\n親愛度ランクを1にしよう
1607,43,2025/02/14 12:00:00,2050/01/01 4:59:59,340107,50,宝石,ツルマルツヨシの\n親愛度ランクを1にしよう
1608,43,2025/02/24 12:00:00,2050/01/01 4:59:59,340108,50,宝石,オルフェーヴルの\n親愛度ランクを1にしよう
1609,43,2025/03/11 12:00:00,2050/01/01 4:59:59,340109,50,宝石,グランアレグリアの\n親愛度ランクを1にしよう
1610,43,2025/03/21 12:00:00,2050/01/01 4:59:59,340110,50,宝石,ノーリーズンの\n親愛度ランクを1にしよう
1611,43,2025/04/21 12:00:00,2050/01/01 4:59:59,340111,50,宝石,フェノーメノの\n親愛度ランクを1にしよう
1612,43,2025/05/12 12:00:00,2050/01/01 4:59:59,340112,50,宝石,ヴィルシーナの\n親愛度ランクを1にしよう
1613,43,2025/05/21 12:00:00,2050/01/01 4:59:59,340113,50,宝石,ラヴズオンリーユーの\n親愛度ランクを1にしよう
1614,43,2025/06/13 12:00:00,2050/01/01 4:59:59,340114,50,宝石,クロノジェネシスの\n親愛度ランクを1にしよう
1615,43,2025/07/22 12:00:00,2050/01/01 4:59:59,340115,50,宝石,フサイチパンドラの\n親愛度ランクを1にしよう
1616,43,2025/08/24 12:00:00,2050/01/01 4:59:59,340116,50,宝石,スティルインラブの\n親愛度ランクを1にしよう
1617,43,2025/09/09 12:00:00,2050/01/01 4:59:59,340117,50,宝石,エスポワールシチーの\n親愛度ランクを1にしよう
1618,43,2025/09/19 12:00:00,2050/01/01 4:59:59,340118,50,宝石,ビリーヴの\n親愛度ランクを1にしよう
1619,43,2025/10/18 21:00:00,2050/01/01 4:59:59,340119,50,宝石,ダンツフレームの\n親愛度ランクを1にしよう
1500,901001,2017/07/01 1:00:00,2050/01/01 4:59:59,341000,1,,特别周的\n亲密度等级达到11级
1501,901002,2017/07/01 1:00:00,2050/01/01 4:59:59,341001,1,,无声铃鹿的\n亲密度等级达到11级
1502,901003,2017/07/01 1:00:00,2050/01/01 4:59:59,341002,1,,东海帝王的\n亲密度等级达到11级
1503,901004,2017/07/01 1:00:00,2050/01/01 4:59:59,341003,1,,丸善斯基的\n亲密度等级达到11级
1504,901005,2017/07/01 1:00:00,2050/01/01 4:59:59,341004,1,,富士奇石的\n亲密度等级达到11级
1505,901006,2017/07/01 1:00:00,2050/01/01 4:59:59,341005,1,,小栗帽的\n亲密度等级达到11级
1506,901007,2017/07/01 1:00:00,2050/01/01 4:59:59,341006,1,,黄金船的\n亲密度等级达到11级
1507,901008,2017/07/01 1:00:00,2050/01/01 4:59:59,341007,1,,伏特加的\n亲密度等级达到11级
1508,901009,2017/07/01 1:00:00,2050/01/01 4:59:59,341008,1,,大和赤骥的\n亲密度等级达到11级
1509,901010,2017/07/01 1:00:00,2050/01/01 4:59:59,341009,1,,大树快车的\n亲密度等级达到11级
1510,901011,2017/07/01 1:00:00,2050/01/01 4:59:59,341010,1,,草上飞的\n亲密度等级达到11级
1511,901012,2017/07/01 1:00:00,2050/01/01 4:59:59,341011,1,,菱亚马逊的\n亲密度等级达到11级
1512,901013,2017/07/01 1:00:00,2050/01/01 4:59:59,341012,1,,目白麦昆的\n亲密度等级达到11级
1513,901014,2017/07/01 1:00:00,2050/01/01 4:59:59,341013,1,,神鹰的\n亲密度等级达到11级
1514,901015,2017/07/01 1:00:00,2050/01/01 4:59:59,341014,1,,好歌剧的\n亲密度等级达到11级
1515,901017,2017/07/01 1:00:00,2050/01/01 4:59:59,341015,1,,鲁道夫象征的\n亲密度等级达到11级
1516,901018,2017/07/01 1:00:00,2050/01/01 4:59:59,341016,1,,气槽的\n亲密度等级达到11级
1517,901020,2017/07/01 1:00:00,2050/01/01 4:59:59,341017,1,,青云天空的\n亲密度等级达到11级
1518,901024,2017/07/01 1:00:00,2050/01/01 4:59:59,341018,1,,重炮的\n亲密度等级达到11级
1519,901027,2017/07/01 1:00:00,2050/01/01 4:59:59,341019,1,,目白莱恩的\n亲密度等级达到11级
1520,901030,2017/07/01 1:00:00,2050/01/01 4:59:59,341020,1,,米浴的\n亲密度等级达到11级
1521,901032,2017/07/01 1:00:00,2050/01/01 4:59:59,341021,1,,爱丽速子的\n亲密度等级达到11级
1522,901035,2017/07/01 1:00:00,2050/01/01 4:59:59,341022,1,,胜利奖券的\n亲密度等级达到11级
1523,901040,2017/07/01 1:00:00,2050/01/01 4:59:59,341023,1,,黄金城的\n亲密度等级达到11级
1524,901041,2017/07/01 1:00:00,2050/01/01 4:59:59,341024,1,,樱花进王的\n亲密度等级达到11级
1525,901045,2017/07/01 1:00:00,2050/01/01 4:59:59,341025,1,,超级溪流的\n亲密度等级达到11级
1526,901052,2017/07/01 1:00:00,2050/01/01 4:59:59,341026,1,,春乌菈菈的\n亲密度等级达到11级
1527,901056,2017/07/01 1:00:00,2050/01/01 4:59:59,341027,1,,待兼福来的\n亲密度等级达到11级
1528,901060,2017/07/01 1:00:00,2050/01/01 4:59:59,341028,1,,优秀素质的\n亲密度等级达到11级
1529,901061,2017/07/01 1:00:00,2050/01/01 4:59:59,341029,1,,帝王光辉的\n亲密度等级达到11级
1530,901026,2017/07/01 1:00:00,2050/01/01 4:59:59,341030,1,,美浦波旁的\n亲密度等级达到11级
1531,901023,2017/07/01 1:00:00,2050/01/01 4:59:59,341031,1,,琵琶晨光的\n亲密度等级达到11级
1532,901038,2017/07/01 1:00:00,2050/01/01 4:59:59,341032,1,,真机伶的\n亲密度等级达到11级
1533,901050,2017/07/01 1:00:00,2050/01/01 4:59:59,341033,1,,成田大进的\n亲密度等级达到11级
1534,901046,2017/07/01 1:00:00,2050/01/01 4:59:59,341034,1,,醒目飞鹰的\n亲密度等级达到11级
1535,901016,2017/07/01 1:00:00,2050/01/01 4:59:59,341035,1,,成田白仁的\n亲密度等级达到11级
1536,901058,2017/07/01 1:00:00,2050/01/01 4:59:59,341036,1,,名将怒涛的\n亲密度等级达到11级
1537,901037,2017/07/01 1:00:00,2050/01/01 4:59:59,341037,1,,荣进闪耀的\n亲密度等级达到11级
1538,901028,2017/07/01 1:00:00,2050/01/01 4:59:59,341038,1,,菱曙的\n亲密度等级达到11级
1539,901019,2017/07/01 1:00:00,2050/01/01 4:59:59,341039,1,,爱丽数码的\n亲密度等级达到11级
1540,901039,2017/07/01 1:00:00,2050/01/01 4:59:59,341040,1,,カワカミプリンセスの\n親愛度ランクを11にしよう
1541,901025,2017/07/01 1:00:00,2050/01/01 4:59:59,341041,1,,曼城茶座的\n亲密度等级达到11级
1542,901048,2017/07/01 1:00:00,2050/01/01 4:59:59,341042,1,,岛川乔丹的\n亲密度等级达到11级
1543,901059,2017/07/01 1:00:00,2050/01/01 4:59:59,341043,1,,目白多伯的\n亲密度等级达到11级
1544,901022,2017/07/01 1:00:00,2050/01/01 4:59:59,341044,1,,美妙姿势的\n亲密度等级达到11级
1545,901021,2017/07/01 1:00:00,2050/01/01 4:59:59,341045,1,,玉藻十字的\n亲密度等级达到11级
1546,901069,2017/07/01 1:00:00,2050/01/01 4:59:59,341046,1,,サクラチヨノオーの\n親愛度ランクを11にしよう
1547,901071,2017/07/01 1:00:00,2050/01/01 4:59:59,341047,1,,目白雅丹的\n亲密度等级达到11级
1548,901033,2017/07/01 1:00:00,2050/01/01 4:59:59,341048,1,,爱慕织姬的\n亲密度等级达到11级
1549,901068,2017/07/01 1:00:00,2050/01/01 4:59:59,341049,1,,北部玄驹的\n亲密度等级达到11级
1550,901062,2017/07/01 1:00:00,2050/01/01 4:59:59,341050,1,,待兼唐怀瑟的\n亲密度等级达到11级
1551,901067,2017/07/01 1:00:00,2050/01/01 4:59:59,341051,1,,里见光钻的\n亲密度等级达到11级
1552,901074,2017/07/01 1:00:00,2050/01/01 4:59:59,341052,1,,メジロブライトの\n親愛度ランクを11にしよう
1553,901051,2017/07/01 1:00:00,2050/01/01 4:59:59,341053,1,,西野花的\n亲密度等级达到11级
1554,901072,2017/07/01 1:00:00,2050/01/01 4:59:59,341054,1,,ヤエノムテキの\n親愛度ランクを11にしよう
1555,901031,2017/07/01 1:00:00,2050/01/01 4:59:59,341055,1,,アイネスフウジンの\n親愛度ランクを11にしよう
1556,901064,2017/07/01 1:00:00,2050/01/01 4:59:59,341056,1,,目白善信的\n亲密度等级达到11级
1557,901034,2017/07/01 1:00:00,2050/01/01 4:59:59,341057,1,,稻荷一的\n亲密度等级达到11级
1558,901044,2017/07/01 1:00:00,2050/01/01 4:59:59,341058,1,,スイープトウショウの\n親愛度ランクを11にしよう
1559,901036,2017/07/01 1:00:00,2050/01/01 4:59:59,341059,1,,エアシャカールの\n親愛度ランクを11にしよう
1560,901053,2017/07/01 1:00:00,2050/01/01 4:59:59,341060,1,,バンブーメモリーの\n親愛度ランクを11にしよう
1561,901098,2017/07/01 1:00:00,2050/01/01 4:59:59,341061,1,,小林历奇的\n亲密度等级达到11级
1562,901029,2017/07/01 1:00:00,2050/01/01 4:59:59,341062,1,,ユキノビジンの\n親愛度ランクを11にしよう
1563,901042,2017/07/01 1:00:00,2050/01/01 4:59:59,341063,1,,シーキングザパールの\n親愛度ランクを11にしよう
1564,901087,2017/07/01 1:00:00,2050/01/01 4:59:59,341064,1,,アストンマーチャンの\n親愛度ランクを11にしよう
1565,901078,2017/07/01 1:00:00,2050/01/01 4:59:59,341065,1,,ヤマニンゼファーの\n親愛度ランクを11にしよう
1566,901049,2017/07/01 1:00:00,2050/01/01 4:59:59,341066,1,,ナカヤマフェスタの\n親愛度ランクを11にしよう
1567,901100,2017/07/01 1:00:00,2050/01/01 4:59:59,341067,1,,ワンダーアキュートの\n親愛度ランクを11にしよう
1568,901047,2017/07/01 1:00:00,2050/01/01 4:59:59,341068,1,,ゼンノロブロイの\n親愛度ランクを11にしよう
1569,901099,2017/07/01 1:00:00,2050/01/01 4:59:59,341069,1,,ホッコータルマエの\n親愛度ランクを11にしよう
1570,901065,2017/07/01 1:00:00,2050/01/01 4:59:59,341070,1,,大拓太阳神的\n亲密度等级达到11级
1571,901043,2017/07/01 1:00:00,2050/01/01 4:59:59,341071,1,,シンコウウインディの\n親愛度ランクを11にしよう
1572,901057,2017/07/01 1:00:00,2050/01/01 4:59:59,341072,1,,ミスターシービーの\n親愛度ランクを11にしよう
1573,901066,2017/07/01 1:00:00,2050/01/01 4:59:59,341073,1,,ツインターボの\n親愛度ランクを11にしよう
1574,901085,2017/07/01 1:00:00,2050/01/01 4:59:59,341074,1,,ダイイチルビーの\n親愛度ランクを11にしよう
1575,901083,2017/07/01 1:00:00,2050/01/01 4:59:59,341075,1,,シンボリクリスエスの\n親愛度ランクを11にしよう
1576,901076,2017/07/01 1:00:00,2050/01/01 4:59:59,341076,1,,サクラローレルの\n親愛度ランクを11にしよう
1577,901105,2017/07/01 1:00:00,2050/01/01 4:59:59,341077,1,,ネオユニヴァースの\n親愛度ランクを11にしよう
1578,901106,2017/07/01 1:00:00,2050/01/01 4:59:59,341078,1,,ヒシミラクルの\n親愛度ランクを11にしよう
1579,901084,2017/07/01 1:00:00,2050/01/01 4:59:59,341079,1,,タニノギムレットの\n親愛度ランクを11にしよう
1580,901055,2017/07/01 1:00:00,2050/01/01 4:59:59,341080,1,,マーベラスサンデーの\n親愛度ランクを11にしよう
1581,901104,2017/07/01 1:00:00,2050/01/01 4:59:59,341081,1,,カツラギエースの\n親愛度ランクを11にしよう
1582,901070,2017/07/01 1:00:00,2050/01/01 4:59:59,341082,1,,シリウスシンボリの\n親愛度ランクを11にしよう
1583,901077,2017/07/01 1:00:00,2050/01/01 4:59:59,341083,1,,ナリタトップロードの\n親愛度ランクを11にしよう
1584,901093,2017/07/01 1:00:00,2050/01/01 4:59:59,341084,1,,ケイエスミラクルの\n親愛度ランクを11にしよう
1585,901086,2017/07/01 1:00:00,2050/01/01 4:59:59,341085,1,,メジロラモーヌの\n親愛度ランクを11にしよう
1586,901107,2017/07/01 1:00:00,2050/01/01 4:59:59,341086,1,,タップダンスシチーの\n親愛度ランクを11にしよう
1587,901088,2017/07/01 1:00:00,2050/01/01 4:59:59,341087,1,,サトノクラウンの\n親愛度ランクを11にしよう
1588,901089,2017/07/01 1:00:00,2050/01/01 4:59:59,341088,1,,シュヴァルグランの\n親愛度ランクを11にしよう
1589,901091,2017/07/01 1:00:00,2050/01/01 4:59:59,341089,1,,ヴィブロスの\n親愛度ランクを11にしよう
1590,901054,2017/07/01 1:00:00,2050/01/01 4:59:59,341090,1,,ビコーペガサスの\n親愛度ランクを11にしよう
1591,901063,2017/07/01 1:00:00,2050/01/01 4:59:59,341091,1,,イクノディクタスの\n親愛度ランクを11にしよう
1592,901108,2017/07/01 1:00:00,2050/01/01 4:59:59,341092,1,,ドゥラメンテの\n親愛度ランクを11にしよう
1593,901080,2017/07/01 1:00:00,2050/01/01 4:59:59,341093,1,,トランセンドの\n親愛度ランクを11にしよう
1594,901109,2017/07/01 1:00:00,2050/01/01 4:59:59,341094,1,,ラインクラフトの\n親愛度ランクを11にしよう
1595,901102,2017/07/01 1:00:00,2050/01/01 4:59:59,341095,1,,サウンズオブアースの\n親愛度ランクを11にしよう
1596,901082,2017/07/01 1:00:00,2050/01/01 4:59:59,341096,1,,ノースフライトの\n親愛度ランクを11にしよう
1597,901094,2017/07/01 1:00:00,2050/01/01 4:59:59,341097,1,,ジャングルポケットの\n親愛度ランクを11にしよう
1598,901119,2017/07/01 1:00:00,2050/01/01 4:59:59,341098,1,,ドリームジャーニーの\n親愛度ランクを11にしよう
1599,901120,2017/07/01 1:00:00,2050/01/01 4:59:59,341099,1,,カルストンライトオの\n親愛度ランクを11にしよう
1600,901116,2017/07/01 1:00:00,2050/01/01 4:59:59,341100,1,,ジェンティルドンナの\n親愛度ランクを11にしよう
1601,901110,2017/07/01 1:00:00,2050/01/01 4:59:59,341101,1,,シーザリオの\n親愛度ランクを11にしよう
1602,901121,2017/07/01 1:00:00,2050/01/01 4:59:59,341102,1,,デュランダルの\n親愛度ランクを11にしよう
1603,901124,2017/07/01 1:00:00,2050/01/01 4:59:59,341103,1,,バブルガムフェローの\n親愛度ランクを11にしよう
1604,901111,2017/07/01 1:00:00,2050/01/01 4:59:59,341104,1,,エアメサイアの\n親愛度ランクを11にしよう
1605,901117,2017/07/01 1:00:00,2050/01/01 4:59:59,341105,1,,ウインバリアシオンの\n親愛度ランクを11にしよう
1606,901079,2017/07/01 1:00:00,2050/01/01 4:59:59,341106,1,,フリオーソの\n親愛度ランクを11にしよう
1607,901073,2017/07/01 1:00:00,2050/01/01 4:59:59,341107,1,,ツルマルツヨシの\n親愛度ランクを11にしよう
1608,901115,2017/07/01 1:00:00,2050/01/01 4:59:59,341108,1,,オルフェーヴルの\n親愛度ランクを11にしよう
1609,901131,2017/07/01 1:00:00,2050/01/01 4:59:59,341109,1,,グランアレグリアの\n親愛度ランクを11にしよう
1610,901096,2017/07/01 1:00:00,2050/01/01 4:59:59,341110,1,,ノーリーズンの\n親愛度ランクを11にしよう
1611,901127,2017/07/01 1:00:00,2050/01/01 4:59:59,341111,1,,フェノーメノの\n親愛度ランクを11にしよう
1612,901090,2017/07/01 1:00:00,2050/01/01 4:59:59,341112,1,,ヴィルシーナの\n親愛度ランクを11にしよう
1613,901132,2017/07/01 1:00:00,2050/01/01 4:59:59,341113,1,,ラヴズオンリーユーの\n親愛度ランクを11にしよう
1614,901133,2017/07/01 1:00:00,2050/01/01 4:59:59,341114,1,,クロノジェネシスの\n親愛度ランクを11にしよう
1615,901113,2017/07/01 1:00:00,2050/01/01 4:59:59,341115,1,,フサイチパンドラの\n親愛度ランクを11にしよう
1616,901097,2025/08/24 12:00:00,2050/01/01 4:59:59,341116,1,,スティルインラブの\n親愛度ランクを11にしよう
1617,901081,2025/09/09 12:00:00,2050/01/01 4:59:59,341117,1,,エスポワールシチーの\n親愛度ランクを11にしよう
1618,901095,2025/09/19 12:00:00,2050/01/01 4:59:59,341118,1,,ビリーヴの\n親愛度ランクを11にしよう
1619,901092,2025/10/18 21:00:00,2050/01/01 4:59:59,341119,1,,ダンツフレームの\n親愛度ランクを11にしよう
1500,43,2017/07/01 1:00:00,2050/01/01 4:59:59,342000,50,宝石,特别周的\n亲密度等级达到12级
1501,43,2017/07/01 1:00:00,2050/01/01 4:59:59,342001,50,宝石,无声铃鹿的\n亲密度等级达到12级
1502,43,2017/07/01 1:00:00,2050/01/01 4:59:59,342002,50,宝石,东海帝王的\n亲密度等级达到12级
1503,43,2017/07/01 1:00:00,2050/01/01 4:59:59,342003,50,宝石,丸善斯基的\n亲密度等级达到12级
1504,43,2017/07/01 1:00:00,2050/01/01 4:59:59,342004,50,宝石,富士奇石的\n亲密度等级达到12级
1505,43,2017/07/01 1:00:00,2050/01/01 4:59:59,342005,50,宝石,小栗帽的\n亲密度等级达到12级
1506,43,2017/07/01 1:00:00,2050/01/01 4:59:59,342006,50,宝石,黄金船的\n亲密度等级达到12级
1507,43,2017/07/01 1:00:00,2050/01/01 4:59:59,342007,50,宝石,伏特加的\n亲密度等级达到12级
1508,43,2017/07/01 1:00:00,2050/01/01 4:59:59,342008,50,宝石,大和赤骥的\n亲密度等级达到12级
1509,43,2017/07/01 1:00:00,2050/01/01 4:59:59,342009,50,宝石,大树快车的\n亲密度等级达到12级
1510,43,2017/07/01 1:00:00,2050/01/01 4:59:59,342010,50,宝石,草上飞的\n亲密度等级达到12级
1511,43,2017/07/01 1:00:00,2050/01/01 4:59:59,342011,50,宝石,菱亚马逊的\n亲密度等级达到12级
1512,43,2017/07/01 1:00:00,2050/01/01 4:59:59,342012,50,宝石,目白麦昆的\n亲密度等级达到12级
1513,43,2017/07/01 1:00:00,2050/01/01 4:59:59,342013,50,宝石,神鹰的\n亲密度等级达到12级
1514,43,2017/07/01 1:00:00,2050/01/01 4:59:59,342014,50,宝石,好歌剧的\n亲密度等级达到12级
1515,43,2017/07/01 1:00:00,2050/01/01 4:59:59,342015,50,宝石,鲁道夫象征的\n亲密度等级达到12级
1516,43,2017/07/01 1:00:00,2050/01/01 4:59:59,342016,50,宝石,气槽的\n亲密度等级达到12级
1517,43,2017/07/01 1:00:00,2050/01/01 4:59:59,342017,50,宝石,青云天空的\n亲密度等级达到12级
1518,43,2017/07/01 1:00:00,2050/01/01 4:59:59,342018,50,宝石,重炮的\n亲密度等级达到12级
1519,43,2017/07/01 1:00:00,2050/01/01 4:59:59,342019,50,宝石,目白莱恩的\n亲密度等级达到12级
1520,43,2017/07/01 1:00:00,2050/01/01 4:59:59,342020,50,宝石,米浴的\n亲密度等级达到12级
1521,43,2017/07/01 1:00:00,2050/01/01 4:59:59,342021,50,宝石,爱丽速子的\n亲密度等级达到12级
1522,43,2017/07/01 1:00:00,2050/01/01 4:59:59,342022,50,宝石,胜利奖券的\n亲密度等级达到12级
1523,43,2017/07/01 1:00:00,2050/01/01 4:59:59,342023,50,宝石,黄金城的\n亲密度等级达到12级
1524,43,2017/07/01 1:00:00,2050/01/01 4:59:59,342024,50,宝石,樱花进王的\n亲密度等级达到12级
1525,43,2017/07/01 1:00:00,2050/01/01 4:59:59,342025,50,宝石,超级溪流的\n亲密度等级达到12级
1526,43,2017/07/01 1:00:00,2050/01/01 4:59:59,342026,50,宝石,春乌菈菈的\n亲密度等级达到12级
1527,43,2017/07/01 1:00:00,2050/01/01 4:59:59,342027,50,宝石,待兼福来的\n亲密度等级达到12级
1528,43,2017/07/01 1:00:00,2050/01/01 4:59:59,342028,50,宝石,优秀素质的\n亲密度等级达到12级
1529,43,2017/07/01 1:00:00,2050/01/01 4:59:59,342029,50,宝石,帝王光辉的\n亲密度等级达到12级
1530,43,2017/07/01 1:00:00,2050/01/01 4:59:59,342030,50,宝石,美浦波旁的\n亲密度等级达到12级
1531,43,2017/07/01 1:00:00,2050/01/01 4:59:59,342031,50,宝石,琵琶晨光的\n亲密度等级达到12级
1532,43,2017/07/01 1:00:00,2050/01/01 4:59:59,342032,50,宝石,真机伶的\n亲密度等级达到12级
1533,43,2017/07/01 1:00:00,2050/01/01 4:59:59,342033,50,宝石,成田大进的\n亲密度等级达到12级
1534,43,2017/07/01 1:00:00,2050/01/01 4:59:59,342034,50,宝石,醒目飞鹰的\n亲密度等级达到12级
1535,43,2017/07/01 1:00:00,2050/01/01 4:59:59,342035,50,宝石,成田白仁的\n亲密度等级达到12级
1536,43,2017/07/01 1:00:00,2050/01/01 4:59:59,342036,50,宝石,名将怒涛的\n亲密度等级达到12级
1537,43,2017/07/01 1:00:00,2050/01/01 4:59:59,342037,50,宝石,荣进闪耀的\n亲密度等级达到12级
1538,43,2017/07/01 1:00:00,2050/01/01 4:59:59,342038,50,宝石,菱曙的\n亲密度等级达到12级
1539,43,2017/07/01 1:00:00,2050/01/01 4:59:59,342039,50,宝石,爱丽数码的\n亲密度等级达到12级
1540,43,2017/07/01 1:00:00,2050/01/01 4:59:59,342040,50,宝石,カワカミプリンセスの\n親愛度ランクを12にしよう
1541,43,2017/07/01 1:00:00,2050/01/01 4:59:59,342041,50,宝石,曼城茶座的\n亲密度等级达到12级
1542,43,2017/07/01 1:00:00,2050/01/01 4:59:59,342042,50,宝石,岛川乔丹的\n亲密度等级达到12级
1543,43,2017/07/01 1:00:00,2050/01/01 4:59:59,342043,50,宝石,目白多伯的\n亲密度等级达到12级
1544,43,2017/07/01 1:00:00,2050/01/01 4:59:59,342044,50,宝石,美妙姿势的\n亲密度等级达到12级
1545,43,2017/07/01 1:00:00,2050/01/01 4:59:59,342045,50,宝石,玉藻十字的\n亲密度等级达到12级
1546,43,2017/07/01 1:00:00,2050/01/01 4:59:59,342046,50,宝石,サクラチヨノオーの\n親愛度ランクを12にしよう
1547,43,2017/07/01 1:00:00,2050/01/01 4:59:59,342047,50,宝石,目白雅丹的\n亲密度等级达到12级
1548,43,2017/07/01 1:00:00,2050/01/01 4:59:59,342048,50,宝石,爱慕织姬的\n亲密度等级达到12级
1549,43,2017/07/01 1:00:00,2050/01/01 4:59:59,342049,50,宝石,北部玄驹的\n亲密度等级达到12级
1550,43,2017/07/01 1:00:00,2050/01/01 4:59:59,342050,50,宝石,待兼唐怀瑟的\n亲密度等级达到12级
1551,43,2017/07/01 1:00:00,2050/01/01 4:59:59,342051,50,宝石,里见光钻的\n亲密度等级达到12级
1552,43,2017/07/01 1:00:00,2050/01/01 4:59:59,342052,50,宝石,メジロブライトの\n親愛度ランクを12にしよう
1553,43,2017/07/01 1:00:00,2050/01/01 4:59:59,342053,50,宝石,西野花的\n亲密度等级达到12级
1554,43,2017/07/01 1:00:00,2050/01/01 4:59:59,342054,50,宝石,ヤエノムテキの\n親愛度ランクを12にしよう
1555,43,2017/07/01 1:00:00,2050/01/01 4:59:59,342055,50,宝石,アイネスフウジンの\n親愛度ランクを12にしよう
1556,43,2017/07/01 1:00:00,2050/01/01 4:59:59,342056,50,宝石,目白善信的\n亲密度等级达到12级
1557,43,2017/07/01 1:00:00,2050/01/01 4:59:59,342057,50,宝石,稻荷一的\n亲密度等级达到12级
1558,43,2017/07/01 1:00:00,2050/01/01 4:59:59,342058,50,宝石,スイープトウショウの\n親愛度ランクを12にしよう
1559,43,2017/07/01 1:00:00,2050/01/01 4:59:59,342059,50,宝石,エアシャカールの\n親愛度ランクを12にしよう
1560,43,2017/07/01 1:00:00,2050/01/01 4:59:59,342060,50,宝石,バンブーメモリーの\n親愛度ランクを12にしよう
1561,43,2017/07/01 1:00:00,2050/01/01 4:59:59,342061,50,宝石,小林历奇的\n亲密度等级达到12级
1562,43,2017/07/01 1:00:00,2050/01/01 4:59:59,342062,50,宝石,ユキノビジンの\n親愛度ランクを12にしよう
1563,43,2017/07/01 1:00:00,2050/01/01 4:59:59,342063,50,宝石,シーキングザパールの\n親愛度ランクを12にしよう
1564,43,2017/07/01 1:00:00,2050/01/01 4:59:59,342064,50,宝石,アストンマーチャンの\n親愛度ランクを12にしよう
1565,43,2017/07/01 1:00:00,2050/01/01 4:59:59,342065,50,宝石,ヤマニンゼファーの\n親愛度ランクを12にしよう
1566,43,2017/07/01 1:00:00,2050/01/01 4:59:59,342066,50,宝石,ナカヤマフェスタの\n親愛度ランクを12にしよう
1567,43,2017/07/01 1:00:00,2050/01/01 4:59:59,342067,50,宝石,ワンダーアキュートの\n親愛度ランクを12にしよう
1568,43,2017/07/01 1:00:00,2050/01/01 4:59:59,342068,50,宝石,ゼンノロブロイの\n親愛度ランクを12にしよう
1569,43,2017/07/01 1:00:00,2050/01/01 4:59:59,342069,50,宝石,ホッコータルマエの\n親愛度ランクを12にしよう
1570,43,2017/07/01 1:00:00,2050/01/01 4:59:59,342070,50,宝石,大拓太阳神的\n亲密度等级达到12级
1571,43,2017/07/01 1:00:00,2050/01/01 4:59:59,342071,50,宝石,シンコウウインディの\n親愛度ランクを12にしよう
1572,43,2017/07/01 1:00:00,2050/01/01 4:59:59,342072,50,宝石,ミスターシービーの\n親愛度ランクを12にしよう
1573,43,2017/07/01 1:00:00,2050/01/01 4:59:59,342073,50,宝石,ツインターボの\n親愛度ランクを12にしよう
1574,43,2017/07/01 1:00:00,2050/01/01 4:59:59,342074,50,宝石,ダイイチルビーの\n親愛度ランクを12にしよう
1575,43,2017/07/01 1:00:00,2050/01/01 4:59:59,342075,50,宝石,シンボリクリスエスの\n親愛度ランクを12にしよう
1576,43,2017/07/01 1:00:00,2050/01/01 4:59:59,342076,50,宝石,サクラローレルの\n親愛度ランクを12にしよう
1577,43,2017/07/01 1:00:00,2050/01/01 4:59:59,342077,50,宝石,ネオユニヴァースの\n親愛度ランクを12にしよう
1578,43,2017/07/01 1:00:00,2050/01/01 4:59:59,342078,50,宝石,ヒシミラクルの\n親愛度ランクを12にしよう
1579,43,2017/07/01 1:00:00,2050/01/01 4:59:59,342079,50,宝石,タニノギムレットの\n親愛度ランクを12にしよう
1580,43,2017/07/01 1:00:00,2050/01/01 4:59:59,342080,50,宝石,マーベラスサンデーの\n親愛度ランクを12にしよう
1581,43,2017/07/01 1:00:00,2050/01/01 4:59:59,342081,50,宝石,カツラギエースの\n親愛度ランクを12にしよう
1582,43,2017/07/01 1:00:00,2050/01/01 4:59:59,342082,50,宝石,シリウスシンボリの\n親愛度ランクを12にしよう
1583,43,2017/07/01 1:00:00,2050/01/01 4:59:59,342083,50,宝石,ナリタトップロードの\n親愛度ランクを12にしよう
1584,43,2017/07/01 1:00:00,2050/01/01 4:59:59,342084,50,宝石,ケイエスミラクルの\n親愛度ランクを12にしよう
1585,43,2017/07/01 1:00:00,2050/01/01 4:59:59,342085,50,宝石,メジロラモーヌの\n親愛度ランクを12にしよう
1586,43,2017/07/01 1:00:00,2050/01/01 4:59:59,342086,50,宝石,タップダンスシチーの\n親愛度ランクを12にしよう
1587,43,2017/07/01 1:00:00,2050/01/01 4:59:59,342087,50,宝石,サトノクラウンの\n親愛度ランクを12にしよう
1588,43,2017/07/01 1:00:00,2050/01/01 4:59:59,342088,50,宝石,シュヴァルグランの\n親愛度ランクを12にしよう
1589,43,2017/07/01 1:00:00,2050/01/01 4:59:59,342089,50,宝石,ヴィブロスの\n親愛度ランクを12にしよう
1590,43,2017/07/01 1:00:00,2050/01/01 4:59:59,342090,50,宝石,ビコーペガサスの\n親愛度ランクを12にしよう
1591,43,2017/07/01 1:00:00,2050/01/01 4:59:59,342091,50,宝石,イクノディクタスの\n親愛度ランクを12にしよう
1592,43,2017/07/01 1:00:00,2050/01/01 4:59:59,342092,50,宝石,ドゥラメンテの\n親愛度ランクを12にしよう
1593,43,2017/07/01 1:00:00,2050/01/01 4:59:59,342093,50,宝石,トランセンドの\n親愛度ランクを12にしよう
1594,43,2017/07/01 1:00:00,2050/01/01 4:59:59,342094,50,宝石,ラインクラフトの\n親愛度ランクを12にしよう
1595,43,2017/07/01 1:00:00,2050/01/01 4:59:59,342095,50,宝石,サウンズオブアースの\n親愛度ランクを12にしよう
1596,43,2017/07/01 1:00:00,2050/01/01 4:59:59,342096,50,宝石,ノースフライトの\n親愛度ランクを12にしよう
1597,43,2017/07/01 1:00:00,2050/01/01 4:59:59,342097,50,宝石,ジャングルポケットの\n親愛度ランクを12にしよう
1598,43,2017/07/01 1:00:00,2050/01/01 4:59:59,342098,50,宝石,ドリームジャーニーの\n親愛度ランクを12にしよう
1599,43,2017/07/01 1:00:00,2050/01/01 4:59:59,342099,50,宝石,カルストンライトオの\n親愛度ランクを12にしよう
1600,43,2017/07/01 1:00:00,2050/01/01 4:59:59,342100,50,宝石,ジェンティルドンナの\n親愛度ランクを12にしよう
1601,43,2017/07/01 1:00:00,2050/01/01 4:59:59,342101,50,宝石,シーザリオの\n親愛度ランクを12にしよう
1602,43,2017/07/01 1:00:00,2050/01/01 4:59:59,342102,50,宝石,デュランダルの\n親愛度ランクを12にしよう
1603,43,2017/07/01 1:00:00,2050/01/01 4:59:59,342103,50,宝石,バブルガムフェローの\n親愛度ランクを12にしよう
1604,43,2017/07/01 1:00:00,2050/01/01 4:59:59,342104,50,宝石,エアメサイアの\n親愛度ランクを12にしよう
1605,43,2017/07/01 1:00:00,2050/01/01 4:59:59,342105,50,宝石,ウインバリアシオンの\n親愛度ランクを12にしよう
1606,43,2017/07/01 1:00:00,2050/01/01 4:59:59,342106,50,宝石,フリオーソの\n親愛度ランクを12にしよう
1607,43,2017/07/01 1:00:00,2050/01/01 4:59:59,342107,50,宝石,ツルマルツヨシの\n親愛度ランクを12にしよう
1608,43,2017/07/01 1:00:00,2050/01/01 4:59:59,342108,50,宝石,オルフェーヴルの\n親愛度ランクを12にしよう
1609,43,2017/07/01 1:00:00,2050/01/01 4:59:59,342109,50,宝石,グランアレグリアの\n親愛度ランクを12にしよう
1610,43,2017/07/01 1:00:00,2050/01/01 4:59:59,342110,50,宝石,ノーリーズンの\n親愛度ランクを12にしよう
1611,43,2017/07/01 1:00:00,2050/01/01 4:59:59,342111,50,宝石,フェノーメノの\n親愛度ランクを12にしよう
1612,43,2017/07/01 1:00:00,2050/01/01 4:59:59,342112,50,宝石,ヴィルシーナの\n親愛度ランクを12にしよう
1613,43,2017/07/01 1:00:00,2050/01/01 4:59:59,342113,50,宝石,ラヴズオンリーユーの\n親愛度ランクを12にしよう
1614,43,2017/07/01 1:00:00,2050/01/01 4:59:59,342114,50,宝石,クロノジェネシスの\n親愛度ランクを12にしよう
1615,43,2017/07/01 1:00:00,2050/01/01 4:59:59,342115,50,宝石,フサイチパンドラの\n親愛度ランクを12にしよう
1616,43,2025/08/24 12:00:00,2050/01/01 4:59:59,342116,50,宝石,スティルインラブの\n親愛度ランクを12にしよう
1617,43,2025/09/09 12:00:00,2050/01/01 4:59:59,342117,50,宝石,エスポワールシチーの\n親愛度ランクを12にしよう
1618,43,2025/09/19 12:00:00,2050/01/01 4:59:59,342118,50,宝石,ビリーヴの\n親愛度ランクを12にしよう
1619,43,2025/10/18 21:00:00,2050/01/01 4:59:59,342119,50,宝石,ダンツフレームの\n親愛度ランクを12にしよう
30,100102,2017/07/01 1:00:00,2050/01/01 4:59:59,600101,1,,团队等级达到[D]级
30,100103,2017/07/01 1:00:00,2050/01/01 4:59:59,600102,1,,团队等级达到[B]级
30,100104,2017/07/01 1:00:00,2050/01/01 4:59:59,600103,1,,团队等级达到[A]级
30,100105,2017/07/01 1:00:00,2050/01/01 4:59:59,600104,1,,团队等级达到[S]级
30,100106,2017/07/01 1:00:00,2050/01/01 4:59:59,600105,1,,团队等级达到[SS]级
40,100201,2017/07/01 1:00:00,2050/01/01 4:59:59,600201,1,,养成10次\n养成等级[S]或以上的优俊少女
40,100202,2017/07/01 1:00:00,2050/01/01 4:59:59,600202,1,,养成50次\n养成等级[S]或以上的优俊少女
40,100203,2017/07/01 1:00:00,2050/01/01 4:59:59,600203,1,,养成200次\n养成等级[S]或以上的优俊少女
40,100204,2017/07/01 1:00:00,2050/01/01 4:59:59,600204,1,,养成500次\n养成等级[S]或以上的优俊少女
40,100211,2023/01/30 12:00:00,2050/01/01 4:59:59,600211,1,,在不重新挑战的情况下\n赢下所有比赛并达成所有养成目标
40,100212,2023/01/30 12:00:00,2050/01/01 4:59:59,600212,1,,在养成中触发至少60次友情训练\n并完成养成
40,100213,2023/01/30 12:00:00,2050/01/01 4:59:59,600213,1,,在养成中参与至少35次比赛\n并完成养成
40,100214,2023/01/30 12:00:00,2050/01/01 4:59:59,600214,1,,养成一名基础能力、适应性、固有\n技能因子均为3★的优俊少女
40,100251,2023/01/30 12:00:00,2050/01/01 4:59:59,600251,1,,养成30次领跑适应性[S]的\n优俊少女
40,100252,2023/01/30 12:00:00,2050/01/01 4:59:59,600252,1,,养成30次跟前适应性[S]的\n优俊少女
40,100253,2023/01/30 12:00:00,2050/01/01 4:59:59,600253,1,,养成30次居中适应性[S]的\n优俊少女
40,100254,2023/01/30 12:00:00,2050/01/01 4:59:59,600254,1,,养成30次后追适应性[S]的\n优俊少女
40,100255,2023/01/30 12:00:00,2050/01/01 4:59:59,600255,1,,养成30次短距离适应性[S]的\n优俊少女
40,100256,2023/01/30 12:00:00,2050/01/01 4:59:59,600256,1,,养成30次英里适应性[S]的\n优俊少女
40,100257,2023/01/30 12:00:00,2050/01/01 4:59:59,600257,1,,养成30次中距离适应性[S]的\n优俊少女
40,100258,2023/01/30 12:00:00,2050/01/01 4:59:59,600258,1,,养成30次长距离适应性[S]的\n优俊少女
40,100259,2023/01/30 12:00:00,2050/01/01 4:59:59,600259,1,,养成30次草地适应性[S]的\n优俊少女
40,100260,2023/01/30 12:00:00,2050/01/01 4:59:59,600260,1,,养成30次泥地适应性[S]的\n优俊少女
41,100301,2017/07/01 1:00:00,2050/01/01 4:59:59,600301,1,,在一级赛事中取得100场胜利
41,100302,2017/07/01 1:00:00,2050/01/01 4:59:59,600302,1,,在一级赛事中取得500场胜利
41,100303,2017/07/01 1:00:00,2050/01/01 4:59:59,600303,1,,在一级赛事中取得1000场胜利
41,100304,2017/07/01 1:00:00,2050/01/01 4:59:59,600304,1,,在一级赛事中取得2000场胜利
42,100401,2017/07/01 1:00:00,2050/01/01 4:59:59,600401,1,,收集全部\n三级赛事奖杯
43,100402,2017/07/01 1:00:00,2050/01/01 4:59:59,600402,1,,收集全部\n二级赛事奖杯
44,100403,2017/07/01 1:00:00,2050/01/01 4:59:59,600403,1,,收集全部\n一级赛事奖杯
45,100150,2017/07/01 1:00:00,2050/01/01 4:59:59,600404,1,,在养成中取得URA总决赛决赛\n的胜利
46,100151,2017/07/01 1:00:00,2050/01/01 4:59:59,600405,1,,在养成中取得\n八大赛事的胜利
2000,502201,2021/08/30 12:00:00,2050/01/01 4:59:59,600406,1,,在青春杯取得优胜
2001,502202,2021/08/30 12:00:00,2050/01/01 4:59:59,600407,1,,在青春杯中＜胡萝卜＞队的\n综合实力达到S
2002,502203,2021/08/30 12:00:00,2050/01/01 4:59:59,600408,1,,在青春杯中HOP CHEERS的\n综合实力达到S
2003,502204,2021/08/30 12:00:00,2050/01/01 4:59:59,600409,1,,在青春杯中晴天跑者的\n综合实力达到S
2004,502205,2021/08/30 12:00:00,2050/01/01 4:59:59,600410,1,,在青春杯中胡萝卜布丁的\n综合实力达到S
2005,502206,2021/08/30 12:00:00,2050/01/01 4:59:59,600411,1,,在青春杯中花开的\n综合实力达到S
2006,502207,2021/08/30 12:00:00,2050/01/01 4:59:59,600413,1,,在青春杯URA总决赛决赛\n与那2个人竞争并取胜
2007,504102,2022/02/24 12:00:00,2050/01/01 4:59:59,600414,1,,在闪耀之星巅峰杯取得优胜
2008,504103,2022/02/24 12:00:00,2050/01/01 4:59:59,600415,1,,在特别商店中累计兑换1000个养成道具
2009,503102,2022/08/24 12:00:00,2050/01/01 4:59:59,600416,1,,在闪耀舞台篇的\n演出中全部大获成功
2010,503103,2022/08/24 12:00:00,2050/01/01 4:59:59,600417,1,,观看特别的闪耀舞台
2011,503104,2022/08/24 12:00:00,2050/01/01 4:59:59,600418,1,,累计习得\n1200次演出技巧
2012,505102,2023/02/24 12:00:00,2050/01/01 4:59:59,600419,1,,在荣耀女神杯取得优胜
2013,505103,2023/02/24 12:00:00,2050/01/01 4:59:59,600420,1,,累计习得50次\n女神的智慧
2014,505104,2023/02/24 12:00:00,2050/01/01 4:59:59,600421,1,,累计习得20次\n达利阿拉伯的智慧
2015,505105,2023/02/24 12:00:00,2050/01/01 4:59:59,600422,1,,累计习得20次\n高多芬柏布的智慧
2016,505106,2023/02/24 12:00:00,2050/01/01 4:59:59,600423,1,,累计习得20次\n拜耶尔土耳其的智慧
2017,506102,2023/08/24 12:00:00,2050/01/01 4:59:59,600424,1,,在养成中获得凯旋门奖的胜利
2018,506103,2023/08/24 12:00:00,2050/01/01 4:59:59,600425,1,,累计进行50次\n群星赛
2019,506104,2023/08/24 12:00:00,2050/01/01 4:59:59,600426,1,,累计获得50次\n海外适应性
2020,506105,2023/08/24 12:00:00,2050/01/01 4:59:59,600427,1,,在凯旋门奖中与法国的传奇选手交手\n并取得优胜
2021,507102,2024/02/24 12:00:00,2050/01/01 4:59:59,600428,1,,在U.A.F.的所有大赛中成为总冠军
2022,507103,2024/02/24 12:00:00,2050/01/01 4:59:59,600429,1,,球类项目的总等级累计提升6000级
2023,507104,2024/02/24 12:00:00,2050/01/01 4:59:59,600430,1,,格斗项目的总等级累计提升6000级
2024,507105,2024/02/24 12:00:00,2050/01/01 4:59:59,600431,1,,自由项目的总等级累计提升6000级
2025,508102,2024/06/26 12:00:00,2050/01/01 4:59:59,600433,1,,大豊食祭を\n大満足以上の状態で終了しよう
2026,508103,2024/06/26 12:00:00,2050/01/01 4:59:59,600434,1,,畑で野菜Lvを累計100回Lvアップしよう
2027,508104,2024/06/26 12:00:00,2050/01/01 4:59:59,600435,1,,野菜を累計150000個収穫しよう
2028,508105,2024/06/26 12:00:00,2050/01/01 4:59:59,600436,1,,すべての試食会と大豊食祭を\n最高の評価で終了しよう
2029,508106,2024/06/26 12:00:00,2050/01/01 4:59:59,600437,1,,料理を累計100回作ろう
2030,509102,2024/10/29 12:00:00,2050/01/01 4:59:59,600438,1,,すべてのUpgrade Examを\nA評価以上で終了しよう
2031,509103,2024/10/29 12:00:00,2050/01/01 4:59:59,600439,1,,研究Lvを\n累計50000Lv上昇させよう
2032,509104,2024/10/29 12:00:00,2050/01/01 4:59:59,600440,1,,オーバードライブを\n累計400回発動しよう
2033,509105,2024/10/29 12:00:00,2050/01/01 4:59:59,600441,1,,すべてのUpgrade Examを\nS評価で終了しよう
2034,510102,2025/02/24 12:00:00,2050/01/01 4:59:59,600442,1,,Dream Festの\nすべてのレースで優勝しよう
2035,510103,2025/02/24 12:00:00,2050/01/01 4:59:59,600443,1,,Dream Fest Legendで\n超話題のライバルに勝利しよう
2036,510104,2025/02/24 12:00:00,2050/01/01 4:59:59,600444,1,,セントライトの心得を\n累計50回習得しよう
2037,510105,2025/02/24 12:00:00,2050/01/01 4:59:59,600445,1,,スピードシンボリの心得を\n累計50回習得しよう
2038,510106,2025/02/24 12:00:00,2050/01/01 4:59:59,600446,1,,ハイセイコーの心得を\n累計50回習得しよう
2039,511102,2025/06/27 12:00:00,2050/01/01 4:59:59,600447,1,,すべてのトレセン島評価会を\n大好評で終了しよう
2040,511103,2025/06/27 12:00:00,2050/01/01 4:59:59,600448,1,,島トレーニングを\n累計200回実行しよう
2041,511104,2025/06/27 12:00:00,2050/01/01 4:59:59,600449,1,,いずれかの施設を\n累計40回LvMAXにしよう
2042,511105,2025/06/27 12:00:00,2050/01/01 4:59:59,600450,1,,"発展Ptを累計100,000pt獲得しよう"
2043,512102,2025/10/29 12:00:00,2050/01/01 4:59:59,600451,1,,第3回湯浴み会を\nいい湯以上で終了しよう
2044,512103,2025/10/29 12:00:00,2050/01/01 4:59:59,600452,1,,源泉を累計150回掘削完了しよう
2045,512104,2025/10/29 12:00:00,2050/01/01 4:59:59,600453,1,,温泉パワーを累計500回発動しよう
2046,512105,2025/10/29 12:00:00,2050/01/01 4:59:59,600454,1,,第3回湯浴み会を\nごくらく♪で終了しよう
49,100501,2017/07/01 1:00:00,2050/01/01 4:59:59,600501,1,,在养成中取得\n200场札幌赛场赛事的胜利
50,100502,2017/07/01 1:00:00,2050/01/01 4:59:59,600502,1,,在养成中取得\n200场函馆赛场赛事的胜利
51,100503,2017/07/01 1:00:00,2050/01/01 4:59:59,600503,1,,在养成中取得\n200场新潟赛场赛事的胜利
52,100504,2017/07/01 1:00:00,2050/01/01 4:59:59,600504,1,,在养成中取得\n200场松浪赛场赛事的胜利
53,100505,2017/07/01 1:00:00,2050/01/01 4:59:59,600505,1,,在养成中取得\n200场中山赛场赛事的胜利
54,100506,2017/07/01 1:00:00,2050/01/01 4:59:59,600506,1,,在养成中取得\n200场东京赛场赛事的胜利
55,100507,2017/07/01 1:00:00,2050/01/01 4:59:59,600507,1,,在养成中取得\n200场中京赛场赛事的胜利
56,100508,2017/07/01 1:00:00,2050/01/01 4:59:59,600508,1,,在养成中取得\n200场京都赛场赛事的胜利
57,100509,2017/07/01 1:00:00,2050/01/01 4:59:59,600509,1,,在养成中取得\n200场阪神赛场赛事的胜利
58,100510,2017/07/01 1:00:00,2050/01/01 4:59:59,600510,1,,在养成中取得\n200场小仓赛场赛事的胜利
58,100511,2022/08/19 12:00:00,2050/01/01 4:59:59,600511,1,,在养成中取得\n200场大井赛场赛事的胜利
58,100512,2022/08/19 12:00:00,2050/01/01 4:59:59,600512,1,,在养成中取得\n200场川崎赛场赛事的胜利
58,100513,2022/08/19 12:00:00,2050/01/01 4:59:59,600513,1,,在养成中取得\n200场船桥赛场赛事的胜利
58,100514,2022/08/19 12:00:00,2050/01/01 4:59:59,600514,1,,在养成中取得\n200场盛冈赛场赛事的胜利
59,100120,2017/07/01 1:00:00,2050/01/01 4:59:59,600520,1,,在养成中完成\n1000次养成目标
60,100130,2017/07/01 1:00:00,2050/01/01 4:59:59,600521,1,,在养成中触发\n100次良好状态
62,100530,2017/07/01 1:00:00,2050/01/01 4:59:59,600530,1,,在日常赛事中获胜\n100次
61,100540,2021/03/16 12:00:00,2050/01/01 4:59:59,600540,1,,在传奇赛事取得1次胜利
61,100541,2021/03/16 12:00:00,2050/01/01 4:59:59,600541,1,,在传奇赛事\n取得100次胜利
63,100550,2017/07/01 1:00:00,2050/01/01 4:59:59,600550,1,,参与团队竞技场\n100次
64,100551,2017/07/01 1:00:00,2050/01/01 4:59:59,600551,1,,在团队竞技场\n达到段位6
65,100552,2017/07/01 1:00:00,2050/01/01 4:59:59,600552,1,,在团队竞技场获得\n100次获胜奖励
65,100561,2022/04/28 12:00:00,2050/01/01 4:59:59,600553,1,,在团队竞技场累计获得\n100万或以上得分
65,100571,2023/01/30 12:00:00,2050/01/01 4:59:59,600571,1,,在团队竞技场的1场比赛中\n包揽前三
65,100572,2023/01/30 12:00:00,2050/01/01 4:59:59,600572,1,,在团队竞技场的5场比赛中\n均包揽前三
65,100573,2023/01/30 12:00:00,2050/01/01 4:59:59,600573,1,,在团队竞技场同一距离中编成\n特定优俊少女并赢下比赛
65,100574,2023/01/30 12:00:00,2050/01/01 4:59:59,600574,1,,在团队竞技场同一距离中编成\n特定优俊少女并赢下比赛
65,100575,2023/01/30 12:00:00,2050/01/01 4:59:59,600575,1,,在团队竞技场同一距离中编成\n特定优俊少女并赢下比赛
65,100576,2023/01/30 12:00:00,2050/01/01 4:59:59,600576,1,,在团队竞技场同一距离中编成\n特定优俊少女并赢下比赛
66,101120,2017/07/01 1:00:00,2050/01/01 4:59:59,600580,1,,通过才能开花将\n10位优俊少女升至5★
67,100601,2017/07/01 1:00:00,2050/01/01 4:59:59,600601,1,,观看优俊蹦跳传说
68,100602,2017/07/01 1:00:00,2050/01/01 4:59:59,600602,1,,观看彩 Phantasia
69,100603,2017/07/01 1:00:00,2050/01/01 4:59:59,600603,1,,观看Make debut！
70,100604,2017/07/01 1:00:00,2050/01/01 4:59:59,600604,1,,观看ENDLESS DREAM！！
71,100605,2017/07/01 1:00:00,2050/01/01 4:59:59,600605,1,,观看NEXT FRONTIER
72,100606,2017/07/01 1:00:00,2050/01/01 4:59:59,600606,1,,观看UNLIMITED IMPACT
73,100607,2017/07/01 1:00:00,2050/01/01 4:59:59,600607,1,,观看Special Record！
74,100608,2017/07/01 1:00:00,2050/01/01 4:59:59,600608,1,,观看开始的信号
75,100609,2017/07/01 1:00:00,2050/01/01 4:59:59,600609,1,,观看小小的祈愿
76,100610,2017/07/01 1:00:00,2050/01/01 4:59:59,600610,1,,观看本能速度
77,100611,2017/07/01 1:00:00,2050/01/01 4:59:59,600611,1,,观看winning the soul
78,100612,2021/03/30 12:00:00,2050/01/01 4:59:59,600612,1,,观看追逐梦想！
78,100613,2021/03/30 12:00:00,2050/01/01 4:59:59,600613,1,,通过特定编成观看追逐梦想！
79,100614,2021/04/26 12:00:00,2050/01/01 4:59:59,600614,1,,观看带着闪烁的泪光迎接明天！
79,100616,2021/07/20 12:00:00,2050/01/01 4:59:59,600616,1,,观看BLAZE
79,100617,2021/08/24 12:00:00,2050/01/01 4:59:59,600617,1,,观看Never Looking Back
79,100618,2021/08/30 12:00:00,2050/01/01 4:59:59,600618,1,,观看WINnin’ 5 －胜利☆five－
79,100619,2021/12/08 12:00:00,2050/01/01 4:59:59,600619,1,,观看\n欢乐蹦跳♪晴空万里！
79,100620,2021/12/22 12:00:00,2050/01/01 4:59:59,600620,1,,观看\ntransforming
79,100621,2021/12/31 12:00:00,2050/01/01 4:59:59,600621,1,,观看\nGrow up Shine！
79,100622,2022/02/24 12:00:00,2050/01/01 4:59:59,600622,1,,观看\nBLOW my GALE
79,100623,2022/02/24 12:00:00,2050/01/01 4:59:59,600623,1,,观看\nWe are DREAMERS！！
79,100624,2022/07/20 12:00:00,2050/01/01 4:59:59,600624,1,,观看笑颜的宝物\n-Beyond The Future！-
79,100625,2022/08/24 12:00:00,2050/01/01 4:59:59,600625,1,,观看\nGaze on Me！
79,100626,2022/08/24 12:00:00,2050/01/01 4:59:59,600626,1,,观看\nGIRLS' LEGEND U
79,100627,2022/10/19 12:00:00,2050/01/01 4:59:59,600627,1,,观看\nMs. VICTORIA
79,100628,2022/12/24 18:00:00,2050/01/01 4:59:59,600628,1,,观看\nKIRARI MAGIC SHOW
79,100629,2023/01/30 12:00:00,2050/01/01 4:59:59,600629,1,,观看\nOverrunner!
79,100630,2023/02/24 12:00:00,2050/01/01 4:59:59,600630,1,,观看DRAMATIC JOURNEY
79,100631,2023/02/24 12:00:00,2050/01/01 4:59:59,600631,1,,观看Everlasting BEATS
79,100632,2023/05/08 12:00:00,2050/01/01 4:59:59,600632,1,,观看Glorious Moment！
79,100633,2023/08/24 12:00:00,2050/01/01 4:59:59,600633,1,,观看L'Arc de gloire
79,100634,2023/08/24 12:00:00,2050/01/01 4:59:59,600634,1,,观看特雷森音头
79,100635,2023/12/28 12:00:00,2050/01/01 4:59:59,600635,1,,观看\n自此已成万众之……
79,100636,2024/02/24 12:00:00,2050/01/01 4:59:59,600636,1,,观看\n爆热My soul
79,100637,2024/02/24 12:00:00,2050/01/01 4:59:59,600637,1,,观看\nU.M.A. NEW WORLD！！
79,100638,2024/06/13 12:00:00,2050/01/01 4:59:59,600638,1,,Ready!! Steady!! Derby!!を\n見よう
79,100639,2024/06/26 12:00:00,2050/01/01 4:59:59,600639,1,,ウマすぎ！グルメパレードを\n見よう
79,100640,2024/08/27 18:00:00,2050/01/01 4:59:59,600640,1,,UMA Summerを\n見よう
79,100641,2024/10/29 12:00:00,2050/01/01 4:59:59,600641,1,,O - ロライズを\n見よう
79,100642,2025/02/24 12:00:00,2050/01/01 4:59:59,600642,1,,STARTING FORCEを\n見よう
79,100643,2025/02/24 12:00:00,2050/01/01 4:59:59,600643,1,,Legend-Changerを\n見よう
79,100644,2025/06/27 12:00:00,2050/01/01 4:59:59,600644,1,,タッカー's\nスキルアップアイランドを見よう
79,100645,2025/07/22 12:00:00,2050/01/01 4:59:59,600645,1,,ギフトを\n見よう
79,100646,2025/08/27 18:00:00,2050/01/01 4:59:59,600646,1,,めにしゅき♡ラッシュっしゅ！を\n見よう
79,100647,2025/10/29 12:00:00,2050/01/01 4:59:59,600647,1,,ゆこまロマン純情派を\n見よう
80,100690,2022/04/28 12:00:00,2050/01/01 4:59:59,600690,1,,观看10种演出
90,100701,2017/07/01 1:00:00,2050/01/01 4:59:59,600701,1,,达成累计关注数25人
90,100702,2017/07/01 1:00:00,2050/01/01 4:59:59,600702,1,,达成累计关注数50人
91,100703,2017/07/01 1:00:00,2050/01/01 4:59:59,600703,1,,达成累计被关注数100人
91,100704,2017/07/01 1:00:00,2050/01/01 4:59:59,600704,1,,达成累计被关注数200人
92,100705,2017/07/01 1:00:00,2050/01/01 4:59:59,600705,1,,让其他训练员通过\n养成系统使用100次优俊少女代表
93,100801,2021/11/15 12:00:00,2050/01/01 4:59:59,600706,1,,通过社团聊天\n分享名人堂优俊少女
93,100802,2021/11/15 12:00:00,2050/01/01 4:59:59,600707,1,,让其他训练员通过\n练习功能使用10次名人堂优俊少女
93,100803,2021/11/15 12:00:00,2050/01/01 4:59:59,600708,1,,让其他训练员通过\n练习功能使用100次名人堂优俊少女
93,100804,2021/11/15 12:00:00,2050/01/01 4:59:59,600709,1,,让其他训练员通过\n练习功能使用500次名人堂优俊少女
102,100187,2021/07/29 12:00:00,2050/01/01 4:59:59,600801,1,,通过养成在URA总决赛决赛中\n以大差距取胜
103,100180,2021/07/29 12:00:00,2050/01/01 4:59:59,600802,1,,以至少100万粉丝数\n完成养成
104,100188,2021/07/29 12:00:00,2050/01/01 4:59:59,600803,1,,通过养成外出到河滩30次
105,100181,2021/07/29 12:00:00,2050/01/01 4:59:59,600804,1,,在养成中使短距离适应性[E]及以下的优俊少女进入短距离重赏的前2
106,100182,2021/07/29 12:00:00,2050/01/01 4:59:59,600805,1,,在养成中使英里适应性[E]及以下的优俊少女进入英里重赏的前2
107,100183,2021/07/29 12:00:00,2050/01/01 4:59:59,600806,1,,在养成中使中距离适应性[E]及以下的优俊少女进入中距离重赏的前2
108,100184,2021/07/29 12:00:00,2050/01/01 4:59:59,600807,1,,在养成中使长距离适应性[E]及以下的优俊少女进入长距离重赏的前2
109,100185,2021/07/29 12:00:00,2050/01/01 4:59:59,600808,1,,在养成中使泥地适应性[E]及以下的优俊少女进入泥地重赏的前2
110,100186,2021/07/29 12:00:00,2050/01/01 4:59:59,600809,1,,使场地适应性、距离适应性、跑法适应性各自拥有[S]的状态完成养成
110,100811,2022/04/28 12:00:00,2050/01/01 4:59:59,600901,1,,获得专心一意/打基础/\n先发制人/逃亡者并完成养成
110,100812,2022/04/28 12:00:00,2050/01/01 4:59:59,600902,1,,获得速度之星/兴奋起来了！/\n跟前直线◎并完成养成
110,100813,2022/04/28 12:00:00,2050/01/01 4:59:59,600903,1,,获得换乘能手/全神贯注/\n居中直线◎并完成养成
110,100814,2022/04/28 12:00:00,2050/01/01 4:59:59,600904,1,,获得强攻策略/兴奋起来了！/\n后追直线◎并完成养成
110,100815,2022/04/28 12:00:00,2050/01/01 4:59:59,600905,1,,获得弧线大师/\n曲线行家并完成养成
110,100816,2022/04/28 12:00:00,2050/01/01 4:59:59,600906,1,,获得一阵狂风/\n迅疾如风并完成养成
110,100831,2022/04/28 12:00:00,2050/01/01 4:59:59,600907,1,,获得大胃王/吞噬体力/\n大胃储备并完成养成
110,100832,2022/04/28 12:00:00,2050/01/01 4:59:59,600908,1,,获得紧盯八方/\n千里眼并完成养成
110,100833,2022/04/28 12:00:00,2050/01/01 4:59:59,600909,1,,获得不停步的女孩/竭尽全力/\n赛道的魔术师并完成养成
111,100941,2022/04/28 12:00:00,2050/01/01 4:59:59,601001,1,,与1位优俊少女的亲密度等级达到10级
111,100942,2022/04/28 12:00:00,2050/01/01 4:59:59,601002,1,,与3位优俊少女的亲密度等级达到10级
111,100901,2022/04/28 12:00:00,2050/01/01 4:59:59,601011,1,,档案等级达到100级
111,100911,2022/04/28 12:00:00,2050/01/01 4:59:59,601021,1,,连续7天\n完成所有日常任务
111,100921,2022/04/28 12:00:00,2050/01/01 4:59:59,601031,1,,获得100个称号
111,100931,2022/04/28 12:00:00,2050/01/01 4:59:59,601041,1,,在限时特卖中\n购买100次道具
94,101101,2017/07/01 1:00:00,2050/01/01 4:59:59,601101,1,,获得\n15位优俊少女（含不同服装）
94,101102,2017/07/01 1:00:00,2050/01/01 4:59:59,601102,1,,获得\n100位优俊少女（含不同服装）
95,101201,2017/07/01 1:00:00,2050/01/01 4:59:59,601201,1,,获得\n30种协助卡
95,101202,2017/07/01 1:00:00,2050/01/01 4:59:59,601202,1,,获得\n250种协助卡
96,101301,2017/07/01 1:00:00,2050/01/01 4:59:59,601301,1,,累计储存100万金币
96,101302,2017/07/01 1:00:00,2050/01/01 4:59:59,601302,1,,累计储存1000万金币
98,100170,2017/07/01 1:00:00,2050/01/01 4:59:59,601304,1,,在养成的一次抓娃娃游戏中\n获得至少10个娃娃
111,100171,2021/07/29 12:00:00,2050/01/01 4:59:59,601305,1,,在养成的抓娃娃游戏中\n累计获得300个娃娃
98,101303,2024/09/10 12:00:00,2050/01/01 4:59:59,601306,1,,全国興行を100回完了しよう
99,101400,2017/07/01 1:00:00,2050/01/01 4:59:59,601400,1,,观看\n100个剧情故事
100,101401,2017/07/01 1:00:00,2050/01/01 4:59:59,601401,1,,观看主线剧情\n第1部第1章所有剧情故事
100,101402,2021/06/29 12:00:00,2050/01/01 4:59:59,601402,1,,观看主线剧情\n第1部第2章所有剧情故事
100,101403,2021/06/29 12:00:00,2050/01/01 4:59:59,601403,1,,观看主线剧情\n第1部第3章所有剧情故事
100,101404,2021/07/20 12:00:00,2050/01/01 4:59:59,601404,1,,观看主线剧情\n第1部第4章所有剧情故事
100,101405,2021/12/22 12:00:00,2050/01/01 4:59:59,601405,1,,观看主线剧情\n第1部第5章所有剧情故事
100,101406,2022/03/18 12:00:00,2050/01/01 4:59:59,601406,1,,观看主线剧情第1部\n最终章前篇所有剧情故事
100,101407,2022/07/20 12:00:00,2050/01/01 4:59:59,601407,1,,观看主线剧情第1部\n最终章后篇所有剧情故事
100,101408,2022/07/20 12:00:00,2050/01/01 4:59:59,601408,1,,观看主线剧情第1部\n所有剧情故事
100,101409,2024/03/21 12:00:00,2050/01/01 4:59:59,601409,1,,メインストーリー第2部\n前編第13話を見よう
100,101410,2024/09/20 12:00:00,2050/01/01 4:59:59,601410,1,,メインストーリー第2部\n中編第13話を見よう
100,101411,2025/07/22 12:00:00,2050/01/01 4:59:59,601411,1,,メインストーリー第2部\n後編第13話を見よう
100,101412,2025/07/22 12:00:00,2050/01/01 4:59:59,601412,1,,メインストーリー第2部を\nすべて見よう
100,101451,2023/01/30 12:00:00,2050/01/01 4:59:59,601451,1,,在主线剧情第1部第2章1R的\n比赛中赢得胜利
100,101452,2023/01/30 12:00:00,2050/01/01 4:59:59,601452,1,,在主线剧情第1部第3章3R的\n比赛中赢得胜利
100,101453,2023/01/30 12:00:00,2050/01/01 4:59:59,601453,1,,在主线剧情第1部第4章3R的\n比赛中赢得胜利
100,101454,2023/01/30 12:00:00,2050/01/01 4:59:59,601454,1,,在主线剧情第1部第5章2R的\n比赛中赢得胜利
100,101455,2023/01/30 12:00:00,2050/01/01 4:59:59,601455,1,,在主线剧情第1部最终章\n前篇2R的比赛中赢得胜利
100,101456,2023/01/30 12:00:00,2050/01/01 4:59:59,601456,1,,在主线剧情第1部最终章\n后篇7R的比赛中赢得胜利
100,101457,2024/03/21 12:00:00,2050/01/01 4:59:59,601457,1,,メインストーリー第2部前編\n第4Rでレースに勝利しよう
100,101458,2024/09/20 12:00:00,2050/01/01 4:59:59,601458,1,,メインストーリー第2部中編\n第4Rでレースに勝利しよう
100,101459,2025/07/22 12:00:00,2050/01/01 4:59:59,601459,1,,メインストーリー第2部後編\n第4Rでレースに勝利しよう
101,100190,2017/07/01 1:00:00,2050/01/01 4:59:59,601499,1,,度过那无可替代的\n珍贵时光吧
112,100191,2021/07/29 12:00:00,2050/01/01 4:59:59,601500,1,,与18名优俊少女度过\n那无可替代的珍贵时光吧
177,101501,2017/07/01 1:00:00,2050/01/01 4:59:59,601501,1,,观看特别周的\n角色剧情第4话
178,101502,2017/07/01 1:00:00,2050/01/01 4:59:59,601502,1,,特别周获得粉丝数\n累计达到1000万人
178,101503,2017/07/01 1:00:00,2050/01/01 4:59:59,601503,1,,特别周获得粉丝数\n累计达到5000万人
178,101504,2017/07/01 1:00:00,2050/01/01 4:59:59,601504,1,,特别周获得粉丝数\n累计达到1亿人
178,101505,2022/02/24 12:00:00,2050/01/01 4:59:59,601505,1,,让特别周获得\n一级～三级赛事的全部奖杯
180,101601,2017/07/01 1:00:00,2050/01/01 4:59:59,601601,1,,观看无声铃鹿的\n角色剧情第4话
181,101602,2017/07/01 1:00:00,2050/01/01 4:59:59,601602,1,,无声铃鹿获得粉丝数\n累计达到1000万人
181,101603,2017/07/01 1:00:00,2050/01/01 4:59:59,601603,1,,无声铃鹿获得粉丝数\n累计达到5000万人
181,101604,2017/07/01 1:00:00,2050/01/01 4:59:59,601604,1,,无声铃鹿获得粉丝数\n累计达到1亿人
181,101605,2022/02/24 12:00:00,2050/01/01 4:59:59,601605,1,,让无声铃鹿获得\n一级～三级赛事的全部奖杯
183,101701,2017/07/01 1:00:00,2050/01/01 4:59:59,601701,1,,观看东海帝王的\n角色剧情第4话
184,101702,2017/07/01 1:00:00,2050/01/01 4:59:59,601702,1,,东海帝王获得粉丝数\n累计达到1000万人
184,101703,2017/07/01 1:00:00,2050/01/01 4:59:59,601703,1,,东海帝王获得粉丝数\n累计达到5000万人
184,101704,2017/07/01 1:00:00,2050/01/01 4:59:59,601704,1,,东海帝王获得粉丝数\n累计达到1亿人
184,101705,2022/02/24 12:00:00,2050/01/01 4:59:59,601705,1,,让东海帝王获得\n一级～三级赛事的全部奖杯
186,101801,2017/07/01 1:00:00,2050/01/01 4:59:59,601801,1,,观看丸善斯基的\n角色剧情第4话
187,101802,2017/07/01 1:00:00,2050/01/01 4:59:59,601802,1,,丸善斯基获得粉丝数\n累计达到1000万人
187,101803,2017/07/01 1:00:00,2050/01/01 4:59:59,601803,1,,丸善斯基获得粉丝数\n累计达到5000万人
187,101804,2017/07/01 1:00:00,2050/01/01 4:59:59,601804,1,,丸善斯基获得粉丝数\n累计达到1亿人
187,101805,2022/02/24 12:00:00,2050/01/01 4:59:59,601805,1,,让丸善斯基获得\n一级～三级赛事的全部奖杯
189,101901,2021/07/12 12:00:00,2050/01/01 4:59:59,601901,1,,观看富士奇石的\n角色剧情第4话
190,101902,2021/07/12 12:00:00,2050/01/01 4:59:59,601902,1,,富士奇石获得粉丝数\n累计达到1000万人
190,101903,2021/07/12 12:00:00,2050/01/01 4:59:59,601903,1,,富士奇石获得粉丝数\n累计达到5000万人
190,101904,2021/07/12 12:00:00,2050/01/01 4:59:59,601904,1,,富士奇石获得粉丝数\n累计达到1亿人
190,101905,2022/02/24 12:00:00,2050/01/01 4:59:59,601905,1,,让富士奇石获得\n一级～三级赛事的全部奖杯
192,102001,2017/07/01 1:00:00,2050/01/01 4:59:59,602001,1,,观看小栗帽的\n角色剧情第4话
193,102002,2017/07/01 1:00:00,2050/01/01 4:59:59,602002,1,,小栗帽获得粉丝数\n累计达到1000万人
193,102003,2017/07/01 1:00:00,2050/01/01 4:59:59,602003,1,,小栗帽获得粉丝数\n累计达到5000万人
193,102004,2017/07/01 1:00:00,2050/01/01 4:59:59,602004,1,,小栗帽获得粉丝数\n累计达到1亿人
193,102005,2022/02/24 12:00:00,2050/01/01 4:59:59,602005,1,,让小栗帽获得\n一级～三级赛事的全部奖杯
195,102101,2017/07/01 1:00:00,2050/01/01 4:59:59,602101,1,,观看黄金船的\n角色剧情第4话
196,102102,2017/07/01 1:00:00,2050/01/01 4:59:59,602102,1,,黄金船获得粉丝数\n累计达到1000万人
196,102103,2017/07/01 1:00:00,2050/01/01 4:59:59,602103,1,,黄金船获得粉丝数\n累计达到5000万人
196,102104,2017/07/01 1:00:00,2050/01/01 4:59:59,602104,1,,黄金船获得粉丝数\n累计达到1亿人
196,102105,2022/02/24 12:00:00,2050/01/01 4:59:59,602105,1,,让黄金船获得\n一级～三级赛事的全部奖杯
198,102201,2017/07/01 1:00:00,2050/01/01 4:59:59,602201,1,,观看伏特加的\n角色剧情第4话
199,102202,2017/07/01 1:00:00,2050/01/01 4:59:59,602202,1,,伏特加获得粉丝数\n累计达到1000万人
199,102203,2017/07/01 1:00:00,2050/01/01 4:59:59,602203,1,,伏特加获得粉丝数\n累计达到5000万人
199,102204,2017/07/01 1:00:00,2050/01/01 4:59:59,602204,1,,伏特加获得粉丝数\n累计达到1亿人
199,102205,2022/02/24 12:00:00,2050/01/01 4:59:59,602205,1,,让伏特加获得\n一级～三级赛事的全部奖杯
201,102301,2017/07/01 1:00:00,2050/01/01 4:59:59,602301,1,,观看大和赤骥的\n角色剧情第4话
202,102302,2017/07/01 1:00:00,2050/01/01 4:59:59,602302,1,,大和赤骥获得粉丝数\n累计达到1000万人
202,102303,2017/07/01 1:00:00,2050/01/01 4:59:59,602303,1,,大和赤骥获得粉丝数\n累计达到5000万人
202,102304,2017/07/01 1:00:00,2050/01/01 4:59:59,602304,1,,大和赤骥获得粉丝数\n累计达到1亿人
202,102305,2022/02/24 12:00:00,2050/01/01 4:59:59,602305,1,,让大和赤骥获得\n一级～三级赛事的全部奖杯
204,102401,2017/07/01 1:00:00,2050/01/01 4:59:59,602401,1,,观看大树快车的\n角色剧情第4话
205,102402,2017/07/01 1:00:00,2050/01/01 4:59:59,602402,1,,大树快车获得粉丝数\n累计达到1000万人
205,102403,2017/07/01 1:00:00,2050/01/01 4:59:59,602403,1,,大树快车获得粉丝数\n累计达到5000万人
205,102404,2017/07/01 1:00:00,2050/01/01 4:59:59,602404,1,,大树快车获得粉丝数\n累计达到1亿人
205,102405,2022/02/24 12:00:00,2050/01/01 4:59:59,602405,1,,让大树快车获得\n一级～三级赛事的全部奖杯
207,102501,2017/07/01 1:00:00,2050/01/01 4:59:59,602501,1,,观看草上飞的\n角色剧情第4话
208,102502,2017/07/01 1:00:00,2050/01/01 4:59:59,602502,1,,草上飞获得粉丝数\n累计达到1000万人
208,102503,2017/07/01 1:00:00,2050/01/01 4:59:59,602503,1,,草上飞获得粉丝数\n累计达到5000万人
208,102504,2017/07/01 1:00:00,2050/01/01 4:59:59,602504,1,,草上飞获得粉丝数\n累计达到1亿人
208,102505,2022/02/24 12:00:00,2050/01/01 4:59:59,602505,1,,让草上飞获得\n一级～三级赛事的全部奖杯
210,102601,2021/06/21 12:00:00,2050/01/01 4:59:59,602601,1,,观看菱亚马逊的\n角色剧情第4话
211,102602,2021/06/21 12:00:00,2050/01/01 4:59:59,602602,1,,菱亚马逊获得粉丝数\n累计达到1000万人
211,102603,2021/06/21 12:00:00,2050/01/01 4:59:59,602603,1,,菱亚马逊获得粉丝数\n累计达到5000万人
211,102604,2021/06/21 12:00:00,2050/01/01 4:59:59,602604,1,,菱亚马逊获得粉丝数\n累计达到1亿人
211,102605,2022/02/24 12:00:00,2050/01/01 4:59:59,602605,1,,让菱亚马逊获得\n一级～三级赛事的全部奖杯
213,102701,2017/07/01 1:00:00,2050/01/01 4:59:59,602701,1,,观看目白麦昆的\n角色剧情第4话
214,102702,2017/07/01 1:00:00,2050/01/01 4:59:59,602702,1,,目白麦昆获得粉丝数\n累计达到1000万人
214,102703,2017/07/01 1:00:00,2050/01/01 4:59:59,602703,1,,目白麦昆获得粉丝数\n累计达到5000万人
214,102704,2017/07/01 1:00:00,2050/01/01 4:59:59,602704,1,,目白麦昆获得粉丝数\n累计达到1亿人
214,102705,2022/02/24 12:00:00,2050/01/01 4:59:59,602705,1,,让目白麦昆获得\n一级～三级赛事的全部奖杯
216,102801,2017/07/01 1:00:00,2050/01/01 4:59:59,602801,1,,观看神鹰的\n角色剧情第4话
217,102802,2017/07/01 1:00:00,2050/01/01 4:59:59,602802,1,,神鹰获得粉丝数\n累计达到1000万人
217,102803,2017/07/01 1:00:00,2050/01/01 4:59:59,602803,1,,神鹰获得粉丝数\n累计达到5000万人
217,102804,2017/07/01 1:00:00,2050/01/01 4:59:59,602804,1,,神鹰获得粉丝数\n累计达到1亿人
217,102805,2022/02/24 12:00:00,2050/01/01 4:59:59,602805,1,,让神鹰获得\n一级～三级赛事的全部奖杯
219,102901,2021/03/02 12:00:00,2050/01/01 4:59:59,602901,1,,观看好歌剧的\n角色剧情第4话
220,102902,2021/03/02 12:00:00,2050/01/01 4:59:59,602902,1,,好歌剧获得粉丝数\n累计达到1000万人
220,102903,2021/03/02 12:00:00,2050/01/01 4:59:59,602903,1,,好歌剧获得粉丝数\n累计达到5000万人
220,102904,2021/03/02 12:00:00,2050/01/01 4:59:59,602904,1,,好歌剧获得粉丝数\n累计达到1亿人
220,102905,2022/02/24 12:00:00,2050/01/01 4:59:59,602905,1,,让好歌剧获得\n一级～三级赛事的全部奖杯
222,103001,2017/07/01 1:00:00,2050/01/01 4:59:59,603001,1,,观看鲁道夫象征的\n角色剧情第4话
223,103002,2017/07/01 1:00:00,2050/01/01 4:59:59,603002,1,,鲁道夫象征获得粉丝数\n累计达到1000万人
223,103003,2017/07/01 1:00:00,2050/01/01 4:59:59,603003,1,,鲁道夫象征获得粉丝数\n累计达到5000万人
223,103004,2017/07/01 1:00:00,2050/01/01 4:59:59,603004,1,,鲁道夫象征获得粉丝数\n累计达到1亿人
223,103005,2022/02/24 12:00:00,2050/01/01 4:59:59,603005,1,,让鲁道夫象征获得\n一级～三级赛事的全部奖杯
225,103101,2017/07/01 1:00:00,2050/01/01 4:59:59,603101,1,,观看气槽的\n角色剧情第4话
226,103102,2017/07/01 1:00:00,2050/01/01 4:59:59,603102,1,,气槽获得粉丝数\n累计达到1000万人
226,103103,2017/07/01 1:00:00,2050/01/01 4:59:59,603103,1,,气槽获得粉丝数\n累计达到5000万人
226,103104,2017/07/01 1:00:00,2050/01/01 4:59:59,603104,1,,气槽获得粉丝数\n累计达到1亿人
226,103105,2022/02/24 12:00:00,2050/01/01 4:59:59,603105,1,,让气槽获得\n一级～三级赛事的全部奖杯
228,103201,2021/06/10 12:00:00,2050/01/01 4:59:59,603201,1,,观看青云天空的\n角色剧情第4话
229,103202,2021/06/10 12:00:00,2050/01/01 4:59:59,603202,1,,青云天空获得粉丝数\n累计达到1000万人
229,103203,2021/06/10 12:00:00,2050/01/01 4:59:59,603203,1,,青云天空获得粉丝数\n累计达到5000万人
229,103204,2021/06/10 12:00:00,2050/01/01 4:59:59,603204,1,,青云天空获得粉丝数\n累计达到1亿人
229,103205,2022/02/24 12:00:00,2050/01/01 4:59:59,603205,1,,让青云天空获得\n一级～三级赛事的全部奖杯
231,103301,2017/07/01 1:00:00,2050/01/01 4:59:59,603301,1,,观看重炮的\n角色剧情第4话
232,103302,2017/07/01 1:00:00,2050/01/01 4:59:59,603302,1,,重炮获得粉丝数\n累计达到1000万人
232,103303,2017/07/01 1:00:00,2050/01/01 4:59:59,603303,1,,重炮获得粉丝数\n累计达到5000万人
232,103304,2017/07/01 1:00:00,2050/01/01 4:59:59,603304,1,,重炮获得粉丝数\n累计达到1亿人
232,103305,2022/02/24 12:00:00,2050/01/01 4:59:59,603305,1,,让重炮获得\n一级～三级赛事的全部奖杯
234,103401,2017/07/01 1:00:00,2050/01/01 4:59:59,603401,1,,观看目白莱恩的\n角色剧情第4话
235,103402,2017/07/01 1:00:00,2050/01/01 4:59:59,603402,1,,目白莱恩获得粉丝数\n累计达到1000万人
235,103403,2017/07/01 1:00:00,2050/01/01 4:59:59,603403,1,,目白莱恩获得粉丝数\n累计达到5000万人
235,103404,2017/07/01 1:00:00,2050/01/01 4:59:59,603404,1,,目白莱恩获得粉丝数\n累计达到1亿人
235,103405,2022/02/24 12:00:00,2050/01/01 4:59:59,603405,1,,让目白莱恩获得\n一级～三级赛事的全部奖杯
237,103501,2017/07/01 1:00:00,2050/01/01 4:59:59,603501,1,,观看米浴的\n角色剧情第4话
238,103502,2017/07/01 1:00:00,2050/01/01 4:59:59,603502,1,,米浴获得粉丝数\n累计达到1000万人
238,103503,2017/07/01 1:00:00,2050/01/01 4:59:59,603503,1,,米浴获得粉丝数\n累计达到5000万人
238,103504,2017/07/01 1:00:00,2050/01/01 4:59:59,603504,1,,米浴获得粉丝数\n累计达到1亿人
238,103505,2022/02/24 12:00:00,2050/01/01 4:59:59,603505,1,,让米浴获得\n一级～三级赛事的全部奖杯
240,103601,2017/07/01 1:00:00,2050/01/01 4:59:59,603601,1,,观看爱丽速子的\n角色剧情第4话
241,103602,2017/07/01 1:00:00,2050/01/01 4:59:59,603602,1,,爱丽速子获得粉丝数\n累计达到1000万人
241,103603,2017/07/01 1:00:00,2050/01/01 4:59:59,603603,1,,爱丽速子获得粉丝数\n累计达到5000万人
241,103604,2017/07/01 1:00:00,2050/01/01 4:59:59,603604,1,,爱丽速子获得粉丝数\n累计达到1亿人
241,103605,2022/02/24 12:00:00,2050/01/01 4:59:59,603605,1,,让爱丽速子获得\n一级～三级赛事的全部奖杯
243,103701,2017/07/01 1:00:00,2050/01/01 4:59:59,603701,1,,观看胜利奖券的\n角色剧情第4话
244,103702,2017/07/01 1:00:00,2050/01/01 4:59:59,603702,1,,胜利奖券获得粉丝数\n累计达到1000万人
244,103703,2017/07/01 1:00:00,2050/01/01 4:59:59,603703,1,,胜利奖券获得粉丝数\n累计达到5000万人
244,103704,2017/07/01 1:00:00,2050/01/01 4:59:59,603704,1,,胜利奖券获得粉丝数\n累计达到1亿人
244,103705,2022/02/24 12:00:00,2050/01/01 4:59:59,603705,1,,让胜利奖券获得\n一级～三级赛事的全部奖杯
246,103801,2021/07/20 12:00:00,2050/01/01 4:59:59,603801,1,,观看黄金城的\n角色剧情第4话
247,103802,2021/07/20 12:00:00,2050/01/01 4:59:59,603802,1,,黄金城获得粉丝数\n累计达到1000万人
247,103803,2021/07/20 12:00:00,2050/01/01 4:59:59,603803,1,,黄金城获得粉丝数\n累计达到5000万人
247,103804,2021/07/20 12:00:00,2050/01/01 4:59:59,603804,1,,黄金城获得粉丝数\n累计达到1亿人
247,103805,2022/02/24 12:00:00,2050/01/01 4:59:59,603805,1,,让黄金城获得\n一级～三级赛事的全部奖杯
249,103901,2017/07/01 1:00:00,2050/01/01 4:59:59,603901,1,,观看樱花进王的\n角色剧情第4话
250,103902,2017/07/01 1:00:00,2050/01/01 4:59:59,603902,1,,樱花进王获得粉丝数\n累计达到1000万人
250,103903,2017/07/01 1:00:00,2050/01/01 4:59:59,603903,1,,樱花进王获得粉丝数\n累计达到5000万人
250,103904,2017/07/01 1:00:00,2050/01/01 4:59:59,603904,1,,樱花进王获得粉丝数\n累计达到1亿人
250,103905,2022/02/24 12:00:00,2050/01/01 4:59:59,603905,1,,让樱花进王获得\n一级～三级赛事的全部奖杯
252,104001,2017/07/01 1:00:00,2050/01/01 4:59:59,604001,1,,观看超级溪流的\n角色剧情第4话
253,104002,2017/07/01 1:00:00,2050/01/01 4:59:59,604002,1,,超级溪流获得粉丝数\n累计达到1000万人
253,104003,2017/07/01 1:00:00,2050/01/01 4:59:59,604003,1,,超级溪流获得粉丝数\n累计达到5000万人
253,104004,2017/07/01 1:00:00,2050/01/01 4:59:59,604004,1,,超级溪流获得粉丝数\n累计达到1亿人
253,104005,2022/02/24 12:00:00,2050/01/01 4:59:59,604005,1,,让超级溪流获得\n一级～三级赛事的全部奖杯
255,104101,2017/07/01 1:00:00,2050/01/01 4:59:59,604101,1,,观看春乌菈菈的\n角色剧情第4话
256,104102,2017/07/01 1:00:00,2050/01/01 4:59:59,604102,1,,春乌菈菈获得粉丝数\n累计达到1000万人
256,104103,2017/07/01 1:00:00,2050/01/01 4:59:59,604103,1,,春乌菈菈获得粉丝数\n累计达到5000万人
256,104104,2017/07/01 1:00:00,2050/01/01 4:59:59,604104,1,,春乌菈菈获得粉丝数\n累计达到1亿人
256,104105,2022/02/24 12:00:00,2050/01/01 4:59:59,604105,1,,让春乌菈菈获得\n一级～三级赛事的全部奖杯
258,104201,2017/07/01 1:00:00,2050/01/01 4:59:59,604201,1,,观看待兼福来的\n角色剧情第4话
259,104202,2017/07/01 1:00:00,2050/01/01 4:59:59,604202,1,,待兼福来获得粉丝数\n累计达到1000万人
259,104203,2017/07/01 1:00:00,2050/01/01 4:59:59,604203,1,,待兼福来获得粉丝数\n累计达到5000万人
259,104204,2017/07/01 1:00:00,2050/01/01 4:59:59,604204,1,,待兼福来获得粉丝数\n累计达到1亿人
259,104205,2022/02/24 12:00:00,2050/01/01 4:59:59,604205,1,,让待兼福来获得\n一级～三级赛事的全部奖杯
261,104301,2017/07/01 1:00:00,2050/01/01 4:59:59,604301,1,,观看优秀素质的\n角色剧情第4话
262,104302,2017/07/01 1:00:00,2050/01/01 4:59:59,604302,1,,优秀素质获得粉丝数\n累计达到1000万人
262,104303,2017/07/01 1:00:00,2050/01/01 4:59:59,604303,1,,优秀素质获得粉丝数\n累计达到5000万人
262,104304,2017/07/01 1:00:00,2050/01/01 4:59:59,604304,1,,优秀素质获得粉丝数\n累计达到1亿人
262,104305,2022/02/24 12:00:00,2050/01/01 4:59:59,604305,1,,让优秀素质获得\n一级～三级赛事的全部奖杯
264,104401,2017/07/01 1:00:00,2050/01/01 4:59:59,604401,1,,观看帝王光辉的\n角色剧情第4话
265,104402,2017/07/01 1:00:00,2050/01/01 4:59:59,604402,1,,帝王光辉获得粉丝数\n累计达到1000万人
265,104403,2017/07/01 1:00:00,2050/01/01 4:59:59,604403,1,,帝王光辉获得粉丝数\n累计达到5000万人
265,104404,2017/07/01 1:00:00,2050/01/01 4:59:59,604404,1,,帝王光辉获得粉丝数\n累计达到1亿人
265,104405,2022/02/24 12:00:00,2050/01/01 4:59:59,604405,1,,让帝王光辉获得\n一级～三级赛事的全部奖杯
266,104501,2021/03/09 12:00:00,2050/01/01 4:59:59,604501,1,,观看美浦波旁的\n角色剧情第4话
267,104502,2021/03/09 12:00:00,2050/01/01 4:59:59,604502,1,,美浦波旁获得粉丝数\n累计达到1000万人
267,104503,2021/03/09 12:00:00,2050/01/01 4:59:59,604503,1,,美浦波旁获得粉丝数\n累计达到5000万人
267,104504,2021/03/09 12:00:00,2050/01/01 4:59:59,604504,1,,美浦波旁获得粉丝数\n累计达到1亿人
267,104505,2022/02/24 12:00:00,2050/01/01 4:59:59,604505,1,,让美浦波旁获得\n一级～三级赛事的全部奖杯
268,104601,2021/03/18 12:00:00,2050/01/01 4:59:59,604601,1,,观看琵琶晨光的\n角色剧情第4话
269,104602,2021/03/18 12:00:00,2050/01/01 4:59:59,604602,1,,琵琶晨光获得粉丝数\n累计达到1000万人
269,104603,2021/03/18 12:00:00,2050/01/01 4:59:59,604603,1,,琵琶晨光获得粉丝数\n累计达到5000万人
269,104604,2021/03/18 12:00:00,2050/01/01 4:59:59,604604,1,,琵琶晨光获得粉丝数\n累计达到1亿人
269,104605,2022/02/24 12:00:00,2050/01/01 4:59:59,604605,1,,让琵琶晨光获得\n一级～三级赛事的全部奖杯
270,104701,2021/04/15 12:00:00,2050/01/01 4:59:59,604701,1,,观看真机伶的\n角色剧情第4话
271,104702,2021/04/15 12:00:00,2050/01/01 4:59:59,604702,1,,真机伶获得粉丝数\n累计达到1000万人
271,104703,2021/04/15 12:00:00,2050/01/01 4:59:59,604703,1,,真机伶获得粉丝数\n累计达到5000万人
271,104704,2021/04/15 12:00:00,2050/01/01 4:59:59,604704,1,,真机伶获得粉丝数\n累计达到1亿人
271,104705,2022/02/24 12:00:00,2050/01/01 4:59:59,604705,1,,让真机伶获得\n一级～三级赛事的全部奖杯
272,104801,2021/04/26 12:00:00,2050/01/01 4:59:59,604801,1,,观看成田大进\n角色剧情第4话
273,104802,2021/04/26 12:00:00,2050/01/01 4:59:59,604802,1,,成田大进获得粉丝数\n累计达到1000万人
273,104803,2021/04/26 12:00:00,2050/01/01 4:59:59,604803,1,,成田大进获得粉丝数\n累计达到5000万人
273,104804,2021/04/26 12:00:00,2050/01/01 4:59:59,604804,1,,成田大进获得粉丝数\n累计达到1亿人
273,104805,2022/02/24 12:00:00,2050/01/01 4:59:59,604805,1,,让成田大进获得\n一级～三级赛事的全部奖杯
274,104901,2021/05/06 12:00:00,2050/01/01 4:59:59,604901,1,,观看醒目飞鹰的\n角色剧情第4话
275,104902,2021/05/06 12:00:00,2050/01/01 4:59:59,604902,1,,醒目飞鹰获得粉丝数\n累计达到1000万人
275,104903,2021/05/06 12:00:00,2050/01/01 4:59:59,604903,1,,醒目飞鹰获得粉丝数\n累计达到5000万人
275,104904,2021/05/06 12:00:00,2050/01/01 4:59:59,604904,1,,醒目飞鹰获得粉丝数\n累计达到1亿人
275,104905,2022/02/24 12:00:00,2050/01/01 4:59:59,604905,1,,让醒目飞鹰获得\n一级～三级赛事的全部奖杯
276,105001,2021/05/17 12:00:00,2050/01/01 4:59:59,605001,1,,观看成田白仁的\n角色剧情第4话
277,105002,2021/05/17 12:00:00,2050/01/01 4:59:59,605002,1,,成田白仁获得粉丝数\n累计达到1000万人
277,105003,2021/05/17 12:00:00,2050/01/01 4:59:59,605003,1,,成田白仁获得粉丝数\n累计达到5000万人
277,105004,2021/05/17 12:00:00,2050/01/01 4:59:59,605004,1,,成田白仁获得粉丝数\n累计达到1亿人
277,105005,2022/02/24 12:00:00,2050/01/01 4:59:59,605005,1,,让成田白仁获得\n一级～三级赛事的全部奖杯
278,105101,2021/08/11 12:00:00,2050/01/01 4:59:59,605101,1,,观看名将怒涛的\n角色剧情第4话
279,105102,2021/08/11 12:00:00,2050/01/01 4:59:59,605102,1,,名将怒涛获得粉丝数\n累计达到1000万人
279,105103,2021/08/11 12:00:00,2050/01/01 4:59:59,605103,1,,名将怒涛获得粉丝数\n累计达到5000万人
279,105104,2021/08/11 12:00:00,2050/01/01 4:59:59,605104,1,,名将怒涛获得粉丝数\n累计达到1亿人
279,105105,2022/02/24 12:00:00,2050/01/01 4:59:59,605105,1,,让名将怒涛获得\n一级～三级赛事的全部奖杯
280,105201,2021/08/20 12:00:00,2050/01/01 4:59:59,605201,1,,观看荣进闪耀\n角色剧情第4话
281,105202,2021/08/20 12:00:00,2050/01/01 4:59:59,605202,1,,荣进闪耀获得粉丝数\n累计达到1000万人
281,105203,2021/08/20 12:00:00,2050/01/01 4:59:59,605203,1,,荣进闪耀获得粉丝数\n累计达到5000万人
281,105204,2021/08/20 12:00:00,2050/01/01 4:59:59,605204,1,,荣进闪耀获得粉丝数\n累计达到1亿人
281,105205,2022/02/24 12:00:00,2050/01/01 4:59:59,605205,1,,让荣进闪耀获得\n一级～三级赛事的全部奖杯
282,105301,2021/09/10 12:00:00,2050/01/01 4:59:59,605301,1,,观看菱曙的\n角色剧情第4话
283,105302,2021/09/10 12:00:00,2050/01/01 4:59:59,605302,1,,菱曙获得粉丝数\n累计达到1000万人
283,105303,2021/09/10 12:00:00,2050/01/01 4:59:59,605303,1,,菱曙获得粉丝数\n累计达到5000万人
283,105304,2021/09/10 12:00:00,2050/01/01 4:59:59,605304,1,,菱曙获得粉丝数\n累计达到1亿人
283,105305,2022/02/24 12:00:00,2050/01/01 4:59:59,605305,1,,让菱曙获得\n一级～三级赛事的全部奖杯
284,105401,2021/09/20 12:00:00,2050/01/01 4:59:59,605401,1,,观看爱丽数码的\n角色剧情第4话
285,105402,2021/09/20 12:00:00,2050/01/01 4:59:59,605402,1,,爱丽数码获得粉丝数\n累计达到1000万人
285,105403,2021/09/20 12:00:00,2050/01/01 4:59:59,605403,1,,爱丽数码获得粉丝数\n累计达到5000万人
285,105404,2021/09/20 12:00:00,2050/01/01 4:59:59,605404,1,,爱丽数码获得粉丝数\n累计达到1亿人
285,105405,2022/02/24 12:00:00,2050/01/01 4:59:59,605405,1,,让爱丽数码获得\n一级～三级赛事的全部奖杯
286,105501,2021/10/11 12:00:00,2050/01/01 4:59:59,605501,1,,观看川上公主的\n角色剧情第4话
287,105502,2021/10/11 12:00:00,2050/01/01 4:59:59,605502,1,,川上公主获得粉丝数\n累计达到1000万人
287,105503,2021/10/11 12:00:00,2050/01/01 4:59:59,605503,1,,川上公主获得粉丝数\n累计达到5000万人
287,105504,2021/10/11 12:00:00,2050/01/01 4:59:59,605504,1,,川上公主获得粉丝数\n累计达到1亿人
287,105505,2022/02/24 12:00:00,2050/01/01 4:59:59,605505,1,,让川上公主获得\n一级～三级赛事的全部奖杯
288,105601,2021/10/20 12:00:00,2050/01/01 4:59:59,605601,1,,观看曼城茶座的\n角色剧情第4话
289,105602,2021/10/20 12:00:00,2050/01/01 4:59:59,605602,1,,曼城茶座获得粉丝数\n累计达到1000万人
289,105603,2021/10/20 12:00:00,2050/01/01 4:59:59,605603,1,,曼城茶座获得粉丝数\n累计达到5000万人
289,105604,2021/10/20 12:00:00,2050/01/01 4:59:59,605604,1,,曼城茶座获得粉丝数\n累计达到1亿人
289,105605,2022/02/24 12:00:00,2050/01/01 4:59:59,605605,1,,让曼城茶座获得\n一级～三级赛事的全部奖杯
290,105701,2021/11/08 12:00:00,2050/01/01 4:59:59,605701,1,,观看岛川乔丹的\n角色剧情第4话
291,105702,2021/11/08 12:00:00,2050/01/01 4:59:59,605702,1,,岛川乔丹获得粉丝数\n累计达到1000万人
291,105703,2021/11/08 12:00:00,2050/01/01 4:59:59,605703,1,,岛川乔丹获得粉丝数\n累计达到5000万人
291,105704,2021/11/08 12:00:00,2050/01/01 4:59:59,605704,1,,岛川乔丹获得粉丝数\n累计达到1亿人
291,105705,2022/02/24 12:00:00,2050/01/01 4:59:59,605705,1,,让岛川乔丹获得\n一级～三级赛事的全部奖杯
292,105801,2021/11/19 12:00:00,2050/01/01 4:59:59,605801,1,,观看目白多伯的\n角色剧情第4话
293,105802,2021/11/19 12:00:00,2050/01/01 4:59:59,605802,1,,目白多伯获得粉丝数\n累计达到1000万人
293,105803,2021/11/19 12:00:00,2050/01/01 4:59:59,605803,1,,目白多伯获得粉丝数\n累计达到5000万人
293,105804,2021/11/19 12:00:00,2050/01/01 4:59:59,605804,1,,目白多伯获得粉丝数\n累计达到1亿人
293,105805,2022/02/24 12:00:00,2050/01/01 4:59:59,605805,1,,让目白多伯获得\n一级～三级赛事的全部奖杯
294,105901,2021/12/14 12:00:00,2050/01/01 4:59:59,605901,1,,观看美妙姿势的\n角色剧情第4话
295,105902,2021/12/14 12:00:00,2050/01/01 4:59:59,605902,1,,美妙姿势获得粉丝数\n累计达到1000万人
295,105903,2021/12/14 12:00:00,2050/01/01 4:59:59,605903,1,,美妙姿势获得粉丝数\n累计达到5000万人
295,105904,2021/12/14 12:00:00,2050/01/01 4:59:59,605904,1,,美妙姿势获得粉丝数\n累计达到1亿人
295,105905,2022/02/24 12:00:00,2050/01/01 4:59:59,605905,1,,让美妙姿势获得\n一级～三级赛事的全部奖杯
296,106001,2021/12/22 12:00:00,2050/01/01 4:59:59,606001,1,,观看玉藻十字的\n角色剧情第4话
297,106002,2021/12/22 12:00:00,2050/01/01 4:59:59,606002,1,,玉藻十字获得粉丝数\n累计达到1000万人
297,106003,2021/12/22 12:00:00,2050/01/01 4:59:59,606003,1,,玉藻十字获得粉丝数\n累计达到5000万人
297,106004,2021/12/22 12:00:00,2050/01/01 4:59:59,606004,1,,玉藻十字获得粉丝数\n累计达到1亿人
297,106005,2022/02/24 12:00:00,2050/01/01 4:59:59,606005,1,,让玉藻十字获得\n一级～三级赛事的全部奖杯
298,106101,2022/01/20 12:00:00,2050/01/01 4:59:59,606101,1,,观看樱花千代王的\n角色剧情第4话
299,106102,2022/01/20 12:00:00,2050/01/01 4:59:59,606102,1,,樱花千代王获得粉丝数\n累计达到1000万人
299,106103,2022/01/20 12:00:00,2050/01/01 4:59:59,606103,1,,樱花千代王获得粉丝数\n累计达到5000万人
299,106104,2022/01/20 12:00:00,2050/01/01 4:59:59,606104,1,,樱花千代王获得粉丝数\n累计达到1亿人
299,106105,2022/02/24 12:00:00,2050/01/01 4:59:59,606105,1,,让樱花千代王获得\n一级～三级赛事的全部奖杯
300,106201,2022/02/08 12:00:00,2050/01/01 4:59:59,606201,1,,观看目白雅丹的\n角色剧情第4话
301,106202,2022/02/08 12:00:00,2050/01/01 4:59:59,606202,1,,目白雅丹获得粉丝数\n累计达到1000万人
301,106203,2022/02/08 12:00:00,2050/01/01 4:59:59,606203,1,,目白雅丹获得粉丝数\n累计达到5000万人
301,106204,2022/02/08 12:00:00,2050/01/01 4:59:59,606204,1,,目白雅丹获得粉丝数\n累计达到1亿人
301,106205,2022/02/24 12:00:00,2050/01/01 4:59:59,606205,1,,让目白雅丹获得\n一级～三级赛事的全部奖杯
302,106301,2022/02/16 12:00:00,2050/01/01 4:59:59,606301,1,,观看爱慕织姬的\n角色剧情第4话
303,106302,2022/02/16 12:00:00,2050/01/01 4:59:59,606302,1,,爱慕织姬获得粉丝数\n累计达到1000万人
303,106303,2022/02/16 12:00:00,2050/01/01 4:59:59,606303,1,,爱慕织姬获得粉丝数\n累计达到5000万人
303,106304,2022/02/16 12:00:00,2050/01/01 4:59:59,606304,1,,爱慕织姬获得粉丝数\n累计达到1亿人
304,106305,2022/02/24 12:00:00,2050/01/01 4:59:59,606305,1,,让爱慕织姬获得\n一级～三级赛事的全部奖杯
305,106401,2022/02/24 12:00:00,2050/01/01 4:59:59,606401,1,,观看北部玄驹的\n角色剧情第4话
306,106402,2022/02/24 12:00:00,2050/01/01 4:59:59,606402,1,,北部玄驹获得粉丝数\n累计达到1000万人
306,106403,2022/02/24 12:00:00,2050/01/01 4:59:59,606403,1,,北部玄驹获得粉丝数\n累计达到5000万人
306,106404,2022/02/24 12:00:00,2050/01/01 4:59:59,606404,1,,北部玄驹获得粉丝数\n累计达到1亿人
307,106405,2022/02/24 12:00:00,2050/01/01 4:59:59,606405,1,,让北部玄驹获得\n一级～三级赛事的全部奖杯
308,106501,2022/02/24 12:00:00,2050/01/01 4:59:59,606501,1,,观看待兼唐怀瑟的\n角色剧情第4话
309,106502,2022/02/24 12:00:00,2050/01/01 4:59:59,606502,1,,待兼唐怀瑟获得粉丝数\n累计达到1000万人
309,106503,2022/02/24 12:00:00,2050/01/01 4:59:59,606503,1,,待兼唐怀瑟获得粉丝数\n累计达到5000万人
309,106504,2022/02/24 12:00:00,2050/01/01 4:59:59,606504,1,,待兼唐怀瑟获得粉丝数\n累计达到1亿人
310,106505,2022/02/24 12:00:00,2050/01/01 4:59:59,606505,1,,让待兼唐怀瑟获得\n一级～三级赛事的全部奖杯
311,106601,2022/03/07 12:00:00,2050/01/01 4:59:59,606601,1,,观看里见光钻的\n角色剧情第4话
312,106602,2022/03/07 12:00:00,2050/01/01 4:59:59,606602,1,,里见光钻获得粉丝数\n累计达到1000万人
312,106603,2022/03/07 12:00:00,2050/01/01 4:59:59,606603,1,,里见光钻获得粉丝数\n累计达到5000万人
312,106604,2022/03/07 12:00:00,2050/01/01 4:59:59,606604,1,,里见光钻获得粉丝数\n累计达到1亿人
313,106605,2022/03/07 12:00:00,2050/01/01 4:59:59,606605,1,,让里见光钻获得\n一级～三级赛事的全部奖杯
314,106701,2022/03/18 12:00:00,2050/01/01 4:59:59,606701,1,,观看目白光明的\n角色剧情第4话
315,106702,2022/03/18 12:00:00,2050/01/01 4:59:59,606702,1,,目白光明获得粉丝数\n累计达到1000万人
315,106703,2022/03/18 12:00:00,2050/01/01 4:59:59,606703,1,,目白光明获得粉丝数\n累计达到5000万人
315,106704,2022/03/18 12:00:00,2050/01/01 4:59:59,606704,1,,目白光明获得粉丝数\n累计达到1亿人
316,106705,2022/03/18 12:00:00,2050/01/01 4:59:59,606705,1,,让目白光明获得\n一级～三级赛事的全部奖杯
317,106801,2022/04/11 12:00:00,2050/01/01 4:59:59,606801,1,,观看西野花的\n角色剧情第4话
318,106802,2022/04/11 12:00:00,2050/01/01 4:59:59,606802,1,,西野花获得粉丝数\n累计达到1000万人
318,106803,2022/04/11 12:00:00,2050/01/01 4:59:59,606803,1,,西野花获得粉丝数\n累计达到5000万人
318,106804,2022/04/11 12:00:00,2050/01/01 4:59:59,606804,1,,西野花获得粉丝数\n累计达到1亿人
319,106805,2022/04/11 12:00:00,2050/01/01 4:59:59,606805,1,,让西野花获得\n一级～三级赛事的全部奖杯
320,106901,2022/04/19 12:00:00,2050/01/01 4:59:59,606901,1,,观看八重无敌的\n角色剧情第4话
321,106902,2022/04/19 12:00:00,2050/01/01 4:59:59,606902,1,,八重无敌获得粉丝数\n累计达到1000万人
321,106903,2022/04/19 12:00:00,2050/01/01 4:59:59,606903,1,,八重无敌获得粉丝数\n累计达到5000万人
321,106904,2022/04/19 12:00:00,2050/01/01 4:59:59,606904,1,,八重无敌获得粉丝数\n累计达到1亿人
322,106905,2022/04/19 12:00:00,2050/01/01 4:59:59,606905,1,,让八重无敌获得\n一级～三级赛事的全部奖杯
323,107001,2022/05/10 12:00:00,2050/01/01 4:59:59,607001,1,,观看艾尼风神的\n角色剧情第4话
324,107002,2022/05/10 12:00:00,2050/01/01 4:59:59,607002,1,,艾尼风神获得粉丝数\n累计达到1000万人
324,107003,2022/05/10 12:00:00,2050/01/01 4:59:59,607003,1,,艾尼风神获得粉丝数\n累计达到5000万人
324,107004,2022/05/10 12:00:00,2050/01/01 4:59:59,607004,1,,艾尼风神获得粉丝数\n累计达到1亿人
325,107005,2022/05/10 12:00:00,2050/01/01 4:59:59,607005,1,,让艾尼风神获得\n一级～三级赛事的全部奖杯
326,107101,2022/05/20 12:00:00,2050/01/01 4:59:59,607101,1,,观看目白善信的\n角色剧情第4话
327,107102,2022/05/20 12:00:00,2050/01/01 4:59:59,607102,1,,目白善信获得粉丝数\n累计达到1000万人
327,107103,2022/05/20 12:00:00,2050/01/01 4:59:59,607103,1,,目白善信获得粉丝数\n累计达到5000万人
327,107104,2022/05/20 12:00:00,2050/01/01 4:59:59,607104,1,,目白善信获得粉丝数\n累计达到1亿人
328,107105,2022/05/20 12:00:00,2050/01/01 4:59:59,607105,1,,让目白善信获得\n一级～三级赛事的全部奖杯
329,107201,2022/06/10 12:00:00,2050/01/01 4:59:59,607201,1,,观看稻荷一的\n角色剧情第4话
330,107202,2022/06/10 12:00:00,2050/01/01 4:59:59,607202,1,,稻荷一获得粉丝数\n累计达到1000万人
330,107203,2022/06/10 12:00:00,2050/01/01 4:59:59,607203,1,,稻荷一获得粉丝数\n累计达到5000万人
330,107204,2022/06/10 12:00:00,2050/01/01 4:59:59,607204,1,,稻荷一获得粉丝数\n累计达到1亿人
331,107205,2022/06/10 12:00:00,2050/01/01 4:59:59,607205,1,,让稻荷一获得\n一级～三级赛事的全部奖杯
332,107301,2022/06/20 12:00:00,2050/01/01 4:59:59,607301,1,,观看东商变革的\n角色剧情第4话
333,107302,2022/06/20 12:00:00,2050/01/01 4:59:59,607302,1,,东商变革获得粉丝数\n累计达到1000万人
333,107303,2022/06/20 12:00:00,2050/01/01 4:59:59,607303,1,,东商变革获得粉丝数\n累计达到5000万人
333,107304,2022/06/20 12:00:00,2050/01/01 4:59:59,607304,1,,东商变革获得粉丝数\n累计达到1亿人
334,107305,2022/06/20 12:00:00,2050/01/01 4:59:59,607305,1,,让东商变革获得\n一级～三级赛事的全部奖杯
335,107401,2022/07/11 12:00:00,2050/01/01 4:59:59,607401,1,,观看空中神宫的\n角色剧情第4话
336,107402,2022/07/11 12:00:00,2050/01/01 4:59:59,607402,1,,空中神宫获得粉丝数\n累计达到1000万人
336,107403,2022/07/11 12:00:00,2050/01/01 4:59:59,607403,1,,空中神宫获得粉丝数\n累计达到5000万人
336,107404,2022/07/11 12:00:00,2050/01/01 4:59:59,607404,1,,空中神宫获得粉丝数\n累计达到1亿人
337,107405,2022/07/11 12:00:00,2050/01/01 4:59:59,607405,1,,让空中神宫获得\n一级～三级赛事的全部奖杯
338,107501,2022/08/10 12:00:00,2050/01/01 4:59:59,607501,1,,观看青竹回忆的\n角色剧情第4话
339,107502,2022/08/10 12:00:00,2050/01/01 4:59:59,607502,1,,青竹回忆获得粉丝数\n累计达到1000万人
339,107503,2022/08/10 12:00:00,2050/01/01 4:59:59,607503,1,,青竹回忆获得粉丝数\n累计达到5000万人
339,107504,2022/08/10 12:00:00,2050/01/01 4:59:59,607504,1,,青竹回忆获得粉丝数\n累计达到1亿人
340,107505,2022/08/10 12:00:00,2050/01/01 4:59:59,607505,1,,让青竹回忆获得\n一级～三级赛事的全部奖杯
341,107601,2022/08/19 12:00:00,2050/01/01 4:59:59,607601,1,,观看小林历奇的\n角色剧情第4话
342,107602,2022/08/19 12:00:00,2050/01/01 4:59:59,607602,1,,小林历奇获得粉丝数\n累计达到1000万人
342,107603,2022/08/19 12:00:00,2050/01/01 4:59:59,607603,1,,小林历奇获得粉丝数\n累计达到5000万人
342,107604,2022/08/19 12:00:00,2050/01/01 4:59:59,607604,1,,小林历奇获得粉丝数\n累计达到1亿人
343,107605,2022/08/19 12:00:00,2050/01/01 4:59:59,607605,1,,让小林历奇获得\n一级～三级赛事的全部奖杯
344,107701,2022/09/12 12:00:00,2050/01/01 4:59:59,607701,1,,观看雪之美人的\n角色剧情第4话
345,107702,2022/09/12 12:00:00,2050/01/01 4:59:59,607702,1,,雪之美人获得粉丝数\n累计达到1000万人
345,107703,2022/09/12 12:00:00,2050/01/01 4:59:59,607703,1,,雪之美人获得粉丝数\n累计达到5000万人
345,107704,2022/09/12 12:00:00,2050/01/01 4:59:59,607704,1,,雪之美人获得粉丝数\n累计达到1亿人
346,107705,2022/09/12 12:00:00,2050/01/01 4:59:59,607705,1,,让雪之美人获得\n一级～三级赛事的全部奖杯
347,107801,2022/09/20 12:00:00,2050/01/01 4:59:59,607801,1,,观看采珠的\n角色剧情第4话
348,107802,2022/09/20 12:00:00,2050/01/01 4:59:59,607802,1,,采珠获得粉丝数\n累计达到1000万人
348,107803,2022/09/20 12:00:00,2050/01/01 4:59:59,607803,1,,采珠获得粉丝数\n累计达到5000万人
348,107804,2022/09/20 12:00:00,2050/01/01 4:59:59,607804,1,,采珠获得粉丝数\n累计达到1亿人
349,107805,2022/09/20 12:00:00,2050/01/01 4:59:59,607805,1,,让采珠获得\n一级～三级赛事的全部奖杯
350,107901,2022/10/11 12:00:00,2050/01/01 4:59:59,607901,1,,观看阿斯顿真弓的\n角色剧情第4话
351,107902,2022/10/11 12:00:00,2050/01/01 4:59:59,607902,1,,阿斯顿真弓获得粉丝数\n累计达到1000万人
351,107903,2022/10/11 12:00:00,2050/01/01 4:59:59,607903,1,,阿斯顿真弓获得粉丝数\n累计达到5000万人
351,107904,2022/10/11 12:00:00,2050/01/01 4:59:59,607904,1,,阿斯顿真弓获得粉丝数\n累计达到1亿人
352,107905,2022/10/11 12:00:00,2050/01/01 4:59:59,607905,1,,让阿斯顿真弓获得\n一级～三级赛事的全部奖杯
353,108001,2022/10/19 12:00:00,2050/01/01 4:59:59,608001,1,,观看山人西风的\n角色剧情第4话
354,108002,2022/10/19 12:00:00,2050/01/01 4:59:59,608002,1,,山人西风获得粉丝数\n累计达到1000万人
354,108003,2022/10/19 12:00:00,2050/01/01 4:59:59,608003,1,,山人西风获得粉丝数\n累计达到5000万人
354,108004,2022/10/19 12:00:00,2050/01/01 4:59:59,608004,1,,山人西风获得粉丝数\n累计达到1亿人
355,108005,2022/10/19 12:00:00,2050/01/01 4:59:59,608005,1,,让山人西风获得\n一级～三级赛事的全部奖杯
356,108101,2022/11/09 12:00:00,2050/01/01 4:59:59,608101,1,,观看中山庆典的\n角色剧情第4话
357,108102,2022/11/09 12:00:00,2050/01/01 4:59:59,608102,1,,中山庆典获得粉丝数\n累计达到1000万人
357,108103,2022/11/09 12:00:00,2050/01/01 4:59:59,608103,1,,中山庆典获得粉丝数\n累计达到5000万人
357,108104,2022/11/09 12:00:00,2050/01/01 4:59:59,608104,1,,中山庆典获得粉丝数\n累计达到1亿人
358,108105,2022/11/09 12:00:00,2050/01/01 4:59:59,608105,1,,让中山庆典获得\n一级～三级赛事的全部奖杯
359,108201,2022/11/17 12:00:00,2050/01/01 4:59:59,608201,1,,观看奇锐骏的\n角色剧情第4话
360,108202,2022/11/17 12:00:00,2050/01/01 4:59:59,608202,1,,奇锐骏获得粉丝数\n累计达到1000万人
360,108203,2022/11/17 12:00:00,2050/01/01 4:59:59,608203,1,,奇锐骏获得粉丝数\n累计达到5000万人
360,108204,2022/11/17 12:00:00,2050/01/01 4:59:59,608204,1,,奇锐骏获得粉丝数\n累计达到1亿人
361,108205,2022/11/17 12:00:00,2050/01/01 4:59:59,608205,1,,让奇锐骏获得\n一级～三级赛事的全部奖杯
362,108301,2022/12/12 12:00:00,2050/01/01 4:59:59,608301,1,,观看荒漠英雄的\n角色剧情第4话
363,108302,2022/12/12 12:00:00,2050/01/01 4:59:59,608302,1,,荒漠英雄获得粉丝数\n累计达到1000万人
363,108303,2022/12/12 12:00:00,2050/01/01 4:59:59,608303,1,,荒漠英雄获得粉丝数\n累计达到5000万人
363,108304,2022/12/12 12:00:00,2050/01/01 4:59:59,608304,1,,荒漠英雄获得粉丝数\n累计达到1亿人
364,108305,2022/12/12 12:00:00,2050/01/01 4:59:59,608305,1,,让荒漠英雄获得\n一级～三级赛事的全部奖杯
365,108401,2023/01/10 12:00:00,2050/01/01 4:59:59,608401,1,,观看北幸樽前的\n角色剧情第4话
366,108402,2023/01/10 12:00:00,2050/01/01 4:59:59,608402,1,,北幸樽前获得粉丝数\n累计达到1000万人
366,108403,2023/01/10 12:00:00,2050/01/01 4:59:59,608403,1,,北幸樽前获得粉丝数\n累计达到5000万人
366,108404,2023/01/10 12:00:00,2050/01/01 4:59:59,608404,1,,北幸樽前获得粉丝数\n累计达到1亿人
367,108405,2023/01/10 12:00:00,2050/01/01 4:59:59,608405,1,,让北幸樽前获得\n一级～三级赛事的全部奖杯
368,108501,2023/01/20 12:00:00,2050/01/01 4:59:59,608501,1,,观看大拓太阳神的\n角色剧情第4话
369,108502,2023/01/20 12:00:00,2050/01/01 4:59:59,608502,1,,大拓太阳神获得粉丝数\n累计达到1000万人
369,108503,2023/01/20 12:00:00,2050/01/01 4:59:59,608503,1,,大拓太阳神获得粉丝数\n累计达到5000万人
369,108504,2023/01/20 12:00:00,2050/01/01 4:59:59,608504,1,,大拓太阳神获得粉丝数\n累计达到1亿人
370,108505,2023/01/20 12:00:00,2050/01/01 4:59:59,608505,1,,让大拓太阳神获得\n一级～三级赛事的全部奖杯
371,108601,2023/02/13 12:00:00,2050/01/01 4:59:59,608601,1,,观看新光风的\n角色剧情第4话
372,108602,2023/02/13 12:00:00,2050/01/01 4:59:59,608602,1,,新光风获得粉丝数\n累计达到1000万人
372,108603,2023/02/13 12:00:00,2050/01/01 4:59:59,608603,1,,新光风获得粉丝数\n累计达到5000万人
372,108604,2023/02/13 12:00:00,2050/01/01 4:59:59,608604,1,,新光风获得粉丝数\n累计达到1亿人
373,108605,2023/02/13 12:00:00,2050/01/01 4:59:59,608605,1,,让新光风获得\n一级～三级赛事的全部奖杯
374,108701,2023/02/24 12:00:00,2050/01/01 4:59:59,608701,1,,观看千明代表的\n角色剧情第4话
375,108702,2023/02/24 12:00:00,2050/01/01 4:59:59,608702,1,,千明代表获得粉丝数\n累计达到1000万人
375,108703,2023/02/24 12:00:00,2050/01/01 4:59:59,608703,1,,千明代表获得粉丝数\n累计达到5000万人
375,108704,2023/02/24 12:00:00,2050/01/01 4:59:59,608704,1,,千明代表获得粉丝数\n累计达到1亿人
376,108705,2023/02/24 12:00:00,2050/01/01 4:59:59,608705,1,,让千明代表获得\n一级～三级赛事的全部奖杯
377,108801,2023/02/24 12:00:00,2050/01/01 4:59:59,608801,1,,观看双涡轮的\n角色剧情第4话
378,108802,2023/02/24 12:00:00,2050/01/01 4:59:59,608802,1,,双涡轮获得粉丝数\n累计达到1000万人
378,108803,2023/02/24 12:00:00,2050/01/01 4:59:59,608803,1,,双涡轮获得粉丝数\n累计达到5000万人
378,108804,2023/02/24 12:00:00,2050/01/01 4:59:59,608804,1,,双涡轮获得粉丝数\n累计达到1亿人
379,108805,2023/02/24 12:00:00,2050/01/01 4:59:59,608805,1,,让双涡轮获得\n一级～三级赛事的全部奖杯
380,108901,2023/03/10 12:00:00,2050/01/01 4:59:59,608901,1,,观看第一红宝的\n角色剧情第4话
381,108902,2023/03/10 12:00:00,2050/01/01 4:59:59,608902,1,,第一红宝获得粉丝数\n累计达到1000万人
381,108903,2023/03/10 12:00:00,2050/01/01 4:59:59,608903,1,,第一红宝获得粉丝数\n累计达到5000万人
381,108904,2023/03/10 12:00:00,2050/01/01 4:59:59,608904,1,,第一红宝获得粉丝数\n累计达到1亿人
382,108905,2023/03/10 12:00:00,2050/01/01 4:59:59,608905,1,,让第一红宝获得\n一级～三级赛事的全部奖杯
383,109001,2023/03/20 12:00:00,2050/01/01 4:59:59,609001,1,,观看克里斯象征的\n角色剧情第4话
384,109002,2023/03/20 12:00:00,2050/01/01 4:59:59,609002,1,,克里斯象征获得粉丝数\n累计达到1000万人
384,109003,2023/03/20 12:00:00,2050/01/01 4:59:59,609003,1,,克里斯象征获得粉丝数\n累计达到5000万人
384,109004,2023/03/20 12:00:00,2050/01/01 4:59:59,609004,1,,克里斯象征获得粉丝数\n累计达到1亿人
385,109005,2023/03/20 12:00:00,2050/01/01 4:59:59,609005,1,,让克里斯象征获得\n一级～三级赛事的全部奖杯
386,109101,2023/04/10 12:00:00,2050/01/01 4:59:59,609101,1,,观看樱花桂冠的\n角色剧情第4话
387,109102,2023/04/10 12:00:00,2050/01/01 4:59:59,609102,1,,樱花桂冠获得粉丝数\n累计达到1000万人
387,109103,2023/04/10 12:00:00,2050/01/01 4:59:59,609103,1,,樱花桂冠获得粉丝数\n累计达到5000万人
387,109104,2023/04/10 12:00:00,2050/01/01 4:59:59,609104,1,,樱花桂冠获得粉丝数\n累计达到1亿人
388,109105,2023/04/10 12:00:00,2050/01/01 4:59:59,609105,1,,让樱花桂冠获得\n一级～三级赛事的全部奖杯
389,109201,2023/04/19 12:00:00,2050/01/01 4:59:59,609201,1,,观看新宇宙的\n角色剧情第4话
390,109202,2023/04/19 12:00:00,2050/01/01 4:59:59,609202,1,,新宇宙获得粉丝数\n累计达到1000万人
390,109203,2023/04/19 12:00:00,2050/01/01 4:59:59,609203,1,,新宇宙获得粉丝数\n累计达到5000万人
390,109204,2023/04/19 12:00:00,2050/01/01 4:59:59,609204,1,,新宇宙获得粉丝数\n累计达到1亿人
391,109205,2023/04/19 12:00:00,2050/01/01 4:59:59,609205,1,,让新宇宙获得\n一级～三级赛事的全部奖杯
392,109301,2023/05/10 12:00:00,2050/01/01 4:59:59,609301,1,,观看菱奇宝的\n角色剧情第4话
393,109302,2023/05/10 12:00:00,2050/01/01 4:59:59,609302,1,,菱奇宝获得粉丝数\n累计达到1000万人
393,109303,2023/05/10 12:00:00,2050/01/01 4:59:59,609303,1,,菱奇宝获得粉丝数\n累计达到5000万人
393,109304,2023/05/10 12:00:00,2050/01/01 4:59:59,609304,1,,菱奇宝获得粉丝数\n累计达到1亿人
394,109305,2023/05/10 12:00:00,2050/01/01 4:59:59,609305,1,,让菱奇宝获得\n一级～三级赛事的全部奖杯
395,109401,2023/05/19 12:00:00,2050/01/01 4:59:59,609401,1,,观看谷水琴蕾的\n角色剧情第4话
396,109402,2023/05/19 12:00:00,2050/01/01 4:59:59,609402,1,,谷水琴蕾获得粉丝数\n累计达到1000万人
396,109403,2023/05/19 12:00:00,2050/01/01 4:59:59,609403,1,,谷水琴蕾获得粉丝数\n累计达到5000万人
396,109404,2023/05/19 12:00:00,2050/01/01 4:59:59,609404,1,,谷水琴蕾获得粉丝数\n累计达到1亿人
397,109405,2023/05/19 12:00:00,2050/01/01 4:59:59,609405,1,,让谷水琴蕾获得\n一级～三级赛事的全部奖杯
398,109501,2023/06/19 12:00:00,2050/01/01 4:59:59,609501,1,,观看美丽周日的\n角色剧情第4话
399,109502,2023/06/19 12:00:00,2050/01/01 4:59:59,609502,1,,美丽周日获得粉丝数\n累计达到1000万人
399,109503,2023/06/19 12:00:00,2050/01/01 4:59:59,609503,1,,美丽周日获得粉丝数\n累计达到5000万人
399,109504,2023/06/19 12:00:00,2050/01/01 4:59:59,609504,1,,美丽周日获得粉丝数\n累计达到1亿人
400,109505,2023/06/19 12:00:00,2050/01/01 4:59:59,609505,1,,让美丽周日获得\n一级～三级赛事的全部奖杯
401,109601,2023/07/10 12:00:00,2050/01/01 4:59:59,609601,1,,观看葛城荣主的\n角色剧情第4话
402,109602,2023/07/10 12:00:00,2050/01/01 4:59:59,609602,1,,葛城荣主获得粉丝数\n累计达到1000万人
402,109603,2023/07/10 12:00:00,2050/01/01 4:59:59,609603,1,,葛城荣主获得粉丝数\n累计达到5000万人
402,109604,2023/07/10 12:00:00,2050/01/01 4:59:59,609604,1,,葛城荣主获得粉丝数\n累计达到1亿人
403,109605,2023/07/10 12:00:00,2050/01/01 4:59:59,609605,1,,让葛城荣主获得\n一级～三级赛事的全部奖杯
404,109701,2023/07/21 12:00:00,2050/01/01 4:59:59,609701,1,,观看天狼星象征的\n角色剧情第4话
405,109702,2023/07/21 12:00:00,2050/01/01 4:59:59,609702,1,,天狼星象征获得粉丝数\n累计达到1000万人
405,109703,2023/07/21 12:00:00,2050/01/01 4:59:59,609703,1,,天狼星象征获得粉丝数\n累计达到5000万人
405,109704,2023/07/21 12:00:00,2050/01/01 4:59:59,609704,1,,天狼星象征获得粉丝数\n累计达到1亿人
406,109705,2023/07/21 12:00:00,2050/01/01 4:59:59,609705,1,,让天狼星象征获得\n一级～三级赛事的全部奖杯
407,109801,2023/08/24 12:00:00,2050/01/01 4:59:59,609801,1,,观看成田路的\n角色剧情第4话
408,109802,2023/08/24 12:00:00,2050/01/01 4:59:59,609802,1,,成田路获得粉丝数\n累计达到1000万人
408,109803,2023/08/24 12:00:00,2050/01/01 4:59:59,609803,1,,成田路获得粉丝数\n累计达到5000万人
408,109804,2023/08/24 12:00:00,2050/01/01 4:59:59,609804,1,,成田路获得粉丝数\n累计达到1亿人
409,109805,2023/08/24 12:00:00,2050/01/01 4:59:59,609805,1,,让成田路获得\n一级～三级赛事的全部奖杯
410,109901,2023/09/20 12:00:00,2050/01/01 4:59:59,609901,1,,观看喜嘉奇迹的\n角色剧情第4话
411,109902,2023/09/20 12:00:00,2050/01/01 4:59:59,609902,1,,喜嘉奇迹获得粉丝数\n累计达到1000万人
411,109903,2023/09/20 12:00:00,2050/01/01 4:59:59,609903,1,,喜嘉奇迹获得粉丝数\n累计达到5000万人
411,109904,2023/09/20 12:00:00,2050/01/01 4:59:59,609904,1,,喜嘉奇迹获得粉丝数\n累计达到1亿人
412,109905,2023/09/20 12:00:00,2050/01/01 4:59:59,609905,1,,让喜嘉奇迹获得\n一级～三级赛事的全部奖杯
413,110001,2023/10/19 12:00:00,2050/01/01 4:59:59,610001,1,,观看目白拉莫娜的\n角色剧情第4话
414,110002,2023/10/19 12:00:00,2050/01/01 4:59:59,610002,1,,目白拉莫娜获得粉丝数\n累计达到1000万人
414,110003,2023/10/19 12:00:00,2050/01/01 4:59:59,610003,1,,目白拉莫娜获得粉丝数\n累计达到5000万人
414,110004,2023/10/19 12:00:00,2050/01/01 4:59:59,610004,1,,目白拉莫娜获得粉丝数\n累计达到1亿人
415,110005,2023/10/19 12:00:00,2050/01/01 4:59:59,610005,1,,让目白拉莫娜获得\n一级～三级赛事的全部奖杯
416,110101,2023/11/20 12:00:00,2050/01/01 4:59:59,610101,1,,观看跳舞城的\n角色剧情第4话
417,110102,2023/11/20 12:00:00,2050/01/01 4:59:59,610102,1,,跳舞城获得粉丝数\n累计达到1000万人
417,110103,2023/11/20 12:00:00,2050/01/01 4:59:59,610103,1,,跳舞城获得粉丝数\n累计达到5000万人
417,110104,2023/11/20 12:00:00,2050/01/01 4:59:59,610104,1,,跳舞城获得粉丝数\n累计达到1亿人
418,110105,2023/11/20 12:00:00,2050/01/01 4:59:59,610105,1,,让跳舞城获得\n一级～三级赛事的全部奖杯
419,110201,2023/12/11 12:00:00,2050/01/01 4:59:59,610201,1,,观看里见皇冠的\n角色剧情第4话
420,110202,2023/12/11 12:00:00,2050/01/01 4:59:59,610202,1,,里见皇冠获得粉丝数\n累计达到1000万人
420,110203,2023/12/11 12:00:00,2050/01/01 4:59:59,610203,1,,里见皇冠获得粉丝数\n累计达到5000万人
420,110204,2023/12/11 12:00:00,2050/01/01 4:59:59,610204,1,,里见皇冠获得粉丝数\n累计达到1亿人
421,110205,2023/12/11 12:00:00,2050/01/01 4:59:59,610205,1,,让里见皇冠获得\n一级～三级赛事的全部奖杯
422,110301,2023/12/20 12:00:00,2050/01/01 4:59:59,610301,1,,观看高尚骏逸的\n角色剧情第4话
423,110302,2023/12/20 12:00:00,2050/01/01 4:59:59,610302,1,,高尚骏逸获得粉丝数\n累计达到1000万人
423,110303,2023/12/20 12:00:00,2050/01/01 4:59:59,610303,1,,高尚骏逸获得粉丝数\n累计达到5000万人
423,110304,2023/12/20 12:00:00,2050/01/01 4:59:59,610304,1,,高尚骏逸获得粉丝数\n累计达到1亿人
424,110305,2023/12/20 12:00:00,2050/01/01 4:59:59,610305,1,,让高尚骏逸获得\n一级～三级赛事的全部奖杯
425,110401,2024/01/19 12:00:00,2050/01/01 4:59:59,610401,1,,观看维普露斯的\n角色剧情第4话
426,110402,2024/01/19 12:00:00,2050/01/01 4:59:59,610402,1,,维普露斯获得粉丝数\n累计达到1000万人
426,110403,2024/01/19 12:00:00,2050/01/01 4:59:59,610403,1,,维普露斯获得粉丝数\n累计达到5000万人
426,110404,2024/01/19 12:00:00,2050/01/01 4:59:59,610404,1,,维普露斯获得粉丝数\n累计达到1亿人
427,110405,2024/01/19 12:00:00,2050/01/01 4:59:59,610405,1,,让维普露斯获得\n一级～三级赛事的全部奖杯
428,110501,2024/02/14 12:00:00,2050/01/01 4:59:59,610501,1,,观看微光飞驹的\n角色剧情第4话
429,110502,2024/02/14 12:00:00,2050/01/01 4:59:59,610502,1,,微光飞驹获得粉丝数\n累计达到1000万人
429,110503,2024/02/14 12:00:00,2050/01/01 4:59:59,610503,1,,微光飞驹获得粉丝数\n累计达到5000万人
429,110504,2024/02/14 12:00:00,2050/01/01 4:59:59,610504,1,,微光飞驹获得粉丝数\n累计达到1亿人
430,110505,2024/02/14 12:00:00,2050/01/01 4:59:59,610505,1,,让微光飞驹获得\n一级～三级赛事的全部奖杯
431,110601,2024/02/24 12:00:00,2050/01/01 4:59:59,610601,1,,观看鸣声雷动的\n角色剧情第4话
432,110602,2024/02/24 12:00:00,2050/01/01 4:59:59,610602,1,,鸣声雷动获得粉丝数\n累计达到1000万人
432,110603,2024/02/24 12:00:00,2050/01/01 4:59:59,610603,1,,鸣声雷动获得粉丝数\n累计达到5000万人
432,110604,2024/02/24 12:00:00,2050/01/01 4:59:59,610604,1,,鸣声雷动获得粉丝数\n累计达到1亿人
433,110605,2024/02/24 12:00:00,2050/01/01 4:59:59,610605,1,,让鸣声雷动获得\n一级～三级赛事的全部奖杯
434,110701,2024/02/24 12:00:00,2050/01/01 4:59:59,610701,1,,观看生野狄杜斯的\n角色剧情第4话
435,110702,2024/02/24 12:00:00,2050/01/01 4:59:59,610702,1,,生野狄杜斯获得粉丝数\n累计达到1000万人
435,110703,2024/02/24 12:00:00,2050/01/01 4:59:59,610703,1,,生野狄杜斯获得粉丝数\n累计达到5000万人
435,110704,2024/02/24 12:00:00,2050/01/01 4:59:59,610704,1,,生野狄杜斯获得粉丝数\n累计达到1亿人
436,110705,2024/02/24 12:00:00,2050/01/01 4:59:59,610705,1,,让生野狄杜斯获得\n一级～三级赛事的全部奖杯
437,110801,2024/03/12 12:00:00,2050/01/01 4:59:59,610801,1,,トランセンドの\nウマ娘ストーリー第4話を見よう
438,110802,2024/03/12 12:00:00,2050/01/01 4:59:59,610802,1,,トランセンドのファン数を\n累計1000万人獲得しよう
438,110803,2024/03/12 12:00:00,2050/01/01 4:59:59,610803,1,,トランセンドのファン数を\n累計5000万人獲得しよう
438,110804,2024/03/12 12:00:00,2050/01/01 4:59:59,610804,1,,トランセンドのファン数を\n累計1億人獲得しよう
439,110805,2024/03/12 12:00:00,2050/01/01 4:59:59,610805,1,,トランセンドでGⅠ～GⅢの\n全てのトロフィーを獲得しよう
440,110901,2024/03/21 12:00:00,2050/01/01 4:59:59,610901,1,,ラインクラフトの\nウマ娘ストーリー第4話を見よう
441,110902,2024/03/21 12:00:00,2050/01/01 4:59:59,610902,1,,ラインクラフトのファン数を\n累計1000万人獲得しよう
441,110903,2024/03/21 12:00:00,2050/01/01 4:59:59,610903,1,,ラインクラフトのファン数を\n累計5000万人獲得しよう
441,110904,2024/03/21 12:00:00,2050/01/01 4:59:59,610904,1,,ラインクラフトのファン数を\n累計1億人獲得しよう
442,110905,2024/03/21 12:00:00,2050/01/01 4:59:59,610905,1,,ラインクラフトでGⅠ～GⅢの\n全てのトロフィーを獲得しよう
443,111001,2024/04/19 12:00:00,2050/01/01 4:59:59,611001,1,,サウンズオブアースの\nウマ娘ストーリー第4話を見よう
444,111002,2024/04/19 12:00:00,2050/01/01 4:59:59,611002,1,,サウンズオブアースのファン数を\n累計1000万人獲得しよう
444,111003,2024/04/19 12:00:00,2050/01/01 4:59:59,611003,1,,サウンズオブアースのファン数を\n累計5000万人獲得しよう
444,111004,2024/04/19 12:00:00,2050/01/01 4:59:59,611004,1,,サウンズオブアースのファン数を\n累計1億人獲得しよう
445,111005,2024/04/19 12:00:00,2050/01/01 4:59:59,611005,1,,サウンズオブアースでGⅠ～GⅢの\n全てのトロフィーを獲得しよう
446,111101,2024/05/20 12:00:00,2050/01/01 4:59:59,611101,1,,ノースフライトの\nウマ娘ストーリー第4話を見よう
447,111102,2024/05/20 12:00:00,2050/01/01 4:59:59,611102,1,,ノースフライトのファン数を\n累計1000万人獲得しよう
447,111103,2024/05/20 12:00:00,2050/01/01 4:59:59,611103,1,,ノースフライトのファン数を\n累計5000万人獲得しよう
447,111104,2024/05/20 12:00:00,2050/01/01 4:59:59,611104,1,,ノースフライトのファン数を\n累計1億人獲得しよう
448,111105,2024/05/20 12:00:00,2050/01/01 4:59:59,611105,1,,ノースフライトでGⅠ～GⅢの\n全てのトロフィーを獲得しよう
449,111201,2024/06/13 12:00:00,2050/01/01 4:59:59,611201,1,,ジャングルポケットの\nウマ娘ストーリー第4話を見よう
450,111202,2024/06/13 12:00:00,2050/01/01 4:59:59,611202,1,,ジャングルポケットのファン数を\n累計1000万人獲得しよう
450,111203,2024/06/13 12:00:00,2050/01/01 4:59:59,611203,1,,ジャングルポケットのファン数を\n累計5000万人獲得しよう
450,111204,2024/06/13 12:00:00,2050/01/01 4:59:59,611204,1,,ジャングルポケットのファン数を\n累計1億人獲得しよう
451,111205,2024/06/13 12:00:00,2050/01/01 4:59:59,611205,1,,ジャングルポケットでGⅠ～GⅢの\n全てのトロフィーを獲得しよう
452,111301,2024/06/26 12:00:00,2050/01/01 4:59:59,611301,1,,ドリームジャーニーの\nウマ娘ストーリー第4話を見よう
453,111302,2024/06/26 12:00:00,2050/01/01 4:59:59,611302,1,,ドリームジャーニーのファン数を\n累計1000万人獲得しよう
453,111303,2024/06/26 12:00:00,2050/01/01 4:59:59,611303,1,,ドリームジャーニーのファン数を\n累計5000万人獲得しよう
453,111304,2024/06/26 12:00:00,2050/01/01 4:59:59,611304,1,,ドリームジャーニーのファン数を\n累計1億人獲得しよう
454,111305,2024/06/26 12:00:00,2050/01/01 4:59:59,611305,1,,ドリームジャーニーでGⅠ～GⅢの\n全てのトロフィーを獲得しよう
455,111401,2024/07/19 12:00:00,2050/01/01 4:59:59,611401,1,,カルストンライトオの\nウマ娘ストーリー第4話を見よう
456,111402,2024/07/19 12:00:00,2050/01/01 4:59:59,611402,1,,カルストンライトオのファン数を\n累計1000万人獲得しよう
456,111403,2024/07/19 12:00:00,2050/01/01 4:59:59,611403,1,,カルストンライトオのファン数を\n累計5000万人獲得しよう
456,111404,2024/07/19 12:00:00,2050/01/01 4:59:59,611404,1,,カルストンライトオのファン数を\n累計1億人獲得しよう
457,111405,2024/07/19 12:00:00,2050/01/01 4:59:59,611405,1,,カルストンライトオでGⅠ～GⅢの\n全てのトロフィーを獲得しよう
458,111501,2024/08/24 12:00:00,2050/01/01 4:59:59,611501,1,,ジェンティルドンナの\nウマ娘ストーリー第4話を見よう
459,111502,2024/08/24 12:00:00,2050/01/01 4:59:59,611502,1,,ジェンティルドンナのファン数を\n累計1000万人獲得しよう
459,111503,2024/08/24 12:00:00,2050/01/01 4:59:59,611503,1,,ジェンティルドンナのファン数を\n累計5000万人獲得しよう
459,111504,2024/08/24 12:00:00,2050/01/01 4:59:59,611504,1,,ジェンティルドンナのファン数を\n累計1億人獲得しよう
460,111505,2024/08/24 12:00:00,2050/01/01 4:59:59,611505,1,,ジェンティルドンナでGⅠ～GⅢの\n全てのトロフィーを獲得しよう
461,111601,2024/09/10 12:00:00,2050/01/01 4:59:59,611601,1,,シーザリオの\nウマ娘ストーリー第4話を見よう
462,111602,2024/09/10 12:00:00,2050/01/01 4:59:59,611602,1,,シーザリオのファン数を\n累計1000万人獲得しよう
462,111603,2024/09/10 12:00:00,2050/01/01 4:59:59,611603,1,,シーザリオのファン数を\n累計5000万人獲得しよう
462,111604,2024/09/10 12:00:00,2050/01/01 4:59:59,611604,1,,シーザリオのファン数を\n累計1億人獲得しよう
463,111605,2024/09/10 12:00:00,2050/01/01 4:59:59,611605,1,,シーザリオでGⅠ～GⅢの\n全てのトロフィーを獲得しよう
464,111701,2024/09/20 12:00:00,2050/01/01 4:59:59,611701,1,,デュランダルの\nウマ娘ストーリー第4話を見よう
465,111702,2024/09/20 12:00:00,2050/01/01 4:59:59,611702,1,,デュランダルのファン数を\n累計1000万人獲得しよう
465,111703,2024/09/20 12:00:00,2050/01/01 4:59:59,611703,1,,デュランダルのファン数を\n累計5000万人獲得しよう
465,111704,2024/09/20 12:00:00,2050/01/01 4:59:59,611704,1,,デュランダルのファン数を\n累計1億人獲得しよう
466,111705,2024/09/20 12:00:00,2050/01/01 4:59:59,611705,1,,デュランダルでGⅠ～GⅢの\n全てのトロフィーを獲得しよう
467,111801,2024/10/11 12:00:00,2050/01/01 4:59:59,611801,1,,バブルガムフェローの\nウマ娘ストーリー第4話を見よう
468,111802,2024/10/11 12:00:00,2050/01/01 4:59:59,611802,1,,バブルガムフェローのファン数を\n累計1000万人獲得しよう
468,111803,2024/10/11 12:00:00,2050/01/01 4:59:59,611803,1,,バブルガムフェローのファン数を\n累計5000万人獲得しよう
468,111804,2024/10/11 12:00:00,2050/01/01 4:59:59,611804,1,,バブルガムフェローのファン数を\n累計1億人獲得しよう
469,111805,2024/10/11 12:00:00,2050/01/01 4:59:59,611805,1,,バブルガムフェローでGⅠ～GⅢの\n全てのトロフィーを獲得しよう
470,111901,2024/11/18 12:00:00,2050/01/01 4:59:59,611901,1,,エアメサイアの\nウマ娘ストーリー第4話を見よう
471,111902,2024/11/18 12:00:00,2050/01/01 4:59:59,611902,1,,エアメサイアのファン数を\n累計1000万人獲得しよう
471,111903,2024/11/18 12:00:00,2050/01/01 4:59:59,611903,1,,エアメサイアのファン数を\n累計5000万人獲得しよう
471,111904,2024/11/18 12:00:00,2050/01/01 4:59:59,611904,1,,エアメサイアのファン数を\n累計1億人獲得しよう
472,111905,2024/11/18 12:00:00,2050/01/01 4:59:59,611905,1,,エアメサイアでGⅠ～GⅢの\n全てのトロフィーを獲得しよう
473,112001,2024/12/10 12:00:00,2050/01/01 4:59:59,612001,1,,ウインバリアシオンの\nウマ娘ストーリー第4話を見よう
474,112002,2024/12/10 12:00:00,2050/01/01 4:59:59,612002,1,,ウインバリアシオンのファン数を\n累計1000万人獲得しよう
474,112003,2024/12/10 12:00:00,2050/01/01 4:59:59,612003,1,,ウインバリアシオンのファン数を\n累計5000万人獲得しよう
474,112004,2024/12/10 12:00:00,2050/01/01 4:59:59,612004,1,,ウインバリアシオンのファン数を\n累計1億人獲得しよう
475,112005,2024/12/10 12:00:00,2050/01/01 4:59:59,612005,1,,ウインバリアシオンでGⅠ～GⅢの\n全てのトロフィーを獲得しよう
476,112101,2025/01/20 12:00:00,2050/01/01 4:59:59,612101,1,,フリオーソの\nウマ娘ストーリー第4話を見よう
477,112102,2025/01/20 12:00:00,2050/01/01 4:59:59,612102,1,,フリオーソのファン数を\n累計1000万人獲得しよう
477,112103,2025/01/20 12:00:00,2050/01/01 4:59:59,612103,1,,フリオーソのファン数を\n累計5000万人獲得しよう
477,112104,2025/01/20 12:00:00,2050/01/01 4:59:59,612104,1,,フリオーソのファン数を\n累計1億人獲得しよう
478,112105,2025/01/20 12:00:00,2050/01/01 4:59:59,612105,1,,フリオーソでGⅠ～GⅢの\n全てのトロフィーを獲得しよう
479,112201,2025/02/14 12:00:00,2050/01/01 4:59:59,612201,1,,ツルマルツヨシの\nウマ娘ストーリー第4話を見よう
480,112202,2025/02/14 12:00:00,2050/01/01 4:59:59,612202,1,,ツルマルツヨシのファン数を\n累計1000万人獲得しよう
480,112203,2025/02/14 12:00:00,2050/01/01 4:59:59,612203,1,,ツルマルツヨシのファン数を\n累計5000万人獲得しよう
480,112204,2025/02/14 12:00:00,2050/01/01 4:59:59,612204,1,,ツルマルツヨシのファン数を\n累計1億人獲得しよう
481,112205,2025/02/14 12:00:00,2050/01/01 4:59:59,612205,1,,ツルマルツヨシでGⅠ～GⅢの\n全てのトロフィーを獲得しよう
482,112301,2025/02/24 12:00:00,2050/01/01 4:59:59,612301,1,,オルフェーヴルの\nウマ娘ストーリー第4話を見よう
483,112302,2025/02/24 12:00:00,2050/01/01 4:59:59,612302,1,,オルフェーヴルのファン数を\n累計1000万人獲得しよう
483,112303,2025/02/24 12:00:00,2050/01/01 4:59:59,612303,1,,オルフェーヴルのファン数を\n累計5000万人獲得しよう
483,112304,2025/02/24 12:00:00,2050/01/01 4:59:59,612304,1,,オルフェーヴルのファン数を\n累計1億人獲得しよう
484,112305,2025/02/24 12:00:00,2050/01/01 4:59:59,612305,1,,オルフェーヴルでGⅠ～GⅢの\n全てのトロフィーを獲得しよう
485,112401,2025/03/11 12:00:00,2050/01/01 4:59:59,612401,1,,グランアレグリアの\nウマ娘ストーリー第4話を見よう
486,112402,2025/03/11 12:00:00,2050/01/01 4:59:59,612402,1,,グランアレグリアのファン数を\n累計1000万人獲得しよう
486,112403,2025/03/11 12:00:00,2050/01/01 4:59:59,612403,1,,グランアレグリアのファン数を\n累計5000万人獲得しよう
486,112404,2025/03/11 12:00:00,2050/01/01 4:59:59,612404,1,,グランアレグリアのファン数を\n累計1億人獲得しよう
487,112405,2025/03/11 12:00:00,2050/01/01 4:59:59,612405,1,,グランアレグリアでGⅠ～GⅢの\n全てのトロフィーを獲得しよう
488,112501,2025/03/21 12:00:00,2050/01/01 4:59:59,612501,1,,ノーリーズンの\nウマ娘ストーリー第4話を見よう
489,112502,2025/03/21 12:00:00,2050/01/01 4:59:59,612502,1,,ノーリーズンのファン数を\n累計1000万人獲得しよう
489,112503,2025/03/21 12:00:00,2050/01/01 4:59:59,612503,1,,ノーリーズンのファン数を\n累計5000万人獲得しよう
489,112504,2025/03/21 12:00:00,2050/01/01 4:59:59,612504,1,,ノーリーズンのファン数を\n累計1億人獲得しよう
490,112505,2025/03/21 12:00:00,2050/01/01 4:59:59,612505,1,,ノーリーズンでGⅠ～GⅢの\n全てのトロフィーを獲得しよう
491,112601,2025/04/21 12:00:00,2050/01/01 4:59:59,612601,1,,フェノーメノの\nウマ娘ストーリー第4話を見よう
492,112602,2025/04/21 12:00:00,2050/01/01 4:59:59,612602,1,,フェノーメノのファン数を\n累計1000万人獲得しよう
492,112603,2025/04/21 12:00:00,2050/01/01 4:59:59,612603,1,,フェノーメノのファン数を\n累計5000万人獲得しよう
492,112604,2025/04/21 12:00:00,2050/01/01 4:59:59,612604,1,,フェノーメノのファン数を\n累計1億人獲得しよう
493,112605,2025/04/21 12:00:00,2050/01/01 4:59:59,612605,1,,フェノーメノでGⅠ～GⅢの\n全てのトロフィーを獲得しよう
494,112701,2025/05/12 12:00:00,2050/01/01 4:59:59,612701,1,,ヴィルシーナの\nウマ娘ストーリー第4話を見よう
495,112702,2025/05/12 12:00:00,2050/01/01 4:59:59,612702,1,,ヴィルシーナのファン数を\n累計1000万人獲得しよう
495,112703,2025/05/12 12:00:00,2050/01/01 4:59:59,612703,1,,ヴィルシーナのファン数を\n累計5000万人獲得しよう
495,112704,2025/05/12 12:00:00,2050/01/01 4:59:59,612704,1,,ヴィルシーナのファン数を\n累計1億人獲得しよう
496,112705,2025/05/12 12:00:00,2050/01/01 4:59:59,612705,1,,ヴィルシーナでGⅠ～GⅢの\n全てのトロフィーを獲得しよう
497,112801,2025/05/21 12:00:00,2050/01/01 4:59:59,612801,1,,ラヴズオンリーユーの\nウマ娘ストーリー第4話を見よう
498,112802,2025/05/21 12:00:00,2050/01/01 4:59:59,612802,1,,ラヴズオンリーユーのファン数を\n累計1000万人獲得しよう
498,112803,2025/05/21 12:00:00,2050/01/01 4:59:59,612803,1,,ラヴズオンリーユーのファン数を\n累計5000万人獲得しよう
498,112804,2025/05/21 12:00:00,2050/01/01 4:59:59,612804,1,,ラヴズオンリーユーのファン数を\n累計1億人獲得しよう
499,112805,2025/05/21 12:00:00,2050/01/01 4:59:59,612805,1,,ラヴズオンリーユーでGⅠ～GⅢの\n全てのトロフィーを獲得しよう
500,112901,2025/06/13 12:00:00,2050/01/01 4:59:59,612901,1,,クロノジェネシスの\nウマ娘ストーリー第4話を見よう
501,112902,2025/06/13 12:00:00,2050/01/01 4:59:59,612902,1,,クロノジェネシスのファン数を\n累計1000万人獲得しよう
501,112903,2025/06/13 12:00:00,2050/01/01 4:59:59,612903,1,,クロノジェネシスのファン数を\n累計5000万人獲得しよう
501,112904,2025/06/13 12:00:00,2050/01/01 4:59:59,612904,1,,クロノジェネシスのファン数を\n累計1億人獲得しよう
502,112905,2025/06/13 12:00:00,2050/01/01 4:59:59,612905,1,,クロノジェネシスでGⅠ～GⅢの\n全てのトロフィーを獲得しよう
503,113001,2025/07/22 12:00:00,2050/01/01 4:59:59,613001,1,,フサイチパンドラの\nウマ娘ストーリー第4話を見よう
504,113002,2025/07/22 12:00:00,2050/01/01 4:59:59,613002,1,,フサイチパンドラのファン数を\n累計1000万人獲得しよう
504,113003,2025/07/22 12:00:00,2050/01/01 4:59:59,613003,1,,フサイチパンドラのファン数を\n累計5000万人獲得しよう
504,113004,2025/07/22 12:00:00,2050/01/01 4:59:59,613004,1,,フサイチパンドラのファン数を\n累計1億人獲得しよう
505,113005,2025/07/22 12:00:00,2050/01/01 4:59:59,613005,1,,フサイチパンドラでGⅠ～GⅢの\n全てのトロフィーを獲得しよう
506,113101,2025/08/24 12:00:00,2050/01/01 4:59:59,613101,1,,スティルインラブの\nウマ娘ストーリー第4話を見よう
507,113102,2025/08/24 12:00:00,2050/01/01 4:59:59,613102,1,,スティルインラブのファン数を\n累計1000万人獲得しよう
507,113103,2025/08/24 12:00:00,2050/01/01 4:59:59,613103,1,,スティルインラブのファン数を\n累計5000万人獲得しよう
507,113104,2025/08/24 12:00:00,2050/01/01 4:59:59,613104,1,,スティルインラブのファン数を\n累計1億人獲得しよう
508,113105,2025/08/24 12:00:00,2050/01/01 4:59:59,613105,1,,スティルインラブでGⅠ～GⅢの\n全てのトロフィーを獲得しよう
509,113201,2025/09/09 12:00:00,2050/01/01 4:59:59,613201,1,,エスポワールシチーの\nウマ娘ストーリー第4話を見よう
510,113202,2025/09/09 12:00:00,2050/01/01 4:59:59,613202,1,,エスポワールシチーのファン数を\n累計1000万人獲得しよう
510,113203,2025/09/09 12:00:00,2050/01/01 4:59:59,613203,1,,エスポワールシチーのファン数を\n累計5000万人獲得しよう
510,113204,2025/09/09 12:00:00,2050/01/01 4:59:59,613204,1,,エスポワールシチーのファン数を\n累計1億人獲得しよう
511,113205,2025/09/09 12:00:00,2050/01/01 4:59:59,613205,1,,エスポワールシチーでGⅠ～GⅢの\n全てのトロフィーを獲得しよう
512,113301,2025/09/19 12:00:00,2050/01/01 4:59:59,613301,1,,ビリーヴの\nウマ娘ストーリー第4話を見よう
513,113302,2025/09/19 12:00:00,2050/01/01 4:59:59,613302,1,,ビリーヴのファン数を\n累計1000万人獲得しよう
513,113303,2025/09/19 12:00:00,2050/01/01 4:59:59,613303,1,,ビリーヴのファン数を\n累計5000万人獲得しよう
513,113304,2025/09/19 12:00:00,2050/01/01 4:59:59,613304,1,,ビリーヴのファン数を\n累計1億人獲得しよう
514,113305,2025/09/19 12:00:00,2050/01/01 4:59:59,613305,1,,ビリーヴでGⅠ～GⅢの\n全てのトロフィーを獲得しよう
515,113401,2025/10/18 21:00:00,2050/01/01 4:59:59,613401,1,,ダンツフレームの\nウマ娘ストーリー第4話を見よう
516,113402,2025/10/18 21:00:00,2050/01/01 4:59:59,613402,1,,ダンツフレームのファン数を\n累計1000万人獲得しよう
516,113403,2025/10/18 21:00:00,2050/01/01 4:59:59,613403,1,,ダンツフレームのファン数を\n累計5000万人獲得しよう
516,113404,2025/10/18 21:00:00,2050/01/01 4:59:59,613404,1,,ダンツフレームのファン数を\n累計1億人獲得しよう
517,113405,2025/10/18 21:00:00,2050/01/01 4:59:59,613405,1,,ダンツフレームでGⅠ～GⅢの\n全てのトロフィーを獲得しよう
830,43,2021/02/24 5:00:00,2050/01/01 4:59:59,900002,100,宝石,观看“樱花进王的‘前进！烦恼咨询！’”
831,43,2022/11/17 12:00:00,2050/01/01 4:59:59,900003,100,宝石,观看“樱花千代王的全心全意！烦恼咨询！”
202,59,2021/02/24 5:00:00,2050/12/31 4:59:59,1000001,30000,金币,①【第1天】以粉丝数至少为5千人的状态完成大和赤骥的养成
203,4,2021/02/24 5:00:00,2050/12/31 4:59:59,1000002,10,英里跑鞋,①【第1天】在养成中进入樱花奖前3
204,32,2021/02/24 5:00:00,2050/12/31 4:59:59,1000003,2,能量饮料30,①【第1天】在养成中进入秋华奖前3
205,95,2021/02/24 5:00:00,2050/12/31 4:59:59,1000004,5,闹钟,①【第1天】提高优俊少女觉醒等级强化1次
206,100301,2021/02/24 5:00:00,2050/12/31 4:59:59,1000005,5,,①【全部完成奖励】完成第1天所有的限定任务
207,59,2021/02/25 5:00:00,2050/12/31 4:59:59,1000006,30000,金币,①【第2天】以粉丝数至少为5千人的状态完成伏特加的养成
208,7,2021/02/25 5:00:00,2050/12/31 4:59:59,1000007,10,中距离跑鞋,①【第2天】在养成中进入全国德比前3
209,95,2021/02/25 5:00:00,2050/12/31 4:59:59,1000008,5,闹钟,①【第2天】在养成中进入维多利亚英里赛前3
210,32,2021/02/25 5:00:00,2050/12/31 4:59:59,1000009,2,能量饮料30,①【第2天】提高协助卡等级10次
211,100301,2021/02/25 5:00:00,2050/12/31 4:59:59,1000010,5,,①【全部完成奖励】完成第2天所有的限定任务
212,59,2021/02/26 5:00:00,2050/12/31 4:59:59,1000011,30000,金币,①【第3天】以粉丝数至少为5千人的状态完成黄金船的养成
213,32,2021/02/26 5:00:00,2050/12/31 4:59:59,1000012,2,能量饮料30,①【第3天】在养成中进入皋月奖前3
214,10,2021/02/26 5:00:00,2050/12/31 4:59:59,1000013,10,长距离跑鞋,①【第3天】在养成中进入天王奖（春）前3
215,95,2021/02/26 5:00:00,2050/12/31 4:59:59,1000014,5,闹钟,①【第3天】在养成中触发10次友情训练
216,100301,2021/02/26 5:00:00,2050/12/31 4:59:59,1000015,5,,①【全部完成奖励】完成第3天所有的限定任务
217,59,2021/02/27 5:00:00,2050/12/31 4:59:59,1000016,30000,金币,①【第4天】以粉丝数至少为5千人的状态完成春乌菈菈的养成
218,13,2021/02/27 5:00:00,2050/12/31 4:59:59,1000017,10,泥地跑鞋,①【第4天】在养成中进入根岸锦标赛前3
219,95,2021/02/27 5:00:00,2050/12/31 4:59:59,1000018,5,闹钟,①【第4天】在养成中进入二月锦标赛前3
220,32,2021/02/27 5:00:00,2050/12/31 4:59:59,1000019,2,能量饮料30,①【第4天】通过养成完成5次外出
221,100301,2021/02/27 5:00:00,2050/12/31 4:59:59,1000020,5,,①【全部完成奖励】完成第4天所有的限定任务
222,59,2021/02/28 5:00:00,2050/12/31 4:59:59,1000021,30000,金币,①【第5天】以粉丝数至少为5千人的状态完成樱花进王的养成
223,1,2021/02/28 5:00:00,2050/12/31 4:59:59,1000022,10,短距离跑鞋,①【第5天】在养成中进入短途者锦标赛前3
224,32,2021/02/28 5:00:00,2050/12/31 4:59:59,1000023,2,能量饮料30,①【第5天】在养成中进入中京短途赛前3
225,95,2021/02/28 5:00:00,2050/12/31 4:59:59,1000024,5,闹钟,①【第5天】以至少为[C]的养成等级完成1次养成
226,100301,2021/02/28 5:00:00,2050/12/31 4:59:59,1000025,5,,①【全部完成奖励】完成第5天所有的限定任务
227,59,2021/03/01 5:00:00,2050/12/31 4:59:59,1000026,30000,金币,①【第6天】以粉丝数至少为2万人的状态完成养成
228,43,2021/03/01 5:00:00,2050/12/31 4:59:59,1000027,100,宝石,①【第6天】通过养成在抓娃娃游戏中获得至少3个娃娃
229,32,2021/03/01 5:00:00,2050/12/31 4:59:59,1000028,2,能量饮料30,①【第6天】在养成中取得10场东京赛场赛事的胜利
230,95,2021/03/01 5:00:00,2050/12/31 4:59:59,1000029,5,闹钟,①【第6天】在养成中参与URA总决赛预赛
231,100301,2021/03/01 5:00:00,2050/12/31 4:59:59,1000030,5,,①【全部完成奖励】完成第6天所有的限定任务
232,59,2021/03/02 5:00:00,2050/12/31 4:59:59,1000031,30000,金币,①【第7天】以粉丝数至少为5万人的状态完成养成
233,136,2021/03/02 5:00:00,2050/12/31 4:59:59,1000032,1,稀有或以上新人出道招募第1期,①【第7天】在养成中与协助卡中的5人一同训练
234,95,2021/03/02 5:00:00,2050/12/31 4:59:59,1000033,5,闹钟,①【第7天】在养成中取得10场中山赛场赛事的胜利
235,44,2021/03/02 5:00:00,2050/12/31 4:59:59,1000034,1,梦想光辉,①【第7天】在养成中参与URA总决赛决赛
236,100301,2021/03/02 5:00:00,2050/12/31 4:59:59,1000035,5,,①【全部完成奖励】完成第7天所有的限定任务
201,113,2021/02/24 5:00:00,2050/12/31 4:59:59,1000036,1,3★新人出道招募第1期,①【全部完成奖励】完成第1-7天所有的限定任务
102,59,2021/03/11 12:00:00,2050/12/31 4:59:59,1000037,30000,金币,②【第1天】进行团队编成使团队\n等级为[E]或以上
103,95,2021/03/11 12:00:00,2050/12/31 4:59:59,1000038,5,闹钟,②【第1天】在团队竞技场累计提高15点亲密度
104,32,2021/03/11 12:00:00,2050/12/31 4:59:59,1000039,2,能量饮料30,②【第1天】参与团队竞技场5次
105,34,2021/03/11 12:00:00,2050/12/31 4:59:59,1000040,2,迷你胡萝卜果冻,②【第1天】参与3次日常赛事
106,101301,2021/03/11 12:00:00,2050/12/31 4:59:59,1000041,5,,②【全部完成奖励】完成第1天所有的限定任务
107,59,2021/03/12 5:00:00,2050/12/31 4:59:59,1000042,30000,金币,②【第2天】在团队竞技场累计获得20万或以上得分
108,32,2021/03/12 5:00:00,2050/12/31 4:59:59,1000043,2,能量饮料30,②【第2天】在团队竞技场获得1次获胜奖励
109,116,2021/03/12 5:00:00,2050/12/31 4:59:59,1000044,5,干劲满溢甜点,②【第2天】在团队竞技场的短距离赛事取得3次胜利
110,34,2021/03/12 5:00:00,2050/12/31 4:59:59,1000045,2,迷你胡萝卜果冻,②【第2天】以[极佳]状态参与日常赛事
111,101301,2021/03/12 5:00:00,2050/12/31 4:59:59,1000046,5,,②【全部完成奖励】完成第2天所有的限定任务
112,59,2021/03/13 5:00:00,2050/12/31 4:59:59,1000047,30000,金币,②【第3天】在团队竞技场累计获得粉丝数达到1000人或以上
113,95,2021/03/13 5:00:00,2050/12/31 4:59:59,1000048,5,闹钟,②【第3天】取得3场日常赛事的胜利
114,117,2021/03/13 5:00:00,2050/12/31 4:59:59,1000049,5,晴天娃娃,②【第3天】在团队竞技场的英里赛事取得3次胜利
115,34,2021/03/13 5:00:00,2050/12/31 4:59:59,1000050,2,迷你胡萝卜果冻,②【第3天】以[晴]的状态参与日常赛事
116,101301,2021/03/13 5:00:00,2050/12/31 4:59:59,1000051,5,,②【全部完成奖励】完成第3天所有的限定任务
117,59,2021/03/14 5:00:00,2050/12/31 4:59:59,1000052,30000,金币,②【第4天】进行团队编成使团队\n等级为[E2]或以上
118,32,2021/03/14 5:00:00,2050/12/31 4:59:59,1000053,2,能量饮料30,②【第4天】在团队竞技场获得3次获胜奖励
119,118,2021/03/14 5:00:00,2050/12/31 4:59:59,1000054,5,雨天娃娃,②【第4天】在团队竞技场的中距离赛事取得3次胜利
120,34,2021/03/14 5:00:00,2050/12/31 4:59:59,1000055,2,迷你胡萝卜果冻,②【第4天】以[雨]的状态参与日常赛事
121,101301,2021/03/14 5:00:00,2050/12/31 4:59:59,1000056,5,,②【全部完成奖励】完成第4天所有的限定任务
122,59,2021/03/15 5:00:00,2050/12/31 4:59:59,1000057,30000,金币,②【第5天】在团队竞技场累计获得50万或以上得分
123,95,2021/03/15 5:00:00,2050/12/31 4:59:59,1000058,5,闹钟,②【第5天】取得3场日常赛事的胜利
124,119,2021/03/15 5:00:00,2050/12/31 4:59:59,1000059,5,内道抽选球,②【第5天】在团队竞技场的长距离赛事取得3次胜利
125,34,2021/03/15 5:00:00,2050/12/31 4:59:59,1000060,2,迷你胡萝卜果冻,②【第5天】以[内道]（1-3道）的状态参与日常赛事
126,101301,2021/03/15 5:00:00,2050/12/31 4:59:59,1000061,5,,②【全部完成奖励】完成第5天所有的限定任务
127,59,2021/03/16 5:00:00,2050/12/31 4:59:59,1000062,30000,金币,②【第6天】在团队竞技场累计获得粉丝数达到2000人或以上
128,32,2021/03/16 5:00:00,2050/12/31 4:59:59,1000063,2,能量饮料30,②【第6天】在团队竞技场累计提高30点亲密度
129,120,2021/03/16 5:00:00,2050/12/31 4:59:59,1000064,5,外道抽选球,②【第6天】在团队竞技场的泥地赛事取得3次胜利
130,43,2021/03/16 5:00:00,2050/12/31 4:59:59,1000065,100,宝石,②【第6天】以[外道]（6-8道）的状态参与日常赛事
131,101301,2021/03/16 5:00:00,2050/12/31 4:59:59,1000066,5,,②【全部完成奖励】完成第6天所有的限定任务
132,59,2021/03/17 5:00:00,2050/12/31 4:59:59,1000067,30000,金币,②【第7天】进行团队编成使团队\n等级为[E3]或以上
133,95,2021/03/17 5:00:00,2050/12/31 4:59:59,1000068,5,闹钟,②【第7天】取得3场日常赛事的胜利
134,44,2021/03/17 5:00:00,2050/12/31 4:59:59,1000069,1,梦想光辉,②【第7天】在团队竞技场累计获得100万或以上得分
135,135,2021/03/17 5:00:00,2050/12/31 4:59:59,1000070,1,2★或以上新人出道招募第1期,②【第7天】在团队竞技场获得5次获胜奖励
136,101301,2021/03/17 5:00:00,2050/12/31 4:59:59,1000071,5,,②【全部完成奖励】完成第7天所有的限定任务
101,114,2021/03/11 12:00:00,2050/12/31 4:59:59,1000072,1,超稀有新人出道招募第1期,②【全部完成奖励】完成第1-7天所有的限定任务
1,59,2021/03/22 12:00:00,2021/03/31 11:59:59,1000073,10000,金币,③【第1天】在养成中进入全国德比前3
2,59,2021/03/22 12:00:00,2021/03/31 11:59:59,1000074,10000,金币,③【第1天】在养成中进入菊花奖前3
3,110,2021/03/22 12:00:00,2021/03/31 11:59:59,1000075,10000,协助积分,③【第1天】在养成中进入阪神盛典赛前3
5,59,2021/03/23 5:00:00,2021/03/31 11:59:59,1000076,10000,金币,③【第2天】在养成中进入大阪杯前3
6,59,2021/03/23 5:00:00,2021/03/31 11:59:59,1000077,10000,金币,③【第2天】在养成中进入皋月奖前3
7,110,2021/03/23 5:00:00,2021/03/31 11:59:59,1000078,10000,协助积分,③【第2天】在养成中进入天王奖（春）前3
9,59,2021/03/24 5:00:00,2021/03/31 11:59:59,1000079,10000,金币,③【第3天】在养成中进入菊花奖前3
10,59,2021/03/24 5:00:00,2021/03/31 11:59:59,1000080,10000,金币,③【第3天】在养成中进入中山大奖赛前3
11,110,2021/03/24 5:00:00,2021/03/31 11:59:59,1000081,10000,协助积分,③【第3天】在养成中进入大阪杯前3
13,59,2021/03/25 5:00:00,2021/03/31 11:59:59,1000082,10000,金币,③【第4天】在养成中进入天王奖（春）前3
14,59,2021/03/25 5:00:00,2021/03/31 11:59:59,1000083,10000,金币,③【第4天】在养成中进入东京英里赛前3
15,110,2021/03/25 5:00:00,2021/03/31 11:59:59,1000084,10000,协助积分,③【第4天】在养成中进入全国德比前3
17,59,2021/03/26 5:00:00,2021/03/31 11:59:59,1000085,10000,金币,③【第5天】在养成中进入宝冢纪念前3
18,59,2021/03/26 5:00:00,2021/03/31 11:59:59,1000086,10000,金币,③【第5天】在养成中进入七夕奖前3
19,110,2021/03/26 5:00:00,2021/03/31 11:59:59,1000087,10000,协助积分,③【第5天】在养成中进入全国邀请赛前3
4,43,2021/03/22 12:00:00,2021/03/31 11:59:59,1000088,150,宝石,③【全部完成奖励】完成第1天所有的限定任务
8,43,2021/03/23 5:00:00,2021/03/31 11:59:59,1000089,150,宝石,③【全部完成奖励】完成第2天所有的限定任务
12,43,2021/03/24 5:00:00,2021/03/31 11:59:59,1000090,150,宝石,③【全部完成奖励】完成第3天所有的限定任务
16,43,2021/03/25 5:00:00,2021/03/31 11:59:59,1000091,150,宝石,③【全部完成奖励】完成第4天所有的限定任务
20,43,2021/03/26 5:00:00,2021/03/31 11:59:59,1000092,150,宝石,③【全部完成奖励】完成第5天所有的限定任务
1,59,2021/04/06 12:00:00,2021/04/12 4:59:59,1000093,10000,金币,【助威樱花奖】完成1次养成
2,59,2021/04/06 12:00:00,2021/04/12 4:59:59,1000094,10000,金币,【助威樱花奖】完成3次养成
3,59,2021/04/06 12:00:00,2021/04/12 4:59:59,1000095,10000,金币,【助威樱花奖】完成5次养成
4,59,2021/04/06 12:00:00,2021/04/12 4:59:59,1000096,10000,金币,【助威樱花奖】完成10次养成
5,95,2021/04/06 12:00:00,2021/04/12 4:59:59,1000097,1,闹钟,【助威樱花奖】在养成中进入少女竞技赛前3
6,95,2021/04/06 12:00:00,2021/04/12 4:59:59,1000098,1,闹钟,【助威樱花奖】在养成中进入郁金香奖前3
7,110,2021/04/06 12:00:00,2021/04/12 4:59:59,1000099,10000,协助积分,【助威樱花奖】在养成中获得樱花奖胜利
8,43,2021/04/06 12:00:00,2021/04/12 4:59:59,1000100,150,宝石,【全部完成奖励】完成助威樱花奖所有的限定任务
1,59,2021/04/12 5:00:00,2021/04/19 4:59:59,1000101,10000,金币,【助威皋月奖】完成1次养成
2,59,2021/04/12 5:00:00,2021/04/19 4:59:59,1000102,10000,金币,【助威皋月奖】完成3次养成
3,59,2021/04/12 5:00:00,2021/04/19 4:59:59,1000103,10000,金币,【助威皋月奖】完成5次养成
4,59,2021/04/12 5:00:00,2021/04/19 4:59:59,1000104,10000,金币,【助威皋月奖】完成10次养成
5,95,2021/04/12 5:00:00,2021/04/19 4:59:59,1000105,1,闹钟,【助威皋月奖】在养成中进入春季锦标赛前3
6,95,2021/04/12 5:00:00,2021/04/19 4:59:59,1000106,1,闹钟,【助威皋月奖】在养成中进入弥生奖前3
7,110,2021/04/12 5:00:00,2021/04/19 4:59:59,1000107,10000,协助积分,【助威皋月奖】在养成中获得皋月奖胜利
8,43,2021/04/12 5:00:00,2021/04/19 4:59:59,1000108,150,宝石,【全部完成奖励】完成助威皋月奖所有的限定任务
1,59,2021/04/26 5:00:00,2021/05/03 4:59:59,1000109,10000,金币,【助威天王奖（春）】完成1次养成
2,59,2021/04/26 5:00:00,2021/05/03 4:59:59,1000110,10000,金币,【助威天王奖（春）】完成3次养成
3,59,2021/04/26 5:00:00,2021/05/03 4:59:59,1000111,10000,金币,【助威天王奖（春）】完成5次养成
4,59,2021/04/26 5:00:00,2021/05/03 4:59:59,1000112,10000,金币,【助威天王奖（春）】完成10次养成
5,95,2021/04/26 5:00:00,2021/05/03 4:59:59,1000113,1,闹钟,【助威天王奖（春）】在养成中进入阪神盛典赛前3
6,95,2021/04/26 5:00:00,2021/05/03 4:59:59,1000114,1,闹钟,【助威天王奖（春）】在养成中进入日经奖前3
7,110,2021/04/26 5:00:00,2021/05/03 4:59:59,1000115,10000,协助积分,【助威天王奖（春）】在养成中获得天王奖（春）的胜利
8,43,2021/04/26 5:00:00,2021/05/03 4:59:59,1000116,150,宝石,【全部完成奖励】完成助威天王奖（春）所有的限定任务
1,59,2021/05/03 12:00:00,2021/05/10 4:59:59,1000117,10000,金币,【广播协会英里杯】完成1次养成
2,59,2021/05/03 12:00:00,2021/05/10 4:59:59,1000118,10000,金币,【广播协会英里杯】完成3次养成
3,59,2021/05/03 12:00:00,2021/05/10 4:59:59,1000119,10000,金币,【广播协会英里杯】完成5次养成
4,59,2021/05/03 12:00:00,2021/05/10 4:59:59,1000120,10000,金币,【广播协会英里杯】完成10次养成
5,95,2021/05/03 12:00:00,2021/05/10 4:59:59,1000121,1,闹钟,【广播协会英里杯】在养成中进入阿灵顿杯前3
6,95,2021/05/03 12:00:00,2021/05/10 4:59:59,1000122,1,闹钟,【广播协会英里杯】在养成中进入无翼鸟杯前3
7,110,2021/05/03 12:00:00,2021/05/10 4:59:59,1000123,10000,协助积分,【广播协会英里杯】在养成中获得广播协会英里杯的胜利
8,43,2021/05/03 12:00:00,2021/05/10 4:59:59,1000124,150,宝石,【广播协会英里杯】完成所有的限定任务
1,59,2021/05/10 5:00:00,2021/05/17 4:59:59,1000125,10000,金币,【维多利亚英里赛】完成1次养成
2,59,2021/05/10 5:00:00,2021/05/17 4:59:59,1000126,10000,金币,【维多利亚英里赛】完成3次养成
3,59,2021/05/10 5:00:00,2021/05/17 4:59:59,1000127,10000,金币,【维多利亚英里赛】完成5次养成
4,59,2021/05/10 5:00:00,2021/05/17 4:59:59,1000128,10000,金币,【维多利亚英里赛】完成10次养成
5,95,2021/05/10 5:00:00,2021/05/17 4:59:59,1000129,1,闹钟,【维多利亚英里赛】在养成中进入阪神优俊少女锦标赛前3
6,95,2021/05/10 5:00:00,2021/05/17 4:59:59,1000130,1,闹钟,【维多利亚英里赛】在养成中进入松浪优俊少女锦标赛前3
7,110,2021/05/10 5:00:00,2021/05/17 4:59:59,1000131,10000,协助积分,【维多利亚英里赛】在养成中取得维多利亚英里赛的胜利
8,43,2021/05/10 5:00:00,2021/05/17 4:59:59,1000132,150,宝石,【维多利亚英里赛】完成所有的限定任务
1,59,2021/05/17 5:00:00,2021/05/24 4:59:59,1000133,10000,金币,【奥克斯】完成1次养成
2,59,2021/05/17 5:00:00,2021/05/24 4:59:59,1000134,10000,金币,【奥克斯】完成3次养成
3,59,2021/05/17 5:00:00,2021/05/24 4:59:59,1000135,10000,金币,【奥克斯】完成5次养成
4,59,2021/05/17 5:00:00,2021/05/24 4:59:59,1000136,10000,金币,【奥克斯】完成10次养成
5,95,2021/05/17 5:00:00,2021/05/24 4:59:59,1000137,1,闹钟,【奥克斯】在养成中进入芙洛拉锦标赛前2
6,95,2021/05/17 5:00:00,2021/05/24 4:59:59,1000138,1,闹钟,【奥克斯】在养成中进入樱花奖前5
7,110,2021/05/17 5:00:00,2021/05/24 4:59:59,1000139,10000,协助积分,【奥克斯】在养成中取得奥克斯的胜利
8,43,2021/05/17 5:00:00,2021/05/24 4:59:59,1000140,150,宝石,【奥克斯】完成所有的限定任务
1,59,2021/05/24 5:00:00,2021/05/31 4:59:59,1000141,10000,金币,【全国德比】完成1次养成
2,59,2021/05/24 5:00:00,2021/05/31 4:59:59,1000142,10000,金币,【全国德比】完成3次养成
3,59,2021/05/24 5:00:00,2021/05/31 4:59:59,1000143,10000,金币,【全国德比】完成5次养成
4,59,2021/05/24 5:00:00,2021/05/31 4:59:59,1000144,10000,金币,【全国德比】完成10次养成
5,95,2021/05/24 5:00:00,2021/05/31 4:59:59,1000145,1,闹钟,【全国德比】在养成中进入青叶奖前2
6,95,2021/05/24 5:00:00,2021/05/31 4:59:59,1000146,1,闹钟,【全国德比】在养成中进入皋月奖前5
7,110,2021/05/24 5:00:00,2021/05/31 4:59:59,1000147,10000,协助积分,【全国德比】在养成中取得全国德比的胜利
8,43,2021/05/24 5:00:00,2021/05/31 4:59:59,1000148,150,宝石,【全国德比】完成所有的限定任务
1,59,2021/05/31 5:00:00,2021/06/07 4:59:59,1000149,10000,金币,【东京英里赛】完成1次养成
2,59,2021/05/31 5:00:00,2021/06/07 4:59:59,1000150,10000,金币,【东京英里赛】完成3次养成
3,59,2021/05/31 5:00:00,2021/06/07 4:59:59,1000151,10000,金币,【东京英里赛】完成5次养成
4,59,2021/05/31 5:00:00,2021/06/07 4:59:59,1000152,10000,金币,【东京英里赛】完成10次养成
5,95,2021/05/31 5:00:00,2021/06/07 4:59:59,1000153,1,闹钟,【东京英里赛】在养成中取得英里杯的胜利
6,95,2021/05/31 5:00:00,2021/06/07 4:59:59,1000154,1,闹钟,【东京英里赛】在养成中取得京王杯春季杯的胜利
7,110,2021/05/31 5:00:00,2021/06/07 4:59:59,1000155,10000,协助积分,【东京英里赛】在养成中取得东京英里赛的胜利
8,43,2021/05/31 5:00:00,2021/06/07 4:59:59,1000156,150,宝石,【东京英里赛】完成所有的限定任务
21,100701,2021/04/30 12:00:00,2021/05/15 4:59:59,1000157,3,,【黄金船周】在养成中获得皋月奖的胜利
22,110,2021/04/30 12:00:00,2021/05/15 4:59:59,1000158,1500,协助积分,【黄金船周】在养成中获得菊花奖的胜利
23,91,2021/04/30 12:00:00,2021/05/15 4:59:59,1000159,5,中山大奖赛优胜锦旗,【黄金船周】在养成中获得中山大奖赛的胜利
24,110,2021/04/30 12:00:00,2021/05/15 4:59:59,1000160,1500,协助积分,【黄金船周】在养成中获得2次宝冢纪念的胜利
25,100701,2021/04/30 12:00:00,2021/05/15 4:59:59,1000161,3,,【黄金船周】在养成中获得天王奖（春）的胜利
26,95,2021/04/30 12:00:00,2021/05/15 4:59:59,1000162,3,闹钟,【黄金船周】在养成中获得3次三级赛事的胜利
27,100701,2021/04/30 12:00:00,2021/05/15 4:59:59,1000163,3,,【黄金船周】在养成中获得7次二级赛事的胜利
28,110,2021/04/30 12:00:00,2021/05/15 4:59:59,1000164,2000,协助积分,【黄金船周】在养成中获得16次一级赛事的胜利
29,87,2021/04/30 12:00:00,2021/05/15 4:59:59,1000165,5,全国杯优胜锦旗,【黄金船周】在养成中获得13次比赛的胜利
30,74,2021/04/30 12:00:00,2021/05/15 4:59:59,1000166,5,天王奖（春）优胜锦旗,【黄金船周】在养成中获得56次比赛的胜利
31,100701,2021/04/30 12:00:00,2021/05/15 4:59:59,1000167,3,,【黄金船周】在养成中获得128次比赛的胜利
32,77,2021/04/30 12:00:00,2021/05/15 4:59:59,1000168,5,奥克斯优胜锦旗,【黄金船周】在养成中获得168次比赛的胜利
33,110,2021/04/30 12:00:00,2021/05/15 4:59:59,1000169,3000,协助积分,【黄金船周】在养成中获得250次比赛的胜利
34,110,2021/04/30 12:00:00,2021/05/15 4:59:59,1000170,3500,协助积分,【黄金船周】在养成中获得300次比赛的胜利
35,110,2021/04/30 12:00:00,2021/05/15 4:59:59,1000171,5000,协助积分,【黄金船周】在养成中获得496次比赛的胜利
36,110,2021/04/30 12:00:00,2021/05/15 4:59:59,1000172,7000,协助积分,【黄金船周】在养成中获得516次比赛的胜利
37,87,2021/04/30 12:00:00,2021/05/15 4:59:59,1000173,5,全国杯优胜锦旗,【黄金船周】在养成中触发4次良好状态
38,100701,2021/04/30 12:00:00,2021/05/15 4:59:59,1000174,3,,【黄金船周】以至少达到黄金船的粉丝5640人完成养成
39,110,2021/04/30 12:00:00,2021/05/15 4:59:59,1000175,1500,协助积分,【黄金船周】以至少达到黄金船的粉丝56400人完成养成
40,110,2021/04/30 12:00:00,2021/05/15 4:59:59,1000176,1500,协助积分,【黄金船周】任务期间内于养成中获得粉丝数139776人
41,100701,2021/04/30 12:00:00,2021/05/15 4:59:59,1000177,3,,【黄金船周】任务期间内于养成中获得粉丝数564000人
42,110,2021/04/30 12:00:00,2021/05/15 4:59:59,1000178,7000,协助积分,【黄金船周】任务期间内于养成中获得粉丝数5640000人
43,71,2021/04/30 12:00:00,2021/05/15 4:59:59,1000179,5,大阪杯优胜锦旗,【黄金船周】黄金船累计获得粉丝数66796人
44,110,2021/04/30 12:00:00,2021/05/15 4:59:59,1000180,1500,协助积分,【黄金船周】黄金船累计获得粉丝数120981人
45,110,2021/04/30 12:00:00,2021/05/15 4:59:59,1000181,12000,协助积分,【黄金船周】黄金船累计获得粉丝数564万人
46,110,2021/04/30 12:00:00,2021/05/15 4:59:59,1000182,1000,协助积分,【黄金船周】以至少为[G]的养成等级完成1次养成
47,100701,2021/04/30 12:00:00,2021/05/15 4:59:59,1000183,3,,【黄金船周】以至少13胜的战绩完成养成
48,75,2021/04/30 12:00:00,2021/05/15 4:59:59,1000184,5,广播协会英里杯优胜锦旗,【黄金船周】达成养成目标27次
49,71,2021/04/30 12:00:00,2021/05/15 4:59:59,1000185,5,大阪杯优胜锦旗,【黄金船周】达成养成目标50次
50,95,2021/04/30 12:00:00,2021/05/15 4:59:59,1000186,3,闹钟,【黄金船周】达成养成目标88次
51,110,2021/04/30 12:00:00,2021/05/15 4:59:59,1000187,3500,协助积分,【黄金船周】达成养成目标124次
52,136,2021/04/30 12:00:00,2021/05/15 4:59:59,1000188,1,稀有或以上新人出道招募第1期,【黄金船周】达成养成目标200次
53,110,2021/04/30 12:00:00,2021/05/15 4:59:59,1000189,7000,协助积分,【黄金船周】达成养成目标300次
54,110,2021/04/30 12:00:00,2021/05/15 4:59:59,1000190,1500,协助积分,【黄金船周】在养成中外出12次
55,75,2021/04/30 12:00:00,2021/05/15 4:59:59,1000191,5,广播协会英里杯优胜锦旗,【黄金船周】在团队竞技场的英里比赛中取得3次胜利
56,100701,2021/04/30 12:00:00,2021/05/15 4:59:59,1000192,3,,【黄金船周】在团队竞技场的中距离比赛中取得4次胜利
57,110,2021/04/30 12:00:00,2021/05/15 4:59:59,1000193,2000,协助积分,【黄金船周】在团队竞技场的长距离比赛中取得6次胜利
58,78,2021/04/30 12:00:00,2021/05/15 4:59:59,1000194,5,全国德比优胜锦旗,【黄金船周】参与7次团队竞技场
59,110,2021/04/30 12:00:00,2021/05/15 4:59:59,1000195,3000,协助积分,【黄金船周】参与28次团队竞技场
60,110,2021/04/30 12:00:00,2021/05/15 4:59:59,1000196,5000,协助积分,【黄金船周】参与54次团队竞技场
61,110,2021/04/30 12:00:00,2021/05/15 4:59:59,1000197,1500,协助积分,【黄金船周】在团队竞技场中累计获得564000或以上得分
62,110,2021/04/30 12:00:00,2021/05/15 4:59:59,1000198,3500,协助积分,【黄金船周】在团队竞技场中累计获得564万或以上得分
63,110,2021/04/30 12:00:00,2021/05/15 4:59:59,1000199,5000,协助积分,【黄金船周】在团队竞技场中获得24次获胜奖励
64,74,2021/04/30 12:00:00,2021/05/15 4:59:59,1000200,5,天王奖（春）优胜锦旗,【黄金船周】触发友情训练138次
65,95,2021/04/30 12:00:00,2021/05/15 4:59:59,1000201,3,闹钟,【黄金船周】触发友情训练300次
66,110,2021/04/30 12:00:00,2021/05/15 4:59:59,1000202,5000,协助积分,【黄金船周】触发友情训练564次
67,77,2021/04/30 12:00:00,2021/05/15 4:59:59,1000203,5,奥克斯优胜锦旗,【黄金船周】通过养成取得8场阪神赛场赛事的胜利
68,110,2021/04/30 12:00:00,2021/05/15 4:59:59,1000204,1500,协助积分,【黄金船周】通过养成取得6场中山赛场赛事的胜利
69,110,2021/04/30 12:00:00,2021/05/15 4:59:59,1000205,1500,协助积分,【黄金船周】通过养成取得5场京都赛场赛事的胜利
70,78,2021/04/30 12:00:00,2021/05/15 4:59:59,1000206,5,全国德比优胜锦旗,【黄金船周】通过养成取得4场东京赛场赛事的胜利
71,110,2021/04/30 12:00:00,2021/05/15 4:59:59,1000207,1500,协助积分,【黄金船周】通过养成取得3场札幌赛场赛事的胜利
72,110,2021/04/30 12:00:00,2021/05/15 4:59:59,1000208,1500,协助积分,【黄金船周】通过养成取得1场函馆赛场赛事的胜利
73,100701,2021/04/30 12:00:00,2021/05/15 4:59:59,1000209,5,,【黄金船周】完成15个黄金船周特别任务
74,135,2021/04/30 12:00:00,2021/05/15 4:59:59,1000210,1,2★或以上新人出道招募第1期,【黄金船周】完成30个黄金船周特别任务
75,110,2021/04/30 12:00:00,2021/05/15 4:59:59,1000211,9000,协助积分,【黄金船周】完成45个黄金船周特别任务
76,43,2021/04/30 12:00:00,2021/05/15 4:59:59,1000212,150,宝石,【黄金船周】完成所有的黄金船周特别任务
1,59,2021/06/21 5:00:00,2021/06/28 4:59:59,1000213,10000,金币,【宝冢纪念】完成1次养成
2,59,2021/06/21 5:00:00,2021/06/28 4:59:59,1000214,10000,金币,【宝冢纪念】完成3次养成
3,59,2021/06/21 5:00:00,2021/06/28 4:59:59,1000215,10000,金币,【宝冢纪念】完成5次养成
4,59,2021/06/21 5:00:00,2021/06/28 4:59:59,1000216,10000,金币,【宝冢纪念】完成10次养成
5,95,2021/06/21 5:00:00,2021/06/28 4:59:59,1000217,1,闹钟,【宝冢纪念】任务期间内于养成中获得粉丝数50万人
6,95,2021/06/21 5:00:00,2021/06/28 4:59:59,1000218,1,闹钟,【宝冢纪念】任务期间内于养成中获得粉丝数150万人
7,110,2021/06/21 5:00:00,2021/06/28 4:59:59,1000219,10000,协助积分,【宝冢纪念】在养成中获得宝冢纪念的胜利
8,43,2021/06/21 5:00:00,2021/06/28 4:59:59,1000220,150,宝石,【宝冢纪念】完成所有的限定任务
1,59,2021/07/12 12:00:00,2050/05/15 4:59:59,1000300,20000,金币,获得技能[弧线大师]并完成1次养成
2,116,2021/07/12 12:00:00,2050/05/15 4:59:59,1000301,5,干劲满溢甜点,获得技能[圆弧艺术家]并完成1次养成
3,95,2021/07/12 12:00:00,2050/05/15 4:59:59,1000302,5,闹钟,获得技能[迅疾如风]并完成1次养成
4,59,2021/07/12 12:00:00,2050/05/15 4:59:59,1000303,20000,金币,获得技能[全神贯注]并完成1次养成
5,32,2021/07/12 12:00:00,2050/05/15 4:59:59,1000304,3,能量饮料30,获得技能[一阵狂风]并完成1次养成
6,118,2021/07/12 12:00:00,2050/05/15 4:59:59,1000305,5,雨天娃娃,获得技能[专心一意]并完成1次养成
7,59,2021/07/12 12:00:00,2050/05/15 4:59:59,1000306,20000,金币,获得技能[喘口气]并完成1次养成
8,59,2021/07/12 12:00:00,2050/05/15 4:59:59,1000307,20000,金币,获得技能[曲线行家]并完成1次养成
9,59,2021/07/12 12:00:00,2050/05/15 4:59:59,1000308,20000,金币,在养成中累计获得10万点或以上评分
10,59,2021/07/12 12:00:00,2050/05/15 4:59:59,1000309,20000,金币,在养成中累计获得15万点或以上评分
11,59,2021/07/12 12:00:00,2050/05/15 4:59:59,1000310,20000,金币,在养成中累计获得20万点或以上评分
12,59,2021/07/12 12:00:00,2050/05/15 4:59:59,1000311,20000,金币,在养成中累计获得30万点或以上评分
13,59,2021/07/12 12:00:00,2050/05/15 4:59:59,1000312,20000,金币,至少获得8个技能并完成1次养成
14,59,2021/07/12 12:00:00,2050/05/15 4:59:59,1000313,20000,金币,至少获得10个技能并完成1次养成
15,59,2021/07/12 12:00:00,2050/05/15 4:59:59,1000314,20000,金币,至少获得12个技能并完成1次养成
16,95,2021/07/12 12:00:00,2050/05/15 4:59:59,1000315,5,闹钟,以短距离适应性至少为A且养成等级至少为[B]的状态完成1次养成
17,59,2021/07/12 12:00:00,2050/05/15 4:59:59,1000316,20000,金币,以英里适应性至少为A且养成等级至少为[B]的状态完成1次养成
18,119,2021/07/12 12:00:00,2050/05/15 4:59:59,1000317,5,内道抽选球,以中距离适应性至少为A且养成等级至少为[B]的状态完成1次养成
19,59,2021/07/12 12:00:00,2050/05/15 4:59:59,1000318,20000,金币,以长距离适应性至少为A且养成等级至少为[B]的状态完成1次养成
20,117,2021/07/12 12:00:00,2050/05/15 4:59:59,1000319,5,晴天娃娃,参与至少10次比赛并完成1次养成
21,116,2021/07/12 12:00:00,2050/05/15 4:59:59,1000320,5,干劲满溢甜点,参与至少13次比赛并完成1次养成
22,59,2021/07/12 12:00:00,2050/05/15 4:59:59,1000321,20000,金币,参与至少18次比赛并完成1次养成
23,32,2021/07/12 12:00:00,2050/05/15 4:59:59,1000322,3,能量饮料30,获得誉名[三后冠]并完成1次养成
24,120,2021/07/12 12:00:00,2050/05/15 4:59:59,1000323,5,外道抽选球,获得誉名[大奖赛2世]并完成1次养成
25,59,2021/07/12 12:00:00,2050/05/15 4:59:59,1000324,20000,金币,获得誉名[一级赛事猎手]并完成1次养成
26,34,2021/07/12 12:00:00,2050/05/15 4:59:59,1000325,3,迷你胡萝卜果冻,获得誉名[春季高级三冠优俊少女]并完成1次养成
27,59,2021/07/12 12:00:00,2050/05/15 4:59:59,1000326,20000,金币,获得誉名[秋季高级三冠优俊少女]并完成1次养成
28,32,2021/07/12 12:00:00,2050/05/15 4:59:59,1000327,3,能量饮料30,获得誉名[天王奖春秋连霸]并完成1次养成
29,34,2021/07/12 12:00:00,2050/05/15 4:59:59,1000328,3,迷你胡萝卜果冻,获得誉名[擅长泥地]并完成1次养成
30,59,2021/07/12 12:00:00,2050/05/15 4:59:59,1000329,20000,金币,获得誉名[全能王]并完成1次养成
31,59,2021/07/12 12:00:00,2050/05/15 4:59:59,1000330,20000,金币,获得誉名[速度女王]并完成1次养成
32,34,2021/07/12 12:00:00,2050/05/15 4:59:59,1000331,3,迷你胡萝卜果冻,获得誉名[努力的天才]并完成1次养成
33,59,2021/07/12 12:00:00,2050/05/15 4:59:59,1000332,20000,金币,在养成中获得50次一级赛事的胜利
34,34,2021/07/12 12:00:00,2050/05/15 4:59:59,1000333,3,迷你胡萝卜果冻,在养成中获得100次一级赛事的胜利
35,32,2021/07/12 12:00:00,2050/05/15 4:59:59,1000334,3,能量饮料30,在养成中获得150次一级赛事的胜利
36,59,2021/07/12 12:00:00,2050/05/15 4:59:59,1000335,20000,金币,在养成中获得200次一级赛事的胜利
37,43,2021/07/12 12:00:00,2050/05/15 4:59:59,1000336,150,宝石,完成10个限定任务
38,43,2021/07/12 12:00:00,2050/05/15 4:59:59,1000337,150,宝石,完成20个限定任务
39,135,2021/07/12 12:00:00,2050/05/15 4:59:59,1000338,1,2★或以上新人出道招募第1期,完成30个限定任务
40,113,2021/07/12 12:00:00,2050/05/15 4:59:59,1000339,1,3★新人出道招募第1期,【全部完成奖励】完成所有的限定任务
1,43,2021/07/20 12:00:00,2021/07/30 4:59:59,1000401,150,宝石,【第4章纪念】完成所有的限定任务
2,59,2021/07/20 12:00:00,2021/07/30 4:59:59,1000402,10000,金币,【第4章纪念】观看主线剧情第4章第1话
3,59,2021/07/20 12:00:00,2021/07/30 4:59:59,1000403,10000,金币,【第4章纪念】观看主线剧情第4章第3话
4,59,2021/07/20 12:00:00,2021/07/30 4:59:59,1000404,10000,金币,【第4章纪念】观看主线剧情第4章第6话
5,59,2021/07/20 12:00:00,2021/07/30 4:59:59,1000405,10000,金币,【第4章纪念】观看主线剧情第4章第10话
6,59,2021/07/20 12:00:00,2021/07/30 4:59:59,1000406,20000,金币,【第4章纪念】观看主线剧情第4章所有剧情
7,110,2021/07/20 12:00:00,2021/07/30 4:59:59,1000407,5000,协助积分,【第4章纪念】在养成中触发5次友情训练
8,110,2021/07/20 12:00:00,2021/07/30 4:59:59,1000408,5000,协助积分,【第4章纪念】在养成中触发10次友情训练
9,110,2021/07/20 12:00:00,2021/07/30 4:59:59,1000409,5000,协助积分,【第4章纪念】以至少为B的养成等级完成1次养成
10,110,2021/07/20 12:00:00,2021/07/30 4:59:59,1000410,10000,协助积分,【第4章纪念】完成10次养成
11,59,2021/07/20 12:00:00,2021/07/30 4:59:59,1000411,10000,金币,【第4章纪念】在养成中获得皋月奖的胜利
12,59,2021/07/20 12:00:00,2021/07/30 4:59:59,1000412,10000,金币,【第4章纪念】在养成中获得天王奖（春）的胜利
13,59,2021/07/20 12:00:00,2021/07/30 4:59:59,1000413,10000,金币,【第4章纪念】在养成中获得宝冢纪念的胜利
14,59,2021/07/20 12:00:00,2021/07/30 4:59:59,1000414,10000,金币,【第4章纪念】在养成中获得全国德比的胜利
15,59,2021/07/20 12:00:00,2021/07/30 4:59:59,1000415,10000,金币,【第4章纪念】在养成中获得菊花奖的胜利
16,59,2021/07/20 12:00:00,2021/07/30 4:59:59,1000416,10000,金币,【第4章纪念】在养成中获得中山大奖赛的胜利
17,59,2021/07/20 12:00:00,2021/07/30 4:59:59,1000417,10000,金币,【第4章纪念】在养成中取得10场中山赛场赛事的胜利
18,59,2021/07/20 12:00:00,2021/07/30 4:59:59,1000418,10000,金币,【第4章纪念】挑战经典三冠并完成1次养成
19,59,2021/07/20 12:00:00,2021/07/30 4:59:59,1000419,20000,金币,【第4章纪念】在养成中获得5次一级赛事的胜利
20,95,2021/07/20 12:00:00,2021/07/30 4:59:59,1000420,2,闹钟,【第4章纪念】以至少5胜的战绩完成养成
21,95,2021/07/20 12:00:00,2021/07/30 4:59:59,1000421,2,闹钟,【第4章纪念】以至少15胜的战绩完成养成
22,110,2021/07/20 12:00:00,2021/07/30 4:59:59,1000422,5000,协助积分,【第4章纪念】粉丝数达到至少15万人并完成1次养成
23,110,2021/07/20 12:00:00,2021/07/30 4:59:59,1000423,10000,协助积分,【第4章纪念】粉丝数达到至少20万人并完成1次养成
1,41,2021/08/16 12:00:00,2021/09/30 4:59:59,1000501,3,养成优俊少女招募券,【半周年庆典①】完成纪念任务第1弹的所有任务
2,43,2021/08/16 12:00:00,2021/09/30 4:59:59,1000502,500,宝石,【半周年庆典①】完成纪念任务第1弹的10个任务
3,110,2021/08/16 12:00:00,2021/09/30 4:59:59,1000503,5000,协助积分,【半周年庆典①】在养成中获得10次比赛的胜利
4,110,2021/08/16 12:00:00,2021/09/30 4:59:59,1000504,5000,协助积分,【半周年庆典①】在养成中获得30次比赛的胜利
5,110,2021/08/16 12:00:00,2021/09/30 4:59:59,1000505,5000,协助积分,【半周年庆典①】在养成中获得50次比赛的胜利
6,110,2021/08/16 12:00:00,2021/09/30 4:59:59,1000506,10000,协助积分,【半周年庆典①】在养成中获得70次比赛的胜利
7,110,2021/08/16 12:00:00,2021/09/30 4:59:59,1000507,5000,协助积分,【半周年庆典①】达成养成目标25次
8,110,2021/08/16 12:00:00,2021/09/30 4:59:59,1000508,10000,协助积分,【半周年庆典①】达成养成目标50次
9,110,2021/08/16 12:00:00,2021/09/30 4:59:59,1000509,5000,协助积分,【半周年庆典①】完成5次养成
10,110,2021/08/16 12:00:00,2021/09/30 4:59:59,1000510,10000,协助积分,【半周年庆典①】完成10次养成
11,110,2021/08/16 12:00:00,2021/09/30 4:59:59,1000511,15000,协助积分,【半周年庆典①】完成15次养成
12,110,2021/08/16 12:00:00,2021/09/30 4:59:59,1000512,5000,协助积分,【半周年庆典①】以至少10胜的战绩完成1次养成
13,110,2021/08/16 12:00:00,2021/09/30 4:59:59,1000513,10000,协助积分,【半周年庆典①】以至少15胜的战绩完成1次养成
14,59,2021/08/16 12:00:00,2021/09/30 4:59:59,1000514,10000,金币,【半周年庆典①】以至少为C的养成等级完成1次养成
15,59,2021/08/16 12:00:00,2021/09/30 4:59:59,1000515,10000,金币,【半周年庆典①】以至少为C+的养成等级完成1次养成
16,59,2021/08/16 12:00:00,2021/09/30 4:59:59,1000516,10000,金币,【半周年庆典①】参与10次团队竞技场
17,59,2021/08/16 12:00:00,2021/09/30 4:59:59,1000517,15000,金币,【半周年庆典①】参与30次团队竞技场
18,59,2021/08/16 12:00:00,2021/09/30 4:59:59,1000518,10000,金币,【半周年庆典①】在团队竞技场获得5次获胜奖励
19,59,2021/08/16 12:00:00,2021/09/30 4:59:59,1000519,15000,金币,【半周年庆典①】在团队竞技场获得15次获胜奖励
20,59,2021/08/16 12:00:00,2021/09/30 4:59:59,1000520,10000,金币,【半周年庆典①】在团队竞技场累计获得100万或以上得分
21,59,2021/08/16 12:00:00,2021/09/30 4:59:59,1000521,10000,金币,【半周年庆典①】在团队竞技场累计获得150万或以上得分
22,59,2021/08/16 12:00:00,2021/09/30 4:59:59,1000522,15000,金币,【半周年庆典①】在团队竞技场累计获得300万或以上得分
1,30062,2021/08/24 12:00:00,2021/09/30 4:59:59,1000601,1,,【半周年庆典②】完成纪念任务第2弹的所有任务
2,43,2021/08/24 12:00:00,2021/09/30 4:59:59,1000602,500,宝石,【半周年庆典②】完成纪念任务第2弹的10个任务
3,110,2021/08/24 12:00:00,2021/09/30 4:59:59,1000603,5000,协助积分,【半周年庆典②】在养成中获得10次一级赛事的胜利
3,110,2021/08/24 12:00:00,2021/09/30 4:59:59,1000604,5000,协助积分,【半周年庆典②】在养成中获得30次一级赛事的胜利
5,110,2021/08/24 12:00:00,2021/09/30 4:59:59,1000605,5000,协助积分,【半周年庆典②】任务期间内于养成中获得粉丝数50万人
6,110,2021/08/24 12:00:00,2021/09/30 4:59:59,1000606,10000,协助积分,【半周年庆典②】任务期间内于养成中获得粉丝数100万人
7,110,2021/08/24 12:00:00,2021/09/30 4:59:59,1000607,10000,协助积分,【半周年庆典②】任务期间内于养成中获得粉丝数150万人
8,110,2021/08/24 12:00:00,2021/09/30 4:59:59,1000608,10000,协助积分,【半周年庆典②】养成完成时获得2★或以上的速度因子
9,110,2021/08/24 12:00:00,2021/09/30 4:59:59,1000609,10000,协助积分,【半周年庆典②】养成完成时获得2★或以上的耐力因子
10,59,2021/08/24 12:00:00,2021/09/30 4:59:59,1000610,10000,金币,【半周年庆典②】任务期间内于养成中累计获得2万点或以上的评分
11,59,2021/08/24 12:00:00,2021/09/30 4:59:59,1000611,10000,金币,【半周年庆典②】任务期间内于养成中累计获得5万点或以上的评分
12,30062,2021/08/24 12:00:00,2021/09/30 4:59:59,1000612,1,,【半周年庆典②】任务期间内于养成中累计获得10万点或以上的评分
13,110,2021/08/24 12:00:00,2021/09/30 4:59:59,1000613,5000,协助积分,【半周年庆典②】在URA决赛中以至少2身位的差距取得1次胜利
14,110,2021/08/24 12:00:00,2021/09/30 4:59:59,1000614,5000,协助积分,【半周年庆典②】在URA决赛中以至少3身位的差距取得1次胜利
15,59,2021/08/24 12:00:00,2021/09/30 4:59:59,1000615,10000,金币,【半周年庆典②】在团队竞技场获得10次胜利
16,59,2021/08/24 12:00:00,2021/09/30 4:59:59,1000616,15000,金币,【半周年庆典②】在团队竞技场获得30次胜利
17,30062,2021/08/24 12:00:00,2021/09/30 4:59:59,1000617,1,,【半周年庆典②】在团队竞技场获得50次胜利
18,59,2021/08/24 12:00:00,2021/09/30 4:59:59,1000618,10000,金币,【半周年庆典②】在团队竞技场获得5次短距离代表胜利
19,59,2021/08/24 12:00:00,2021/09/30 4:59:59,1000619,10000,金币,【半周年庆典②】在团队竞技场获得5次英里代表胜利
20,59,2021/08/24 12:00:00,2021/09/30 4:59:59,1000620,10000,金币,【半周年庆典②】在团队竞技场获得5次中距离代表胜利
21,59,2021/08/24 12:00:00,2021/09/30 4:59:59,1000621,10000,金币,【半周年庆典②】在团队竞技场获得5次长距离代表胜利
22,59,2021/08/24 12:00:00,2021/09/30 4:59:59,1000622,10000,金币,【半周年庆典②】在团队竞技场获得5次泥地代表胜利
1,141,2021/08/30 12:00:00,2021/09/30 4:59:59,1000701,1,半周年庆典 超稀有兑换券,【半周年庆典③】完成纪念任务第3弹的所有任务
2,43,2021/08/30 12:00:00,2021/09/30 4:59:59,1000702,500,宝石,【半周年庆典③】完成纪念任务第3弹的15个任务
3,59,2021/08/30 12:00:00,2021/09/30 4:59:59,1000703,10000,金币,【半周年庆典③】在青春杯中剧本评分纪录达到3000点
4,59,2021/08/30 12:00:00,2021/09/30 4:59:59,1000704,10000,金币,【半周年庆典③】在青春杯中剧本评分纪录达到5000点
5,59,2021/08/30 12:00:00,2021/09/30 4:59:59,1000705,15000,金币,【半周年庆典③】在青春杯中剧本评分纪录达到7000点
6,59,2021/08/30 12:00:00,2021/09/30 4:59:59,1000706,15000,金币,【半周年庆典③】在青春杯中剧本评分纪录达到9000点
7,59,2021/08/30 12:00:00,2021/09/30 4:59:59,1000707,10000,金币,【半周年庆典③】在青春杯中团队的综合实力达到D或以上
8,59,2021/08/30 12:00:00,2021/09/30 4:59:59,1000708,10000,金币,【半周年庆典③】在青春杯中团队的综合实力达到C或以上
9,59,2021/08/30 12:00:00,2021/09/30 4:59:59,1000709,15000,金币,【半周年庆典③】在青春杯中团队的综合实力达到B或以上
10,59,2021/08/30 12:00:00,2021/09/30 4:59:59,1000710,20000,金币,【半周年庆典③】在青春杯中团队的综合实力达到A或以上
11,110,2021/08/30 12:00:00,2021/09/30 4:59:59,1000711,5000,协助积分,【半周年庆典③】至少爆发1次青春之魂并完成1次养成
12,110,2021/08/30 12:00:00,2021/09/30 4:59:59,1000712,5000,协助积分,【半周年庆典③】至少爆发3次青春之魂并完成1次养成
13,110,2021/08/30 12:00:00,2021/09/30 4:59:59,1000713,5000,协助积分,【半周年庆典③】至少爆发5次青春之魂并完成1次养成
14,110,2021/08/30 12:00:00,2021/09/30 4:59:59,1000714,10000,协助积分,【半周年庆典③】至少爆发7次青春之魂并完成1次养成
15,110,2021/08/30 12:00:00,2021/09/30 4:59:59,1000715,5000,协助积分,【半周年庆典③】总计触发20次青春特训
16,110,2021/08/30 12:00:00,2021/09/30 4:59:59,1000716,5000,协助积分,【半周年庆典③】总计触发50次青春特训
17,110,2021/08/30 12:00:00,2021/09/30 4:59:59,1000717,10000,协助积分,【半周年庆典③】总计触发100次青春特训
18,110,2021/08/30 12:00:00,2021/09/30 4:59:59,1000718,10000,协助积分,【半周年庆典③】总计触发150次青春特训
19,110,2021/08/30 12:00:00,2021/09/30 4:59:59,1000719,10000,协助积分,【半周年庆典③】总计触发200次青春特训
20,110,2021/08/30 12:00:00,2021/09/30 4:59:59,1000720,10000,协助积分,【半周年庆典③】在青春杯完成5次养成
21,110,2021/08/30 12:00:00,2021/09/30 4:59:59,1000721,15000,协助积分,【半周年庆典③】在青春杯完成10次养成
22,110,2021/08/30 12:00:00,2021/09/30 4:59:59,1000722,20000,协助积分,【半周年庆典③】在青春杯完成15次养成
23,110,2021/08/30 12:00:00,2021/09/30 4:59:59,1000723,30000,协助积分,【半周年庆典③】在青春杯完成20次养成
24,59,2021/08/30 12:00:00,2021/09/30 4:59:59,1000724,10000,金币,【半周年庆典③】以至少为[B]的养成等级完成1次养成
25,59,2021/08/30 12:00:00,2021/09/30 4:59:59,1000725,10000,金币,【半周年庆典③】至少获得8个技能并完成1次养成
26,59,2021/08/30 12:00:00,2021/09/30 4:59:59,1000726,10000,金币,【半周年庆典③】至少获得10个技能并完成1次养成
27,59,2021/08/30 12:00:00,2021/09/30 4:59:59,1000727,10000,金币,【半周年庆典③】至少获得12个技能并完成1次养成
28,59,2021/08/30 12:00:00,2021/09/30 4:59:59,1000728,10000,金币,【半周年庆典③】参与至少15次比赛并完成1次养成
29,59,2021/08/30 12:00:00,2021/09/30 4:59:59,1000729,10000,金币,【半周年庆典③】至少获得3个誉名并完成1次养成
30,59,2021/08/30 12:00:00,2021/09/30 4:59:59,1000730,10000,金币,【半周年庆典③】至少获得5个誉名并完成1次养成
31,59,2021/08/30 12:00:00,2021/09/30 4:59:59,1000731,15000,金币,【半周年庆典③】至少获得7个誉名并完成1次养成
32,59,2021/08/30 12:00:00,2021/09/30 4:59:59,1000732,15000,金币,【半周年庆典③】在养成中观看1次养成优俊少女的好结局
1,59,2021/09/27 12:00:00,2021/10/04 4:59:59,1000801,10000,金币,【短途者锦标赛】完成1次养成
2,59,2021/09/27 12:00:00,2021/10/04 4:59:59,1000802,10000,金币,【短途者锦标赛】完成3次养成
3,59,2021/09/27 12:00:00,2021/10/04 4:59:59,1000803,10000,金币,【短途者锦标赛】完成5次养成
4,59,2021/09/27 12:00:00,2021/10/04 4:59:59,1000804,10000,金币,【短途者锦标赛】完成10次养成
5,95,2021/09/27 12:00:00,2021/10/04 4:59:59,1000805,1,闹钟,【短途者锦标赛】在养成中获得科尼杯的胜利
6,95,2021/09/27 12:00:00,2021/10/04 4:59:59,1000806,1,闹钟,【短途者锦标赛】在养成中获得人马锦标赛的胜利
7,110,2021/09/27 12:00:00,2021/10/04 4:59:59,1000807,10000,协助积分,【短途者锦标赛】在养成中获得短途者锦标赛的胜利
8,43,2021/09/27 12:00:00,2021/10/04 4:59:59,1000808,150,宝石,【短途者锦标赛】完成所有的限定任务
1,59,2021/10/11 12:00:00,2021/10/18 4:59:59,1000811,10000,金币,【秋华奖】完成1次养成
2,59,2021/10/11 12:00:00,2021/10/18 4:59:59,1000812,10000,金币,【秋华奖】完成3次养成
3,59,2021/10/11 12:00:00,2021/10/18 4:59:59,1000813,10000,金币,【秋华奖】完成5次养成
4,59,2021/10/11 12:00:00,2021/10/18 4:59:59,1000814,10000,金币,【秋华奖】完成10次养成
5,95,2021/10/11 12:00:00,2021/10/18 4:59:59,1000815,1,闹钟,【秋华奖】在养成中进入紫苑锦标赛前3
6,95,2021/10/11 12:00:00,2021/10/18 4:59:59,1000816,1,闹钟,【秋华奖】在养成中进入玫瑰锦标赛前3
7,110,2021/10/11 12:00:00,2021/10/18 4:59:59,1000817,10000,协助积分,【秋华奖】在养成中获得秋华奖的胜利
8,43,2021/10/11 12:00:00,2021/10/18 4:59:59,1000818,150,宝石,【秋华奖】完成所有的限定任务
1,59,2021/10/18 5:00:00,2021/10/25 4:59:59,1000821,10000,金币,【菊花奖】完成1次养成
2,59,2021/10/18 5:00:00,2021/10/25 4:59:59,1000822,10000,金币,【菊花奖】完成3次养成
3,59,2021/10/18 5:00:00,2021/10/25 4:59:59,1000823,10000,金币,【菊花奖】完成5次养成
4,59,2021/10/18 5:00:00,2021/10/25 4:59:59,1000824,10000,金币,【菊花奖】完成10次养成
5,95,2021/10/18 5:00:00,2021/10/25 4:59:59,1000825,1,闹钟,【菊花奖】在养成中进入圣光纪念的前3
6,95,2021/10/18 5:00:00,2021/10/25 4:59:59,1000826,1,闹钟,【菊花奖】在养成中进入神户新闻杯的前3
7,110,2021/10/18 5:00:00,2021/10/25 4:59:59,1000827,10000,协助积分,【菊花奖】在养成中获得菊花奖的胜利
8,43,2021/10/18 5:00:00,2021/10/25 4:59:59,1000828,150,宝石,【菊花奖】完成所有的限定任务
1,59,2021/10/25 5:00:00,2021/11/01 4:59:59,1000831,10000,金币,【天王奖（秋）】完成1次养成
2,59,2021/10/25 5:00:00,2021/11/01 4:59:59,1000832,10000,金币,【天王奖（秋）】完成3次养成
3,59,2021/10/25 5:00:00,2021/11/01 4:59:59,1000833,10000,金币,【天王奖（秋）】完成5次养成
4,59,2021/10/25 5:00:00,2021/11/01 4:59:59,1000834,10000,金币,【天王奖（秋）】完成10次养成
5,95,2021/10/25 5:00:00,2021/11/01 4:59:59,1000835,1,闹钟,【天王奖（秋）】在养成中获得全国邀请赛的胜利
6,95,2021/10/25 5:00:00,2021/11/01 4:59:59,1000836,1,闹钟,【天王奖（秋）】在养成中获得每日王冠的胜利
7,110,2021/10/25 5:00:00,2021/11/01 4:59:59,1000837,10000,协助积分,【天王奖（秋）】在养成中获得天王奖（秋）的胜利
8,43,2021/10/25 5:00:00,2021/11/01 4:59:59,1000838,150,宝石,【天王奖（秋）】完成所有的限定任务
1,59,2021/11/08 12:00:00,2021/11/15 4:59:59,1000841,10000,金币,【伊丽莎白女王杯】完成1次养成
2,59,2021/11/08 12:00:00,2021/11/15 4:59:59,1000842,10000,金币,【伊丽莎白女王杯】完成3次养成
3,59,2021/11/08 12:00:00,2021/11/15 4:59:59,1000843,10000,金币,【伊丽莎白女王杯】完成5次养成
4,59,2021/11/08 12:00:00,2021/11/15 4:59:59,1000844,10000,金币,【伊丽莎白女王杯】完成10次养成
5,95,2021/11/08 12:00:00,2021/11/15 4:59:59,1000845,2,闹钟,【伊丽莎白女王杯】在养成中获得府中优俊少女锦标赛的胜利
7,110,2021/11/08 12:00:00,2021/11/15 4:59:59,1000846,10000,协助积分,【伊丽莎白女王杯】在养成中获得伊丽莎白女王杯的胜利
8,43,2021/11/08 12:00:00,2021/11/15 4:59:59,1000847,150,宝石,【伊丽莎白女王杯】完成所有的限定任务
1,59,2021/11/15 5:00:00,2021/11/22 4:59:59,1000851,10000,金币,【英里冠军赛】完成1次养成
2,59,2021/11/15 5:00:00,2021/11/22 4:59:59,1000852,10000,金币,【英里冠军赛】完成3次养成
3,59,2021/11/15 5:00:00,2021/11/22 4:59:59,1000853,10000,金币,【英里冠军赛】完成5次养成
4,59,2021/11/15 5:00:00,2021/11/22 4:59:59,1000854,10000,金币,【英里冠军赛】完成10次养成
5,95,2021/11/15 5:00:00,2021/11/22 4:59:59,1000855,1,闹钟,【英里冠军赛】在养成中获得富士锦标赛的胜利
6,95,2021/11/15 5:00:00,2021/11/22 4:59:59,1000856,1,闹钟,【英里冠军赛】在养成中获得天鹅锦标赛的胜利
7,110,2021/11/15 5:00:00,2021/11/22 4:59:59,1000857,10000,协助积分,【英里冠军赛】在养成中获得英里冠军赛的胜利
8,43,2021/11/15 5:00:00,2021/11/22 4:59:59,1000858,150,宝石,【英里冠军赛】完成所有的限定任务
1,59,2021/11/22 5:00:00,2021/11/29 4:59:59,1000861,10000,金币,【全国杯】完成1次养成
2,59,2021/11/22 5:00:00,2021/11/29 4:59:59,1000862,10000,金币,【全国杯】完成3次养成
3,59,2021/11/22 5:00:00,2021/11/29 4:59:59,1000863,10000,金币,【全国杯】完成5次养成
4,59,2021/11/22 5:00:00,2021/11/29 4:59:59,1000864,10000,金币,【全国杯】完成10次养成
5,95,2021/11/22 5:00:00,2021/11/29 4:59:59,1000865,1,闹钟,【全国杯】任务期间内于养成中获得粉丝数50万人
6,95,2021/11/22 5:00:00,2021/11/29 4:59:59,1000866,1,闹钟,【全国杯】任务期间内于养成中获得粉丝数150万人
7,110,2021/11/22 5:00:00,2021/11/29 4:59:59,1000867,10000,协助积分,【全国杯】在养成中获得全国杯的胜利
8,43,2021/11/22 5:00:00,2021/11/29 4:59:59,1000868,150,宝石,【全国杯】完成所有的限定任务
1,59,2021/11/29 5:00:00,2021/12/06 4:59:59,1000871,10000,金币,【全国冠军杯】完成1次养成
2,59,2021/11/29 5:00:00,2021/12/06 4:59:59,1000872,10000,金币,【全国冠军杯】完成3次养成
3,59,2021/11/29 5:00:00,2021/12/06 4:59:59,1000873,10000,金币,【全国冠军杯】完成5次养成
4,59,2021/11/29 5:00:00,2021/12/06 4:59:59,1000874,10000,金币,【全国冠军杯】完成10次养成
5,95,2021/11/29 5:00:00,2021/12/06 4:59:59,1000875,1,闹钟,【全国冠军杯】在养成中获得都城锦标赛的胜利
6,95,2021/11/29 5:00:00,2021/12/06 4:59:59,1000876,1,闹钟,【全国冠军杯】在养成中获得武藏野锦标赛的胜利
7,110,2021/11/29 5:00:00,2021/12/06 4:59:59,1000877,10000,协助积分,【全国冠军杯】在养成中获得全国冠军杯的胜利
8,43,2021/11/29 5:00:00,2021/12/06 4:59:59,1000878,150,宝石,【全国冠军杯】完成所有的限定任务
1,59,2021/12/06 5:00:00,2021/12/13 4:59:59,1000881,10000,金币,【阪神初级少女杯】完成1次养成
2,59,2021/12/06 5:00:00,2021/12/13 4:59:59,1000882,10000,金币,【阪神初级少女杯】完成3次养成
3,59,2021/12/06 5:00:00,2021/12/13 4:59:59,1000883,10000,金币,【阪神初级少女杯】完成5次养成
4,59,2021/12/06 5:00:00,2021/12/13 4:59:59,1000884,10000,金币,【阪神初级少女杯】完成10次养成
5,95,2021/12/06 5:00:00,2021/12/13 4:59:59,1000885,1,闹钟,【阪神初级少女杯】任务期间内于养成中获得粉丝数50万人
6,95,2021/12/06 5:00:00,2021/12/13 4:59:59,1000886,1,闹钟,【阪神初级少女杯】任务期间内于养成中获得粉丝数150万人
7,110,2021/12/06 5:00:00,2021/12/13 4:59:59,1000887,10000,协助积分,【阪神初级少女杯】在养成中获得阪神初级少女杯的胜利
8,43,2021/12/06 5:00:00,2021/12/13 4:59:59,1000888,150,宝石,【阪神初级少女杯】完成所有的限定任务
1,59,2021/12/13 5:00:00,2021/12/20 4:59:59,1000891,10000,金币,【朝日杯未来锦标赛】完成1次养成
2,59,2021/12/13 5:00:00,2021/12/20 4:59:59,1000892,10000,金币,【朝日杯未来锦标赛】完成3次养成
3,59,2021/12/13 5:00:00,2021/12/20 4:59:59,1000893,10000,金币,【朝日杯未来锦标赛】完成5次养成
4,59,2021/12/13 5:00:00,2021/12/20 4:59:59,1000894,10000,金币,【朝日杯未来锦标赛】完成10次养成
5,95,2021/12/13 5:00:00,2021/12/20 4:59:59,1000895,1,闹钟,【朝日杯未来锦标赛】任务期间内于养成中获得粉丝数50万人
6,95,2021/12/13 5:00:00,2021/12/20 4:59:59,1000896,1,闹钟,【朝日杯未来锦标赛】任务期间内于养成中获得粉丝数150万人
7,110,2021/12/13 5:00:00,2021/12/20 4:59:59,1000897,10000,协助积分,【朝日杯未来锦标赛】在养成中获得朝日杯未来锦标赛的胜利
8,43,2021/12/13 5:00:00,2021/12/20 4:59:59,1000898,150,宝石,【朝日杯未来锦标赛】完成所有的限定任务
1,59,2021/12/20 5:00:00,2021/12/27 4:59:59,1000901,10000,金币,【中山大奖赛】完成1次养成
2,59,2021/12/20 5:00:00,2021/12/27 4:59:59,1000902,10000,金币,【中山大奖赛】完成3次养成
3,59,2021/12/20 5:00:00,2021/12/27 4:59:59,1000903,10000,金币,【中山大奖赛】完成5次养成
4,59,2021/12/20 5:00:00,2021/12/27 4:59:59,1000904,10000,金币,【中山大奖赛】完成10次养成
5,95,2021/12/20 5:00:00,2021/12/27 4:59:59,1000905,1,闹钟,【中山大奖赛】任务期间内于养成中获得粉丝数50万人
6,95,2021/12/20 5:00:00,2021/12/27 4:59:59,1000906,1,闹钟,【中山大奖赛】任务期间内于养成中获得粉丝数150万人
7,110,2021/12/20 5:00:00,2021/12/27 4:59:59,1000907,10000,协助积分,【中山大奖赛】在养成中获得中山大奖赛的胜利
8,43,2021/12/20 5:00:00,2021/12/27 4:59:59,1000908,150,宝石,【中山大奖赛】完成所有的限定任务
1,59,2021/12/27 5:00:00,2021/12/29 4:59:59,1000911,10000,金币,【希望锦标赛】完成1次养成
2,59,2021/12/27 5:00:00,2021/12/29 4:59:59,1000912,10000,金币,【希望锦标赛】完成2次养成
3,59,2021/12/27 5:00:00,2021/12/29 4:59:59,1000913,10000,金币,【希望锦标赛】完成3次养成
4,59,2021/12/27 5:00:00,2021/12/29 4:59:59,1000914,10000,金币,【希望锦标赛】完成5次养成
5,95,2021/12/27 5:00:00,2021/12/29 4:59:59,1000915,1,闹钟,【希望锦标赛】任务期间内于养成中获得粉丝数50万人
6,95,2021/12/27 5:00:00,2021/12/29 4:59:59,1000916,1,闹钟,【希望锦标赛】任务期间内于养成中获得粉丝数150万人
7,110,2021/12/27 5:00:00,2021/12/29 4:59:59,1000917,10000,协助积分,【希望锦标赛】在养成中获得希望锦标赛的胜利
8,43,2021/12/27 5:00:00,2021/12/29 4:59:59,1000918,150,宝石,【希望锦标赛】完成所有的限定任务
1,59,2022/02/14 12:00:00,2022/02/21 4:59:59,1000921,10000,金币,【二月锦标赛】完成1次养成
2,59,2022/02/14 12:00:00,2022/02/21 4:59:59,1000922,10000,金币,【二月锦标赛】完成3次养成
3,59,2022/02/14 12:00:00,2022/02/21 4:59:59,1000923,10000,金币,【二月锦标赛】完成5次养成
4,59,2022/02/14 12:00:00,2022/02/21 4:59:59,1000924,10000,金币,【二月锦标赛】完成10次养成
5,116,2022/02/14 12:00:00,2022/02/21 4:59:59,1000925,1,干劲满溢甜点,【二月锦标赛】在养成中获得东海锦标赛的胜利
6,116,2022/02/14 12:00:00,2022/02/21 4:59:59,1000926,1,干劲满溢甜点,【二月锦标赛】在养成中获得根岸锦标赛的胜利
7,110,2022/02/14 12:00:00,2022/02/21 4:59:59,1000927,10000,协助积分,【二月锦标赛】在养成中获得二月锦标赛的胜利
8,43,2022/02/14 12:00:00,2022/02/21 4:59:59,1000928,150,宝石,【二月锦标赛】完成所有的限定任务
1,43,2021/10/20 12:00:00,2050/05/15 4:59:59,1001001,300,宝石,【全部完成奖励】完成所有的任务
2,69,2021/10/20 12:00:00,2050/05/15 4:59:59,1001002,50,二月锦标赛优胜锦旗,在养成中获得二月锦标赛的胜利
3,70,2021/10/20 12:00:00,2050/05/15 4:59:59,1001003,50,中京短途赛优胜锦旗,在养成中获得中京短途赛的胜利
4,71,2021/10/20 12:00:00,2050/05/15 4:59:59,1001004,50,大阪杯优胜锦旗,在养成中获得大阪杯的胜利
5,72,2021/10/20 12:00:00,2050/05/15 4:59:59,1001005,50,樱花奖优胜锦旗,在养成中获得樱花奖的胜利
6,73,2021/10/20 12:00:00,2050/05/15 4:59:59,1001006,50,皋月奖优胜锦旗,在养成中获得皋月奖的胜利
7,74,2021/10/20 12:00:00,2050/05/15 4:59:59,1001007,50,天王奖（春）优胜锦旗,在养成中获得天王奖（春）的胜利
8,75,2021/10/20 12:00:00,2050/05/15 4:59:59,1001008,50,广播协会英里杯优胜锦旗,在养成中获得广播协会英里杯的胜利
9,76,2021/10/20 12:00:00,2050/05/15 4:59:59,1001009,50,维多利亚英里赛优胜锦旗,在养成中获得维多利亚英里赛的胜利
10,77,2021/10/20 12:00:00,2050/05/15 4:59:59,1001010,50,奥克斯优胜锦旗,在养成中获得奥克斯的胜利
11,78,2021/10/20 12:00:00,2050/05/15 4:59:59,1001011,50,全国德比优胜锦旗,在养成中获得全国德比的胜利
12,79,2021/10/20 12:00:00,2050/05/15 4:59:59,1001012,50,东京英里赛优胜锦旗,在养成中获得东京英里赛的胜利
13,80,2021/10/20 12:00:00,2050/05/15 4:59:59,1001013,50,宝冢纪念优胜锦旗,在养成中获得宝冢纪念的胜利
14,81,2021/10/20 12:00:00,2050/05/15 4:59:59,1001014,50,短途者锦标赛优胜锦旗,在养成中获得短途者锦标赛的胜利
15,82,2021/10/20 12:00:00,2050/05/15 4:59:59,1001015,50,秋华奖优胜锦旗,在养成中获得秋华奖的胜利
16,83,2021/10/20 12:00:00,2050/05/15 4:59:59,1001016,50,菊花奖优胜锦旗,在养成中获得菊花奖的胜利
17,84,2021/10/20 12:00:00,2050/05/15 4:59:59,1001017,50,天王奖（秋）优胜锦旗,在养成中获得天王奖（秋）的胜利
18,85,2021/10/20 12:00:00,2050/05/15 4:59:59,1001018,50,英里冠军赛优胜锦旗,在养成中获得英里冠军赛的胜利
19,86,2021/10/20 12:00:00,2050/05/15 4:59:59,1001019,50,伊丽莎白女王杯优胜锦旗,在养成中获得伊丽莎白女王杯的胜利
20,87,2021/10/20 12:00:00,2050/05/15 4:59:59,1001020,50,全国杯优胜锦旗,在养成中获得全国杯的胜利
21,88,2021/10/20 12:00:00,2050/05/15 4:59:59,1001021,50,全国冠军杯优胜锦旗,在养成中获得全国冠军杯的胜利
22,89,2021/10/20 12:00:00,2050/05/15 4:59:59,1001022,50,阪神初级少女杯赛优胜锦旗,在养成中获得阪神初级少女杯赛的胜利
23,90,2021/10/20 12:00:00,2050/05/15 4:59:59,1001023,50,朝日杯未来锦标赛优胜锦旗,在养成中获得朝日杯未来锦标赛的胜利
24,91,2021/10/20 12:00:00,2050/05/15 4:59:59,1001024,50,中山大奖赛优胜锦旗,在养成中获得中山大奖赛的胜利
25,92,2021/10/20 12:00:00,2050/05/15 4:59:59,1001025,50,希望锦标赛优胜锦旗,在养成中获得希望锦标赛的胜利
26,101,2021/10/20 12:00:00,2050/05/15 4:59:59,1001026,50,全国泥地德比优胜锦旗,在养成中获得全国泥地德比的胜利
27,102,2021/10/20 12:00:00,2050/05/15 4:59:59,1001027,50,全国育成杯短途赛优胜锦旗,在养成中获得全国育成杯短途赛的胜利
28,103,2021/10/20 12:00:00,2050/05/15 4:59:59,1001028,50,全国育成杯经典赛优胜锦旗,在养成中获得全国育成杯经典赛的胜利
29,104,2021/10/20 12:00:00,2050/05/15 4:59:59,1001029,50,全国育成杯女士经典赛优胜锦旗,在养成中获得全国育成杯女士经典赛的胜利
30,105,2021/10/20 12:00:00,2050/05/15 4:59:59,1001030,50,帝王奖优胜锦旗,在养成中获得帝王奖的胜利
31,106,2021/10/20 12:00:00,2050/05/15 4:59:59,1001031,50,东京盛典赛优胜锦旗,在养成中获得东京盛典赛的胜利
1,43,2022/02/14 12:00:00,2022/03/30 4:59:59,1001041,500,宝石,【1周年庆典①】完成纪念任务第1弹的所有任务
2,95,2022/02/14 12:00:00,2022/03/30 4:59:59,1001042,5,闹钟,【1周年庆典①】以至少3人的友情槽达到最大值的状态完成养成
3,59,2022/02/14 12:00:00,2022/03/30 4:59:59,1001043,10000,金币,【1周年庆典①】至少获得7个技能并完成1次养成
4,59,2022/02/14 12:00:00,2022/03/30 4:59:59,1001044,20000,金币,【1周年庆典①】至少获得10个技能并完成1次养成
5,110,2022/02/14 12:00:00,2022/03/30 4:59:59,1001045,20000,协助积分,【1周年庆典①】以至少10胜的战绩完成1次养成
6,110,2022/02/14 12:00:00,2022/03/30 4:59:59,1001046,40000,协助积分,【1周年庆典①】以至少15胜的战绩完成1次养成
7,59,2022/02/14 12:00:00,2022/03/30 4:59:59,1001047,20000,金币,【1周年庆典①】达成养成目标20次
8,59,2022/02/14 12:00:00,2022/03/30 4:59:59,1001048,40000,金币,【1周年庆典①】达成养成目标40次
9,111,2022/02/14 12:00:00,2022/03/30 4:59:59,1001049,1,协助卡招募券,【1周年庆典①】完成5次养成
10,111,2022/02/14 12:00:00,2022/03/30 4:59:59,1001050,1,协助卡招募券,【1周年庆典①】完成10次养成
11,59,2022/02/14 12:00:00,2022/03/30 4:59:59,1001051,15000,金币,【1周年庆典①】以至少为C+的养成等级完成1次养成
12,41,2022/02/14 12:00:00,2022/03/30 4:59:59,1001052,1,养成优俊少女招募券,【1周年庆典①】在URA总决赛完成1次养成
13,41,2022/02/14 12:00:00,2022/03/30 4:59:59,1001053,1,养成优俊少女招募券,【1周年庆典①】在青春杯完成1次养成
14,110,2022/02/14 12:00:00,2022/03/30 4:59:59,1001054,10000,协助积分,【1周年庆典①】参与团队竞技场5次
15,34,2022/02/14 12:00:00,2022/03/30 4:59:59,1001055,5,迷你胡萝卜果冻,【1周年庆典①】参与团队竞技场10次
1,43,2022/02/24 12:00:00,2022/03/30 4:59:59,1001056,500,宝石,【1周年庆典②】完成纪念任务第2弹的所有任务
2,95,2022/02/24 12:00:00,2022/03/30 4:59:59,1001057,5,闹钟,【1周年庆典②】在巅峰杯中\n战胜劲敌20次
3,30088,2022/02/24 12:00:00,2022/03/30 4:59:59,1001058,1,,【1周年庆典②】在巅峰杯中\n战胜劲敌40次
4,30088,2022/02/24 12:00:00,2022/03/30 4:59:59,1001059,1,,【1周年庆典②】在巅峰杯中\n战胜劲敌60次
5,110,2022/02/24 12:00:00,2022/03/30 4:59:59,1001060,20000,协助积分,【1周年庆典②】在巅峰杯中\n获得誉名“身手不凡的短跑者”
6,110,2022/02/24 12:00:00,2022/03/30 4:59:59,1001061,20000,协助积分,【1周年庆典②】在巅峰杯中\n获得誉名“领袖气质优俊少女”
7,110,2022/02/24 12:00:00,2022/03/30 4:59:59,1001062,20000,协助积分,【1周年庆典②】在巅峰杯中\n获得誉名“泥地新星”
8,150,2022/02/24 12:00:00,2022/03/30 4:59:59,1001063,1,金结晶片,【1周年庆典②】获得稀有技能“启明星”并完成1次养成
9,59,2022/02/24 12:00:00,2022/03/30 4:59:59,1001064,20000,金币,【1周年庆典②】在闪耀之星巅峰杯中参与短距离赛事
10,59,2022/02/24 12:00:00,2022/03/30 4:59:59,1001065,20000,金币,【1周年庆典②】在闪耀之星巅峰杯中参与英里赛事
11,59,2022/02/24 12:00:00,2022/03/30 4:59:59,1001066,20000,金币,【1周年庆典②】在闪耀之星巅峰杯中参与中距离赛事
12,59,2022/02/24 12:00:00,2022/03/30 4:59:59,1001067,20000,金币,【1周年庆典②】在闪耀之星巅峰杯中参与长距离赛事
13,59,2022/02/24 12:00:00,2022/03/30 4:59:59,1001068,20000,金币,【1周年庆典②】在闪耀之星巅峰杯中参与泥地赛事
14,30088,2022/02/24 12:00:00,2022/03/30 4:59:59,1001069,1,,【1周年庆典②】在闪耀之星巅峰杯中取得3次优胜
15,149,2022/02/24 12:00:00,2022/03/30 4:59:59,1001070,1,彩虹结晶片,【1周年庆典②】在闪耀之星巅峰杯中取得5次优胜
1,165,2022/03/07 12:00:00,2022/03/30 4:59:59,1001071,1,1周年庆典 超稀有兑换券,【1周年庆典③】完成纪念任务第3弹的所有任务
2,150,2022/03/07 12:00:00,2022/03/30 4:59:59,1001072,1,金结晶片,【1周年庆典③】在养成中获得30次一级赛事的胜利
3,43,2022/03/07 12:00:00,2022/03/30 4:59:59,1001073,300,宝石,【1周年庆典③】在养成中获得50次一级赛事的胜利
4,110,2022/03/07 12:00:00,2022/03/30 4:59:59,1001074,30000,协助积分,【1周年庆典③】任务期间内于养成中获得粉丝数100万人
5,111,2022/03/07 12:00:00,2022/03/30 4:59:59,1001075,1,协助卡招募券,【1周年庆典③】任务期间内于养成中获得粉丝数150万人
6,59,2022/03/07 12:00:00,2022/03/30 4:59:59,1001076,20000,金币,【1周年庆典③】任务期间内于养成中累计获得5万点或以上的评分
7,41,2022/03/07 12:00:00,2022/03/30 4:59:59,1001077,1,养成优俊少女招募券,【1周年庆典③】任务期间内于养成中累计获得10万点或以上的评分
8,43,2022/03/07 12:00:00,2022/03/30 4:59:59,1001078,150,宝石,【1周年庆典③】以至少为B+的养成等级完成1次养成
9,110,2022/03/07 12:00:00,2022/03/30 4:59:59,1001079,20000,协助积分,【1周年庆典③】在1次养成中获得10次重赏胜利
10,110,2022/03/07 12:00:00,2022/03/30 4:59:59,1001080,20000,协助积分,【1周年庆典③】在1次养成中获得15次重赏胜利
11,59,2022/03/07 12:00:00,2022/03/30 4:59:59,1001081,20000,金币,【1周年庆典③】在团队竞技场获得5次短距离代表胜利
12,59,2022/03/07 12:00:00,2022/03/30 4:59:59,1001082,20000,金币,【1周年庆典③】在团队竞技场获得5次英里代表胜利
13,59,2022/03/07 12:00:00,2022/03/30 4:59:59,1001083,20000,金币,【1周年庆典③】在团队竞技场获得5次中距离代表胜利
14,59,2022/03/07 12:00:00,2022/03/30 4:59:59,1001084,20000,金币,【1周年庆典③】在团队竞技场获得5次长距离代表胜利
15,59,2022/03/07 12:00:00,2022/03/30 4:59:59,1001085,20000,金币,【1周年庆典③】在团队竞技场获得5次泥地代表胜利
1,153,2022/03/18 12:00:00,2050/12/31 4:59:59,1001086,1,超稀有新人出道招募第2期,【全部完成奖励】完成所有的限定任务
2,95,2022/03/18 12:00:00,2050/12/31 4:59:59,1001087,5,闹钟,以和2位继承优俊少女的契合度达成◎开始养成
3,59,2022/03/18 12:00:00,2050/12/31 4:59:59,1001088,20000,金币,以继承基础能力3★因子开始养成
4,32,2022/03/18 12:00:00,2050/12/31 4:59:59,1001089,2,能量饮料30,以继承适应性3★因子开始养成
5,59,2022/03/18 12:00:00,2050/12/31 4:59:59,1001090,20000,金币,在养成中将任意2项训练提升至等级5级或以上
6,95,2022/03/18 12:00:00,2050/12/31 4:59:59,1001091,5,闹钟,以至少4人的友情槽达到最大值的状态完成养成
7,59,2022/03/18 12:00:00,2050/12/31 4:59:59,1001092,20000,金币,以至少5人的友情槽达到最大值的状态完成养成
8,32,2022/03/18 12:00:00,2050/12/31 4:59:59,1001093,2,能量饮料30,在养成中以至少5身位的差距取得1次一级赛事的胜利
9,59,2022/03/18 12:00:00,2050/12/31 4:59:59,1001094,20000,金币,在养成中以至少6身位的差距取得1次一级赛事的胜利
10,41,2022/03/18 12:00:00,2050/12/31 4:59:59,1001095,1,养成优俊少女招募券,在养成中以至少7身位的差距取得1次一级赛事的胜利
11,116,2022/03/18 12:00:00,2050/12/31 4:59:59,1001096,5,干劲满溢甜点,至少获得3个技能并完成1次养成
12,95,2022/03/18 12:00:00,2050/12/31 4:59:59,1001097,5,闹钟,至少获得4个技能并完成1次养成
13,59,2022/03/18 12:00:00,2050/12/31 4:59:59,1001098,20000,金币,至少获得5个技能并完成1次养成
14,32,2022/03/18 12:00:00,2050/12/31 4:59:59,1001099,2,能量饮料30,在养成中参与至少12次比赛并以不败战绩完成养成
15,111,2022/03/18 12:00:00,2050/12/31 4:59:59,1001100,1,协助卡招募券,在养成中参与至少14次比赛并以不败战绩完成养成
16,32,2022/03/18 12:00:00,2050/12/31 4:59:59,1001101,2,能量饮料30,在1次养成中获得12连胜及以上的重赏胜利
17,59,2022/03/18 12:00:00,2050/12/31 4:59:59,1001102,20000,金币,以任意3项或以上基础能力至少为A的状态完成1次养成
18,41,2022/03/18 12:00:00,2050/12/31 4:59:59,1001103,1,养成优俊少女招募券,以任意2项或以上基础能力至少为S的状态完成1次养成
19,59,2022/03/18 12:00:00,2050/12/31 4:59:59,1001104,20000,金币,粉丝数至少获得20万人并完成1次养成
20,111,2022/03/18 12:00:00,2050/12/31 4:59:59,1001105,1,协助卡招募券,粉丝数至少获得40万人并完成1次养成
21,59,2022/03/18 12:00:00,2050/12/31 4:59:59,1001106,30000,金币,以短距离适应性至少为A且养成等级至少为A的状态完成1次养成
22,59,2022/03/18 12:00:00,2050/12/31 4:59:59,1001107,30000,金币,以英里适应性至少为A且养成等级至少为A的状态完成1次养成
23,59,2022/03/18 12:00:00,2050/12/31 4:59:59,1001108,30000,金币,以中距离适应性至少为A且养成等级至少为A的状态完成1次养成
24,59,2022/03/18 12:00:00,2050/12/31 4:59:59,1001109,30000,金币,以长距离适应性至少为A且养成等级至少为A的状态完成1次养成
25,59,2022/03/18 12:00:00,2050/12/31 4:59:59,1001110,30000,金币,以泥地适应性至少为A且养成等级至少为A的状态完成1次养成
26,43,2022/03/18 12:00:00,2050/12/31 4:59:59,1001111,300,宝石,以至少为A+的养成等级完成1次养成
1,59,2022/03/21 5:00:00,2022/03/28 4:59:59,1001121,10000,金币,【中京短途赛】完成1次养成
2,59,2022/03/21 5:00:00,2022/03/28 4:59:59,1001122,10000,金币,【中京短途赛】完成3次养成
3,59,2022/03/21 5:00:00,2022/03/28 4:59:59,1001123,10000,金币,【中京短途赛】完成5次养成
4,59,2022/03/21 5:00:00,2022/03/28 4:59:59,1001124,10000,金币,【中京短途赛】完成10次养成
5,116,2022/03/21 5:00:00,2022/03/28 4:59:59,1001125,1,干劲满溢甜点,【中京短途赛】在养成中获得阪急杯的胜利
6,116,2022/03/21 5:00:00,2022/03/28 4:59:59,1001126,1,干劲满溢甜点,【中京短途赛】在养成中获得海洋锦标赛的胜利
7,110,2022/03/21 5:00:00,2022/03/28 4:59:59,1001127,10000,协助积分,【中京短途赛】在养成中获得中京短途赛的胜利
8,43,2022/03/21 5:00:00,2022/03/28 4:59:59,1001128,150,宝石,【中京短途赛】完成所有的限定任务
1,59,2022/03/28 5:00:00,2022/04/04 4:59:59,1001131,10000,金币,【大阪杯】完成1次养成
2,59,2022/03/28 5:00:00,2022/04/04 4:59:59,1001132,10000,金币,【大阪杯】完成3次养成
3,59,2022/03/28 5:00:00,2022/04/04 4:59:59,1001133,10000,金币,【大阪杯】完成5次养成
4,59,2022/03/28 5:00:00,2022/04/04 4:59:59,1001134,10000,金币,【大阪杯】完成10次养成
5,116,2022/03/28 5:00:00,2022/04/04 4:59:59,1001135,1,干劲满溢甜点,【大阪杯】在养成中获得中山纪念的胜利
6,116,2022/03/28 5:00:00,2022/04/04 4:59:59,1001136,1,干劲满溢甜点,【大阪杯】在养成中获得金鯱奖的胜利
7,110,2022/03/28 5:00:00,2022/04/04 4:59:59,1001137,10000,协助积分,【大阪杯】在养成中获得大阪杯的胜利
8,43,2022/03/28 5:00:00,2022/04/04 4:59:59,1001138,150,宝石,【大阪杯】完成所有的限定任务
1,59,2022/04/04 5:00:00,2022/04/11 4:59:59,1001141,10000,金币,【樱花奖】完成1次养成
2,59,2022/04/04 5:00:00,2022/04/11 4:59:59,1001142,10000,金币,【樱花奖】完成3次养成
3,59,2022/04/04 5:00:00,2022/04/11 4:59:59,1001143,10000,金币,【樱花奖】完成5次养成
4,59,2022/04/04 5:00:00,2022/04/11 4:59:59,1001144,10000,金币,【樱花奖】完成10次养成
5,116,2022/04/04 5:00:00,2022/04/11 4:59:59,1001145,1,干劲满溢甜点,【樱花奖】在养成中进入郁金香奖前3
6,116,2022/04/04 5:00:00,2022/04/11 4:59:59,1001146,1,干劲满溢甜点,【樱花奖】在养成中进入少女竞技赛前3
7,110,2022/04/04 5:00:00,2022/04/11 4:59:59,1001147,10000,协助积分,【樱花奖】在养成中获得樱花奖的胜利
8,43,2022/04/04 5:00:00,2022/04/11 4:59:59,1001148,150,宝石,【樱花奖】完成所有的限定任务
1,59,2022/04/11 5:00:00,2022/04/18 4:59:59,1001151,10000,金币,【皋月奖】完成1次养成
2,59,2022/04/11 5:00:00,2022/04/18 4:59:59,1001152,10000,金币,【皋月奖】完成3次养成
3,59,2022/04/11 5:00:00,2022/04/18 4:59:59,1001153,10000,金币,【皋月奖】完成5次养成
4,59,2022/04/11 5:00:00,2022/04/18 4:59:59,1001154,10000,金币,【皋月奖】完成10次养成
5,116,2022/04/11 5:00:00,2022/04/18 4:59:59,1001155,1,干劲满溢甜点,【皋月奖】在养成中进入弥生奖前3
6,116,2022/04/11 5:00:00,2022/04/18 4:59:59,1001156,1,干劲满溢甜点,【皋月奖】在养成中进入春季锦标赛前3
7,110,2022/04/11 5:00:00,2022/04/18 4:59:59,1001157,10000,协助积分,【皋月奖】在养成中获得皋月奖的胜利
8,43,2022/04/11 5:00:00,2022/04/18 4:59:59,1001158,150,宝石,【皋月奖】完成所有的限定任务
1,59,2022/04/25 12:00:00,2022/05/02 4:59:59,1001161,10000,金币,【天王奖（春）】完成1次养成
2,59,2022/04/25 12:00:00,2022/05/02 4:59:59,1001162,10000,金币,【天王奖（春）】完成3次养成
3,59,2022/04/25 12:00:00,2022/05/02 4:59:59,1001163,10000,金币,【天王奖（春）】完成5次养成
4,59,2022/04/25 12:00:00,2022/05/02 4:59:59,1001164,10000,金币,【天王奖（春）】完成10次养成
5,116,2022/04/25 12:00:00,2022/05/02 4:59:59,1001165,1,干劲满溢甜点,【天王奖（春）】在养成中获得阪神盛典赛的胜利
6,116,2022/04/25 12:00:00,2022/05/02 4:59:59,1001166,1,干劲满溢甜点,【天王奖（春）】在养成中获得日经奖的胜利
7,110,2022/04/25 12:00:00,2022/05/02 4:59:59,1001167,10000,协助积分,【天王奖（春）】在养成中获得天王奖（春）的胜利
8,43,2022/04/25 12:00:00,2022/05/02 4:59:59,1001168,150,宝石,【天王奖（春）】完成所有的限定任务
1,59,2022/05/02 5:00:00,2022/05/09 4:59:59,1001171,10000,金币,【广播协会英里杯】完成1次养成
2,59,2022/05/02 5:00:00,2022/05/09 4:59:59,1001172,10000,金币,【广播协会英里杯】完成3次养成
3,59,2022/05/02 5:00:00,2022/05/09 4:59:59,1001173,10000,金币,【广播协会英里杯】完成5次养成
4,59,2022/05/02 5:00:00,2022/05/09 4:59:59,1001174,10000,金币,【广播协会英里杯】完成10次养成
5,116,2022/05/02 5:00:00,2022/05/09 4:59:59,1001175,1,干劲满溢甜点,【广播协会英里杯】在养成中进入阿灵顿杯前3
6,116,2022/05/02 5:00:00,2022/05/09 4:59:59,1001176,1,干劲满溢甜点,【广播协会英里杯】在养成中进入无翼鸟杯前3
7,110,2022/05/02 5:00:00,2022/05/09 4:59:59,1001177,10000,协助积分,【广播协会英里杯】在养成中获得广播协会英里杯的胜利
8,43,2022/05/02 5:00:00,2022/05/09 4:59:59,1001178,150,宝石,【广播协会英里杯】完成所有的限定任务
1,59,2022/05/09 5:00:00,2022/05/16 4:59:59,1001181,10000,金币,【维多利亚英里赛】完成1次养成
2,59,2022/05/09 5:00:00,2022/05/16 4:59:59,1001182,10000,金币,【维多利亚英里赛】完成3次养成
3,59,2022/05/09 5:00:00,2022/05/16 4:59:59,1001183,10000,金币,【维多利亚英里赛】完成5次养成
4,59,2022/05/09 5:00:00,2022/05/16 4:59:59,1001184,10000,金币,【维多利亚英里赛】完成10次养成
5,116,2022/05/09 5:00:00,2022/05/16 4:59:59,1001185,1,干劲满溢甜点,【维多利亚英里赛】在养成中进入阪神优俊少女锦标赛前2
6,116,2022/05/09 5:00:00,2022/05/16 4:59:59,1001186,1,干劲满溢甜点,【维多利亚英里赛】在养成中进入松浪优俊少女锦标赛前2
7,110,2022/05/09 5:00:00,2022/05/16 4:59:59,1001187,10000,协助积分,【维多利亚英里赛】在养成中取得维多利亚英里赛的胜利
8,43,2022/05/09 5:00:00,2022/05/16 4:59:59,1001188,150,宝石,【维多利亚英里赛】完成所有的限定任务
1,59,2022/05/16 5:00:00,2022/05/23 4:59:59,1001191,10000,金币,【奥克斯】完成1次养成
2,59,2022/05/16 5:00:00,2022/05/23 4:59:59,1001192,10000,金币,【奥克斯】完成3次养成
3,59,2022/05/16 5:00:00,2022/05/23 4:59:59,1001193,10000,金币,【奥克斯】完成5次养成
4,59,2022/05/16 5:00:00,2022/05/23 4:59:59,1001194,10000,金币,【奥克斯】完成10次养成
5,116,2022/05/16 5:00:00,2022/05/23 4:59:59,1001195,1,干劲满溢甜点,【奥克斯】在养成中进入芙洛拉锦标赛前2
6,116,2022/05/16 5:00:00,2022/05/23 4:59:59,1001196,1,干劲满溢甜点,【奥克斯】在养成中进入樱花奖前5
7,110,2022/05/16 5:00:00,2022/05/23 4:59:59,1001197,10000,协助积分,【奥克斯】在养成中取得奥克斯的胜利
8,43,2022/05/16 5:00:00,2022/05/23 4:59:59,1001198,150,宝石,【奥克斯】完成所有的限定任务
1,59,2022/05/23 5:00:00,2022/05/30 4:59:59,1001201,10000,金币,【全国德比】完成1次养成
2,59,2022/05/23 5:00:00,2022/05/30 4:59:59,1001202,10000,金币,【全国德比】完成3次养成
3,59,2022/05/23 5:00:00,2022/05/30 4:59:59,1001203,10000,金币,【全国德比】完成5次养成
4,59,2022/05/23 5:00:00,2022/05/30 4:59:59,1001204,10000,金币,【全国德比】完成10次养成
5,116,2022/05/23 5:00:00,2022/05/30 4:59:59,1001205,1,干劲满溢甜点,【全国德比】在养成中进入青叶奖前2
6,116,2022/05/23 5:00:00,2022/05/30 4:59:59,1001206,1,干劲满溢甜点,【全国德比】在养成中进入皋月奖前5
7,110,2022/05/23 5:00:00,2022/05/30 4:59:59,1001207,10000,协助积分,【全国德比】在养成中取得全国德比的胜利
8,43,2022/05/23 5:00:00,2022/05/30 4:59:59,1001208,150,宝石,【全国德比】完成所有的限定任务
1,59,2022/05/30 5:00:00,2022/06/06 4:59:59,1001211,10000,金币,【东京英里赛】完成1次养成
2,59,2022/05/30 5:00:00,2022/06/06 4:59:59,1001212,10000,金币,【东京英里赛】完成3次养成
3,59,2022/05/30 5:00:00,2022/06/06 4:59:59,1001213,10000,金币,【东京英里赛】完成5次养成
4,59,2022/05/30 5:00:00,2022/06/06 4:59:59,1001214,10000,金币,【东京英里赛】完成10次养成
5,116,2022/05/30 5:00:00,2022/06/06 4:59:59,1001215,1,干劲满溢甜点,【东京英里赛】在养成中取得英里杯的胜利
6,116,2022/05/30 5:00:00,2022/06/06 4:59:59,1001216,1,干劲满溢甜点,【东京英里赛】在养成中取得京王杯春季杯的胜利
7,110,2022/05/30 5:00:00,2022/06/06 4:59:59,1001217,10000,协助积分,【东京英里赛】在养成中取得东京英里赛的胜利
8,43,2022/05/30 5:00:00,2022/06/06 4:59:59,1001218,150,宝石,【东京英里赛】完成所有的限定任务
1,59,2022/06/20 5:00:00,2022/06/27 4:59:59,1001221,10000,金币,【宝冢纪念】完成1次养成
2,59,2022/06/20 5:00:00,2022/06/27 4:59:59,1001222,10000,金币,【宝冢纪念】完成3次养成
3,59,2022/06/20 5:00:00,2022/06/27 4:59:59,1001223,10000,金币,【宝冢纪念】完成5次养成
4,59,2022/06/20 5:00:00,2022/06/27 4:59:59,1001224,10000,金币,【宝冢纪念】完成10次养成
5,116,2022/06/20 5:00:00,2022/06/27 4:59:59,1001225,1,干劲满溢甜点,【宝冢纪念】任务期间内于养成中获得粉丝数50万人
6,116,2022/06/20 5:00:00,2022/06/27 4:59:59,1001226,1,干劲满溢甜点,【宝冢纪念】任务期间内于养成中获得粉丝数100万人
7,110,2022/06/20 5:00:00,2022/06/27 4:59:59,1001227,10000,协助积分,【宝冢纪念】在养成中获得宝冢纪念的胜利
8,43,2022/06/20 5:00:00,2022/06/27 4:59:59,1001228,150,宝石,【宝冢纪念】完成所有的限定任务
1,59,2022/06/23 12:00:00,2022/06/30 4:59:59,1001231,10000,金币,【帝王奖】完成1次养成
2,59,2022/06/23 12:00:00,2022/06/30 4:59:59,1001232,10000,金币,【帝王奖】完成3次养成
3,59,2022/06/23 12:00:00,2022/06/30 4:59:59,1001233,10000,金币,【帝王奖】完成5次养成
4,59,2022/06/23 12:00:00,2022/06/30 4:59:59,1001234,10000,金币,【帝王奖】完成10次养成
5,95,2022/06/23 12:00:00,2022/06/30 4:59:59,1001235,1,闹钟,【帝王奖】在养成中获得心宿二锦标赛的胜利
6,95,2022/06/23 12:00:00,2022/06/30 4:59:59,1001236,1,闹钟,【帝王奖】在养成中获得平安锦标赛的胜利
7,110,2022/06/23 12:00:00,2022/06/30 4:59:59,1001237,10000,协助积分,【帝王奖】在养成中获得帝王奖的胜利
8,43,2022/06/23 12:00:00,2022/06/30 4:59:59,1001238,150,宝石,【帝王奖】完成所有的限定任务
1,59,2022/07/07 5:00:00,2022/07/14 4:59:59,1001241,10000,金币,【全国泥地德比】完成1次养成
2,59,2022/07/07 5:00:00,2022/07/14 4:59:59,1001242,10000,金币,【全国泥地德比】完成3次养成
3,59,2022/07/07 5:00:00,2022/07/14 4:59:59,1001243,10000,金币,【全国泥地德比】完成5次养成
4,59,2022/07/07 5:00:00,2022/07/14 4:59:59,1001244,10000,金币,【全国泥地德比】完成10次养成
5,95,2022/07/07 5:00:00,2022/07/14 4:59:59,1001245,2,闹钟,【全国泥地德比】在养成中获得独角兽锦标赛的胜利
7,110,2022/07/07 5:00:00,2022/07/14 4:59:59,1001246,10000,协助积分,【全国泥地德比】在养成中获得全国泥地德比的胜利
8,43,2022/07/07 5:00:00,2022/07/14 4:59:59,1001247,150,宝石,【全国泥地德比】完成所有的限定任务
1,43,2022/08/16 12:00:00,2022/09/30 4:59:59,1001248,500,宝石,完成纪念任务第1弹的所有任务
2,111,2022/08/16 12:00:00,2022/09/30 4:59:59,1001249,1,协助卡招募券,在达成所有养成目标的状态下完成5次养成
3,111,2022/08/16 12:00:00,2022/09/30 4:59:59,1001250,1,协助卡招募券,在达成所有养成目标的状态下完成10次养成
4,110,2022/08/16 12:00:00,2022/09/30 4:59:59,1001251,20000,协助积分,在养成中获得30次一级赛事的胜利
5,110,2022/08/16 12:00:00,2022/09/30 4:59:59,1001252,40000,协助积分,在养成中获得50次一级赛事的胜利
6,95,2022/08/16 12:00:00,2022/09/30 4:59:59,1001253,10,闹钟,任务期间内于养成中获得粉丝数150万人
7,41,2022/08/16 12:00:00,2022/09/30 4:59:59,1001254,1,养成优俊少女招募券,任务期间内于养成中累计获得5万点或以上的评分
8,41,2022/08/16 12:00:00,2022/09/30 4:59:59,1001255,1,养成优俊少女招募券,任务期间内于养成中累计获得10万点或以上的评分
9,161,2022/08/16 12:00:00,2022/09/30 4:59:59,1001256,1,启发专业书,以至少为A的养成等级完成1次养成
10,59,2022/08/16 12:00:00,2022/09/30 4:59:59,1001257,40000,金币,以任意基础能力至少为1200的状态完成1次养成
11,160,2022/08/16 12:00:00,2022/09/30 4:59:59,1001258,4,启发书,以强化过启发等级的优俊少女完成1次养成
12,59,2022/08/16 12:00:00,2022/09/30 4:59:59,1001259,20000,金币,参与1次日常传奇赛事
13,59,2022/08/16 12:00:00,2022/09/30 4:59:59,1001260,40000,金币,参与3次日常传奇赛事
14,110,2022/08/16 12:00:00,2022/09/30 4:59:59,1001261,10000,协助积分,参与团队竞技场5次
15,34,2022/08/16 12:00:00,2022/09/30 4:59:59,1001262,10,迷你胡萝卜果冻,参与团队竞技场10次
1,43,2022/08/24 12:00:00,2022/09/30 4:59:59,1001263,500,宝石,完成纪念任务第2弹的所有任务
2,150,2022/08/24 12:00:00,2022/09/30 4:59:59,1001264,1,金结晶片,在闪耀舞台篇中\n成功举办5次闪耀舞台
3,149,2022/08/24 12:00:00,2022/09/30 4:59:59,1001265,1,彩虹结晶片,在闪耀舞台篇中\n成功举办10次闪耀舞台
4,59,2022/08/24 12:00:00,2022/09/30 4:59:59,1001266,20000,金币,获得誉名[唱歌能手]并完成1次养成
5,110,2022/08/24 12:00:00,2022/09/30 4:59:59,1001267,20000,协助积分,获得誉名[成功的大功臣]并完成1次养成
6,30121,2022/08/24 12:00:00,2022/09/30 4:59:59,1001268,1,,获得技能[想与你一同取胜]并完成1次养成
7,59,2022/08/24 12:00:00,2022/09/30 4:59:59,1001269,20000,金币,在闪耀舞台篇中累计习得700次演出技巧
8,161,2022/08/24 12:00:00,2022/09/30 4:59:59,1001270,1,启发专业书,在闪耀舞台篇的第一次演出前习得4首歌曲
9,162,2022/08/24 12:00:00,2022/09/30 4:59:59,1001271,1,稀有启发书,进行可累计获得至少45表演值的训练
10,30121,2022/08/24 12:00:00,2022/09/30 4:59:59,1001272,1,,在闪耀舞台篇的演出中累计50次大获成功
11,30121,2022/08/24 12:00:00,2022/09/30 4:59:59,1001273,1,,在闪耀舞台篇中习得歌曲《相信奇迹吧！》
12,110,2022/08/24 12:00:00,2022/09/30 4:59:59,1001274,20000,协助积分,在闪耀舞台篇中习得歌曲《PRESENT MARCH！》
13,110,2022/08/24 12:00:00,2022/09/30 4:59:59,1001275,20000,协助积分,在闪耀舞台篇中习得歌曲《Fanfare for Future！》
14,59,2022/08/24 12:00:00,2022/09/30 4:59:59,1001276,40000,金币,以任意基础能力至少为1201的状态完成1次养成
15,59,2022/08/24 12:00:00,2022/09/30 4:59:59,1001277,20000,金币,在养成中重新获得因子
1,43,2022/09/02 12:00:00,2050/12/31 4:59:59,1001278,500,宝石,【全部完成奖励】完成所有的限定任务
2,162,2022/09/02 12:00:00,2050/12/31 4:59:59,1001279,1,稀有启发书,在闪耀舞台篇的特别闪耀舞台中累计5次大获成功
3,163,2022/09/02 12:00:00,2050/12/31 4:59:59,1001280,1,稀有启发专业书,在闪耀舞台篇中以习得20首歌曲的状态完成1次养成
4,41,2022/09/02 12:00:00,2050/12/31 4:59:59,1001281,1,养成优俊少女招募券,获得“URA剧本”因子
5,111,2022/09/02 12:00:00,2050/12/31 4:59:59,1001282,1,协助卡招募券,获得“青春杯剧本”因子
6,150,2022/09/02 12:00:00,2050/12/31 4:59:59,1001283,1,金结晶片,获得“巅峰杯剧本”因子
7,178,2022/09/02 12:00:00,2050/12/31 4:59:59,1001284,1,1.5周年庆典 超稀有兑换券,获得“闪耀舞台剧本”因子
8,59,2022/09/02 12:00:00,2050/12/31 4:59:59,1001285,20000,金币,以至少为S的养成等级完成3次养成
9,59,2022/09/02 12:00:00,2050/12/31 4:59:59,1001286,20000,金币,以速度至少为1201的状态完成1次养成
10,59,2022/09/02 12:00:00,2050/12/31 4:59:59,1001287,20000,金币,以耐力至少为1201的状态完成1次养成
11,59,2022/09/02 12:00:00,2050/12/31 4:59:59,1001288,20000,金币,以力量至少为1201的状态完成1次养成
12,59,2022/09/02 12:00:00,2050/12/31 4:59:59,1001289,20000,金币,以毅力至少为1201的状态完成1次养成
13,59,2022/09/02 12:00:00,2050/12/31 4:59:59,1001290,20000,金币,以智力至少为1201的状态完成1次养成
14,59,2022/09/02 12:00:00,2050/12/31 4:59:59,1001291,20000,金币,以任意2项或以上基础能力至少为1201的状态完成1次养成
15,59,2022/09/02 12:00:00,2050/12/31 4:59:59,1001292,20000,金币,以基础能力累计达到至少4800的状态完成1次养成
1,59,2022/09/26 12:00:00,2022/10/03 4:59:59,1001301,20000,金币,【短途者锦标赛】在达成所有养成目标的状态下完成1次养成
2,59,2022/09/26 12:00:00,2022/10/03 4:59:59,1001302,20000,金币,【短途者锦标赛】在达成所有养成目标的状态下完成2次养成
3,95,2022/09/26 12:00:00,2022/10/03 4:59:59,1001303,1,闹钟,【短途者锦标赛】在养成中获得科尼杯的胜利
4,95,2022/09/26 12:00:00,2022/10/03 4:59:59,1001304,1,闹钟,【短途者锦标赛】在养成中获得人马锦标赛的胜利
5,110,2022/09/26 12:00:00,2022/10/03 4:59:59,1001305,10000,协助积分,【短途者锦标赛】在养成中获得短途者锦标赛的胜利
6,43,2022/09/26 12:00:00,2022/10/03 4:59:59,1001306,150,宝石,【短途者锦标赛】完成所有的限定任务
1,59,2022/10/04 5:00:00,2022/10/11 4:59:59,1001311,20000,金币,【英里冠军南部杯】在达成所有养成目标的状态下完成1次养成
2,59,2022/10/04 5:00:00,2022/10/11 4:59:59,1001312,20000,金币,【英里冠军南部杯】在达成所有养成目标的状态下完成2次养成
3,95,2022/10/04 5:00:00,2022/10/11 4:59:59,1001313,2,闹钟,【英里冠军南部杯】在养成中获得星团杯的胜利
4,110,2022/10/04 5:00:00,2022/10/11 4:59:59,1001314,10000,协助积分,【英里冠军南部杯】在养成中获得英里冠军南部杯的胜利
5,43,2022/10/04 5:00:00,2022/10/11 4:59:59,1001315,150,宝石,【英里冠军南部杯】完成所有的限定任务
1,59,2022/10/10 5:00:00,2022/10/17 4:59:59,1001321,20000,金币,【秋华奖】在达成所有养成目标的状态下完成1次养成
2,59,2022/10/10 5:00:00,2022/10/17 4:59:59,1001322,20000,金币,【秋华奖】在达成所有养成目标的状态下完成2次养成
3,95,2022/10/10 5:00:00,2022/10/17 4:59:59,1001323,1,闹钟,【秋华奖】在养成中进入紫苑锦标赛前3
4,95,2022/10/10 5:00:00,2022/10/17 4:59:59,1001324,1,闹钟,【秋华奖】在养成中进入玫瑰锦标赛前3
5,110,2022/10/10 5:00:00,2022/10/17 4:59:59,1001325,10000,协助积分,【秋华奖】在养成中获得秋华奖的胜利
6,43,2022/10/10 5:00:00,2022/10/17 4:59:59,1001326,150,宝石,【秋华奖】完成所有的限定任务
1,59,2022/10/17 5:00:00,2022/10/24 4:59:59,1001331,20000,金币,【菊花奖】在达成所有养成目标的状态下完成1次养成
2,59,2022/10/17 5:00:00,2022/10/24 4:59:59,1001332,20000,金币,【菊花奖】在达成所有养成目标的状态下完成2次养成
3,95,2022/10/17 5:00:00,2022/10/24 4:59:59,1001333,1,闹钟,【菊花奖】在养成中进入圣光纪念的前3
4,95,2022/10/17 5:00:00,2022/10/24 4:59:59,1001334,1,闹钟,【菊花奖】在养成中进入神户新闻杯的前3
5,110,2022/10/17 5:00:00,2022/10/24 4:59:59,1001335,10000,协助积分,【菊花奖】在养成中获得菊花奖的胜利
6,43,2022/10/17 5:00:00,2022/10/24 4:59:59,1001336,150,宝石,【菊花奖】完成所有的限定任务
1,59,2022/10/24 12:00:00,2022/10/31 4:59:59,1001341,20000,金币,【天王奖（秋）】在达成所有养成目标的状态下完成1次养成	
2,59,2022/10/24 12:00:00,2022/10/31 4:59:59,1001342,20000,金币,【天王奖（秋）】在达成所有养成目标的状态下完成2次养成
3,95,2022/10/24 12:00:00,2022/10/31 4:59:59,1001343,1,闹钟,【天王奖（秋）】在养成中获得全国邀请赛的胜利
4,95,2022/10/24 12:00:00,2022/10/31 4:59:59,1001344,1,闹钟,【天王奖（秋）】在养成中获得每日王冠的胜利
5,95,2022/10/24 12:00:00,2022/10/31 4:59:59,1001345,1,闹钟,【天王奖（秋）】在养成中获得京都盛典赛的胜利
6,110,2022/10/24 12:00:00,2022/10/31 4:59:59,1001346,10000,协助积分,【天王奖（秋）】在养成中获得天王奖（秋）的胜利
7,43,2022/10/24 12:00:00,2022/10/31 4:59:59,1001347,150,宝石,【天王奖（秋）】完成所有的限定任务
1,59,2022/10/28 5:00:00,2022/11/04 4:59:59,1001351,20000,金币,【全国育成杯】在养成中获得山茶花电视台杯的胜利
2,95,2022/10/28 5:00:00,2022/11/04 4:59:59,1001352,1,闹钟,【全国育成杯】获得英里冠军南部杯的胜利
3,110,2022/10/28 5:00:00,2022/11/04 4:59:59,1001353,10000,协助积分,【全国育成杯】在养成中获得全国育成杯经典赛的胜利
4,59,2022/10/28 5:00:00,2022/11/04 4:59:59,1001354,20000,金币,【全国育成杯】在养成中获得东京杯的胜利
5,110,2022/10/28 5:00:00,2022/11/04 4:59:59,1001355,10000,协助积分,【全国育成杯】在养成中获得全国育成杯短途赛的胜利
6,95,2022/10/28 5:00:00,2022/11/04 4:59:59,1001356,1,闹钟,【全国育成杯】在养成中获得女士前哨赛的胜利
7,110,2022/10/28 5:00:00,2022/11/04 4:59:59,1001357,10000,协助积分,【全国育成杯】在养成中获得全国育成杯女士经典赛的胜利
8,43,2022/10/28 5:00:00,2022/11/04 4:59:59,1001358,150,宝石,【全国育成杯】完成所有的限定任务
1,59,2022/11/07 5:00:00,2022/11/14 4:59:59,1001361,20000,金币,【伊丽莎白女王杯】在达成所有养成目标的状态下完成1次养成
2,59,2022/11/07 5:00:00,2022/11/14 4:59:59,1001362,20000,金币,【伊丽莎白女王杯】在达成所有养成目标的状态下完成2次养成
3,95,2022/11/07 5:00:00,2022/11/14 4:59:59,1001363,2,闹钟,【伊丽莎白女王杯】在养成中获得府中优俊少女锦标赛的胜利
4,110,2022/11/07 5:00:00,2022/11/14 4:59:59,1001364,10000,协助积分,【伊丽莎白女王杯】在养成中获得伊丽莎白女王杯的胜利
5,43,2022/11/07 5:00:00,2022/11/14 4:59:59,1001365,150,宝石,【伊丽莎白女王杯】完成所有的限定任务
1,59,2022/11/14 5:00:00,2022/11/21 4:59:59,1001371,20000,金币,【英里冠军赛】在达成所有养成目标的状态下完成1次养成
2,59,2022/11/14 5:00:00,2022/11/21 4:59:59,1001372,20000,金币,【英里冠军赛】在达成所有养成目标的状态下完成2次养成
3,95,2022/11/14 5:00:00,2022/11/21 4:59:59,1001373,1,闹钟,【英里冠军赛】在养成中获得富士锦标赛的胜利
4,95,2022/11/14 5:00:00,2022/11/21 4:59:59,1001374,1,闹钟,【英里冠军赛】在养成中获得天鹅锦标赛的胜利
5,110,2022/11/14 5:00:00,2022/11/21 4:59:59,1001375,10000,协助积分,【英里冠军赛】在养成中获得英里冠军赛的胜利
6,43,2022/11/14 5:00:00,2022/11/21 4:59:59,1001376,150,宝石,【英里冠军赛】完成所有的限定任务
1,59,2022/11/21 5:00:00,2022/11/28 4:59:59,1001381,20000,金币,【全国杯】在达成所有养成目标的状态下完成1次养成
2,59,2022/11/21 5:00:00,2022/11/28 4:59:59,1001382,20000,金币,【全国杯】在达成所有养成目标的状态下完成2次养成
3,95,2022/11/21 5:00:00,2022/11/28 4:59:59,1001383,2,闹钟,【全国杯】任务期间内于养成中累计获得粉丝数100万人
4,110,2022/11/21 5:00:00,2022/11/28 4:59:59,1001384,10000,协助积分,【全国杯】在养成中获得全国杯的胜利
5,43,2022/11/21 5:00:00,2022/11/28 4:59:59,1001385,150,宝石,【全国杯】完成所有的限定任务
1,59,2022/11/28 5:00:00,2022/12/05 4:59:59,1001391,20000,金币,【全国冠军杯】在达成所有养成目标的状态下完成1次养成
2,59,2022/11/28 5:00:00,2022/12/05 4:59:59,1001392,20000,金币,【全国冠军杯】在达成所有养成目标的状态下完成2次养成
3,95,2022/11/28 5:00:00,2022/12/05 4:59:59,1001393,1,闹钟,【全国冠军杯】在养成中获得都城锦标赛的胜利
4,95,2022/11/28 5:00:00,2022/12/05 4:59:59,1001394,1,闹钟,【全国冠军杯】在养成中获得武藏野锦标赛的胜利
5,110,2022/11/28 5:00:00,2022/12/05 4:59:59,1001395,10000,协助积分,【全国冠军杯】在养成中获得全国冠军杯的胜利
6,43,2022/11/28 5:00:00,2022/12/05 4:59:59,1001396,150,宝石,【全国冠军杯】完成所有的限定任务
1,59,2022/12/05 12:00:00,2022/12/12 4:59:59,1001401,20000,金币,【阪神初级少女杯赛】在达成所有养成目标的状态下完成1次养成
2,59,2022/12/05 12:00:00,2022/12/12 4:59:59,1001402,20000,金币,【阪神初级少女杯赛】在达成所有养成目标的状态下完成2次养成
3,95,2022/12/05 12:00:00,2022/12/12 4:59:59,1001403,1,闹钟,【阪神初级少女杯赛】在养成中获得阿耳忒弥斯锦标赛的胜利
4,95,2022/12/05 12:00:00,2022/12/12 4:59:59,1001404,1,闹钟,【阪神初级少女杯赛】在养成中获得幻想锦标赛的胜利
5,110,2022/12/05 12:00:00,2022/12/12 4:59:59,1001405,10000,协助积分,【阪神初级少女杯赛】在养成中获得阪神初级少女杯赛的胜利
6,43,2022/12/05 12:00:00,2022/12/12 4:59:59,1001406,150,宝石,【阪神初级少女杯赛】完成所有的限定任务
1,59,2022/12/08 5:00:00,2022/12/15 4:59:59,1001411,20000,金币,【全国初级优俊】在达成所有养成目标的状态下完成1次养成
2,59,2022/12/08 5:00:00,2022/12/15 4:59:59,1001412,20000,金币,【全国初级优俊】在达成所有养成目标的状态下完成2次养成
3,95,2022/12/08 5:00:00,2022/12/15 4:59:59,1001413,2,闹钟,【全国初级优俊】在养成中获得10次一级赛事的胜利
4,110,2022/12/08 5:00:00,2022/12/15 4:59:59,1001414,10000,协助积分,【全国初级优俊】在养成中获得全国初级优俊的胜利
5,43,2022/12/08 5:00:00,2022/12/15 4:59:59,1001415,150,宝石,【全国初级优俊】完成所有的限定任务
1,59,2022/12/12 5:00:00,2022/12/19 4:59:59,1001421,20000,金币,【朝日杯未来锦标赛】在达成所有养成目标的状态下完成1次养成
2,59,2022/12/12 5:00:00,2022/12/19 4:59:59,1001422,20000,金币,【朝日杯未来锦标赛】在达成所有养成目标的状态下完成2次养成
3,95,2022/12/12 5:00:00,2022/12/19 4:59:59,1001423,1,闹钟,【朝日杯未来锦标赛】在养成中获得京王杯初级锦标赛的胜利
4,95,2022/12/12 5:00:00,2022/12/19 4:59:59,1001424,1,闹钟,【朝日杯未来锦标赛】在养成中获得每日杯初级锦标赛的胜利
5,110,2022/12/12 5:00:00,2022/12/19 4:59:59,1001425,10000,协助积分,【朝日杯未来锦标赛】在养成中获得朝日杯未来锦标赛的胜利
6,43,2022/12/12 5:00:00,2022/12/19 4:59:59,1001426,150,宝石,【朝日杯未来锦标赛】完成所有的限定任务
1,59,2022/12/19 5:00:00,2022/12/26 4:59:59,1001431,20000,金币,【中山大奖赛】在达成所有养成目标的状态下完成1次养成
2,59,2022/12/19 5:00:00,2022/12/26 4:59:59,1001432,20000,金币,【中山大奖赛】在达成所有养成目标的状态下完成2次养成
3,95,2022/12/19 5:00:00,2022/12/26 4:59:59,1001433,2,闹钟,【中山大奖赛】任务期间内于养成中累计获得粉丝数100万人
4,110,2022/12/19 5:00:00,2022/12/26 4:59:59,1001434,10000,协助积分,【中山大奖赛】在养成中获得中山大奖赛的胜利
5,43,2022/12/19 5:00:00,2022/12/26 4:59:59,1001435,150,宝石,【中山大奖赛】完成所有的限定任务
1,59,2022/12/22 5:00:00,2022/12/29 4:59:59,1001441,20000,金币,【希望锦标赛】在达成所有养成目标的状态下完成1次养成
2,59,2022/12/22 5:00:00,2022/12/29 4:59:59,1001442,20000,金币,【希望锦标赛】在达成所有养成目标的状态下完成2次养成
3,95,2022/12/22 5:00:00,2022/12/29 4:59:59,1001443,1,闹钟,【希望锦标赛】在养成中获得东京体育杯初级锦标赛的胜利
4,95,2022/12/22 5:00:00,2022/12/29 4:59:59,1001444,1,闹钟,【希望锦标赛】在养成中获得京都初级锦标赛的胜利
5,110,2022/12/22 5:00:00,2022/12/29 4:59:59,1001445,10000,协助积分,【希望锦标赛】在养成中获得希望锦标赛的胜利
6,43,2022/12/22 5:00:00,2022/12/29 4:59:59,1001446,150,宝石,【希望锦标赛】完成所有的限定任务
1,59,2022/12/23 5:00:00,2022/12/30 4:59:59,1001451,20000,金币,【东京盛典赛】在达成所有养成目标的状态下完成1次养成
2,59,2022/12/23 5:00:00,2022/12/30 4:59:59,1001452,20000,金币,【东京盛典赛】在达成所有养成目标的状态下完成2次养成
3,95,2022/12/23 5:00:00,2022/12/30 4:59:59,1001453,2,闹钟,【东京盛典赛】在养成中获得10次一级赛事的胜利
4,110,2022/12/23 5:00:00,2022/12/30 4:59:59,1001454,10000,协助积分,【东京盛典赛】在养成中获得东京盛典赛的胜利
5,43,2022/12/23 5:00:00,2022/12/30 4:59:59,1001455,150,宝石,【东京盛典赛】完成所有的限定任务
1,59,2023/01/26 12:00:00,2023/02/02 4:59:59,1001461,20000,金币,【川崎纪念】在达成所有养成目标的状态下完成1次养成
2,59,2023/01/26 12:00:00,2023/02/02 4:59:59,1001462,20000,金币,【川崎纪念】在达成所有养成目标的状态下完成2次养成
3,95,2023/01/26 12:00:00,2023/02/02 4:59:59,1001463,2,闹钟,【川崎纪念】在养成中获得10次一级赛事的胜利
4,110,2023/01/26 12:00:00,2023/02/02 4:59:59,1001464,10000,协助积分,【川崎纪念】在养成中获得川崎纪念的胜利
5,43,2023/01/26 12:00:00,2023/02/02 4:59:59,1001465,150,宝石,【川崎纪念】完成所有的限定任务
1,59,2023/02/13 5:00:00,2023/02/20 4:59:59,1001471,20000,金币,【二月锦标赛】在达成所有养成目标的状态下完成1次养成
2,59,2023/02/13 5:00:00,2023/02/20 4:59:59,1001472,20000,金币,【二月锦标赛】在达成所有养成目标的状态下完成2次养成
3,95,2023/02/13 5:00:00,2023/02/20 4:59:59,1001473,1,闹钟,【二月锦标赛】在养成中获得东海锦标赛的胜利
4,95,2023/02/13 5:00:00,2023/02/20 4:59:59,1001474,1,闹钟,【二月锦标赛】在养成中获得根岸锦标赛的胜利
5,110,2023/02/13 5:00:00,2023/02/20 4:59:59,1001475,10000,协助积分,【二月锦标赛】在养成中获得二月锦标赛的胜利
6,43,2023/02/13 5:00:00,2023/02/20 4:59:59,1001476,150,宝石,【二月锦标赛】完成所有的限定任务
1,43,2023/02/14 12:00:00,2023/03/30 4:59:59,1001491,500,宝石,完成纪念任务第1弹的所有任务
2,59,2023/02/14 12:00:00,2023/03/30 4:59:59,1001492,100000,金币,参与6次日常赛事
3,160,2023/02/14 12:00:00,2023/03/30 4:59:59,1001493,4,启发书,参与18次日常赛事
4,161,2023/02/14 12:00:00,2023/03/30 4:59:59,1001494,2,启发专业书,参与30次日常赛事
5,162,2023/02/14 12:00:00,2023/03/30 4:59:59,1001495,1,稀有启发书,参与42次日常赛事
6,41,2023/02/14 12:00:00,2023/03/30 4:59:59,1001496,1,养成优俊少女招募券,参与60次日常赛事
7,110,2023/02/14 12:00:00,2023/03/30 4:59:59,1001497,50000,协助积分,在团队竞技场累计获得100万或以上得分
8,95,2023/02/14 12:00:00,2023/03/30 4:59:59,1001498,10,闹钟,在团队竞技场累计获得200万或以上得分
9,34,2023/02/14 12:00:00,2023/03/30 4:59:59,1001499,10,迷你胡萝卜果冻,在团队竞技场累计获得400万或以上得分
10,44,2023/02/14 12:00:00,2023/03/30 4:59:59,1001500,5,梦想光辉,在团队竞技场累计获得700万或以上得分
11,111,2023/02/14 12:00:00,2023/03/30 4:59:59,1001501,1,协助卡招募券,在团队竞技场累计获得1000万或以上得分
1,43,2023/02/24 12:00:00,2023/03/30 4:59:59,1001511,500,宝石,完成纪念任务第2弹的所有任务
2,30136,2023/02/24 12:00:00,2023/03/30 4:59:59,1001512,1,,在荣耀女神杯篇完成1次养成
3,30136,2023/02/24 12:00:00,2023/03/30 4:59:59,1001513,1,,在荣耀女神杯篇完成3次养成
4,41,2023/02/24 12:00:00,2023/03/30 4:59:59,1001514,1,养成优俊少女招募券,在荣耀女神杯篇完成5次养成
5,150,2023/02/24 12:00:00,2023/03/30 4:59:59,1001515,1,金结晶片,在荣耀女神杯篇完成7次养成
6,149,2023/02/24 12:00:00,2023/03/30 4:59:59,1001516,1,彩虹结晶片,在荣耀女神杯篇完成10次养成
7,30136,2023/02/24 12:00:00,2023/03/30 4:59:59,1001517,1,,在荣耀女神杯篇中获得成长赛的胜利
8,110,2023/02/24 12:00:00,2023/03/30 4:59:59,1001518,50000,协助积分,在荣耀女神杯篇中获得世界育成者杯（WBC）的胜利
9,44,2023/02/24 12:00:00,2023/03/30 4:59:59,1001519,5,梦想光辉,在荣耀女神杯篇中获得世界超级育成者杯（SWBC）的胜利
10,111,2023/02/24 12:00:00,2023/03/30 4:59:59,1001520,1,协助卡招募券,在荣耀女神杯篇中获得荣耀女神杯的胜利
11,59,2023/02/24 12:00:00,2023/03/30 4:59:59,1001521,100000,金币,获得进化技能并完成1次养成
1,43,2023/03/10 12:00:00,2023/03/30 4:59:59,1001531,500,宝石,完成纪念任务第3弹的所有任务
2,197,2023/03/10 12:00:00,2023/03/30 4:59:59,1001532,1,2周年庆典 超稀有兑换券,获得誉名[继承之人]并完成1次养成
3,59,2023/03/10 12:00:00,2023/03/30 4:59:59,1001533,100000,金币,参与1次日常传奇赛事
4,110,2023/03/10 12:00:00,2023/03/30 4:59:59,1001534,50000,协助积分,参与3次日常传奇赛事
5,162,2023/03/10 12:00:00,2023/03/30 4:59:59,1001535,1,稀有启发书,参与5次日常传奇赛事
6,163,2023/03/10 12:00:00,2023/03/30 4:59:59,1001536,1,稀有启发专业书,参与10次日常传奇赛事
7,44,2023/03/10 12:00:00,2023/03/30 4:59:59,1001537,5,梦想光辉,在团队竞技场获得3次短距离代表胜利
8,116,2023/03/10 12:00:00,2023/03/30 4:59:59,1001538,10,干劲满溢甜点,在团队竞技场获得3次英里代表胜利
9,150,2023/03/10 12:00:00,2023/03/30 4:59:59,1001539,1,金结晶片,在团队竞技场获得3次中距离代表胜利
10,111,2023/03/10 12:00:00,2023/03/30 4:59:59,1001540,1,协助卡招募券,在团队竞技场获得3次长距离代表胜利
11,41,2023/03/10 12:00:00,2023/03/30 4:59:59,1001541,1,养成优俊少女招募券,在团队竞技场获得3次泥地代表胜利
1,59,2023/03/20 12:00:00,2023/03/27 4:59:59,1001551,20000,金币,【中京短途赛】在达成所有养成目标的状态下完成1次养成
2,59,2023/03/20 12:00:00,2023/03/27 4:59:59,1001552,20000,金币,【中京短途赛】在达成所有养成目标的状态下完成2次养成
3,95,2023/03/20 12:00:00,2023/03/27 4:59:59,1001553,1,闹钟,【中京短途赛】在养成中获得阪急杯的胜利
4,95,2023/03/20 12:00:00,2023/03/27 4:59:59,1001554,1,闹钟,【中京短途赛】在养成中获得海洋锦标赛的胜利
5,110,2023/03/20 12:00:00,2023/03/27 4:59:59,1001555,10000,协助积分,【中京短途赛】在养成中获得中京短途赛的胜利
6,43,2023/03/20 12:00:00,2023/03/27 4:59:59,1001556,150,宝石,【中京短途赛】完成所有的限定任务
1,59,2023/03/27 5:00:00,2023/04/03 4:59:59,1001561,20000,金币,【大阪杯】在达成所有养成目标的状态下完成1次养成
2,59,2023/03/27 5:00:00,2023/04/03 4:59:59,1001562,20000,金币,【大阪杯】在达成所有养成目标的状态下完成2次养成
3,95,2023/03/27 5:00:00,2023/04/03 4:59:59,1001563,1,闹钟,【大阪杯】在养成中获得中山纪念的胜利
4,95,2023/03/27 5:00:00,2023/04/03 4:59:59,1001564,1,闹钟,【大阪杯】在养成中获得金鯱奖的胜利
5,110,2023/03/27 5:00:00,2023/04/03 4:59:59,1001565,10000,协助积分,【大阪杯】在养成中获得大阪杯的胜利
6,43,2023/03/27 5:00:00,2023/04/03 4:59:59,1001566,150,宝石,【大阪杯】完成所有的限定任务
1,59,2023/04/03 5:00:00,2023/04/10 4:59:59,1001571,20000,金币,【樱花奖】在达成所有养成目标的状态下完成1次养成
2,59,2023/04/03 5:00:00,2023/04/10 4:59:59,1001572,20000,金币,【樱花奖】在达成所有养成目标的状态下完成2次养成
3,95,2023/04/03 5:00:00,2023/04/10 4:59:59,1001573,1,闹钟,【樱花奖】在养成中进入郁金香奖前3
4,95,2023/04/03 5:00:00,2023/04/10 4:59:59,1001574,1,闹钟,【樱花奖】在养成中进入少女竞技赛前3
5,110,2023/04/03 5:00:00,2023/04/10 4:59:59,1001575,10000,协助积分,【樱花奖】在养成中获得樱花奖的胜利
6,43,2023/04/03 5:00:00,2023/04/10 4:59:59,1001576,150,宝石,【樱花奖】完成所有的限定任务
1,59,2023/04/10 5:00:00,2023/04/17 4:59:59,1001581,20000,金币,【皋月奖】在达成所有养成目标的状态下完成1次养成
2,59,2023/04/10 5:00:00,2023/04/17 4:59:59,1001582,20000,金币,【皋月奖】在达成所有养成目标的状态下完成2次养成
3,95,2023/04/10 5:00:00,2023/04/17 4:59:59,1001583,1,闹钟,【皋月奖】在养成中进入弥生奖前3
4,95,2023/04/10 5:00:00,2023/04/17 4:59:59,1001584,1,闹钟,【皋月奖】在养成中进入春季锦标赛前3
5,110,2023/04/10 5:00:00,2023/04/17 4:59:59,1001585,10000,协助积分,【皋月奖】在养成中获得皋月奖的胜利
6,43,2023/04/10 5:00:00,2023/04/17 4:59:59,1001586,150,宝石,【皋月奖】完成所有的限定任务
1,59,2023/04/24 12:00:00,2023/05/01 4:59:59,1001591,20000,金币,【天王奖（春）】在达成所有养成目标的状态下完成1次养成
2,59,2023/04/24 12:00:00,2023/05/01 4:59:59,1001592,20000,金币,【天王奖（春）】在达成所有养成目标的状态下完成2次养成
3,95,2023/04/24 12:00:00,2023/05/01 4:59:59,1001593,1,闹钟,【天王奖（春）】在养成中获得阪神盛典赛的胜利
4,95,2023/04/24 12:00:00,2023/05/01 4:59:59,1001594,1,闹钟,【天王奖（春）】在养成中获得日经奖的胜利
5,110,2023/04/24 12:00:00,2023/05/01 4:59:59,1001595,10000,协助积分,【天王奖（春）】在养成中获得天王奖（春）的胜利
6,43,2023/04/24 12:00:00,2023/05/01 4:59:59,1001596,150,宝石,【天王奖（春）】完成所有的限定任务
1,59,2023/04/28 5:00:00,2023/05/05 4:59:59,1001601,20000,金币,【柏市纪念】在达成所有养成目标的状态下完成1次养成
2,59,2023/04/28 5:00:00,2023/05/05 4:59:59,1001602,20000,金币,【柏市纪念】在达成所有养成目标的状态下完成2次养成
3,95,2023/04/28 5:00:00,2023/05/05 4:59:59,1001603,2,闹钟,【柏市纪念】在养成中进入东京短途赛前2
4,110,2023/04/28 5:00:00,2023/05/05 4:59:59,1001604,10000,协助积分,【柏市纪念】在养成中获得柏市纪念的胜利
5,43,2023/04/28 5:00:00,2023/05/05 4:59:59,1001605,150,宝石,【柏市纪念】完成所有的限定任务
1,59,2023/05/01 5:00:00,2023/05/08 4:59:59,1001611,20000,金币,【广播协会英里杯】在达成所有养成目标的状态下完成1次养成
2,59,2023/05/01 5:00:00,2023/05/08 4:59:59,1001612,20000,金币,【广播协会英里杯】在达成所有养成目标的状态下完成2次养成
3,95,2023/05/01 5:00:00,2023/05/08 4:59:59,1001613,1,闹钟,【广播协会英里杯】在养成中进入阿灵顿杯前3
4,95,2023/05/01 5:00:00,2023/05/08 4:59:59,1001614,1,闹钟,【广播协会英里杯】在养成中进入无翼鸟杯前3
5,110,2023/05/01 5:00:00,2023/05/08 4:59:59,1001615,10000,协助积分,【广播协会英里杯】在养成中获得广播协会英里杯的胜利
6,43,2023/05/01 5:00:00,2023/05/08 4:59:59,1001616,150,宝石,【广播协会英里杯】完成所有的限定任务
1,59,2023/05/08 5:00:00,2023/05/15 4:59:59,1001621,20000,金币,【维多利亚英里赛】在达成所有养成目标的状态下完成1次养成
2,59,2023/05/08 5:00:00,2023/05/15 4:59:59,1001622,20000,金币,【维多利亚英里赛】在达成所有养成目标的状态下完成2次养成
3,95,2023/05/08 5:00:00,2023/05/15 4:59:59,1001623,1,闹钟,【维多利亚英里赛】在养成中获得阪神优俊少女锦标赛的胜利
4,95,2023/05/08 5:00:00,2023/05/15 4:59:59,1001624,1,闹钟,【维多利亚英里赛】在养成中获得松浪优俊少女锦标赛的胜利
5,110,2023/05/08 5:00:00,2023/05/15 4:59:59,1001625,10000,协助积分,【维多利亚英里赛】在养成中取得维多利亚英里赛的胜利
6,43,2023/05/08 5:00:00,2023/05/15 4:59:59,1001626,150,宝石,【维多利亚英里赛】完成所有的限定任务
1,59,2023/05/15 5:00:00,2023/05/22 4:59:59,1001631,20000,金币,【奥克斯】在达成所有养成目标的状态下完成1次养成
2,59,2023/05/15 5:00:00,2023/05/22 4:59:59,1001632,20000,金币,【奥克斯】在达成所有养成目标的状态下完成2次养成
3,95,2023/05/15 5:00:00,2023/05/22 4:59:59,1001633,1,闹钟,【奥克斯】在养成中进入芙洛拉锦标赛前2
4,95,2023/05/15 5:00:00,2023/05/22 4:59:59,1001634,1,闹钟,【奥克斯】在养成中进入樱花奖前5
5,110,2023/05/15 5:00:00,2023/05/22 4:59:59,1001635,10000,协助积分,【奥克斯】在养成中取得奥克斯的胜利
6,43,2023/05/15 5:00:00,2023/05/22 4:59:59,1001636,150,宝石,【奥克斯】完成所有的限定任务
1,59,2023/05/22 5:00:00,2023/05/29 4:59:59,1001641,20000,金币,【全国德比】在达成所有养成目标的状态下完成1次养成
2,59,2023/05/22 5:00:00,2023/05/29 4:59:59,1001642,20000,金币,【全国德比】在达成所有养成目标的状态下完成2次养成
3,95,2023/05/22 5:00:00,2023/05/29 4:59:59,1001643,1,闹钟,【全国德比】在养成中进入青叶奖前2
4,95,2023/05/22 5:00:00,2023/05/29 4:59:59,1001644,1,闹钟,【全国德比】在养成中进入皋月奖前5
5,95,2023/05/22 5:00:00,2023/05/29 4:59:59,1001645,1,闹钟,【全国德比】在养成中获得京都新闻杯的胜利
6,110,2023/05/22 5:00:00,2023/05/29 4:59:59,1001646,10000,协助积分,【全国德比】在养成中取得全国德比的胜利
7,43,2023/05/22 5:00:00,2023/05/29 4:59:59,1001647,150,宝石,【全国德比】完成所有的限定任务
1,59,2023/05/29 5:00:00,2023/06/05 4:59:59,1001651,20000,金币,【东京英里赛】在达成所有养成目标的状态下完成1次养成
2,59,2023/05/29 5:00:00,2023/06/05 4:59:59,1001652,20000,金币,【东京英里赛】在达成所有养成目标的状态下完成2次养成
3,95,2023/05/29 5:00:00,2023/06/05 4:59:59,1001653,1,闹钟,【东京英里赛】在养成中取得英里杯的胜利
4,95,2023/05/29 5:00:00,2023/06/05 4:59:59,1001654,1,闹钟,【东京英里赛】在养成中取得京王杯春季杯的胜利
5,110,2023/05/29 5:00:00,2023/06/05 4:59:59,1001655,10000,协助积分,【东京英里赛】在养成中取得东京英里赛的胜利
6,43,2023/05/29 5:00:00,2023/06/05 4:59:59,1001656,150,宝石,【东京英里赛】完成所有的限定任务
1,59,2023/06/19 5:00:00,2023/06/26 4:59:59,1001661,20000,金币,【宝冢纪念】在达成所有养成目标的状态下完成1次养成
2,59,2023/06/19 5:00:00,2023/06/26 4:59:59,1001662,20000,金币,【宝冢纪念】在达成所有养成目标的状态下完成2次养成
3,95,2023/06/19 5:00:00,2023/06/26 4:59:59,1001663,2,闹钟,【宝冢纪念】任务期间内于养成中获得粉丝数100万人
4,110,2023/06/19 5:00:00,2023/06/26 4:59:59,1001664,10000,协助积分,【宝冢纪念】在养成中获得宝冢纪念的胜利
5,43,2023/06/19 5:00:00,2023/06/26 4:59:59,1001665,150,宝石,【宝冢纪念】完成所有的限定任务
1,59,2023/06/22 12:00:00,2023/06/29 4:59:59,1001671,20000,金币,【帝王奖】在达成所有养成目标的状态下完成1次养成
2,59,2023/06/22 12:00:00,2023/06/29 4:59:59,1001672,20000,金币,【帝王奖】在达成所有养成目标的状态下完成2次养成
3,95,2023/06/22 12:00:00,2023/06/29 4:59:59,1001673,2,闹钟,【帝王奖】在养成中进入柏市纪念前2
4,110,2023/06/22 12:00:00,2023/06/29 4:59:59,1001674,10000,协助积分,【帝王奖】在养成中获得帝王奖的胜利
5,43,2023/06/22 12:00:00,2023/06/29 4:59:59,1001675,150,宝石,【帝王奖】完成所有的限定任务
1,59,2023/07/06 5:00:00,2023/07/13 4:59:59,1001681,20000,金币,【全国泥地德比】在达成所有养成目标的状态下完成1次养成
2,59,2023/07/06 5:00:00,2023/07/13 4:59:59,1001682,20000,金币,【全国泥地德比】在达成所有养成目标的状态下完成2次养成
3,95,2023/07/06 5:00:00,2023/07/13 4:59:59,1001683,1,闹钟,【全国泥地德比】在养成中获得关东奥克斯的胜利
4,95,2023/07/06 5:00:00,2023/07/13 4:59:59,1001684,1,闹钟,【全国泥地德比】在养成中获得独角兽锦标赛的胜利
5,110,2023/07/06 5:00:00,2023/07/13 4:59:59,1001685,10000,协助积分,【全国泥地德比】在养成中获得全国泥地德比的胜利
6,43,2023/07/06 5:00:00,2023/07/13 4:59:59,1001686,150,宝石,【全国泥地德比】完成所有的限定任务
1,43,2023/08/14 12:00:00,2023/09/30 4:59:59,1001691,500,宝石,完成纪念任务第1弹的所有任务
2,59,2023/08/14 12:00:00,2023/09/30 4:59:59,1001692,100000,金币,参与6次日常赛事
3,160,2023/08/14 12:00:00,2023/09/30 4:59:59,1001693,12,启发书,参与18次日常赛事
4,161,2023/08/14 12:00:00,2023/09/30 4:59:59,1001694,6,启发专业书,参与30次日常赛事
5,162,2023/08/14 12:00:00,2023/09/30 4:59:59,1001695,3,稀有启发书,参与42次日常赛事
6,41,2023/08/14 12:00:00,2023/09/30 4:59:59,1001696,1,养成优俊少女招募券,参与60次日常赛事
7,110,2023/08/14 12:00:00,2023/09/30 4:59:59,1001697,50000,协助积分,在团队竞技场累计获得100万或以上得分
8,95,2023/08/14 12:00:00,2023/09/30 4:59:59,1001698,10,闹钟,在团队竞技场累计获得200万或以上得分
9,34,2023/08/14 12:00:00,2023/09/30 4:59:59,1001699,10,迷你胡萝卜果冻,在团队竞技场累计获得400万或以上得分
10,44,2023/08/14 12:00:00,2023/09/30 4:59:59,1001700,10,梦想光辉,在团队竞技场累计获得700万或以上得分
11,111,2023/08/14 12:00:00,2023/09/30 4:59:59,1001701,1,协助卡招募券,在团队竞技场累计获得1000万或以上得分
1,43,2023/08/24 12:00:00,2023/09/30 4:59:59,1001711,500,宝石,完成纪念任务第2弹的所有任务
2,30162,2023/08/24 12:00:00,2023/09/30 4:59:59,1001712,1,,在凯旋门篇完成1次养成
3,30162,2023/08/24 12:00:00,2023/09/30 4:59:59,1001713,1,,在凯旋门篇完成3次养成
4,41,2023/08/24 12:00:00,2023/09/30 4:59:59,1001714,1,养成优俊少女招募券,在凯旋门篇完成5次养成
5,150,2023/08/24 12:00:00,2023/09/30 4:59:59,1001715,1,金结晶片,在凯旋门篇完成7次养成
6,149,2023/08/24 12:00:00,2023/09/30 4:59:59,1001716,1,彩虹结晶片,在凯旋门篇完成10次养成
7,30162,2023/08/24 12:00:00,2023/09/30 4:59:59,1001717,1,,在凯旋门篇中获得代表交流赛的胜利
8,110,2023/08/24 12:00:00,2023/09/30 4:59:59,1001718,50000,协助积分,在凯旋门篇中获得尼尔锦标的胜利
9,44,2023/08/24 12:00:00,2023/09/30 4:59:59,1001719,10,梦想光辉,在凯旋门篇中获得福伊锦标的胜利
10,111,2023/08/24 12:00:00,2023/09/30 4:59:59,1001720,1,协助卡招募券,在凯旋门篇中获得至少3个海外适应性并完成1次养成
11,59,2023/08/24 12:00:00,2023/09/30 4:59:59,1001721,100000,金币,在凯旋门篇中获得至少6个海外适应性并完成1次养成
1,43,2023/09/04 12:00:00,2023/09/30 4:59:59,1001731,500,宝石,完成纪念任务第3弹的所有任务
2,205,2023/09/04 12:00:00,2023/09/30 4:59:59,1001732,1,2.5周年庆典 超稀有兑换券,在凯旋门篇中获得凯旋门奖的胜利
3,59,2023/09/04 12:00:00,2023/09/30 4:59:59,1001733,100000,金币,参与1次日常传奇赛事
4,110,2023/09/04 12:00:00,2023/09/30 4:59:59,1001734,50000,协助积分,参与3次日常传奇赛事
5,162,2023/09/04 12:00:00,2023/09/30 4:59:59,1001735,3,稀有启发书,参与5次日常传奇赛事
6,163,2023/09/04 12:00:00,2023/09/30 4:59:59,1001736,3,稀有启发专业书,参与10次日常传奇赛事
7,44,2023/09/04 12:00:00,2023/09/30 4:59:59,1001737,10,梦想光辉,在团队竞技场获得3次短距离代表胜利
8,95,2023/09/04 12:00:00,2023/09/30 4:59:59,1001738,10,闹钟,在团队竞技场获得3次英里代表胜利
9,150,2023/09/04 12:00:00,2023/09/30 4:59:59,1001739,1,金结晶片,在团队竞技场获得3次中距离代表胜利
10,111,2023/09/04 12:00:00,2023/09/30 4:59:59,1001740,1,协助卡招募券,在团队竞技场获得3次长距离代表胜利
11,41,2023/09/04 12:00:00,2023/09/30 4:59:59,1001741,1,养成优俊少女招募券,在团队竞技场获得3次泥地代表胜利
1,59,2023/09/25 12:00:00,2023/10/02 4:59:59,1001751,20000,金币,【短途者锦标赛】在达成所有养成目标的状态下完成1次养成
2,59,2023/09/25 12:00:00,2023/10/02 4:59:59,1001752,20000,金币,【短途者锦标赛】在达成所有养成目标的状态下完成2次养成
3,95,2023/09/25 12:00:00,2023/10/02 4:59:59,1001753,1,闹钟,【短途者锦标赛】任务期间内于养成中获得粉丝数50万人
4,95,2023/09/25 12:00:00,2023/10/02 4:59:59,1001754,1,闹钟,【短途者锦标赛】任务期间内于养成中获得粉丝数100万人
5,110,2023/09/25 12:00:00,2023/10/02 4:59:59,1001755,10000,协助积分,【短途者锦标赛】在养成中养成短距离适应性至少为A的优俊少女
6,102801,2023/09/25 12:00:00,2023/10/02 4:59:59,1001756,14,,【短途者锦标赛】在养成中获得5次一级赛事的胜利
7,43,2023/09/25 12:00:00,2023/10/02 4:59:59,1001757,150,宝石,【短途者锦标赛】完成所有的限定任务
1,59,2023/10/03 5:00:00,2023/10/10 4:59:59,1001761,20000,金币,【英里冠军南部杯】在达成所有养成目标的状态下完成1次养成
2,59,2023/10/03 5:00:00,2023/10/10 4:59:59,1001762,20000,金币,【英里冠军南部杯】在达成所有养成目标的状态下完成2次养成
3,95,2023/10/03 5:00:00,2023/10/10 4:59:59,1001763,2,闹钟,【英里冠军南部杯】任务期间内于养成中获得粉丝数100万人
4,110,2023/10/03 5:00:00,2023/10/10 4:59:59,1001764,10000,协助积分,【英里冠军南部杯】在养成中养成泥地适应性至少为A的优俊少女
5,109801,2023/10/03 5:00:00,2023/10/10 4:59:59,1001765,14,,【英里冠军南部杯】在养成中获得5次一级赛事的胜利
6,43,2023/10/03 5:00:00,2023/10/10 4:59:59,1001766,150,宝石,【英里冠军南部杯】完成所有的限定任务
1,59,2023/10/09 5:00:00,2023/10/16 4:59:59,1001771,20000,金币,【秋华奖】在达成所有养成目标的状态下完成1次养成
2,59,2023/10/09 5:00:00,2023/10/16 4:59:59,1001772,20000,金币,【秋华奖】在达成所有养成目标的状态下完成2次养成
3,95,2023/10/09 5:00:00,2023/10/16 4:59:59,1001773,1,闹钟,【秋华奖】任务期间内于养成中获得粉丝数50万人
4,95,2023/10/09 5:00:00,2023/10/16 4:59:59,1001774,1,闹钟,【秋华奖】任务期间内于养成中获得粉丝数100万人
5,110,2023/10/09 5:00:00,2023/10/16 4:59:59,1001775,10000,协助积分,【秋华奖】在养成中获得秋华奖的胜利
6,43,2023/10/09 5:00:00,2023/10/16 4:59:59,1001776,150,宝石,【秋华奖】完成所有的限定任务
1,59,2023/10/16 5:00:00,2023/10/23 4:59:59,1001781,20000,金币,【菊花奖】在达成所有养成目标的状态下完成1次养成
2,59,2023/10/16 5:00:00,2023/10/23 4:59:59,1001782,20000,金币,【菊花奖】在达成所有养成目标的状态下完成2次养成
3,95,2023/10/16 5:00:00,2023/10/23 4:59:59,1001783,1,闹钟,【菊花奖】任务期间内于养成中获得粉丝数50万人
4,95,2023/10/16 5:00:00,2023/10/23 4:59:59,1001784,1,闹钟,【菊花奖】任务期间内于养成中获得粉丝数100万人
5,110,2023/10/16 5:00:00,2023/10/23 4:59:59,1001785,10000,协助积分,【菊花奖】在养成中获得菊花奖的胜利
6,43,2023/10/16 5:00:00,2023/10/23 4:59:59,1001786,150,宝石,【菊花奖】完成所有的限定任务
1,59,2023/10/23 12:00:00,2023/10/30 4:59:59,1001791,20000,金币,【天王奖（秋）】在达成所有养成目标的状态下完成1次养成
2,59,2023/10/23 12:00:00,2023/10/30 4:59:59,1001792,20000,金币,【天王奖（秋）】在达成所有养成目标的状态下完成2次养成
3,95,2023/10/23 12:00:00,2023/10/30 4:59:59,1001793,1,闹钟,【天王奖（秋）】任务期间内于养成中获得粉丝数30万人
4,95,2023/10/23 12:00:00,2023/10/30 4:59:59,1001794,1,闹钟,【天王奖（秋）】任务期间内于养成中获得粉丝数60万人
5,95,2023/10/23 12:00:00,2023/10/30 4:59:59,1001795,1,闹钟,【天王奖（秋）】任务期间内于养成中获得粉丝数100万人
6,110,2023/10/23 12:00:00,2023/10/30 4:59:59,1001796,10000,协助积分,【天王奖（秋）】在养成中获得天王奖（秋）的胜利
7,43,2023/10/23 12:00:00,2023/10/30 4:59:59,1001797,150,宝石,【天王奖（秋）】完成所有的限定任务
1,59,2023/10/28 5:00:00,2023/11/04 4:59:59,1001801,20000,金币,【全国育成杯】在达成所有养成目标的状态下完成1次养成
2,59,2023/10/28 5:00:00,2023/11/04 4:59:59,1001802,20000,金币,【全国育成杯】在达成所有养成目标的状态下完成2次养成
3,95,2023/10/28 5:00:00,2023/11/04 4:59:59,1001803,1,闹钟,【全国育成杯】任务期间内于养成中获得粉丝数50万人
4,95,2023/10/28 5:00:00,2023/11/04 4:59:59,1001804,1,闹钟,【全国育成杯】任务期间内于养成中获得粉丝数100万人
5,110,2023/10/28 5:00:00,2023/11/04 4:59:59,1001805,10000,协助积分,【全国育成杯】在养成中获得全国育成杯经典赛的胜利
6,110,2023/10/28 5:00:00,2023/11/04 4:59:59,1001806,10000,协助积分,【全国育成杯】在养成中获得全国育成杯短途赛的胜利
7,110,2023/10/28 5:00:00,2023/11/04 4:59:59,1001807,10000,协助积分,【全国育成杯】在养成中获得全国育成杯女士经典赛的胜利
8,43,2023/10/28 5:00:00,2023/11/04 4:59:59,1001808,150,宝石,【全国育成杯】完成所有的限定任务
1,59,2023/11/06 5:00:00,2023/11/13 4:59:59,1001811,20000,金币,【伊丽莎白女王杯】在达成所有养成目标的状态下完成1次养成
2,59,2023/11/06 5:00:00,2023/11/13 4:59:59,1001812,20000,金币,【伊丽莎白女王杯】在达成所有养成目标的状态下完成2次养成
3,95,2023/11/06 5:00:00,2023/11/13 4:59:59,1001813,2,闹钟,【伊丽莎白女王杯】任务期间内于养成中获得粉丝数100万人
4,110,2023/11/06 5:00:00,2023/11/13 4:59:59,1001814,10000,协助积分,【伊丽莎白女王杯】在养成中获得伊丽莎白女王杯的胜利
5,43,2023/11/06 5:00:00,2023/11/13 4:59:59,1001815,150,宝石,【伊丽莎白女王杯】完成所有的限定任务
1,59,2023/11/13 5:00:00,2023/11/20 4:59:59,1001821,20000,金币,【英里冠军赛】在达成所有养成目标的状态下完成1次养成
2,59,2023/11/13 5:00:00,2023/11/20 4:59:59,1001822,20000,金币,【英里冠军赛】在达成所有养成目标的状态下完成2次养成
3,95,2023/11/13 5:00:00,2023/11/20 4:59:59,1001823,1,闹钟,【英里冠军赛】在养成中获得富士锦标赛的胜利
4,95,2023/11/13 5:00:00,2023/11/20 4:59:59,1001824,1,闹钟,【英里冠军赛】在养成中获得天鹅锦标赛的胜利
5,110,2023/11/13 5:00:00,2023/11/20 4:59:59,1001825,10000,协助积分,【英里冠军赛】在养成中获得英里冠军赛的胜利
6,43,2023/11/13 5:00:00,2023/11/20 4:59:59,1001826,150,宝石,【英里冠军赛】完成所有的限定任务
1,59,2023/11/20 5:00:00,2023/11/27 4:59:59,1001831,20000,金币,【全国杯】在达成所有养成目标的状态下完成1次养成
2,59,2023/11/20 5:00:00,2023/11/27 4:59:59,1001832,20000,金币,【全国杯】在达成所有养成目标的状态下完成2次养成
3,95,2023/11/20 5:00:00,2023/11/27 4:59:59,1001833,2,闹钟,【全国杯】任务期间内于养成中累计获得粉丝数100万人
4,110,2023/11/20 5:00:00,2023/11/27 4:59:59,1001834,10000,协助积分,【全国杯】在养成中获得全国杯的胜利
5,43,2023/11/20 5:00:00,2023/11/27 4:59:59,1001835,150,宝石,【全国杯】完成所有的限定任务
1,59,2023/11/27 5:00:00,2023/12/04 4:59:59,1001841,20000,金币,【全国冠军杯】在达成所有养成目标的状态下完成1次养成
2,59,2023/11/27 5:00:00,2023/12/04 4:59:59,1001842,20000,金币,【全国冠军杯】在达成所有养成目标的状态下完成2次养成
3,95,2023/11/27 5:00:00,2023/12/04 4:59:59,1001843,1,闹钟,【全国冠军杯】在养成中获得都城锦标赛的胜利
4,95,2023/11/27 5:00:00,2023/12/04 4:59:59,1001844,1,闹钟,【全国冠军杯】在养成中获得武藏野锦标赛的胜利
5,110,2023/11/27 5:00:00,2023/12/04 4:59:59,1001845,10000,协助积分,【全国冠军杯】在养成中获得全国冠军杯的胜利
6,43,2023/11/27 5:00:00,2023/12/04 4:59:59,1001846,150,宝石,【全国冠军杯】完成所有的限定任务
1,59,2023/12/04 12:00:00,2023/12/11 4:59:59,1001851,20000,金币,【阪神初级少女杯赛】在达成所有养成目标的状态下完成1次养成
2,59,2023/12/04 12:00:00,2023/12/11 4:59:59,1001852,20000,金币,【阪神初级少女杯赛】在达成所有养成目标的状态下完成2次养成
3,95,2023/12/04 12:00:00,2023/12/11 4:59:59,1001853,1,闹钟,【阪神初级少女杯赛】在养成中获得阿耳忒弥斯锦标赛的胜利
4,95,2023/12/04 12:00:00,2023/12/11 4:59:59,1001854,1,闹钟,【阪神初级少女杯赛】在养成中获得幻想锦标赛的胜利
5,110,2023/12/04 12:00:00,2023/12/11 4:59:59,1001855,10000,协助积分,【阪神初级少女杯赛】在养成中获得阪神初级少女杯赛的胜利
6,43,2023/12/04 12:00:00,2023/12/11 4:59:59,1001856,150,宝石,【阪神初级少女杯赛】完成所有的限定任务
1,59,2023/12/07 5:00:00,2023/12/14 4:59:59,1001861,20000,金币,【全国初级优俊】在达成所有养成目标的状态下完成1次养成
2,59,2023/12/07 5:00:00,2023/12/14 4:59:59,1001862,20000,金币,【全国初级优俊】在达成所有养成目标的状态下完成2次养成
3,95,2023/12/07 5:00:00,2023/12/14 4:59:59,1001863,2,闹钟,【全国初级优俊】在养成中获得10次一级赛事的胜利
4,110,2023/12/07 5:00:00,2023/12/14 4:59:59,1001864,10000,协助积分,【全国初级优俊】在养成中获得全国初级优俊的胜利
5,43,2023/12/07 5:00:00,2023/12/14 4:59:59,1001865,150,宝石,【全国初级优俊】完成所有的限定任务
1,59,2023/12/11 5:00:00,2023/12/18 4:59:59,1001871,20000,金币,【朝日杯未来锦标赛】在达成所有养成目标的状态下完成1次养成
2,59,2023/12/11 5:00:00,2023/12/18 4:59:59,1001872,20000,金币,【朝日杯未来锦标赛】在达成所有养成目标的状态下完成2次养成
3,95,2023/12/11 5:00:00,2023/12/18 4:59:59,1001873,1,闹钟,【朝日杯未来锦标赛】在养成中获得京王杯初级锦标赛的胜利
4,95,2023/12/11 5:00:00,2023/12/18 4:59:59,1001874,1,闹钟,【朝日杯未来锦标赛】在养成中获得每日杯初级锦标赛的胜利
5,110,2023/12/11 5:00:00,2023/12/18 4:59:59,1001875,10000,协助积分,【朝日杯未来锦标赛】在养成中获得朝日杯未来锦标赛的胜利
6,43,2023/12/11 5:00:00,2023/12/18 4:59:59,1001876,150,宝石,【朝日杯未来锦标赛】完成所有的限定任务
1,59,2023/12/18 5:00:00,2023/12/25 4:59:59,1001881,20000,金币,【中山大奖赛】在达成所有养成目标的状态下完成1次养成
2,59,2023/12/18 5:00:00,2023/12/25 4:59:59,1001882,20000,金币,【中山大奖赛】在达成所有养成目标的状态下完成2次养成
3,95,2023/12/18 5:00:00,2023/12/25 4:59:59,1001883,2,闹钟,【中山大奖赛】任务期间内于养成中累计获得粉丝数100万人
4,110,2023/12/18 5:00:00,2023/12/25 4:59:59,1001884,10000,协助积分,【中山大奖赛】在养成中获得中山大奖赛的胜利
5,43,2023/12/18 5:00:00,2023/12/25 4:59:59,1001885,150,宝石,【中山大奖赛】完成所有的限定任务
1,59,2023/12/22 5:00:00,2023/12/29 4:59:59,1001891,20000,金币,【希望锦标赛】在达成所有养成目标的状态下完成1次养成
2,59,2023/12/22 5:00:00,2023/12/29 4:59:59,1001892,20000,金币,【希望锦标赛】在达成所有养成目标的状态下完成2次养成
3,95,2023/12/22 5:00:00,2023/12/29 4:59:59,1001893,1,闹钟,【希望锦标赛】在养成中获得东京体育杯初级锦标赛的胜利
4,95,2023/12/22 5:00:00,2023/12/29 4:59:59,1001894,1,闹钟,【希望锦标赛】在养成中获得京都初级锦标赛的胜利
5,110,2023/12/22 5:00:00,2023/12/29 4:59:59,1001895,10000,协助积分,【希望锦标赛】在养成中获得希望锦标赛的胜利
6,43,2023/12/22 5:00:00,2023/12/29 4:59:59,1001896,150,宝石,【希望锦标赛】完成所有的限定任务
1,59,2023/12/23 5:00:00,2023/12/30 4:59:59,1001901,20000,金币,【东京盛典赛】在达成所有养成目标的状态下完成1次养成
2,59,2023/12/23 5:00:00,2023/12/30 4:59:59,1001902,20000,金币,【东京盛典赛】在达成所有养成目标的状态下完成2次养成
3,95,2023/12/23 5:00:00,2023/12/30 4:59:59,1001903,2,闹钟,【东京盛典赛】在养成中获得10次一级赛事的胜利
4,110,2023/12/23 5:00:00,2023/12/30 4:59:59,1001904,10000,协助积分,【东京盛典赛】在养成中获得东京盛典赛的胜利
5,43,2023/12/23 5:00:00,2023/12/30 4:59:59,1001905,150,宝石,【东京盛典赛】完成所有的限定任务
1,59,2024/02/12 12:00:00,2024/02/19 4:59:59,1001906,20000,金币,【二月锦标赛】在达成所有养成目标的状态下完成1次养成
2,59,2024/02/12 12:00:00,2024/02/19 4:59:59,1001907,20000,金币,【二月锦标赛】在达成所有养成目标的状态下完成2次养成
3,95,2024/02/12 12:00:00,2024/02/19 4:59:59,1001908,1,闹钟,【二月锦标赛】在养成中获得东海锦标赛的胜利
4,95,2024/02/12 12:00:00,2024/02/19 4:59:59,1001909,1,闹钟,【二月锦标赛】在养成中获得根岸锦标赛的胜利
5,110,2024/02/12 12:00:00,2024/02/19 4:59:59,1001910,10000,协助积分,【二月锦标赛】在养成中获得二月锦标赛的胜利
6,43,2024/02/12 12:00:00,2024/02/19 4:59:59,1001911,150,宝石,【二月锦标赛】完成所有的限定任务
1,43,2024/02/14 12:00:00,2024/03/30 4:59:59,1001912,500,宝石,完成纪念任务第1弹的所有任务
2,59,2024/02/14 12:00:00,2024/03/30 4:59:59,1001913,100000,金币,完成1次养成
3,160,2024/02/14 12:00:00,2024/03/30 4:59:59,1001914,12,启发书,完成3次养成
4,41,2024/02/14 12:00:00,2024/03/30 4:59:59,1001915,1,养成优俊少女招募券,完成5次养成
5,110,2024/02/14 12:00:00,2024/03/30 4:59:59,1001916,50000,协助积分,参与6次日常赛事
6,34,2024/02/14 12:00:00,2024/03/30 4:59:59,1001917,10,迷你胡萝卜果冻,参与18次日常赛事
7,95,2024/02/14 12:00:00,2024/03/30 4:59:59,1001918,10,闹钟,参与30次日常赛事
8,133,2024/02/14 12:00:00,2024/03/30 4:59:59,1001919,1,回忆书签,在团队竞技场累计获得100万或以上得分
9,161,2024/02/14 12:00:00,2024/03/30 4:59:59,1001920,6,启发专业书,在团队竞技场累计获得200万或以上得分
10,162,2024/02/14 12:00:00,2024/03/30 4:59:59,1001921,3,稀有启发书,在团队竞技场累计获得400万或以上得分
11,44,2024/02/14 12:00:00,2024/03/30 4:59:59,1001922,10,梦想光辉,在团队竞技场累计获得700万或以上得分
12,111,2024/02/14 12:00:00,2024/03/30 4:59:59,1001923,1,协助卡招募券,在团队竞技场累计获得1000万或以上得分
1,43,2024/02/24 12:00:00,2024/03/30 4:59:59,1001924,500,宝石,完成纪念任务第2弹的所有任务
2,30186,2024/02/24 12:00:00,2024/03/30 4:59:59,1001925,1,,在U.A.F.篇完成1次养成
3,41,2024/02/24 12:00:00,2024/03/30 4:59:59,1001926,1,养成优俊少女招募券,在U.A.F.篇完成3次养成
4,149,2024/02/24 12:00:00,2024/03/30 4:59:59,1001927,1,彩虹结晶片,在U.A.F.篇完成5次养成
5,133,2024/02/24 12:00:00,2024/03/30 4:59:59,1001928,1,回忆书签,在U.A.F.的摸底测试中成为总冠军
6,111,2024/02/24 12:00:00,2024/03/30 4:59:59,1001929,1,协助卡招募券,在U.A.F.的选拔赛 第1轮中成为总冠军
7,30186,2024/02/24 12:00:00,2024/03/30 4:59:59,1001930,1,,在U.A.F.的选拔赛 第2轮中成为总冠军
8,150,2024/02/24 12:00:00,2024/03/30 4:59:59,1001931,1,金结晶片,在U.A.F.的选拔赛 第3轮中成为总冠军
9,30186,2024/02/24 12:00:00,2024/03/30 4:59:59,1001932,1,,在U.A.F.的最终决赛中成为总冠军
10,59,2024/02/24 12:00:00,2024/03/30 4:59:59,1001933,100000,金币,U.A.F.篇中球类项目的总等级累计提升500级
11,110,2024/02/24 12:00:00,2024/03/30 4:59:59,1001934,50000,协助积分,U.A.F.篇中格斗项目的总等级累计提升500级
12,44,2024/02/24 12:00:00,2024/03/30 4:59:59,1001935,10,梦想光辉,U.A.F.篇中自由项目的总等级累计提升500级
1,43,2024/03/12 12:00:00,2024/03/30 4:59:59,1001936,500,宝石,すべての記念ミッション第3弾をクリアしよう
2,214,2024/03/12 12:00:00,2024/03/30 4:59:59,1001937,1,3周年庆典 超稀有兑换券,U.A.F.編で一度の育成ですべての大会で総合優勝しよう
3,133,2024/03/12 12:00:00,2024/03/30 4:59:59,1001938,1,回忆书签,U.A.F.編でソノンエルフィーに3回相談しよう
4,116,2024/03/12 12:00:00,2024/03/30 4:59:59,1001939,10,干劲满溢甜点,U.A.F.編でソノンエルフィーに6回相談しよう
5,59,2024/03/12 12:00:00,2024/03/30 4:59:59,1001940,100000,金币,U.A.F.編でスフィア合計Lvを200Lv以上で育成を完了しよう
6,163,2024/03/12 12:00:00,2024/03/30 4:59:59,1001941,3,稀有启发专业书,U.A.F.編でスフィア合計Lvを300Lv以上で育成を完了しよう
7,110,2024/03/12 12:00:00,2024/03/30 4:59:59,1001942,50000,协助积分,U.A.F.編でファイト合計Lvを200Lv以上で育成を完了しよう
8,41,2024/03/12 12:00:00,2024/03/30 4:59:59,1001943,1,养成优俊少女招募券,U.A.F.編でファイト合計Lvを300Lv以上で育成を完了しよう
9,162,2024/03/12 12:00:00,2024/03/30 4:59:59,1001944,3,稀有启发书,U.A.F.編でフリー合計Lvを200Lv以上で育成を完了しよう
10,111,2024/03/12 12:00:00,2024/03/30 4:59:59,1001945,1,协助卡招募券,U.A.F.編でフリー合計Lvを300Lv以上で育成を完了しよう
11,44,2024/03/12 12:00:00,2024/03/30 4:59:59,1001946,10,梦想光辉,デイリーレジェンドレースに1回出走しよう
12,150,2024/03/12 12:00:00,2024/03/30 4:59:59,1001947,1,金结晶片,デイリーレジェンドレースに2回出走しよう
1,59,2024/03/18 12:00:00,2024/03/25 4:59:59,1001948,20000,金币,【高松宮記念】全ての育成目標を達成して1回育成完了しよう
2,59,2024/03/18 12:00:00,2024/03/25 4:59:59,1001949,20000,金币,【高松宮記念】全ての育成目標を達成して2回育成完了しよう
3,95,2024/03/18 12:00:00,2024/03/25 4:59:59,1001950,1,闹钟,【高松宮記念】育成で阪急杯に勝利しよう
4,95,2024/03/18 12:00:00,2024/03/25 4:59:59,1001951,1,闹钟,【高松宮記念】育成でオーシャンステークスに勝利しよう
5,110,2024/03/18 12:00:00,2024/03/25 4:59:59,1001952,10000,协助积分,【高松宮記念】育成で高松宮記念に勝利しよう
6,43,2024/03/18 12:00:00,2024/03/25 4:59:59,1001953,150,宝石,【高松宮記念】限定ミッションを全てクリアしよう
1,59,2024/03/25 5:00:00,2024/04/01 4:59:59,1001954,20000,金币,【大阪杯】全ての育成目標を達成して1回育成完了しよう
2,59,2024/03/25 5:00:00,2024/04/01 4:59:59,1001955,20000,金币,【大阪杯】全ての育成目標を達成して2回育成完了しよう
3,95,2024/03/25 5:00:00,2024/04/01 4:59:59,1001956,1,闹钟,【大阪杯】育成で中山記念に勝利しよう
4,95,2024/03/25 5:00:00,2024/04/01 4:59:59,1001957,1,闹钟,【大阪杯】育成で金鯱賞に勝利しよう
5,110,2024/03/25 5:00:00,2024/04/01 4:59:59,1001958,10000,协助积分,【大阪杯】育成で大阪杯に勝利しよう
6,43,2024/03/25 5:00:00,2024/04/01 4:59:59,1001959,150,宝石,【大阪杯】限定ミッションを全てクリアしよう
1,59,2024/03/28 5:00:00,2024/04/04 4:59:59,1001960,20000,金币,【川崎記念】全ての育成目標を達成して1回育成完了しよう
2,59,2024/03/28 5:00:00,2024/04/04 4:59:59,1001961,20000,金币,【川崎記念】全ての育成目標を達成して2回育成完了しよう
3,95,2024/03/28 5:00:00,2024/04/04 4:59:59,1001962,2,闹钟,【川崎記念】育成でGⅠレースに10回勝利しよう
4,110,2024/03/28 5:00:00,2024/04/04 4:59:59,1001963,10000,协助积分,【川崎記念】育成で川崎記念に勝利しよう
5,43,2024/03/28 5:00:00,2024/04/04 4:59:59,1001964,150,宝石,【川崎記念】限定ミッションを全てクリアしよう
1,59,2024/04/01 5:00:00,2024/04/08 4:59:59,1001965,20000,金币,【桜花賞】全ての育成目標を達成して1回育成完了しよう
2,59,2024/04/01 5:00:00,2024/04/08 4:59:59,1001966,20000,金币,【桜花賞】全ての育成目標を達成して2回育成完了しよう
3,95,2024/04/01 5:00:00,2024/04/08 4:59:59,1001967,1,闹钟,【桜花賞】育成でチューリップ賞の3着以内に入ろう
4,95,2024/04/01 5:00:00,2024/04/08 4:59:59,1001968,1,闹钟,【桜花賞】育成でフィリーズレビューの3着以内に入ろう
5,110,2024/04/01 5:00:00,2024/04/08 4:59:59,1001969,10000,协助积分,【桜花賞】育成で桜花賞に勝利しよう
6,43,2024/04/01 5:00:00,2024/04/08 4:59:59,1001970,150,宝石,【桜花賞】限定ミッションを全てクリアしよう
1,59,2024/04/08 5:00:00,2024/04/15 4:59:59,1001971,20000,金币,【皐月賞】全ての育成目標を達成して1回育成完了しよう
2,59,2024/04/08 5:00:00,2024/04/15 4:59:59,1001972,20000,金币,【皐月賞】全ての育成目標を達成して2回育成完了しよう
3,95,2024/04/08 5:00:00,2024/04/15 4:59:59,1001973,1,闹钟,【皐月賞】育成で弥生賞の3着以内に入ろう
4,95,2024/04/08 5:00:00,2024/04/15 4:59:59,1001974,1,闹钟,【皐月賞】育成でスプリングステークスの3着以内に入ろう
5,110,2024/04/08 5:00:00,2024/04/15 4:59:59,1001975,10000,协助积分,【皐月賞】育成で皐月賞に勝利しよう
6,43,2024/04/08 5:00:00,2024/04/15 4:59:59,1001976,150,宝石,【皐月賞】限定ミッションを全てクリアしよう
1,59,2024/04/22 5:00:00,2024/04/29 4:59:59,1001977,20000,金币,【天皇賞（春）】全ての育成目標を達成して1回育成完了しよう
2,59,2024/04/22 5:00:00,2024/04/29 4:59:59,1001978,20000,金币,【天皇賞（春）】全ての育成目標を達成して2回育成完了しよう
3,95,2024/04/22 5:00:00,2024/04/29 4:59:59,1001979,1,闹钟,【天皇賞（春）】育成で阪神大賞典に勝利しよう
4,95,2024/04/22 5:00:00,2024/04/29 4:59:59,1001980,1,闹钟,【天皇賞（春）】育成で日経賞に勝利しよう
5,110,2024/04/22 5:00:00,2024/04/29 4:59:59,1001981,10000,协助积分,【天皇賞（春）】育成で天皇賞（春）に勝利しよう
6,43,2024/04/22 5:00:00,2024/04/29 4:59:59,1001982,150,宝石,【天皇賞（春）】限定ミッションを全てクリアしよう
1,59,2024/04/25 12:00:00,2024/05/02 4:59:59,1001983,20000,金币,【かしわ記念】全ての育成目標を達成して1回育成完了しよう
2,59,2024/04/25 12:00:00,2024/05/02 4:59:59,1001984,20000,金币,【かしわ記念】全ての育成目標を達成して2回育成完了しよう
3,95,2024/04/25 12:00:00,2024/05/02 4:59:59,1001985,2,闹钟,【かしわ記念】育成で東京スプリントの2着以内に入ろう
4,110,2024/04/25 12:00:00,2024/05/02 4:59:59,1001986,10000,协助积分,【かしわ記念】育成でかしわ記念に勝利しよう
5,43,2024/04/25 12:00:00,2024/05/02 4:59:59,1001987,150,宝石,【かしわ記念】限定ミッションを全てクリアしよう
1,59,2024/04/29 5:00:00,2024/05/06 4:59:59,1001988,20000,金币,【NHKマイルC】全ての育成目標を達成して1回育成完了しよう
2,59,2024/04/29 5:00:00,2024/05/06 4:59:59,1001989,20000,金币,【NHKマイルC】全ての育成目標を達成して2回育成完了しよう
3,95,2024/04/29 5:00:00,2024/05/06 4:59:59,1001990,1,闹钟,【NHKマイルC】育成でアーリントンカップの3着以内に入ろう
4,95,2024/04/29 5:00:00,2024/05/06 4:59:59,1001991,1,闹钟,【NHKマイルC】育成でニュージーランドトロフィー3着以内入ろう
5,110,2024/04/29 5:00:00,2024/05/06 4:59:59,1001992,10000,协助积分,【NHKマイルC】育成でNHKマイルカップに勝利しよう
6,43,2024/04/29 5:00:00,2024/05/06 4:59:59,1001993,150,宝石,【NHKマイルC】限定ミッションを全てクリアしよう
1,59,2024/05/06 5:00:00,2024/05/13 4:59:59,1001994,20000,金币,【ヴィクトリアマイル】全ての育成目標を達成して1回育成完了しよう
2,59,2024/05/06 5:00:00,2024/05/13 4:59:59,1001995,20000,金币,【ヴィクトリアマイル】全ての育成目標を達成して2回育成完了しよう
3,95,2024/05/06 5:00:00,2024/05/13 4:59:59,1001996,1,闹钟,【ヴィクトリアマイル】育成で阪神ウマ娘ステークスに勝利しよう
4,95,2024/05/06 5:00:00,2024/05/13 4:59:59,1001997,1,闹钟,【ヴィクトリアマイル】育成で福島ウマ娘ステークスに勝利しよう
5,110,2024/05/06 5:00:00,2024/05/13 4:59:59,1001998,10000,协助积分,【ヴィクトリアマイル】育成でヴィクトリアマイルに勝利しよう
6,43,2024/05/06 5:00:00,2024/05/13 4:59:59,1001999,150,宝石,【ヴィクトリアマイル】限定ミッションを全てクリアしよう
1,59,2024/05/13 5:00:00,2024/05/20 4:59:59,1002000,20000,金币,【オークス】全ての育成目標を達成して1回育成完了しよう
2,59,2024/05/13 5:00:00,2024/05/20 4:59:59,1002001,20000,金币,【オークス】全ての育成目標を達成して2回育成完了しよう
3,95,2024/05/13 5:00:00,2024/05/20 4:59:59,1002002,1,闹钟,【オークス】育成で桜花賞の5着以内に入ろう
4,95,2024/05/13 5:00:00,2024/05/20 4:59:59,1002003,1,闹钟,【オークス】育成でフローラステークスの2着以内に入ろう
5,110,2024/05/13 5:00:00,2024/05/20 4:59:59,1002004,10000,协助积分,【オークス】育成でオークスに勝利しよう
6,43,2024/05/13 5:00:00,2024/05/20 4:59:59,1002005,150,宝石,【オークス】限定ミッションを全てクリアしよう
1,59,2024/05/20 5:00:00,2024/05/27 4:59:59,1002006,20000,金币,【日本ダービー】全ての育成目標を達成して1回育成完了しよう
2,59,2024/05/20 5:00:00,2024/05/27 4:59:59,1002007,20000,金币,【日本ダービー】全ての育成目標を達成して2回育成完了しよう
3,95,2024/05/20 5:00:00,2024/05/27 4:59:59,1002008,1,闹钟,【日本ダービー】育成で皐月賞の5着以内に入ろう
4,95,2024/05/20 5:00:00,2024/05/27 4:59:59,1002009,1,闹钟,【日本ダービー】育成で青葉賞の2着以内に入ろう
5,95,2024/05/20 5:00:00,2024/05/27 4:59:59,1002010,1,闹钟,【日本ダービー】育成で京都新聞杯に勝利しよう
6,110,2024/05/20 5:00:00,2024/05/27 4:59:59,1002011,10000,协助积分,【日本ダービー】育成で日本ダービーに勝利しよう
7,43,2024/05/20 5:00:00,2024/05/27 4:59:59,1002012,150,宝石,【日本ダービー】限定ミッションを全てクリアしよう
1,59,2024/05/27 12:00:00,2024/06/03 4:59:59,1002013,20000,金币,【安田記念】全ての育成目標を達成して1回育成完了しよう
2,59,2024/05/27 12:00:00,2024/06/03 4:59:59,1002014,20000,金币,【安田記念】全ての育成目標を達成して2回育成完了しよう
3,95,2024/05/27 12:00:00,2024/06/03 4:59:59,1002015,1,闹钟,【安田記念】育成でマイラーズカップに勝利しよう
4,95,2024/05/27 12:00:00,2024/06/03 4:59:59,1002016,1,闹钟,【安田記念】育成で京王杯スプリングカップに勝利しよう
5,110,2024/05/27 12:00:00,2024/06/03 4:59:59,1002017,10000,协助积分,【安田記念】育成で安田記念に勝利しよう
6,43,2024/05/27 12:00:00,2024/06/03 4:59:59,1002018,150,宝石,【安田記念】限定ミッションを全てクリアしよう
1,59,2024/06/17 5:00:00,2024/06/24 4:59:59,1002019,20000,金币,【宝塚記念】全ての育成目標を達成して1回育成完了しよう
2,59,2024/06/17 5:00:00,2024/06/24 4:59:59,1002020,20000,金币,【宝塚記念】全ての育成目標を達成して2回育成完了しよう
3,95,2024/06/17 5:00:00,2024/06/24 4:59:59,1002021,2,闹钟,【宝塚記念】育成で期間中にファン数を100万人獲得しよう
4,110,2024/06/17 5:00:00,2024/06/24 4:59:59,1002022,10000,协助积分,【宝塚記念】育成で宝塚記念に勝利しよう
5,43,2024/06/17 5:00:00,2024/06/24 4:59:59,1002023,150,宝石,【宝塚記念】限定ミッションを全てクリアしよう
1,59,2024/06/20 5:00:00,2024/06/27 4:59:59,1002024,20000,金币,【帝王賞】全ての育成目標を達成して1回育成完了しよう
2,59,2024/06/20 5:00:00,2024/06/27 4:59:59,1002025,20000,金币,【帝王賞】全ての育成目標を達成して2回育成完了しよう
3,95,2024/06/20 5:00:00,2024/06/27 4:59:59,1002026,2,闹钟,【帝王賞】育成でかしわ記念の2着以内に入ろう
4,110,2024/06/20 5:00:00,2024/06/27 4:59:59,1002027,10000,协助积分,【帝王賞】育成で帝王賞に勝利しよう
5,43,2024/06/20 5:00:00,2024/06/27 4:59:59,1002028,150,宝石,【帝王賞】限定ミッションをすべてクリアしよう
1,43,2024/06/26 12:00:00,2024/07/30 4:59:59,1002029,500,宝石,すべての記念ミッションをクリアしよう
2,95,2024/06/26 12:00:00,2024/07/30 4:59:59,1002030,10,闹钟,豊食祭編で育成を1回完了しよう
3,32,2024/06/26 12:00:00,2024/07/30 4:59:59,1002031,10,能量饮料30,豊食祭編で育成を3回完了しよう
4,41,2024/06/26 12:00:00,2024/07/30 4:59:59,1002032,1,养成优俊少女招募券,豊食祭編で育成を5回完了しよう
5,160,2024/06/26 12:00:00,2024/07/30 4:59:59,1002033,12,启发书,豊食祭編の第1回 試食会で参加者を大満足させよう
6,162,2024/06/26 12:00:00,2024/07/30 4:59:59,1002034,6,稀有启发书,豊食祭編の第2回 試食会で参加者を大満足させよう
7,150,2024/06/26 12:00:00,2024/07/30 4:59:59,1002035,1,金结晶片,豊食祭編の第3回 試食会で参加者を大満足させよう
8,111,2024/06/26 12:00:00,2024/07/30 4:59:59,1002036,1,协助卡招募券,豊食祭編の第4回 試食会で参加者を大満足させよう
9,149,2024/06/26 12:00:00,2024/07/30 4:59:59,1002037,1,彩虹结晶片,豊食祭編の大豊食祭で参加者を大満足させよう
10,59,2024/06/26 12:00:00,2024/07/30 4:59:59,1002038,100000,金币,豊食祭編で畑の野菜Lvを累計30回Lvアップしよう
11,110,2024/06/26 12:00:00,2024/07/30 4:59:59,1002039,50000,协助积分,豊食祭編で野菜を累計20000個収穫しよう
12,44,2024/06/26 12:00:00,2024/07/30 4:59:59,1002040,10,梦想光辉,豊食祭編で料理を累計50回作ろう
1,43,2024/08/14 12:00:00,2024/10/01 4:59:59,1002041,500,宝石,すべての記念ミッション第1弾をクリアしよう
2,59,2024/08/14 12:00:00,2024/10/01 4:59:59,1002042,100000,金币,期間中にファン数を累計50万人獲得しよう
3,160,2024/08/14 12:00:00,2024/10/01 4:59:59,1002043,12,启发书,期間中にファン数を累計100万人獲得しよう
4,41,2024/08/14 12:00:00,2024/10/01 4:59:59,1002044,1,养成优俊少女招募券,期間中にファン数を累計200万人獲得しよう
5,110,2024/08/14 12:00:00,2024/10/01 4:59:59,1002045,50000,协助积分,デイリーレースに6回出走しよう
6,34,2024/08/14 12:00:00,2024/10/01 4:59:59,1002046,10,迷你胡萝卜果冻,デイリーレースに18回出走しよう
7,95,2024/08/14 12:00:00,2024/10/01 4:59:59,1002047,10,闹钟,デイリーレースに30回出走しよう
8,133,2024/08/14 12:00:00,2024/10/01 4:59:59,1002048,1,回忆书签,チーム競技場でスコアを累計100万以上獲得しよう
9,161,2024/08/14 12:00:00,2024/10/01 4:59:59,1002049,6,启发专业书,チーム競技場でスコアを累計200万以上獲得しよう
10,98,2024/08/14 12:00:00,2024/10/01 4:59:59,1002050,2500,好友积分,チーム競技場でスコアを累計300万以上獲得しよう
11,162,2024/08/14 12:00:00,2024/10/01 4:59:59,1002051,3,稀有启发书,チーム競技場でスコアを累計500万以上獲得しよう
12,44,2024/08/14 12:00:00,2024/10/01 4:59:59,1002052,10,梦想光辉,チーム競技場でスコアを累計700万以上獲得しよう
13,111,2024/08/14 12:00:00,2024/10/01 4:59:59,1002053,1,协助卡招募券,チーム競技場でスコアを累計1000万以上獲得しよう
1,43,2024/08/24 12:00:00,2024/10/01 4:59:59,1002054,500,宝石,すべての記念ミッション第2弾をクリアしよう
2,30216,2024/08/24 12:00:00,2024/10/01 4:59:59,1002055,1,,育成を1回完了しよう
3,59,2024/08/24 12:00:00,2024/10/01 4:59:59,1002056,100000,金币,育成を2回完了しよう
4,98,2024/08/24 12:00:00,2024/10/01 4:59:59,1002057,2500,好友积分,育成を3回完了しよう
5,150,2024/08/24 12:00:00,2024/10/01 4:59:59,1002058,1,金结晶片,育成を5回完了しよう
6,30216,2024/08/24 12:00:00,2024/10/01 4:59:59,1002059,1,,覚醒Lvを3以上にしたウマ娘で1回育成を完了しよう
7,133,2024/08/24 12:00:00,2024/10/01 4:59:59,1002060,1,回忆书签,ヒントLvを強化したウマ娘で1回育成を完了しよう
8,30216,2024/08/24 12:00:00,2024/10/01 4:59:59,1002061,1,,スキルを12個以上獲得して1回育成を完了しよう
9,110,2024/08/24 12:00:00,2024/10/01 4:59:59,1002062,50000,协助积分,育成ランク「UG」以上のウマ娘で1回育成を完了しよう
10,44,2024/08/24 12:00:00,2024/10/01 4:59:59,1002063,10,梦想光辉,育成ランク「UG1」以上のウマ娘で1回育成を完了しよう
11,149,2024/08/24 12:00:00,2024/10/01 4:59:59,1002064,1,彩虹结晶片,シナリオ進化スキルを獲得して1回育成完了しよう
12,41,2024/08/24 12:00:00,2024/10/01 4:59:59,1002065,1,养成优俊少女招募券,スピードを1200以上で1回育成完了しよう
13,111,2024/08/24 12:00:00,2024/10/01 4:59:59,1002066,1,协助卡招募券,二つ名[トリプルティアラ]を獲得して1回育成完了しよう
1,43,2024/09/10 12:00:00,2024/10/01 4:59:59,1002067,500,宝石,すべての記念ミッション第3弾をクリアしよう
2,255,2024/09/10 12:00:00,2024/10/01 4:59:59,1002068,1,3.5th Anniversary SSR引換券,育成ランク「UG5」以上のウマ娘で1回育成を完了しよう
3,150,2024/09/10 12:00:00,2024/10/01 4:59:59,1002069,1,金结晶片,固有スキルのLvを4以上にして1回育成を完了しよう
4,41,2024/09/10 12:00:00,2024/10/01 4:59:59,1002070,1,养成优俊少女招募券,スキルを15個以上獲得して1回育成を完了しよう
5,111,2024/09/10 12:00:00,2024/10/01 4:59:59,1002071,1,协助卡招募券,進化スキルを含めたレアスキルを5個以上獲得して育成完了しよう
6,110,2024/09/10 12:00:00,2024/10/01 4:59:59,1002072,50000,协助积分,全国興行を1回成功させよう
7,133,2024/09/10 12:00:00,2024/10/01 4:59:59,1002073,1,回忆书签,全国興行を2回成功させよう
8,116,2024/09/10 12:00:00,2024/10/01 4:59:59,1002074,10,干劲满溢甜点,全国興行を4回成功させよう
9,162,2024/09/10 12:00:00,2024/10/01 4:59:59,1002075,3,稀有启发书,全国興行を7回成功させよう
10,163,2024/09/10 12:00:00,2024/10/01 4:59:59,1002076,3,稀有启发专业书,全国興行を10回成功させよう
11,59,2024/09/10 12:00:00,2024/10/01 4:59:59,1002077,100000,金币,デイリーレジェンドレースに1回出走しよう
12,44,2024/09/10 12:00:00,2024/10/01 4:59:59,1002078,10,梦想光辉,デイリーレジェンドレースに2回出走しよう
1,59,2024/09/23 12:00:00,2024/09/30 4:59:59,1002079,40000,金币,【スプリンターズS】全ての育成目標を達成して1回育成完了しよう
2,59,2024/09/23 12:00:00,2024/09/30 4:59:59,1002080,40000,金币,【スプリンターズS】全ての育成目標を達成して2回育成完了しよう
3,95,2024/09/23 12:00:00,2024/09/30 4:59:59,1002081,1,闹钟,【スプリンターズS】育成でキーンランドカップに勝利しよう
4,95,2024/09/23 12:00:00,2024/09/30 4:59:59,1002082,1,闹钟,【スプリンターズS】育成でセントウルステークスに勝利しよう
5,110,2024/09/23 12:00:00,2024/09/30 4:59:59,1002083,10000,协助积分,【スプリンターズS】育成でスプリンターズステークスに勝利しよう
6,43,2024/09/23 12:00:00,2024/09/30 4:59:59,1002084,150,宝石,【スプリンターズS】限定ミッションを全てクリアしよう
1,59,2024/09/26 5:00:00,2024/10/03 4:59:59,1002085,40000,金币,【JDダービー】全ての育成目標を達成して1回育成完了しよう
2,59,2024/09/26 5:00:00,2024/10/03 4:59:59,1002086,40000,金币,【JDダービー】全ての育成目標を達成して2回育成完了しよう
3,95,2024/09/26 5:00:00,2024/10/03 4:59:59,1002087,1,闹钟,【JDダービー】育成で関東オークスに勝利しよう
4,95,2024/09/26 5:00:00,2024/10/03 4:59:59,1002088,1,闹钟,【JDダービー】育成でユニコーンステークスに勝利しよう
5,110,2024/09/26 5:00:00,2024/10/03 4:59:59,1002089,10000,协助积分,【JDダービー】育成でジャパンダートダービーに勝利しよう
6,43,2024/09/26 5:00:00,2024/10/03 4:59:59,1002090,150,宝石,【JDダービー】限定ミッションを全てクリアしよう
1,59,2024/10/07 5:00:00,2024/10/14 4:59:59,1002091,40000,金币,【秋華賞】全ての育成目標を達成して1回育成完了しよう
2,59,2024/10/07 5:00:00,2024/10/14 4:59:59,1002092,40000,金币,【秋華賞】全ての育成目標を達成して2回育成完了しよう
3,95,2024/10/07 5:00:00,2024/10/14 4:59:59,1002093,1,闹钟,【秋華賞】育成で紫苑ステークスの3着以内に入ろう
4,95,2024/10/07 5:00:00,2024/10/14 4:59:59,1002094,1,闹钟,【秋華賞】育成でローズステークスの3着以内に入ろう
5,110,2024/10/07 5:00:00,2024/10/14 4:59:59,1002095,10000,协助积分,【秋華賞】育成で秋華賞に勝利しよう
6,43,2024/10/07 5:00:00,2024/10/14 4:59:59,1002096,150,宝石,【秋華賞】限定ミッションを全てクリアしよう
1,59,2024/10/08 5:00:00,2024/10/15 4:59:59,1002097,40000,金币,【マイルCS南部杯】全ての育成目標を達成して1回育成完了しよう
2,59,2024/10/08 5:00:00,2024/10/15 4:59:59,1002098,40000,金币,【マイルCS南部杯】全ての育成目標を達成して2回育成完了しよう
3,95,2024/10/08 5:00:00,2024/10/15 4:59:59,1002099,2,闹钟,【マイルCS南部杯】育成でクラスターカップに勝利しよう
4,110,2024/10/08 5:00:00,2024/10/15 4:59:59,1002100,10000,协助积分,【マイルCS南部杯】育成でマイルCS南部杯に勝利しよう
5,43,2024/10/08 5:00:00,2024/10/15 4:59:59,1002101,150,宝石,【マイルCS南部杯】限定ミッションを全てクリアしよう
1,59,2024/10/14 5:00:00,2024/10/21 4:59:59,1002102,40000,金币,【菊花賞】全ての育成目標を達成して1回育成完了しよう
2,59,2024/10/14 5:00:00,2024/10/21 4:59:59,1002103,40000,金币,【菊花賞】全ての育成目標を達成して2回育成完了しよう
3,95,2024/10/14 5:00:00,2024/10/21 4:59:59,1002104,1,闹钟,【菊花賞】育成でセントライト記念の3着以内に入ろう
4,95,2024/10/14 5:00:00,2024/10/21 4:59:59,1002105,1,闹钟,【菊花賞】育成で神戸新聞杯の3着以内に入ろう
5,110,2024/10/14 5:00:00,2024/10/21 4:59:59,1002106,10000,协助积分,【菊花賞】育成で菊花賞に勝利しよう
6,43,2024/10/14 5:00:00,2024/10/21 4:59:59,1002107,150,宝石,【菊花賞】限定ミッションを全てクリアしよう
1,59,2024/10/21 12:00:00,2024/10/28 4:59:59,1002108,40000,金币,【天皇賞（秋）】全ての育成目標を達成して1回育成完了しよう
2,59,2024/10/21 12:00:00,2024/10/28 4:59:59,1002109,40000,金币,【天皇賞（秋）】全ての育成目標を達成して2回育成完了しよう
3,95,2024/10/21 12:00:00,2024/10/28 4:59:59,1002110,1,闹钟,【天皇賞（秋）】育成でオールカマーに勝利しよう
4,95,2024/10/21 12:00:00,2024/10/28 4:59:59,1002111,1,闹钟,【天皇賞（秋）】育成で毎日王冠に勝利しよう
5,95,2024/10/21 12:00:00,2024/10/28 4:59:59,1002112,1,闹钟,【天皇賞（秋）】育成で京都大賞典に勝利しよう
6,110,2024/10/21 12:00:00,2024/10/28 4:59:59,1002113,10000,协助积分,【天皇賞（秋）】育成で天皇賞（秋）に勝利しよう
7,43,2024/10/21 12:00:00,2024/10/28 4:59:59,1002114,150,宝石,【天皇賞（秋）】限定ミッションを全てクリアしよう
1,59,2024/10/29 5:00:00,2024/11/05 4:59:59,1002115,40000,金币,【JBC2024】育成でさざんかテレビ杯に勝利しよう
2,95,2024/10/29 5:00:00,2024/11/05 4:59:59,1002116,1,闹钟,【JBC2024】育成でマイルCS南部杯に勝利しよう
3,110,2024/10/29 5:00:00,2024/11/05 4:59:59,1002117,10000,协助积分,【JBC2024】育成でJBCクラシックに勝利しよう
4,59,2024/10/29 5:00:00,2024/11/05 4:59:59,1002118,40000,金币,【JBC2024】育成で東京盃に勝利しよう
5,110,2024/10/29 5:00:00,2024/11/05 4:59:59,1002119,10000,协助积分,【JBC2024】育成でJBCスプリントに勝利しよう
6,95,2024/10/29 5:00:00,2024/11/05 4:59:59,1002120,1,闹钟,【JBC2024】育成でレディスプレリュードに勝利しよう
7,110,2024/10/29 5:00:00,2024/11/05 4:59:59,1002121,10000,协助积分,【JBC2024】育成でJBCレディスクラシックに勝利しよう
8,43,2024/10/29 5:00:00,2024/11/05 4:59:59,1002122,150,宝石,【JBC2024】限定ミッションを全てクリアしよう
1,59,2024/11/04 5:00:00,2024/11/11 4:59:59,1002123,40000,金币,【エリザベス女王杯】全ての育成目標を達成して1回育成完了しよう
2,59,2024/11/04 5:00:00,2024/11/11 4:59:59,1002124,40000,金币,【エリザベス女王杯】全ての育成目標を達成して2回育成完了しよう
3,95,2024/11/04 5:00:00,2024/11/11 4:59:59,1002125,2,闹钟,【エリザベス女王杯】育成で府中ウマ娘ステークスに勝利しよう
4,110,2024/11/04 5:00:00,2024/11/11 4:59:59,1002126,10000,协助积分,【エリザベス女王杯】育成でエリザベス女王杯に勝利しよう
5,43,2024/11/04 5:00:00,2024/11/11 4:59:59,1002127,150,宝石,【エリザベス女王杯】限定ミッションを全てクリアしよう
1,59,2024/11/11 5:00:00,2024/11/18 4:59:59,1002128,40000,金币,【マイルCS】全ての育成目標を達成して1回育成完了しよう
2,59,2024/11/11 5:00:00,2024/11/18 4:59:59,1002129,40000,金币,【マイルCS】全ての育成目標を達成して2回育成完了しよう
3,95,2024/11/11 5:00:00,2024/11/18 4:59:59,1002130,1,闹钟,【マイルCS】育成で富士ステークスに勝利しよう
4,95,2024/11/11 5:00:00,2024/11/18 4:59:59,1002131,1,闹钟,【マイルCS】育成でスワンステークスに勝利しよう
5,110,2024/11/11 5:00:00,2024/11/18 4:59:59,1002132,10000,协助积分,【マイルCS】育成でマイルチャンピオンシップに勝利しよう
6,43,2024/11/11 5:00:00,2024/11/18 4:59:59,1002133,150,宝石,【マイルCS】限定ミッションを全てクリアしよう
1,59,2024/11/18 5:00:00,2024/11/25 4:59:59,1002134,40000,金币,【ジャパンC】全ての育成目標を達成して1回育成完了しよう
2,59,2024/11/18 5:00:00,2024/11/25 4:59:59,1002135,40000,金币,【ジャパンC】全ての育成目標を達成して2回育成完了しよう
3,95,2024/11/18 5:00:00,2024/11/25 4:59:59,1002136,2,闹钟,【ジャパンC】育成で期間中にファン数を累計100万人獲得しよう
4,110,2024/11/18 5:00:00,2024/11/25 4:59:59,1002137,10000,协助积分,【ジャパンC】育成でジャパンカップに勝利しよう
5,43,2024/11/18 5:00:00,2024/11/25 4:59:59,1002138,150,宝石,【ジャパンC】限定ミッションを全てクリアしよう
1,59,2024/11/25 5:00:00,2024/12/02 4:59:59,1002139,40000,金币,【チャンピオンズC】全ての育成目標を達成して1回育成完了しよう
2,59,2024/11/25 5:00:00,2024/12/02 4:59:59,1002140,40000,金币,【チャンピオンズC】全ての育成目標を達成して2回育成完了しよう
3,95,2024/11/25 5:00:00,2024/12/02 4:59:59,1002141,1,闹钟,【チャンピオンズC】育成でみやこステークスに勝利しよう
4,95,2024/11/25 5:00:00,2024/12/02 4:59:59,1002142,1,闹钟,【チャンピオンズC】育成で武蔵野ステークスに勝利しよう
5,110,2024/11/25 5:00:00,2024/12/02 4:59:59,1002143,10000,协助积分,【チャンピオンズC】育成でチャンピオンズカップに勝利しよう
6,43,2024/11/25 5:00:00,2024/12/02 4:59:59,1002144,150,宝石,【チャンピオンズC】限定ミッションを全てクリアしよう
1,59,2024/12/02 12:00:00,2024/12/09 4:59:59,1002145,40000,金币,【阪神JF】全ての育成目標を達成して1回育成完了しよう
2,59,2024/12/02 12:00:00,2024/12/09 4:59:59,1002146,40000,金币,【阪神JF】全ての育成目標を達成して2回育成完了しよう
3,95,2024/12/02 12:00:00,2024/12/09 4:59:59,1002147,1,闹钟,【阪神JF】育成でアルテミスステークスに勝利しよう
4,95,2024/12/02 12:00:00,2024/12/09 4:59:59,1002148,1,闹钟,【阪神JF】育成でファンタジーステークスに勝利しよう
5,110,2024/12/02 12:00:00,2024/12/09 4:59:59,1002149,10000,协助积分,【阪神JF】育成で阪神ジュベナイルフィリーズに勝利しよう
6,43,2024/12/02 12:00:00,2024/12/09 4:59:59,1002150,150,宝石,【阪神JF】限定ミッションを全てクリアしよう
1,59,2024/12/05 5:00:00,2024/12/12 4:59:59,1002151,40000,金币,【全日本ジュニア優駿】全ての育成目標を達成して1回育成完了しよう
2,59,2024/12/05 5:00:00,2024/12/12 4:59:59,1002152,40000,金币,【全日本ジュニア優駿】全ての育成目標を達成して2回育成完了しよう
3,95,2024/12/05 5:00:00,2024/12/12 4:59:59,1002153,2,闹钟,【全日本ジュニア優駿】育成でGⅠレースに10回勝利しよう
4,110,2024/12/05 5:00:00,2024/12/12 4:59:59,1002154,10000,协助积分,【全日本ジュニア優駿】育成で全日本ジュニア優駿に勝利しよう
5,43,2024/12/05 5:00:00,2024/12/12 4:59:59,1002155,150,宝石,【全日本ジュニア優駿】限定ミッションを全てクリアしよう
1,59,2024/12/09 5:00:00,2024/12/16 4:59:59,1002156,40000,金币,【朝日杯FS】全ての育成目標を達成して1回育成完了しよう
2,59,2024/12/09 5:00:00,2024/12/16 4:59:59,1002157,40000,金币,【朝日杯FS】全ての育成目標を達成して2回育成完了しよう
3,95,2024/12/09 5:00:00,2024/12/16 4:59:59,1002158,1,闹钟,【朝日杯FS】育成で京王杯ジュニアステークスに勝利しよう
4,95,2024/12/09 5:00:00,2024/12/16 4:59:59,1002159,1,闹钟,【朝日杯FS】育成でデイリー杯ジュニアステークスに勝利しよう
5,110,2024/12/09 5:00:00,2024/12/16 4:59:59,1002160,10000,协助积分,【朝日杯FS】育成で朝日杯フューチュリティステークスに勝利しよう
6,43,2024/12/09 5:00:00,2024/12/16 4:59:59,1002161,150,宝石,【朝日杯FS】限定ミッションを全てクリアしよう
1,59,2024/12/16 5:00:00,2024/12/23 4:59:59,1002162,40000,金币,【有馬記念】全ての育成目標を達成して1回育成完了しよう
2,59,2024/12/16 5:00:00,2024/12/23 4:59:59,1002163,40000,金币,【有馬記念】全ての育成目標を達成して2回育成完了しよう
3,95,2024/12/16 5:00:00,2024/12/23 4:59:59,1002164,2,闹钟,【有馬記念】育成で期間中にファン数を累計100万人獲得しよう
4,110,2024/12/16 5:00:00,2024/12/23 4:59:59,1002165,10000,协助积分,【有馬記念】育成で有馬記念に勝利しよう
5,43,2024/12/16 5:00:00,2024/12/23 4:59:59,1002166,150,宝石,【有馬記念】限定ミッションを全てクリアしよう
1,59,2024/12/22 5:00:00,2024/12/29 4:59:59,1002167,40000,金币,【ホープフルS】全ての育成目標を達成して1回育成完了しよう
2,59,2024/12/22 5:00:00,2024/12/29 4:59:59,1002168,40000,金币,【ホープフルS】全ての育成目標を達成して2回育成完了しよう
3,95,2024/12/22 5:00:00,2024/12/29 4:59:59,1002169,1,闹钟,【ホープフルS】育成で東京スポーツ杯ジュニアSに勝利しよう
4,95,2024/12/22 5:00:00,2024/12/29 4:59:59,1002170,1,闹钟,【ホープフルS】育成で京都ジュニアステークスに勝利しよう
5,110,2024/12/22 5:00:00,2024/12/29 4:59:59,1002171,10000,协助积分,【ホープフルS】育成でホープフルステークスに勝利しよう
6,43,2024/12/22 5:00:00,2024/12/29 4:59:59,1002172,150,宝石,【ホープフルS】限定ミッションを全てクリアしよう
1,59,2024/12/23 5:00:00,2024/12/30 4:59:59,1002173,40000,金币,【東京大賞典】全ての育成目標を達成して1回育成完了しよう
2,59,2024/12/23 5:00:00,2024/12/30 4:59:59,1002174,40000,金币,【東京大賞典】全ての育成目標を達成して2回育成完了しよう
3,95,2024/12/23 5:00:00,2024/12/30 4:59:59,1002175,2,闹钟,【東京大賞典】育成でGⅠレースに10回勝利しよう
4,110,2024/12/23 5:00:00,2024/12/30 4:59:59,1002176,10000,协助积分,【東京大賞典】育成で東京大賞典に勝利しよう
5,43,2024/12/23 5:00:00,2024/12/30 4:59:59,1002177,150,宝石,【東京大賞典】限定ミッションを全てクリアしよう
1,43,2024/10/29 12:00:00,2024/11/29 4:59:59,1002178,500,宝石,すべての記念ミッションをクリアしよう
2,95,2024/10/29 12:00:00,2024/11/29 4:59:59,1002179,10,闹钟,メカウマ娘編で育成を1回完了しよう
3,32,2024/10/29 12:00:00,2024/11/29 4:59:59,1002180,10,能量饮料30,メカウマ娘編で育成を3回完了しよう
4,41,2024/10/29 12:00:00,2024/11/29 4:59:59,1002181,1,养成优俊少女招募券,メカウマ娘編で育成を5回完了しよう
5,160,2024/10/29 12:00:00,2024/11/29 4:59:59,1002182,15,启发书,メカウマ娘編の第1回 Upgrade ExamでA評価以上にしよう
6,162,2024/10/29 12:00:00,2024/11/29 4:59:59,1002183,8,稀有启发书,メカウマ娘編の第2回 Upgrade ExamでA評価以上にしよう
7,150,2024/10/29 12:00:00,2024/11/29 4:59:59,1002184,1,金结晶片,メカウマ娘編の第3回 Upgrade ExamでA評価以上にしよう
8,111,2024/10/29 12:00:00,2024/11/29 4:59:59,1002185,1,协助卡招募券,メカウマ娘編の第4回 Upgrade ExamでA評価以上にしよう
9,149,2024/10/29 12:00:00,2024/11/29 4:59:59,1002186,1,彩虹结晶片,メカウマ娘編の第5回 Upgrade ExamでA評価以上にしよう
10,59,2024/10/29 12:00:00,2024/11/29 4:59:59,1002187,200000,金币,メカウマ娘編でメカギア発生中のトレーニングを100回成功しよう
11,110,2024/10/29 12:00:00,2024/11/29 4:59:59,1002188,50000,协助积分,メカウマ娘編で研究Lvを累計5000Lv上昇させよう
12,44,2024/10/29 12:00:00,2024/11/29 4:59:59,1002189,20,梦想光辉,メカウマ娘編でオーバードライブを累計50回発動しよう
1,59,2025/02/17 12:00:00,2025/02/24 4:59:59,1002190,40000,金币,【フェブラリーＳ】全ての育成目標を達成して1回育成完了しよう
2,59,2025/02/17 12:00:00,2025/02/24 4:59:59,1002191,40000,金币,【フェブラリーＳ】全ての育成目標を達成して2回育成完了しよう
3,95,2025/02/17 12:00:00,2025/02/24 4:59:59,1002192,1,闹钟,【フェブラリーＳ】育成で根岸ステークスに勝利しよう
4,95,2025/02/17 12:00:00,2025/02/24 4:59:59,1002193,1,闹钟,【フェブラリーＳ】育成で東海ステークスに勝利しよう
5,110,2025/02/17 12:00:00,2025/02/24 4:59:59,1002194,10000,协助积分,【フェブラリーＳ】育成でフェブラリーステークスに勝利しよう
6,43,2025/02/17 12:00:00,2025/02/24 4:59:59,1002195,150,宝石,【フェブラリーＳ】限定ミッションを全てクリアしよう
1,43,2025/02/14 12:00:00,2025/04/01 4:59:59,1002196,500,宝石,すべての記念ミッション第1弾をクリアしよう
2,59,2025/02/14 12:00:00,2025/04/01 4:59:59,1002197,200000,金币,期間中にファン数を累計50万人獲得しよう
3,160,2025/02/14 12:00:00,2025/04/01 4:59:59,1002198,24,启发书,期間中にファン数を累計100万人獲得しよう
4,41,2025/02/14 12:00:00,2025/04/01 4:59:59,1002199,1,养成优俊少女招募券,期間中にファン数を累計200万人獲得しよう
5,110,2025/02/14 12:00:00,2025/04/01 4:59:59,1002200,50000,协助积分,デイリーレースに6回出走しよう
6,34,2025/02/14 12:00:00,2025/04/01 4:59:59,1002201,10,迷你胡萝卜果冻,デイリーレースに18回出走しよう
7,95,2025/02/14 12:00:00,2025/04/01 4:59:59,1002202,10,闹钟,デイリーレースに30回出走しよう
8,133,2025/02/14 12:00:00,2025/04/01 4:59:59,1002203,1,回忆书签,チーム競技場でスコアを累計100万以上獲得しよう
9,161,2025/02/14 12:00:00,2025/04/01 4:59:59,1002204,12,启发专业书,チーム競技場でスコアを累計200万以上獲得しよう
10,98,2025/02/14 12:00:00,2025/04/01 4:59:59,1002205,2500,好友积分,チーム競技場でスコアを累計300万以上獲得しよう
11,162,2025/02/14 12:00:00,2025/04/01 4:59:59,1002206,6,稀有启发书,チーム競技場でスコアを累計500万以上獲得しよう
12,44,2025/02/14 12:00:00,2025/04/01 4:59:59,1002207,50,梦想光辉,チーム競技場でスコアを累計700万以上獲得しよう
13,111,2025/02/14 12:00:00,2025/04/01 4:59:59,1002208,1,协助卡招募券,チーム競技場でスコアを累計1000万以上獲得しよう
1,43,2025/02/24 12:00:00,2025/04/01 4:59:59,1002209,500,宝石,すべての記念ミッション第2弾をクリアしよう
2,30243,2025/02/24 12:00:00,2025/04/01 4:59:59,1002210,1,,Legends編で育成を1回完了しよう
3,41,2025/02/24 12:00:00,2025/04/01 4:59:59,1002211,1,养成优俊少女招募券,Legends編で育成を3回完了しよう
4,149,2025/02/24 12:00:00,2025/04/01 4:59:59,1002212,1,彩虹结晶片,Legends編で育成を5回完了しよう
5,133,2025/02/24 12:00:00,2025/04/01 4:59:59,1002213,1,回忆书签,Legends編で導きを1回授かろう
6,98,2025/02/24 12:00:00,2025/04/01 4:59:59,1002214,2500,好友积分,Legends編で導きを3回授かろう
7,30243,2025/02/24 12:00:00,2025/04/01 4:59:59,1002215,1,,Legends編のDream Fest Legendで優勝しよう
8,111,2025/02/24 12:00:00,2025/04/01 4:59:59,1002216,1,协助卡招募券,Legends編でセントライトの指南ゲージを累計5回最大にしよう
9,30243,2025/02/24 12:00:00,2025/04/01 4:59:59,1002217,1,,Legends編でスピードシンボリの指南ゲージを累計5回最大にしよう
10,150,2025/02/24 12:00:00,2025/04/01 4:59:59,1002218,1,金结晶片,Legends編でハイセイコーの指南ゲージを累計5回最大にしよう
11,59,2025/02/24 12:00:00,2025/04/01 4:59:59,1002219,200000,金币,Legends編でセントライトの心得を累計5回習得しよう
12,110,2025/02/24 12:00:00,2025/04/01 4:59:59,1002220,50000,协助积分,Legends編でスピードシンボリの心得を累計5回習得しよう
13,44,2025/02/24 12:00:00,2025/04/01 4:59:59,1002221,50,梦想光辉,Legends編でハイセイコーの心得を累計5回習得しよう
1,43,2025/03/11 12:00:00,2025/04/01 4:59:59,1002222,500,宝石,すべての記念ミッション第3弾をクリアしよう
2,271,2025/03/11 12:00:00,2025/04/01 4:59:59,1002223,1,4th Anniversary SSR引換券,Legends編のレジェンドウマ娘が出走するレースで3回優勝しよう
3,133,2025/03/11 12:00:00,2025/04/01 4:59:59,1002224,1,回忆书签,Legends編で★3の心得を累計5回獲得しよう
4,116,2025/03/11 12:00:00,2025/04/01 4:59:59,1002225,10,干劲满溢甜点,Legends編で★3の心得を累計10回獲得しよう
5,59,2025/03/11 12:00:00,2025/04/01 4:59:59,1002226,200000,金币,Legends編で★3の心得を累計15回獲得しよう
6,163,2025/03/11 12:00:00,2025/04/01 4:59:59,1002227,6,稀有启发专业书,Legends編のDream Fest Sprint Legendで優勝しよう
7,110,2025/03/11 12:00:00,2025/04/01 4:59:59,1002228,50000,协助积分,Legends編のDream Fest Mile Legendで優勝しよう
8,41,2025/03/11 12:00:00,2025/04/01 4:59:59,1002229,1,养成优俊少女招募券,Legends編のDream Fest Classic Legendで優勝しよう
9,162,2025/03/11 12:00:00,2025/04/01 4:59:59,1002230,6,稀有启发书,Legends編のDream Fest Long Legendで優勝しよう
10,111,2025/03/11 12:00:00,2025/04/01 4:59:59,1002231,1,协助卡招募券,Legends編のDream Fest Dirt Legendで優勝しよう
11,44,2025/03/11 12:00:00,2025/04/01 4:59:59,1002232,50,梦想光辉,デイリーレジェンドレースに1回出走しよう
12,150,2025/03/11 12:00:00,2025/04/01 4:59:59,1002233,1,金结晶片,デイリーレジェンドレースに2回出走しよう
1,59,2025/03/24 12:00:00,2025/03/31 4:59:59,1002234,40000,金币,【高松宮記念】全ての育成目標を達成して1回育成完了しよう
2,59,2025/03/24 12:00:00,2025/03/31 4:59:59,1002235,40000,金币,【高松宮記念】全ての育成目標を達成して2回育成完了しよう
3,95,2025/03/24 12:00:00,2025/03/31 4:59:59,1002236,1,闹钟,【高松宮記念】育成で阪急杯に勝利しよう
4,95,2025/03/24 12:00:00,2025/03/31 4:59:59,1002237,1,闹钟,【高松宮記念】育成でオーシャンステークスに勝利しよう
5,110,2025/03/24 12:00:00,2025/03/31 4:59:59,1002238,10000,协助积分,【高松宮記念】育成で高松宮記念に勝利しよう
6,43,2025/03/24 12:00:00,2025/03/31 4:59:59,1002239,150,宝石,【高松宮記念】限定ミッションを全てクリアしよう
1,59,2025/03/31 5:00:00,2025/04/07 4:59:59,1002240,40000,金币,【大阪杯】全ての育成目標を達成して1回育成完了しよう
2,59,2025/03/31 5:00:00,2025/04/07 4:59:59,1002241,40000,金币,【大阪杯】全ての育成目標を達成して2回育成完了しよう
3,95,2025/03/31 5:00:00,2025/04/07 4:59:59,1002242,1,闹钟,【大阪杯】育成で中山記念に勝利しよう
4,95,2025/03/31 5:00:00,2025/04/07 4:59:59,1002243,1,闹钟,【大阪杯】育成で金鯱賞に勝利しよう
5,110,2025/03/31 5:00:00,2025/04/07 4:59:59,1002244,10000,协助积分,【大阪杯】育成で大阪杯に勝利しよう
6,43,2025/03/31 5:00:00,2025/04/07 4:59:59,1002245,150,宝石,【大阪杯】限定ミッションを全てクリアしよう
1,59,2025/04/03 5:00:00,2025/04/10 4:59:59,1002246,40000,金币,【川崎記念】全ての育成目標を達成して1回育成完了しよう
2,59,2025/04/03 5:00:00,2025/04/10 4:59:59,1002247,40000,金币,【川崎記念】全ての育成目標を達成して2回育成完了しよう
3,95,2025/04/03 5:00:00,2025/04/10 4:59:59,1002248,2,闹钟,【川崎記念】育成でGⅠレースに10回勝利しよう
4,110,2025/04/03 5:00:00,2025/04/10 4:59:59,1002249,10000,协助积分,【川崎記念】育成で川崎記念に勝利しよう
5,43,2025/04/03 5:00:00,2025/04/10 4:59:59,1002250,150,宝石,【川崎記念】限定ミッションを全てクリアしよう
1,59,2025/04/07 5:00:00,2025/04/14 4:59:59,1002251,40000,金币,【桜花賞】全ての育成目標を達成して1回育成完了しよう
2,59,2025/04/07 5:00:00,2025/04/14 4:59:59,1002252,40000,金币,【桜花賞】全ての育成目標を達成して2回育成完了しよう
3,95,2025/04/07 5:00:00,2025/04/14 4:59:59,1002253,1,闹钟,【桜花賞】育成でチューリップ賞の3着以内に入ろう
4,95,2025/04/07 5:00:00,2025/04/14 4:59:59,1002254,1,闹钟,【桜花賞】育成でフィリーズレビューの3着以内に入ろう
5,110,2025/04/07 5:00:00,2025/04/14 4:59:59,1002255,10000,协助积分,【桜花賞】育成で桜花賞に勝利しよう
6,43,2025/04/07 5:00:00,2025/04/14 4:59:59,1002256,150,宝石,【桜花賞】限定ミッションを全てクリアしよう
1,59,2025/04/14 5:00:00,2025/04/21 4:59:59,1002257,40000,金币,【皐月賞】全ての育成目標を達成して1回育成完了しよう
2,59,2025/04/14 5:00:00,2025/04/21 4:59:59,1002258,40000,金币,【皐月賞】全ての育成目標を達成して2回育成完了しよう
3,95,2025/04/14 5:00:00,2025/04/21 4:59:59,1002259,1,闹钟,【皐月賞】育成で弥生賞の3着以内に入ろう
4,95,2025/04/14 5:00:00,2025/04/21 4:59:59,1002260,1,闹钟,【皐月賞】育成でスプリングステークスの3着以内に入ろう
5,110,2025/04/14 5:00:00,2025/04/21 4:59:59,1002261,10000,协助积分,【皐月賞】育成で皐月賞に勝利しよう
6,43,2025/04/14 5:00:00,2025/04/21 4:59:59,1002262,150,宝石,【皐月賞】限定ミッションを全てクリアしよう
1,59,2025/04/28 12:00:00,2025/05/05 4:59:59,1002263,40000,金币,【天皇賞（春）】全ての育成目標を達成して1回育成完了しよう
2,59,2025/04/28 12:00:00,2025/05/05 4:59:59,1002264,40000,金币,【天皇賞（春）】全ての育成目標を達成して2回育成完了しよう
3,95,2025/04/28 12:00:00,2025/05/05 4:59:59,1002265,1,闹钟,【天皇賞（春）】育成で阪神大賞典に勝利しよう
4,95,2025/04/28 12:00:00,2025/05/05 4:59:59,1002266,1,闹钟,【天皇賞（春）】育成で日経賞に勝利しよう
5,110,2025/04/28 12:00:00,2025/05/05 4:59:59,1002267,10000,协助积分,【天皇賞（春）】育成で天皇賞（春）に勝利しよう
6,43,2025/04/28 12:00:00,2025/05/05 4:59:59,1002268,150,宝石,【天皇賞（春）】限定ミッションを全てクリアしよう
1,59,2025/04/29 5:00:00,2025/05/06 4:59:59,1002269,40000,金币,【かしわ記念】全ての育成目標を達成して1回育成完了しよう
2,59,2025/04/29 5:00:00,2025/05/06 4:59:59,1002270,40000,金币,【かしわ記念】全ての育成目標を達成して2回育成完了しよう
3,95,2025/04/29 5:00:00,2025/05/06 4:59:59,1002271,2,闹钟,【かしわ記念】育成で東京スプリントの2着以内に入ろう
4,110,2025/04/29 5:00:00,2025/05/06 4:59:59,1002272,10000,协助积分,【かしわ記念】育成でかしわ記念に勝利しよう
5,43,2025/04/29 5:00:00,2025/05/06 4:59:59,1002273,150,宝石,【かしわ記念】限定ミッションを全てクリアしよう
1,59,2025/05/05 5:00:00,2025/05/12 4:59:59,1002274,40000,金币,【NHKマイルC】全ての育成目標を達成して1回育成完了しよう
2,59,2025/05/05 5:00:00,2025/05/12 4:59:59,1002275,40000,金币,【NHKマイルC】全ての育成目標を達成して2回育成完了しよう
3,95,2025/05/05 5:00:00,2025/05/12 4:59:59,1002276,1,闹钟,【NHKマイルC】育成でアーリントンカップの3着以内に入ろう
4,95,2025/05/05 5:00:00,2025/05/12 4:59:59,1002277,1,闹钟,【NHKマイルC】育成でニュージーランドトロフィー3着以内入ろう
5,110,2025/05/05 5:00:00,2025/05/12 4:59:59,1002278,10000,协助积分,【NHKマイルC】育成でNHKマイルカップに勝利しよう
6,43,2025/05/05 5:00:00,2025/05/12 4:59:59,1002279,150,宝石,【NHKマイルC】限定ミッションを全てクリアしよう
1,59,2025/05/12 5:00:00,2025/05/19 4:59:59,1002280,40000,金币,【ヴィクトリアマイル】全ての育成目標を達成して1回育成完了しよう
2,59,2025/05/12 5:00:00,2025/05/19 4:59:59,1002281,40000,金币,【ヴィクトリアマイル】全ての育成目標を達成して2回育成完了しよう
3,95,2025/05/12 5:00:00,2025/05/19 4:59:59,1002282,1,闹钟,【ヴィクトリアマイル】育成で阪神ウマ娘ステークスに勝利しよう
4,95,2025/05/12 5:00:00,2025/05/19 4:59:59,1002283,1,闹钟,【ヴィクトリアマイル】育成で福島ウマ娘ステークスに勝利しよう
5,110,2025/05/12 5:00:00,2025/05/19 4:59:59,1002284,10000,协助积分,【ヴィクトリアマイル】育成でヴィクトリアマイルに勝利しよう
6,43,2025/05/12 5:00:00,2025/05/19 4:59:59,1002285,150,宝石,【ヴィクトリアマイル】限定ミッションを全てクリアしよう
1,59,2025/05/19 5:00:00,2025/05/26 4:59:59,1002286,40000,金币,【オークス】全ての育成目標を達成して1回育成完了しよう
2,59,2025/05/19 5:00:00,2025/05/26 4:59:59,1002287,40000,金币,【オークス】全ての育成目標を達成して2回育成完了しよう
3,95,2025/05/19 5:00:00,2025/05/26 4:59:59,1002288,1,闹钟,【オークス】育成で桜花賞の5着以内に入ろう
4,95,2025/05/19 5:00:00,2025/05/26 4:59:59,1002289,1,闹钟,【オークス】育成でフローラステークスの2着以内に入ろう
5,110,2025/05/19 5:00:00,2025/05/26 4:59:59,1002290,10000,协助积分,【オークス】育成でオークスに勝利しよう
6,43,2025/05/19 5:00:00,2025/05/26 4:59:59,1002291,150,宝石,【オークス】限定ミッションを全てクリアしよう
1,59,2025/05/26 12:00:00,2025/06/02 4:59:59,1002292,40000,金币,【日本ダービー】全ての育成目標を達成して1回育成完了しよう
2,59,2025/05/26 12:00:00,2025/06/02 4:59:59,1002293,40000,金币,【日本ダービー】全ての育成目標を達成して2回育成完了しよう
3,95,2025/05/26 12:00:00,2025/06/02 4:59:59,1002294,1,闹钟,【日本ダービー】育成で皐月賞の5着以内に入ろう
4,95,2025/05/26 12:00:00,2025/06/02 4:59:59,1002295,1,闹钟,【日本ダービー】育成で青葉賞の2着以内に入ろう
5,95,2025/05/26 12:00:00,2025/06/02 4:59:59,1002296,1,闹钟,【日本ダービー】育成で京都新聞杯に勝利しよう
6,110,2025/05/26 12:00:00,2025/06/02 4:59:59,1002297,10000,协助积分,【日本ダービー】育成で日本ダービーに勝利しよう
7,43,2025/05/26 12:00:00,2025/06/02 4:59:59,1002298,150,宝石,【日本ダービー】限定ミッションを全てクリアしよう
1,59,2025/06/02 5:00:00,2025/06/09 4:59:59,1002299,40000,金币,【安田記念】全ての育成目標を達成して1回育成完了しよう
2,59,2025/06/02 5:00:00,2025/06/09 4:59:59,1002300,40000,金币,【安田記念】全ての育成目標を達成して2回育成完了しよう
3,95,2025/06/02 5:00:00,2025/06/09 4:59:59,1002301,1,闹钟,【安田記念】育成でマイラーズカップに勝利しよう
4,95,2025/06/02 5:00:00,2025/06/09 4:59:59,1002302,1,闹钟,【安田記念】育成で京王杯スプリングカップに勝利しよう
5,110,2025/06/02 5:00:00,2025/06/09 4:59:59,1002303,10000,协助积分,【安田記念】育成で安田記念に勝利しよう
6,43,2025/06/02 5:00:00,2025/06/09 4:59:59,1002304,150,宝石,【安田記念】限定ミッションを全てクリアしよう
1,59,2025/06/09 5:00:00,2025/06/16 4:59:59,1002305,40000,金币,【宝塚記念】全ての育成目標を達成して1回育成完了しよう
2,59,2025/06/09 5:00:00,2025/06/16 4:59:59,1002306,40000,金币,【宝塚記念】全ての育成目標を達成して2回育成完了しよう
3,95,2025/06/09 5:00:00,2025/06/16 4:59:59,1002307,2,闹钟,【宝塚記念】育成で期間中にファン数を累計100万人獲得しよう
4,110,2025/06/09 5:00:00,2025/06/16 4:59:59,1002308,10000,协助积分,【宝塚記念】育成で宝塚記念に勝利しよう
5,43,2025/06/09 5:00:00,2025/06/16 4:59:59,1002309,150,宝石,【宝塚記念】限定ミッションを全てクリアしよう
1,59,2025/06/26 5:00:00,2025/07/03 4:59:59,1002310,40000,金币,【帝王賞】全ての育成目標を達成して1回育成完了しよう
2,59,2025/06/26 5:00:00,2025/07/03 4:59:59,1002311,40000,金币,【帝王賞】全ての育成目標を達成して2回育成完了しよう
3,95,2025/06/26 5:00:00,2025/07/03 4:59:59,1002312,2,闹钟,【帝王賞】育成でかしわ記念の2着以内に入ろう
4,110,2025/06/26 5:00:00,2025/07/03 4:59:59,1002313,10000,协助积分,【帝王賞】育成で帝王賞に勝利しよう
5,43,2025/06/26 5:00:00,2025/07/03 4:59:59,1002314,150,宝石,【帝王賞】限定ミッションを全てクリアしよう
1,43,2025/06/27 12:00:00,2025/07/31 4:59:59,1002315,500,宝石,すべての記念ミッションをクリアしよう
2,95,2025/06/27 12:00:00,2025/07/31 4:59:59,1002316,10,闹钟,無人島編で育成を1回完了しよう
3,32,2025/06/27 12:00:00,2025/07/31 4:59:59,1002317,10,能量饮料30,無人島編で育成を3回完了しよう
4,41,2025/06/27 12:00:00,2025/07/31 4:59:59,1002318,1,养成优俊少女招募券,無人島編で育成を5回完了しよう
5,160,2025/06/27 12:00:00,2025/07/31 4:59:59,1002319,15,启发书,無人島編の第1回トレセン島評価会で1回大好評にしよう
6,162,2025/06/27 12:00:00,2025/07/31 4:59:59,1002320,8,稀有启发书,無人島編の第2回トレセン島評価会で1回大好評にしよう
7,150,2025/06/27 12:00:00,2025/07/31 4:59:59,1002321,1,金结晶片,無人島編の第3回トレセン島評価会で1回大好評にしよう
8,111,2025/06/27 12:00:00,2025/07/31 4:59:59,1002322,1,协助卡招募券,無人島編の第4回トレセン島評価会で1回大好評にしよう
9,149,2025/06/27 12:00:00,2025/07/31 4:59:59,1002323,1,彩虹结晶片,無人島編の最終評価会で1回大好評にしよう
10,59,2025/06/27 12:00:00,2025/07/31 4:59:59,1002324,200000,金币,無人島編で発展Ptを累計10000pt獲得しよう
11,110,2025/06/27 12:00:00,2025/07/31 4:59:59,1002325,50000,协助积分,無人島編でいずれかの施設のLVを累計5回MAXにしよう
12,44,2025/06/27 12:00:00,2025/07/31 4:59:59,1002326,20,梦想光辉,無人島編で島トレーニングを累計30回実行しよう
1,43,2025/08/14 12:00:00,2025/09/30 4:59:59,1002327,500,宝石,すべての記念ミッション第1弾をクリアしよう
2,59,2025/08/14 12:00:00,2025/09/30 4:59:59,1002328,200000,金币,期間中にファン数を累計50万人獲得しよう
3,160,2025/08/14 12:00:00,2025/09/30 4:59:59,1002329,24,启发书,期間中にファン数を累計100万人獲得しよう
4,41,2025/08/14 12:00:00,2025/09/30 4:59:59,1002330,1,养成优俊少女招募券,期間中にファン数を累計200万人獲得しよう
5,110,2025/08/14 12:00:00,2025/09/30 4:59:59,1002331,50000,协助积分,デイリーレースに6回出走しよう
6,34,2025/08/14 12:00:00,2025/09/30 4:59:59,1002332,10,迷你胡萝卜果冻,デイリーレースに18回出走しよう
7,95,2025/08/14 12:00:00,2025/09/30 4:59:59,1002333,10,闹钟,デイリーレースに30回出走しよう
8,161,2025/08/14 12:00:00,2025/09/30 4:59:59,1002334,12,启发专业书,全国興行を1回成功させよう
9,98,2025/08/14 12:00:00,2025/09/30 4:59:59,1002335,2500,好友积分,全国興行を5回成功させよう
10,44,2025/08/14 12:00:00,2025/09/30 4:59:59,1002336,20,梦想光辉,全国興行を10回成功させよう
11,133,2025/08/14 12:00:00,2025/09/30 4:59:59,1002337,1,回忆书签,チーム競技場でスコアを累計100万以上獲得しよう
12,162,2025/08/14 12:00:00,2025/09/30 4:59:59,1002338,6,稀有启发书,チーム競技場でスコアを累計500万以上獲得しよう
13,111,2025/08/14 12:00:00,2025/09/30 4:59:59,1002339,1,协助卡招募券,チーム競技場でスコアを累計1000万以上獲得しよう
1,43,2025/08/24 12:00:00,2025/09/30 4:59:59,1002340,500,宝石,すべての記念ミッション第2弾をクリアしよう
2,30266,2025/08/24 12:00:00,2025/09/30 4:59:59,1002341,1,,育成を1回完了しよう
3,59,2025/08/24 12:00:00,2025/09/30 4:59:59,1002342,200000,金币,育成を2回完了しよう
4,98,2025/08/24 12:00:00,2025/09/30 4:59:59,1002343,2500,好友积分,育成を3回完了しよう
5,150,2025/08/24 12:00:00,2025/09/30 4:59:59,1002344,1,金结晶片,育成を5回完了しよう
6,30266,2025/08/24 12:00:00,2025/09/30 4:59:59,1002345,1,,覚醒Lvを3以上にしたウマ娘で1回育成を完了しよう
7,133,2025/08/24 12:00:00,2025/09/30 4:59:59,1002346,1,回忆书签,ヒントLvを強化したウマ娘で1回育成を完了しよう
8,30266,2025/08/24 12:00:00,2025/09/30 4:59:59,1002347,1,,スキルを12個以上獲得して1回育成を完了しよう
9,110,2025/08/24 12:00:00,2025/09/30 4:59:59,1002348,50000,协助积分,育成ランク「UG」以上のウマ娘で1回育成を完了しよう
10,44,2025/08/24 12:00:00,2025/09/30 4:59:59,1002349,20,梦想光辉,育成ランク「UG1」以上のウマ娘で1回育成を完了しよう
11,149,2025/08/24 12:00:00,2025/09/30 4:59:59,1002350,1,彩虹结晶片,シナリオ進化スキルを獲得して1回育成完了しよう
12,41,2025/08/24 12:00:00,2025/09/30 4:59:59,1002351,1,养成优俊少女招募券,スピードを1200以上で1回育成完了しよう
13,111,2025/08/24 12:00:00,2025/09/30 4:59:59,1002352,1,协助卡招募券,二つ名[トリプルティアラ]を獲得して1回育成完了しよう
1,43,2025/09/09 12:00:00,2025/09/30 4:59:59,1002353,500,宝石,すべての記念ミッション第3弾をクリアしよう
2,290,2025/09/09 12:00:00,2025/09/30 4:59:59,1002354,1,4.5th Anniversary SSR引換券,育成ランク「UE5」以上のウマ娘で1回育成を完了しよう
3,150,2025/09/09 12:00:00,2025/09/30 4:59:59,1002355,1,金结晶片,固有スキルのLvを4以上にして1回育成を完了しよう
4,41,2025/09/09 12:00:00,2025/09/30 4:59:59,1002356,1,养成优俊少女招募券,スキルを15個以上獲得して1回育成を完了しよう
5,111,2025/09/09 12:00:00,2025/09/30 4:59:59,1002357,1,协助卡招募券,進化スキルを含めたレアスキルを5個以上獲得して育成完了しよう
6,133,2025/09/09 12:00:00,2025/09/30 4:59:59,1002358,1,回忆书签,いずれかの基礎能力1000以上を1つ以上で1回育成を完了しよう
7,162,2025/09/09 12:00:00,2025/09/30 4:59:59,1002359,6,稀有启发书,いずれかの基礎能力1000以上を2つ以上で1回育成を完了しよう
8,163,2025/09/09 12:00:00,2025/09/30 4:59:59,1002360,6,稀有启发专业书,いずれかの基礎能力1000以上を3つ以上で1回育成を完了しよう
9,110,2025/09/09 12:00:00,2025/09/30 4:59:59,1002361,50000,协助积分,ウマさんぽへ1回行こう
10,116,2025/09/09 12:00:00,2025/09/30 4:59:59,1002362,10,干劲满溢甜点,ウマさんぽへ2回行こう
11,59,2025/09/09 12:00:00,2025/09/30 4:59:59,1002363,200000,金币,デイリーレジェンドレースに1回出走しよう
12,44,2025/09/09 12:00:00,2025/09/30 4:59:59,1002364,20,梦想光辉,デイリーレジェンドレースに2回出走しよう
1,95,2025/09/22 12:00:00,2025/09/29 4:59:59,1002365,1,闹钟,【スプリンターズS】全ての育成目標を達成して1回育成完了しよう
2,59,2025/09/22 12:00:00,2025/09/29 4:59:59,1002366,80000,金币,【スプリンターズS】全ての育成目標を達成して2回育成完了しよう
3,44,2025/09/22 12:00:00,2025/09/29 4:59:59,1002367,3,梦想光辉,【スプリンターズS】全ての育成目標を達成して3回育成完了しよう
4,98,2025/09/22 12:00:00,2025/09/29 4:59:59,1002368,10000,好友积分,【スプリンターズS】育成でスプリンターズステークスに勝利しよう
5,43,2025/09/22 12:00:00,2025/09/29 4:59:59,1002369,150,宝石,【スプリンターズS】限定ミッションを全てクリアしよう
1,95,2025/10/02 5:00:00,2025/10/09 4:59:59,1002370,1,闹钟,【JDダービー】全ての育成目標を達成して1回育成完了しよう
2,59,2025/10/02 5:00:00,2025/10/09 4:59:59,1002371,80000,金币,【JDダービー】全ての育成目標を達成して2回育成完了しよう
3,44,2025/10/02 5:00:00,2025/10/09 4:59:59,1002372,3,梦想光辉,【JDダービー】全ての育成目標を達成して3回育成完了しよう
4,98,2025/10/02 5:00:00,2025/10/09 4:59:59,1002373,10000,好友积分,【JDダービー】育成でジャパンダートダービーに勝利しよう
5,43,2025/10/02 5:00:00,2025/10/09 4:59:59,1002374,150,宝石,【JDダービー】限定ミッションを全てクリアしよう
1,95,2025/10/07 5:00:00,2025/10/14 4:59:59,1002375,1,闹钟,【マイルCS南部杯】全ての育成目標を達成して1回育成完了しよう
2,59,2025/10/07 5:00:00,2025/10/14 4:59:59,1002376,80000,金币,【マイルCS南部杯】全ての育成目標を達成して2回育成完了しよう
3,44,2025/10/07 5:00:00,2025/10/14 4:59:59,1002377,3,梦想光辉,【マイルCS南部杯】全ての育成目標を達成して3回育成完了しよう
4,98,2025/10/07 5:00:00,2025/10/14 4:59:59,1002378,10000,好友积分,【マイルCS南部杯】育成でマイルCS南部杯に勝利しよう
5,43,2025/10/07 5:00:00,2025/10/14 4:59:59,1002379,150,宝石,【マイルCS南部杯】限定ミッションを全てクリアしよう
1,95,2025/10/13 5:00:00,2025/10/20 4:59:59,1002380,1,闹钟,【秋華賞】全ての育成目標を達成して1回育成完了しよう
2,59,2025/10/13 5:00:00,2025/10/20 4:59:59,1002381,80000,金币,【秋華賞】全ての育成目標を達成して2回育成完了しよう
3,44,2025/10/13 5:00:00,2025/10/20 4:59:59,1002382,3,梦想光辉,【秋華賞】全ての育成目標を達成して3回育成完了しよう
4,98,2025/10/13 5:00:00,2025/10/20 4:59:59,1002383,10000,好友积分,【秋華賞】育成で秋華賞に勝利しよう
5,43,2025/10/13 5:00:00,2025/10/20 4:59:59,1002384,150,宝石,【秋華賞】限定ミッションを全てクリアしよう
1,95,2025/10/20 5:00:00,2025/10/27 4:59:59,1002385,1,闹钟,【菊花賞】全ての育成目標を達成して1回育成完了しよう
2,59,2025/10/20 5:00:00,2025/10/27 4:59:59,1002386,80000,金币,【菊花賞】全ての育成目標を達成して2回育成完了しよう
3,44,2025/10/20 5:00:00,2025/10/27 4:59:59,1002387,3,梦想光辉,【菊花賞】全ての育成目標を達成して3回育成完了しよう
4,98,2025/10/20 5:00:00,2025/10/27 4:59:59,1002388,10000,好友积分,【菊花賞】育成で菊花賞に勝利しよう
5,43,2025/10/20 5:00:00,2025/10/27 4:59:59,1002389,150,宝石,【菊花賞】限定ミッションを全てクリアしよう
1,95,2025/10/27 12:00:00,2025/11/03 4:59:59,1002390,1,闹钟,【天皇賞（秋）】全ての育成目標を達成して1回育成完了しよう
2,59,2025/10/27 12:00:00,2025/11/03 4:59:59,1002391,80000,金币,【天皇賞（秋）】全ての育成目標を達成して2回育成完了しよう
3,44,2025/10/27 12:00:00,2025/11/03 4:59:59,1002392,3,梦想光辉,【天皇賞（秋）】全ての育成目標を達成して3回育成完了しよう
4,98,2025/10/27 12:00:00,2025/11/03 4:59:59,1002393,10000,好友积分,【天皇賞（秋）】育成で天皇賞（秋）に勝利しよう
5,43,2025/10/27 12:00:00,2025/11/03 4:59:59,1002394,150,宝石,【天皇賞（秋）】限定ミッションを全てクリアしよう
1,95,2025/10/28 5:00:00,2025/11/04 4:59:59,1002395,1,闹钟,【JBC2025】全ての育成目標を達成して1回育成完了しよう
2,59,2025/10/28 5:00:00,2025/11/04 4:59:59,1002396,80000,金币,【JBC2025】全ての育成目標を達成して2回育成完了しよう
3,44,2025/10/28 5:00:00,2025/11/04 4:59:59,1002397,3,梦想光辉,【JBC2025】全ての育成目標を達成して3回育成完了しよう
4,98,2025/10/28 5:00:00,2025/11/04 4:59:59,1002398,10000,好友积分,【JBC2025】育成でJBCクラシックに勝利しよう
5,98,2025/10/28 5:00:00,2025/11/04 4:59:59,1002399,10000,好友积分,【JBC2025】育成でJBCスプリントに勝利しよう
6,98,2025/10/28 5:00:00,2025/11/04 4:59:59,1002400,10000,好友积分,【JBC2025】育成でJBCレディスクラシックに勝利しよう
7,43,2025/10/28 5:00:00,2025/11/04 4:59:59,1002401,150,宝石,【JBC2025】限定ミッションを全てクリアしよう
1,95,2025/11/10 5:00:00,2025/11/17 4:59:59,1002402,1,闹钟,【エリザベス女王杯】全ての育成目標を達成して1回育成完了しよう
2,59,2025/11/10 5:00:00,2025/11/17 4:59:59,1002403,80000,金币,【エリザベス女王杯】全ての育成目標を達成して2回育成完了しよう
3,44,2025/11/10 5:00:00,2025/11/17 4:59:59,1002404,3,梦想光辉,【エリザベス女王杯】全ての育成目標を達成して3回育成完了しよう
4,98,2025/11/10 5:00:00,2025/11/17 4:59:59,1002405,10000,好友积分,【エリザベス女王杯】育成でエリザベス女王杯に勝利しよう
5,43,2025/11/10 5:00:00,2025/11/17 4:59:59,1002406,150,宝石,【エリザベス女王杯】限定ミッションを全てクリアしよう
1,95,2025/11/17 5:00:00,2025/11/24 4:59:59,1002407,1,闹钟,【マイルCS】全ての育成目標を達成して1回育成完了しよう
2,59,2025/11/17 5:00:00,2025/11/24 4:59:59,1002408,80000,金币,【マイルCS】全ての育成目標を達成して2回育成完了しよう
3,44,2025/11/17 5:00:00,2025/11/24 4:59:59,1002409,3,梦想光辉,【マイルCS】全ての育成目標を達成して3回育成完了しよう
4,98,2025/11/17 5:00:00,2025/11/24 4:59:59,1002410,10000,好友积分,【マイルCS】育成でマイルチャンピオンシップに勝利しよう
5,43,2025/11/17 5:00:00,2025/11/24 4:59:59,1002411,150,宝石,【マイルCS】限定ミッションを全てクリアしよう
1,95,2025/11/24 5:00:00,2025/12/01 4:59:59,1002412,1,闹钟,【ジャパンC】全ての育成目標を達成して1回育成完了しよう
2,59,2025/11/24 5:00:00,2025/12/01 4:59:59,1002413,80000,金币,【ジャパンC】全ての育成目標を達成して2回育成完了しよう
3,44,2025/11/24 5:00:00,2025/12/01 4:59:59,1002414,3,梦想光辉,【ジャパンC】全ての育成目標を達成して3回育成完了しよう
4,98,2025/11/24 5:00:00,2025/12/01 4:59:59,1002415,10000,好友积分,【ジャパンC】育成でジャパンカップに勝利しよう
5,43,2025/11/24 5:00:00,2025/12/01 4:59:59,1002416,150,宝石,【ジャパンC】限定ミッションを全てクリアしよう
1,43,2025/10/29 12:00:00,2025/11/28 4:59:59,1002452,500,宝石,すべての記念ミッションをクリアしよう
2,95,2025/10/29 12:00:00,2025/11/28 4:59:59,1002453,10,闹钟,温泉郷編で育成を1回完了しよう
3,32,2025/10/29 12:00:00,2025/11/28 4:59:59,1002454,10,能量饮料30,温泉郷編で育成を3回完了しよう
4,41,2025/10/29 12:00:00,2025/11/28 4:59:59,1002455,1,养成优俊少女招募券,温泉郷編で育成を5回完了しよう
5,160,2025/10/29 12:00:00,2025/11/28 4:59:59,1002456,15,启发书,温泉郷編の第1回湯浴み会で1回いい湯にしよう
6,162,2025/10/29 12:00:00,2025/11/28 4:59:59,1002457,8,稀有启发书,温泉郷編の第2回湯浴み会で1回いい湯にしよう
7,150,2025/10/29 12:00:00,2025/11/28 4:59:59,1002458,1,金结晶片,温泉郷編の第3回湯浴み会で1回いい湯にしよう
8,44,2025/10/29 12:00:00,2025/11/28 4:59:59,1002459,20,梦想光辉,温泉郷編で温泉パワーを累計50回発動させよう
9,111,2025/10/29 12:00:00,2025/11/28 4:59:59,1002460,1,协助卡招募券,温泉郷編で温泉パワーを累計100回発動させよう
10,59,2025/10/29 12:00:00,2025/11/28 4:59:59,1002461,200000,金币,温泉郷編で超回復を累計30回発動させよう
11,98,2025/10/29 12:00:00,2025/11/28 4:59:59,1002462,2500,好友积分,温泉郷編で掘削装備のLvを累計30回上げよう
12,149,2025/10/29 12:00:00,2025/11/28 4:59:59,1002463,1,彩虹结晶片,温泉郷編で源泉を累計15回掘削完了しよう
1,101401,2021/03/16 12:00:00,2021/03/17 4:59:59,2000001,2,,【日常任务】\n参与1次传奇赛事
1,110,2021/03/16 12:00:00,2021/03/17 4:59:59,2000002,5000,协助积分,【日常任务】\n参与2次传奇赛事
1,59,2021/03/16 12:00:00,2021/03/17 4:59:59,2000003,10000,金币,【日常任务】\n参与3次传奇赛事
1,101401,2021/03/17 5:00:00,2021/03/18 4:59:59,2000004,2,,【日常任务】\n参与1次传奇赛事
1,110,2021/03/17 5:00:00,2021/03/18 4:59:59,2000005,5000,协助积分,【日常任务】\n参与2次传奇赛事
1,59,2021/03/17 5:00:00,2021/03/18 4:59:59,2000006,10000,金币,【日常任务】\n参与3次传奇赛事
1,101401,2021/03/18 5:00:00,2021/03/19 4:59:59,2000007,2,,【日常任务】\n参与1次传奇赛事
1,110,2021/03/18 5:00:00,2021/03/19 4:59:59,2000008,5000,协助积分,【日常任务】\n参与2次传奇赛事
1,59,2021/03/18 5:00:00,2021/03/19 4:59:59,2000009,10000,金币,【日常任务】\n参与3次传奇赛事
1,100101,2021/03/19 5:00:00,2021/03/20 4:59:59,2000010,2,,【日常任务】\n参与1次传奇赛事
1,110,2021/03/19 5:00:00,2021/03/20 4:59:59,2000011,5000,协助积分,【日常任务】\n参与2次传奇赛事
1,59,2021/03/19 5:00:00,2021/03/20 4:59:59,2000012,10000,金币,【日常任务】\n参与3次传奇赛事
1,100101,2021/03/20 5:00:00,2021/03/21 4:59:59,2000013,2,,【日常任务】\n参与1次传奇赛事
1,110,2021/03/20 5:00:00,2021/03/21 4:59:59,2000014,5000,协助积分,【日常任务】\n参与2次传奇赛事
1,59,2021/03/20 5:00:00,2021/03/21 4:59:59,2000015,10000,金币,【日常任务】\n参与3次传奇赛事
1,100101,2021/03/21 5:00:00,2021/03/22 4:59:59,2000016,2,,【日常任务】\n参与1次传奇赛事
1,110,2021/03/21 5:00:00,2021/03/22 4:59:59,2000017,5000,协助积分,【日常任务】\n参与2次传奇赛事
1,59,2021/03/21 5:00:00,2021/03/22 4:59:59,2000018,10000,金币,【日常任务】\n参与3次传奇赛事
1,101701,2021/03/22 5:00:00,2021/03/23 4:59:59,2000019,2,,【日常任务】\n参与1次传奇赛事
1,110,2021/03/22 5:00:00,2021/03/23 4:59:59,2000020,5000,协助积分,【日常任务】\n参与2次传奇赛事
1,59,2021/03/22 5:00:00,2021/03/23 4:59:59,2000021,10000,金币,【日常任务】\n参与3次传奇赛事
1,101701,2021/03/23 5:00:00,2021/03/24 4:59:59,2000022,2,,【日常任务】\n参与1次传奇赛事
1,110,2021/03/23 5:00:00,2021/03/24 4:59:59,2000023,5000,协助积分,【日常任务】\n参与2次传奇赛事
1,59,2021/03/23 5:00:00,2021/03/24 4:59:59,2000024,10000,金币,【日常任务】\n参与3次传奇赛事
1,101701,2021/03/24 5:00:00,2021/03/25 4:59:59,2000025,2,,【日常任务】\n参与1次传奇赛事
1,110,2021/03/24 5:00:00,2021/03/25 4:59:59,2000026,5000,协助积分,【日常任务】\n参与2次传奇赛事
1,59,2021/03/24 5:00:00,2021/03/25 4:59:59,2000027,10000,金币,【日常任务】\n参与3次传奇赛事
1,59,2021/04/15 12:00:00,2021/04/16 4:59:59,2000101,10000,金币,【日常任务】\n参与1次传奇赛事
1,110,2021/04/15 12:00:00,2021/04/16 4:59:59,2000102,5000,协助积分,【日常任务】\n参与2次传奇赛事
1,106101,2021/04/15 12:00:00,2021/04/16 4:59:59,2000103,2,,【日常任务】\n参与3次传奇赛事
1,59,2021/04/16 5:00:00,2021/04/17 4:59:59,2000104,10000,金币,【日常任务】\n参与1次传奇赛事
1,110,2021/04/16 5:00:00,2021/04/17 4:59:59,2000105,5000,协助积分,【日常任务】\n参与2次传奇赛事
1,106101,2021/04/16 5:00:00,2021/04/17 4:59:59,2000106,2,,【日常任务】\n参与3次传奇赛事
1,59,2021/04/17 5:00:00,2021/04/18 4:59:59,2000107,10000,金币,【日常任务】\n参与1次传奇赛事
1,110,2021/04/17 5:00:00,2021/04/18 4:59:59,2000108,5000,协助积分,【日常任务】\n参与2次传奇赛事
1,106101,2021/04/17 5:00:00,2021/04/18 4:59:59,2000109,2,,【日常任务】\n参与3次传奇赛事
1,59,2021/04/18 5:00:00,2021/04/19 4:59:59,2000110,10000,金币,【日常任务】\n参与1次传奇赛事
1,110,2021/04/18 5:00:00,2021/04/19 4:59:59,2000111,5000,协助积分,【日常任务】\n参与2次传奇赛事
1,101001,2021/04/18 5:00:00,2021/04/19 4:59:59,2000112,2,,【日常任务】\n参与3次传奇赛事
1,59,2021/04/19 5:00:00,2021/04/20 4:59:59,2000113,10000,金币,【日常任务】\n参与1次传奇赛事
1,110,2021/04/19 5:00:00,2021/04/20 4:59:59,2000114,5000,协助积分,【日常任务】\n参与2次传奇赛事
1,101001,2021/04/19 5:00:00,2021/04/20 4:59:59,2000115,2,,【日常任务】\n参与3次传奇赛事
1,59,2021/04/20 5:00:00,2021/04/21 4:59:59,2000116,10000,金币,【日常任务】\n参与1次传奇赛事
1,110,2021/04/20 5:00:00,2021/04/21 4:59:59,2000117,5000,协助积分,【日常任务】\n参与2次传奇赛事
1,101001,2021/04/20 5:00:00,2021/04/21 4:59:59,2000118,2,,【日常任务】\n参与3次传奇赛事
1,59,2021/04/21 5:00:00,2021/04/22 4:59:59,2000119,10000,金币,【日常任务】\n参与1次传奇赛事
1,110,2021/04/21 5:00:00,2021/04/22 4:59:59,2000120,5000,协助积分,【日常任务】\n参与2次传奇赛事
1,104101,2021/04/21 5:00:00,2021/04/22 4:59:59,2000121,2,,【日常任务】\n参与3次传奇赛事
1,59,2021/04/22 5:00:00,2021/04/23 4:59:59,2000122,10000,金币,【日常任务】\n参与1次传奇赛事
1,110,2021/04/22 5:00:00,2021/04/23 4:59:59,2000123,5000,协助积分,【日常任务】\n参与2次传奇赛事
1,104101,2021/04/22 5:00:00,2021/04/23 4:59:59,2000124,2,,【日常任务】\n参与3次传奇赛事
1,59,2021/04/23 5:00:00,2021/04/24 4:59:59,2000125,10000,金币,【日常任务】\n参与1次传奇赛事
1,110,2021/04/23 5:00:00,2021/04/24 4:59:59,2000126,5000,协助积分,【日常任务】\n参与2次传奇赛事
1,104101,2021/04/23 5:00:00,2021/04/24 4:59:59,2000127,2,,【日常任务】\n参与3次传奇赛事
1,59,2021/04/24 5:00:00,2021/04/25 4:59:59,2000128,10000,金币,【日常任务】\n参与1次传奇赛事
1,110,2021/04/24 5:00:00,2021/04/25 4:59:59,2000129,5000,协助积分,【日常任务】\n参与2次传奇赛事
1,103801,2021/04/24 5:00:00,2021/04/25 4:59:59,2000130,2,,【日常任务】\n参与3次传奇赛事
1,59,2021/04/25 5:00:00,2021/04/26 4:59:59,2000131,10000,金币,【日常任务】\n参与1次传奇赛事
1,110,2021/04/25 5:00:00,2021/04/26 4:59:59,2000132,5000,协助积分,【日常任务】\n参与2次传奇赛事
1,103801,2021/04/25 5:00:00,2021/04/26 4:59:59,2000133,2,,【日常任务】\n参与3次传奇赛事
1,59,2021/04/26 5:00:00,2021/04/27 4:59:59,2000134,10000,金币,【日常任务】\n参与1次传奇赛事
1,110,2021/04/26 5:00:00,2021/04/27 4:59:59,2000135,5000,协助积分,【日常任务】\n参与2次传奇赛事
1,103801,2021/04/26 5:00:00,2021/04/27 4:59:59,2000136,2,,【日常任务】\n参与3次传奇赛事
1,59,2021/05/19 12:00:00,2021/05/20 4:59:59,2000201,10000,金币,【日常任务】\n参与1次传奇赛事
1,110,2021/05/19 12:00:00,2021/05/20 4:59:59,2000202,5000,协助积分,【日常任务】\n参与2次传奇赛事
1,103501,2021/05/19 12:00:00,2021/05/20 4:59:59,2000203,2,,【日常任务】\n参与3次传奇赛事
1,59,2021/05/20 5:00:00,2021/05/21 4:59:59,2000204,10000,金币,【日常任务】\n参与1次传奇赛事
1,110,2021/05/20 5:00:00,2021/05/21 4:59:59,2000205,5000,协助积分,【日常任务】\n参与2次传奇赛事
1,103501,2021/05/20 5:00:00,2021/05/21 4:59:59,2000206,2,,【日常任务】\n参与3次传奇赛事
1,59,2021/05/21 5:00:00,2021/05/22 4:59:59,2000207,10000,金币,【日常任务】\n参与1次传奇赛事
1,110,2021/05/21 5:00:00,2021/05/22 4:59:59,2000208,5000,协助积分,【日常任务】\n参与2次传奇赛事
1,103501,2021/05/21 5:00:00,2021/05/22 4:59:59,2000209,2,,【日常任务】\n参与3次传奇赛事
1,59,2021/05/22 5:00:00,2021/05/23 4:59:59,2000210,10000,金币,【日常任务】\n参与1次传奇赛事
1,110,2021/05/22 5:00:00,2021/05/23 4:59:59,2000211,5000,协助积分,【日常任务】\n参与2次传奇赛事
1,100801,2021/05/22 5:00:00,2021/05/23 4:59:59,2000212,2,,【日常任务】\n参与3次传奇赛事
1,59,2021/05/23 5:00:00,2021/05/24 4:59:59,2000213,10000,金币,【日常任务】\n参与1次传奇赛事
1,110,2021/05/23 5:00:00,2021/05/24 4:59:59,2000214,5000,协助积分,【日常任务】\n参与2次传奇赛事
1,100801,2021/05/23 5:00:00,2021/05/24 4:59:59,2000215,2,,【日常任务】\n参与3次传奇赛事
1,59,2021/05/24 5:00:00,2021/05/25 4:59:59,2000216,10000,金币,【日常任务】\n参与1次传奇赛事
1,110,2021/05/24 5:00:00,2021/05/25 4:59:59,2000217,5000,协助积分,【日常任务】\n参与2次传奇赛事
1,100801,2021/05/24 5:00:00,2021/05/25 4:59:59,2000218,2,,【日常任务】\n参与3次传奇赛事
1,59,2021/05/25 5:00:00,2021/05/26 4:59:59,2000219,10000,金币,【日常任务】\n参与1次传奇赛事
1,110,2021/05/25 5:00:00,2021/05/26 4:59:59,2000220,5000,协助积分,【日常任务】\n参与2次传奇赛事
1,100301,2021/05/25 5:00:00,2021/05/26 4:59:59,2000221,2,,【日常任务】\n参与3次传奇赛事
1,59,2021/05/26 5:00:00,2021/05/27 4:59:59,2000222,10000,金币,【日常任务】\n参与1次传奇赛事
1,110,2021/05/26 5:00:00,2021/05/27 4:59:59,2000223,5000,协助积分,【日常任务】\n参与2次传奇赛事
1,100301,2021/05/26 5:00:00,2021/05/27 4:59:59,2000224,2,,【日常任务】\n参与3次传奇赛事
1,59,2021/05/27 5:00:00,2021/05/28 4:59:59,2000225,10000,金币,【日常任务】\n参与1次传奇赛事
1,110,2021/05/27 5:00:00,2021/05/28 4:59:59,2000226,5000,协助积分,【日常任务】\n参与2次传奇赛事
1,100301,2021/05/27 5:00:00,2021/05/28 4:59:59,2000227,2,,【日常任务】\n参与3次传奇赛事
1,59,2021/06/17 12:00:00,2021/06/18 4:59:59,2000301,10000,金币,【日常任务】\n参与1次传奇赛事
1,110,2021/06/17 12:00:00,2021/06/18 4:59:59,2000302,5000,协助积分,【日常任务】\n参与2次传奇赛事
1,102401,2021/06/17 12:00:00,2021/06/18 4:59:59,2000303,2,,【日常任务】\n参与3次传奇赛事
1,59,2021/06/18 5:00:00,2021/06/19 4:59:59,2000304,10000,金币,【日常任务】\n参与1次传奇赛事
1,110,2021/06/18 5:00:00,2021/06/19 4:59:59,2000305,5000,协助积分,【日常任务】\n参与2次传奇赛事
1,102401,2021/06/18 5:00:00,2021/06/19 4:59:59,2000306,2,,【日常任务】\n参与3次传奇赛事
1,59,2021/06/19 5:00:00,2021/06/20 4:59:59,2000307,10000,金币,【日常任务】\n参与1次传奇赛事
1,110,2021/06/19 5:00:00,2021/06/20 4:59:59,2000308,5000,协助积分,【日常任务】\n参与2次传奇赛事
1,102401,2021/06/19 5:00:00,2021/06/20 4:59:59,2000309,2,,【日常任务】\n参与3次传奇赛事
1,59,2021/06/20 5:00:00,2021/06/21 4:59:59,2000310,10000,金币,【日常任务】\n参与1次传奇赛事
1,110,2021/06/20 5:00:00,2021/06/21 4:59:59,2000311,5000,协助积分,【日常任务】\n参与2次传奇赛事
1,101301,2021/06/20 5:00:00,2021/06/21 4:59:59,2000312,2,,【日常任务】\n参与3次传奇赛事
1,59,2021/06/21 5:00:00,2021/06/22 4:59:59,2000313,10000,金币,【日常任务】\n参与1次传奇赛事
1,110,2021/06/21 5:00:00,2021/06/22 4:59:59,2000314,5000,协助积分,【日常任务】\n参与2次传奇赛事
1,101301,2021/06/21 5:00:00,2021/06/22 4:59:59,2000315,2,,【日常任务】\n参与3次传奇赛事
1,59,2021/06/22 5:00:00,2021/06/23 4:59:59,2000316,10000,金币,【日常任务】\n参与1次传奇赛事
1,110,2021/06/22 5:00:00,2021/06/23 4:59:59,2000317,5000,协助积分,【日常任务】\n参与2次传奇赛事
1,101301,2021/06/22 5:00:00,2021/06/23 4:59:59,2000318,2,,【日常任务】\n参与3次传奇赛事
1,59,2021/06/23 5:00:00,2021/06/24 4:59:59,2000319,10000,金币,【日常任务】\n参与1次传奇赛事
1,110,2021/06/23 5:00:00,2021/06/24 4:59:59,2000320,5000,协助积分,【日常任务】\n参与2次传奇赛事
1,101501,2021/06/23 5:00:00,2021/06/24 4:59:59,2000321,2,,【日常任务】\n参与3次传奇赛事
1,59,2021/06/24 5:00:00,2021/06/25 4:59:59,2000322,10000,金币,【日常任务】\n参与1次传奇赛事
1,110,2021/06/24 5:00:00,2021/06/25 4:59:59,2000323,5000,协助积分,【日常任务】\n参与2次传奇赛事
1,101501,2021/06/24 5:00:00,2021/06/25 4:59:59,2000324,2,,【日常任务】\n参与3次传奇赛事
1,59,2021/06/25 5:00:00,2021/06/26 4:59:59,2000325,10000,金币,【日常任务】\n参与1次传奇赛事
1,110,2021/06/25 5:00:00,2021/06/26 4:59:59,2000326,5000,协助积分,【日常任务】\n参与2次传奇赛事
1,101501,2021/06/25 5:00:00,2021/06/26 4:59:59,2000327,2,,【日常任务】\n参与3次传奇赛事
1,59,2021/06/26 5:00:00,2021/06/27 4:59:59,2000328,10000,金币,【日常任务】\n参与1次传奇赛事
1,110,2021/06/26 5:00:00,2021/06/27 4:59:59,2000329,5000,协助积分,【日常任务】\n参与2次传奇赛事
1,104501,2021/06/26 5:00:00,2021/06/27 4:59:59,2000330,2,,【日常任务】\n参与3次传奇赛事
1,59,2021/06/27 5:00:00,2021/06/28 4:59:59,2000331,10000,金币,【日常任务】\n参与1次传奇赛事
1,110,2021/06/27 5:00:00,2021/06/28 4:59:59,2000332,5000,协助积分,【日常任务】\n参与2次传奇赛事
1,104501,2021/06/27 5:00:00,2021/06/28 4:59:59,2000333,2,,【日常任务】\n参与3次传奇赛事
1,59,2021/06/28 5:00:00,2021/06/29 4:59:59,2000334,10000,金币,【日常任务】\n参与1次传奇赛事
1,110,2021/06/28 5:00:00,2021/06/29 4:59:59,2000335,5000,协助积分,【日常任务】\n参与2次传奇赛事
1,104501,2021/06/28 5:00:00,2021/06/29 4:59:59,2000336,2,,【日常任务】\n参与3次传奇赛事
1,59,2021/08/15 12:00:00,2021/08/16 4:59:59,2000401,10000,金币,【日常任务】\n参与1次传奇赛事
1,110,2021/08/15 12:00:00,2021/08/16 4:59:59,2000402,5000,协助积分,【日常任务】\n参与2次传奇赛事
1,102701,2021/08/15 12:00:00,2021/08/16 4:59:59,2000403,2,,【日常任务】\n参与3次传奇赛事
1,59,2021/08/16 5:00:00,2021/08/17 4:59:59,2000404,10000,金币,【日常任务】\n参与1次传奇赛事
1,110,2021/08/16 5:00:00,2021/08/17 4:59:59,2000405,5000,协助积分,【日常任务】\n参与2次传奇赛事
1,102701,2021/08/16 5:00:00,2021/08/17 4:59:59,2000406,2,,【日常任务】\n参与3次传奇赛事
1,59,2021/08/17 5:00:00,2021/08/18 4:59:59,2000407,10000,金币,【日常任务】\n参与1次传奇赛事
1,110,2021/08/17 5:00:00,2021/08/18 4:59:59,2000408,5000,协助积分,【日常任务】\n参与2次传奇赛事
1,102701,2021/08/17 5:00:00,2021/08/18 4:59:59,2000409,2,,【日常任务】\n参与3次传奇赛事
1,59,2021/08/18 5:00:00,2021/08/19 4:59:59,2000410,10000,金币,【日常任务】\n参与1次传奇赛事
1,110,2021/08/18 5:00:00,2021/08/19 4:59:59,2000411,5000,协助积分,【日常任务】\n参与2次传奇赛事
1,100201,2021/08/18 5:00:00,2021/08/19 4:59:59,2000412,2,,【日常任务】\n参与3次传奇赛事
1,59,2021/08/19 5:00:00,2021/08/20 4:59:59,2000413,10000,金币,【日常任务】\n参与1次传奇赛事
1,110,2021/08/19 5:00:00,2021/08/20 4:59:59,2000414,5000,协助积分,【日常任务】\n参与2次传奇赛事
1,100201,2021/08/19 5:00:00,2021/08/20 4:59:59,2000415,2,,【日常任务】\n参与3次传奇赛事
1,59,2021/08/20 5:00:00,2021/08/21 4:59:59,2000416,10000,金币,【日常任务】\n参与1次传奇赛事
1,110,2021/08/20 5:00:00,2021/08/21 4:59:59,2000417,5000,协助积分,【日常任务】\n参与2次传奇赛事
1,100201,2021/08/20 5:00:00,2021/08/21 4:59:59,2000418,2,,【日常任务】\n参与3次传奇赛事
1,59,2021/08/21 5:00:00,2021/08/22 4:59:59,2000419,10000,金币,【日常任务】\n参与1次传奇赛事
1,110,2021/08/21 5:00:00,2021/08/22 4:59:59,2000420,5000,协助积分,【日常任务】\n参与2次传奇赛事
1,100701,2021/08/21 5:00:00,2021/08/22 4:59:59,2000421,2,,【日常任务】\n参与3次传奇赛事
1,59,2021/08/22 5:00:00,2021/08/23 4:59:59,2000422,10000,金币,【日常任务】\n参与1次传奇赛事
1,110,2021/08/22 5:00:00,2021/08/23 4:59:59,2000423,5000,协助积分,【日常任务】\n参与2次传奇赛事
1,100701,2021/08/22 5:00:00,2021/08/23 4:59:59,2000424,2,,【日常任务】\n参与3次传奇赛事
1,59,2021/08/23 5:00:00,2021/08/24 4:59:59,2000425,10000,金币,【日常任务】\n参与1次传奇赛事
1,110,2021/08/23 5:00:00,2021/08/24 4:59:59,2000426,5000,协助积分,【日常任务】\n参与2次传奇赛事
1,100701,2021/08/23 5:00:00,2021/08/24 4:59:59,2000427,2,,【日常任务】\n参与3次传奇赛事
1,59,2021/09/14 12:00:00,2021/09/15 4:59:59,2000501,10000,金币,【日常任务】\n参与1次传奇赛事
1,110,2021/09/14 12:00:00,2021/09/15 4:59:59,2000502,5000,协助积分,【日常任务】\n参与2次传奇赛事
1,100401,2021/09/14 12:00:00,2021/09/15 4:59:59,2000503,2,,【日常任务】\n参与3次传奇赛事
1,59,2021/09/15 5:00:00,2021/09/16 4:59:59,2000504,10000,金币,【日常任务】\n参与1次传奇赛事
1,110,2021/09/15 5:00:00,2021/09/16 4:59:59,2000505,5000,协助积分,【日常任务】\n参与2次传奇赛事
1,100401,2021/09/15 5:00:00,2021/09/16 4:59:59,2000506,2,,【日常任务】\n参与3次传奇赛事
1,59,2021/09/16 5:00:00,2021/09/17 4:59:59,2000507,10000,金币,【日常任务】\n参与1次传奇赛事
1,110,2021/09/16 5:00:00,2021/09/17 4:59:59,2000508,5000,协助积分,【日常任务】\n参与2次传奇赛事
1,100401,2021/09/16 5:00:00,2021/09/17 4:59:59,2000509,2,,【日常任务】\n参与3次传奇赛事
1,59,2021/09/17 5:00:00,2021/09/18 4:59:59,2000510,10000,金币,【日常任务】\n参与1次传奇赛事
1,110,2021/09/17 5:00:00,2021/09/18 4:59:59,2000511,5000,协助积分,【日常任务】\n参与2次传奇赛事
1,100501,2021/09/17 5:00:00,2021/09/18 4:59:59,2000512,2,,【日常任务】\n参与3次传奇赛事
1,59,2021/09/18 5:00:00,2021/09/19 4:59:59,2000513,10000,金币,【日常任务】\n参与1次传奇赛事
1,110,2021/09/18 5:00:00,2021/09/19 4:59:59,2000514,5000,协助积分,【日常任务】\n参与2次传奇赛事
1,100501,2021/09/18 5:00:00,2021/09/19 4:59:59,2000515,2,,【日常任务】\n参与3次传奇赛事
1,59,2021/09/19 5:00:00,2021/09/20 4:59:59,2000516,10000,金币,【日常任务】\n参与1次传奇赛事
1,110,2021/09/19 5:00:00,2021/09/20 4:59:59,2000517,5000,协助积分,【日常任务】\n参与2次传奇赛事
1,100501,2021/09/19 5:00:00,2021/09/20 4:59:59,2000518,2,,【日常任务】\n参与3次传奇赛事
1,59,2021/09/20 5:00:00,2021/09/21 4:59:59,2000519,10000,金币,【日常任务】\n参与1次传奇赛事
1,110,2021/09/20 5:00:00,2021/09/21 4:59:59,2000520,5000,协助积分,【日常任务】\n参与2次传奇赛事
1,102601,2021/09/20 5:00:00,2021/09/21 4:59:59,2000521,2,,【日常任务】\n参与3次传奇赛事
1,59,2021/09/21 5:00:00,2021/09/22 4:59:59,2000522,10000,金币,【日常任务】\n参与1次传奇赛事
1,110,2021/09/21 5:00:00,2021/09/22 4:59:59,2000523,5000,协助积分,【日常任务】\n参与2次传奇赛事
1,102601,2021/09/21 5:00:00,2021/09/22 4:59:59,2000524,2,,【日常任务】\n参与3次传奇赛事
1,59,2021/09/22 5:00:00,2021/09/23 4:59:59,2000525,10000,金币,【日常任务】\n参与1次传奇赛事
1,110,2021/09/22 5:00:00,2021/09/23 4:59:59,2000526,5000,协助积分,【日常任务】\n参与2次传奇赛事
1,102601,2021/09/22 5:00:00,2021/09/23 4:59:59,2000527,2,,【日常任务】\n参与3次传奇赛事
1,59,2021/10/15 12:00:00,2021/10/16 4:59:59,2000601,10000,金币,【日常任务】\n参与1次传奇赛事
1,110,2021/10/15 12:00:00,2021/10/16 4:59:59,2000602,5000,协助积分,【日常任务】\n参与2次传奇赛事
1,105601,2021/10/15 12:00:00,2021/10/16 4:59:59,2000603,2,,【日常任务】\n参与3次传奇赛事
1,59,2021/10/16 5:00:00,2021/10/17 4:59:59,2000604,10000,金币,【日常任务】\n参与1次传奇赛事
1,110,2021/10/16 5:00:00,2021/10/17 4:59:59,2000605,5000,协助积分,【日常任务】\n参与2次传奇赛事
1,105601,2021/10/16 5:00:00,2021/10/17 4:59:59,2000606,2,,【日常任务】\n参与3次传奇赛事
1,59,2021/10/17 5:00:00,2021/10/18 4:59:59,2000607,10000,金币,【日常任务】\n参与1次传奇赛事
1,110,2021/10/17 5:00:00,2021/10/18 4:59:59,2000608,5000,协助积分,【日常任务】\n参与2次传奇赛事
1,105601,2021/10/17 5:00:00,2021/10/18 4:59:59,2000609,2,,【日常任务】\n参与3次传奇赛事
1,59,2021/10/18 5:00:00,2021/10/19 4:59:59,2000610,10000,金币,【日常任务】\n参与1次传奇赛事
1,110,2021/10/18 5:00:00,2021/10/19 4:59:59,2000611,5000,协助积分,【日常任务】\n参与2次传奇赛事
1,102001,2021/10/18 5:00:00,2021/10/19 4:59:59,2000612,2,,【日常任务】\n参与3次传奇赛事
1,59,2021/10/19 5:00:00,2021/10/20 4:59:59,2000613,10000,金币,【日常任务】\n参与1次传奇赛事
1,110,2021/10/19 5:00:00,2021/10/20 4:59:59,2000614,5000,协助积分,【日常任务】\n参与2次传奇赛事
1,102001,2021/10/19 5:00:00,2021/10/20 4:59:59,2000615,2,,【日常任务】\n参与3次传奇赛事
1,59,2021/10/20 5:00:00,2021/10/21 4:59:59,2000616,10000,金币,【日常任务】\n参与1次传奇赛事
1,110,2021/10/20 5:00:00,2021/10/21 4:59:59,2000617,5000,协助积分,【日常任务】\n参与2次传奇赛事
1,102001,2021/10/20 5:00:00,2021/10/21 4:59:59,2000618,2,,【日常任务】\n参与3次传奇赛事
1,59,2021/10/21 5:00:00,2021/10/22 4:59:59,2000619,10000,金币,【日常任务】\n参与1次传奇赛事
1,110,2021/10/21 5:00:00,2021/10/22 4:59:59,2000620,5000,协助积分,【日常任务】\n参与2次传奇赛事
1,102301,2021/10/21 5:00:00,2021/10/22 4:59:59,2000621,2,,【日常任务】\n参与3次传奇赛事
1,59,2021/10/22 5:00:00,2021/10/23 4:59:59,2000622,10000,金币,【日常任务】\n参与1次传奇赛事
1,110,2021/10/22 5:00:00,2021/10/23 4:59:59,2000623,5000,协助积分,【日常任务】\n参与2次传奇赛事
1,102301,2021/10/22 5:00:00,2021/10/23 4:59:59,2000624,2,,【日常任务】\n参与3次传奇赛事
1,59,2021/10/23 5:00:00,2021/10/24 4:59:59,2000625,10000,金币,【日常任务】\n参与1次传奇赛事
1,110,2021/10/23 5:00:00,2021/10/24 4:59:59,2000626,5000,协助积分,【日常任务】\n参与2次传奇赛事
1,102301,2021/10/23 5:00:00,2021/10/24 4:59:59,2000627,2,,【日常任务】\n参与3次传奇赛事
1,59,2021/11/12 12:00:00,2021/11/13 4:59:59,2000701,10000,金币,【日常任务】参与1次传奇赛事
1,110,2021/11/12 12:00:00,2021/11/13 4:59:59,2000702,5000,协助积分,【日常任务】参与2次传奇赛事
1,101801,2021/11/12 12:00:00,2021/11/13 4:59:59,2000703,2,,【日常任务】参与3次传奇赛事
1,59,2021/11/13 5:00:00,2021/11/14 4:59:59,2000704,10000,金币,【日常任务】参与1次传奇赛事
1,110,2021/11/13 5:00:00,2021/11/14 4:59:59,2000705,5000,协助积分,【日常任务】参与2次传奇赛事
1,101801,2021/11/13 5:00:00,2021/11/14 4:59:59,2000706,2,,【日常任务】参与3次传奇赛事
1,59,2021/11/14 5:00:00,2021/11/15 4:59:59,2000707,10000,金币,【日常任务】参与1次传奇赛事
1,110,2021/11/14 5:00:00,2021/11/15 4:59:59,2000708,5000,协助积分,【日常任务】参与2次传奇赛事
1,101801,2021/11/14 5:00:00,2021/11/15 4:59:59,2000709,2,,【日常任务】参与3次传奇赛事
1,59,2021/11/15 5:00:00,2021/11/16 4:59:59,2000710,10000,金币,【日常任务】参与1次传奇赛事
1,110,2021/11/15 5:00:00,2021/11/16 4:59:59,2000711,5000,协助积分,【日常任务】参与2次传奇赛事
1,103701,2021/11/15 5:00:00,2021/11/16 4:59:59,2000712,2,,【日常任务】参与3次传奇赛事
1,59,2021/11/16 5:00:00,2021/11/17 4:59:59,2000713,10000,金币,【日常任务】参与1次传奇赛事
1,110,2021/11/16 5:00:00,2021/11/17 4:59:59,2000714,5000,协助积分,【日常任务】参与2次传奇赛事
1,103701,2021/11/16 5:00:00,2021/11/17 4:59:59,2000715,2,,【日常任务】参与3次传奇赛事
1,59,2021/11/17 5:00:00,2021/11/18 4:59:59,2000716,10000,金币,【日常任务】参与1次传奇赛事
1,110,2021/11/17 5:00:00,2021/11/18 4:59:59,2000717,5000,协助积分,【日常任务】参与2次传奇赛事
1,103701,2021/11/17 5:00:00,2021/11/18 4:59:59,2000718,2,,【日常任务】参与3次传奇赛事
1,59,2021/11/18 5:00:00,2021/11/19 4:59:59,2000719,10000,金币,【日常任务】参与1次传奇赛事
1,110,2021/11/18 5:00:00,2021/11/19 4:59:59,2000720,5000,协助积分,【日常任务】参与2次传奇赛事
1,101901,2021/11/18 5:00:00,2021/11/19 4:59:59,2000721,2,,【日常任务】参与3次传奇赛事
1,59,2021/11/19 5:00:00,2021/11/20 4:59:59,2000722,10000,金币,【日常任务】参与1次传奇赛事
1,110,2021/11/19 5:00:00,2021/11/20 4:59:59,2000723,5000,协助积分,【日常任务】参与2次传奇赛事
1,101901,2021/11/19 5:00:00,2021/11/20 4:59:59,2000724,2,,【日常任务】参与3次传奇赛事
1,59,2021/11/20 5:00:00,2021/11/21 4:59:59,2000725,10000,金币,【日常任务】参与1次传奇赛事
1,110,2021/11/20 5:00:00,2021/11/21 4:59:59,2000726,5000,协助积分,【日常任务】参与2次传奇赛事
1,101901,2021/11/20 5:00:00,2021/11/21 4:59:59,2000727,2,,【日常任务】参与3次传奇赛事
1,150,2021/11/12 12:00:00,2021/11/21 4:59:59,2000728,1,金结晶片,【期间限定任务】参与6次传奇赛事
1,150,2021/11/12 12:00:00,2021/11/21 4:59:59,2000729,1,金结晶片,【期间限定任务】参与12次传奇赛事
1,149,2021/11/12 12:00:00,2021/11/21 4:59:59,2000730,1,彩虹结晶片,【期间限定任务】参与21次传奇赛事
1,59,2021/12/22 12:00:00,2021/12/23 4:59:59,2000801,10000,金币,【日常任务】参与1次传奇赛事
1,110,2021/12/22 12:00:00,2021/12/23 4:59:59,2000802,5000,协助积分,【日常任务】参与2次传奇赛事
1,106001,2021/12/22 12:00:00,2021/12/23 4:59:59,2000803,2,,【日常任务】参与3次传奇赛事
1,59,2021/12/23 5:00:00,2021/12/24 4:59:59,2000804,10000,金币,【日常任务】参与1次传奇赛事
1,110,2021/12/23 5:00:00,2021/12/24 4:59:59,2000805,5000,协助积分,【日常任务】参与2次传奇赛事
1,106001,2021/12/23 5:00:00,2021/12/24 4:59:59,2000806,2,,【日常任务】参与3次传奇赛事
1,59,2021/12/24 5:00:00,2021/12/25 4:59:59,2000807,10000,金币,【日常任务】参与1次传奇赛事
1,110,2021/12/24 5:00:00,2021/12/25 4:59:59,2000808,5000,协助积分,【日常任务】参与2次传奇赛事
1,106001,2021/12/24 5:00:00,2021/12/25 4:59:59,2000809,2,,【日常任务】参与3次传奇赛事
1,59,2021/12/25 5:00:00,2021/12/26 4:59:59,2000810,10000,金币,【日常任务】参与1次传奇赛事
1,110,2021/12/25 5:00:00,2021/12/26 4:59:59,2000811,5000,协助积分,【日常任务】参与2次传奇赛事
1,101101,2021/12/25 5:00:00,2021/12/26 4:59:59,2000812,2,,【日常任务】参与3次传奇赛事
1,59,2021/12/26 5:00:00,2021/12/27 4:59:59,2000813,10000,金币,【日常任务】参与1次传奇赛事
1,110,2021/12/26 5:00:00,2021/12/27 4:59:59,2000814,5000,协助积分,【日常任务】参与2次传奇赛事
1,101101,2021/12/26 5:00:00,2021/12/27 4:59:59,2000815,2,,【日常任务】参与3次传奇赛事
1,59,2021/12/27 5:00:00,2021/12/28 4:59:59,2000816,10000,金币,【日常任务】参与1次传奇赛事
1,110,2021/12/27 5:00:00,2021/12/28 4:59:59,2000817,5000,协助积分,【日常任务】参与2次传奇赛事
1,101101,2021/12/27 5:00:00,2021/12/28 4:59:59,2000818,2,,【日常任务】参与3次传奇赛事
1,59,2021/12/28 5:00:00,2021/12/29 4:59:59,2000819,10000,金币,【日常任务】参与1次传奇赛事
1,110,2021/12/28 5:00:00,2021/12/29 4:59:59,2000820,5000,协助积分,【日常任务】参与2次传奇赛事
1,100601,2021/12/28 5:00:00,2021/12/29 4:59:59,2000821,2,,【日常任务】参与3次传奇赛事
1,59,2021/12/29 5:00:00,2021/12/30 4:59:59,2000822,10000,金币,【日常任务】参与1次传奇赛事
1,110,2021/12/29 5:00:00,2021/12/30 4:59:59,2000823,5000,协助积分,【日常任务】参与2次传奇赛事
1,100601,2021/12/29 5:00:00,2021/12/30 4:59:59,2000824,2,,【日常任务】参与3次传奇赛事
1,59,2021/12/30 5:00:00,2021/12/31 4:59:59,2000825,10000,金币,【日常任务】参与1次传奇赛事
1,110,2021/12/30 5:00:00,2021/12/31 4:59:59,2000826,5000,协助积分,【日常任务】参与2次传奇赛事
1,100601,2021/12/30 5:00:00,2021/12/31 4:59:59,2000827,2,,【日常任务】参与3次传奇赛事
1,150,2021/12/22 12:00:00,2021/12/31 4:59:59,2000828,1,金结晶片,【期间限定任务】参与6次传奇赛事
1,150,2021/12/22 12:00:00,2021/12/31 4:59:59,2000829,1,金结晶片,【期间限定任务】参与12次传奇赛事
1,149,2021/12/22 12:00:00,2021/12/31 4:59:59,2000830,1,彩虹结晶片,【期间限定任务】参与21次传奇赛事
1,59,2022/02/08 12:00:00,2022/02/09 4:59:59,2000901,10000,金币,【日常任务】参与1次传奇赛事
1,110,2022/02/08 12:00:00,2022/02/09 4:59:59,2000902,5000,协助积分,【日常任务】参与2次传奇赛事
1,101201,2022/02/08 12:00:00,2022/02/09 4:59:59,2000903,2,,【日常任务】参与3次传奇赛事
1,59,2022/02/09 5:00:00,2022/02/10 4:59:59,2000904,10000,金币,【日常任务】参与1次传奇赛事
1,110,2022/02/09 5:00:00,2022/02/10 4:59:59,2000905,5000,协助积分,【日常任务】参与2次传奇赛事
1,101201,2022/02/09 5:00:00,2022/02/10 4:59:59,2000906,2,,【日常任务】参与3次传奇赛事
1,59,2022/02/10 5:00:00,2022/02/11 4:59:59,2000907,10000,金币,【日常任务】参与1次传奇赛事
1,110,2022/02/10 5:00:00,2022/02/11 4:59:59,2000908,5000,协助积分,【日常任务】参与2次传奇赛事
1,101201,2022/02/10 5:00:00,2022/02/11 4:59:59,2000909,2,,【日常任务】参与3次传奇赛事
1,59,2022/02/11 5:00:00,2022/02/12 4:59:59,2000910,10000,金币,【日常任务】参与1次传奇赛事
1,110,2022/02/11 5:00:00,2022/02/12 4:59:59,2000911,5000,协助积分,【日常任务】参与2次传奇赛事
1,105901,2022/02/11 5:00:00,2022/02/12 4:59:59,2000912,2,,【日常任务】参与3次传奇赛事
1,59,2022/02/12 5:00:00,2022/02/13 4:59:59,2000913,10000,金币,【日常任务】参与1次传奇赛事
1,110,2022/02/12 5:00:00,2022/02/13 4:59:59,2000914,5000,协助积分,【日常任务】参与2次传奇赛事
1,105901,2022/02/12 5:00:00,2022/02/13 4:59:59,2000915,2,,【日常任务】参与3次传奇赛事
1,59,2022/02/13 5:00:00,2022/02/14 4:59:59,2000916,10000,金币,【日常任务】参与1次传奇赛事
1,110,2022/02/13 5:00:00,2022/02/14 4:59:59,2000917,5000,协助积分,【日常任务】参与2次传奇赛事
1,105901,2022/02/13 5:00:00,2022/02/14 4:59:59,2000918,2,,【日常任务】参与3次传奇赛事
1,59,2022/02/14 5:00:00,2022/02/15 4:59:59,2000919,10000,金币,【日常任务】参与1次传奇赛事
1,110,2022/02/14 5:00:00,2022/02/15 4:59:59,2000920,5000,协助积分,【日常任务】参与2次传奇赛事
1,104001,2022/02/14 5:00:00,2022/02/15 4:59:59,2000921,2,,【日常任务】参与3次传奇赛事
1,59,2022/02/15 5:00:00,2022/02/16 4:59:59,2000922,10000,金币,【日常任务】参与1次传奇赛事
1,110,2022/02/15 5:00:00,2022/02/16 4:59:59,2000923,5000,协助积分,【日常任务】参与2次传奇赛事
1,104001,2022/02/15 5:00:00,2022/02/16 4:59:59,2000924,2,,【日常任务】参与3次传奇赛事
1,59,2022/02/16 5:00:00,2022/02/17 4:59:59,2000925,10000,金币,【日常任务】参与1次传奇赛事
1,110,2022/02/16 5:00:00,2022/02/17 4:59:59,2000926,5000,协助积分,【日常任务】参与2次传奇赛事
1,104001,2022/02/16 5:00:00,2022/02/17 4:59:59,2000927,2,,【日常任务】参与3次传奇赛事
1,150,2022/02/08 12:00:00,2022/02/17 4:59:59,2000928,1,金结晶片,【期间限定任务】参与6次传奇赛事
1,150,2022/02/08 12:00:00,2022/02/17 4:59:59,2000929,1,金结晶片,【期间限定任务】参与12次传奇赛事
1,149,2022/02/08 12:00:00,2022/02/17 4:59:59,2000930,1,彩虹结晶片,【期间限定任务】参与21次传奇赛事
1,59,2022/03/07 12:00:00,2022/03/08 4:59:59,2001001,10000,金币,【日常任务】参与1次传奇赛事
1,110,2022/03/07 12:00:00,2022/03/08 4:59:59,2001002,5000,协助积分,【日常任务】参与2次传奇赛事
1,103201,2022/03/07 12:00:00,2022/03/08 4:59:59,2001003,2,,【日常任务】参与3次传奇赛事
1,59,2022/03/08 5:00:00,2022/03/09 4:59:59,2001004,10000,金币,【日常任务】参与1次传奇赛事
1,110,2022/03/08 5:00:00,2022/03/09 4:59:59,2001005,5000,协助积分,【日常任务】参与2次传奇赛事
1,103201,2022/03/08 5:00:00,2022/03/09 4:59:59,2001006,2,,【日常任务】参与3次传奇赛事
1,59,2022/03/09 5:00:00,2022/03/10 4:59:59,2001007,10000,金币,【日常任务】参与1次传奇赛事
1,110,2022/03/09 5:00:00,2022/03/10 4:59:59,2001008,5000,协助积分,【日常任务】参与2次传奇赛事
1,103201,2022/03/09 5:00:00,2022/03/10 4:59:59,2001009,2,,【日常任务】参与3次传奇赛事
1,59,2022/03/10 5:00:00,2022/03/11 4:59:59,2001010,10000,金币,【日常任务】参与1次传奇赛事
1,110,2022/03/10 5:00:00,2022/03/11 4:59:59,2001011,5000,协助积分,【日常任务】参与2次传奇赛事
1,105001,2022/03/10 5:00:00,2022/03/11 4:59:59,2001012,2,,【日常任务】参与3次传奇赛事
1,59,2022/03/11 5:00:00,2022/03/12 4:59:59,2001013,10000,金币,【日常任务】参与1次传奇赛事
1,110,2022/03/11 5:00:00,2022/03/12 4:59:59,2001014,5000,协助积分,【日常任务】参与2次传奇赛事
1,105001,2022/03/11 5:00:00,2022/03/12 4:59:59,2001015,2,,【日常任务】参与3次传奇赛事
1,59,2022/03/12 5:00:00,2022/03/13 4:59:59,2001016,10000,金币,【日常任务】参与1次传奇赛事
1,110,2022/03/12 5:00:00,2022/03/13 4:59:59,2001017,5000,协助积分,【日常任务】参与2次传奇赛事
1,105001,2022/03/12 5:00:00,2022/03/13 4:59:59,2001018,2,,【日常任务】参与3次传奇赛事
1,59,2022/03/13 5:00:00,2022/03/14 4:59:59,2001019,10000,金币,【日常任务】参与1次传奇赛事
1,110,2022/03/13 5:00:00,2022/03/14 4:59:59,2001020,5000,协助积分,【日常任务】参与2次传奇赛事
1,101601,2022/03/13 5:00:00,2022/03/14 4:59:59,2001021,2,,【日常任务】参与3次传奇赛事
1,59,2022/03/14 5:00:00,2022/03/15 4:59:59,2001022,10000,金币,【日常任务】参与1次传奇赛事
1,110,2022/03/14 5:00:00,2022/03/15 4:59:59,2001023,5000,协助积分,【日常任务】参与2次传奇赛事
1,101601,2022/03/14 5:00:00,2022/03/15 4:59:59,2001024,2,,【日常任务】参与3次传奇赛事
1,59,2022/03/15 5:00:00,2022/03/16 4:59:59,2001025,10000,金币,【日常任务】参与1次传奇赛事
1,110,2022/03/15 5:00:00,2022/03/16 4:59:59,2001026,5000,协助积分,【日常任务】参与2次传奇赛事
1,101601,2022/03/15 5:00:00,2022/03/16 4:59:59,2001027,2,,【日常任务】参与3次传奇赛事
1,150,2022/03/07 12:00:00,2022/03/16 4:59:59,2001028,1,金结晶片,【期间限定任务】参与6次传奇赛事
1,150,2022/03/07 12:00:00,2022/03/16 4:59:59,2001029,1,金结晶片,【期间限定任务】参与12次传奇赛事
1,149,2022/03/07 12:00:00,2022/03/16 4:59:59,2001030,1,彩虹结晶片,【期间限定任务】参与21次传奇赛事
1,59,2022/05/10 12:00:00,2022/05/11 4:59:59,2001101,10000,金币,【日常任务】参与1次传奇赛事
1,110,2022/05/10 12:00:00,2022/05/11 4:59:59,2001102,5000,协助积分,【日常任务】参与2次传奇赛事
1,101302,2022/05/10 12:00:00,2022/05/11 4:59:59,2001103,2,,【日常任务】参与3次传奇赛事
1,59,2022/05/11 5:00:00,2022/05/12 4:59:59,2001104,10000,金币,【日常任务】参与1次传奇赛事
1,110,2022/05/11 5:00:00,2022/05/12 4:59:59,2001105,5000,协助积分,【日常任务】参与2次传奇赛事
1,101302,2022/05/11 5:00:00,2022/05/12 4:59:59,2001106,2,,【日常任务】参与3次传奇赛事
1,59,2022/05/12 5:00:00,2022/05/13 4:59:59,2001107,10000,金币,【日常任务】参与1次传奇赛事
1,110,2022/05/12 5:00:00,2022/05/13 4:59:59,2001108,5000,协助积分,【日常任务】参与2次传奇赛事
1,101302,2022/05/12 5:00:00,2022/05/13 4:59:59,2001109,2,,【日常任务】参与3次传奇赛事
1,59,2022/05/13 5:00:00,2022/05/14 4:59:59,2001110,10000,金币,【日常任务】参与1次传奇赛事
1,110,2022/05/13 5:00:00,2022/05/14 4:59:59,2001111,5000,协助积分,【日常任务】参与2次传奇赛事
1,103001,2022/05/13 5:00:00,2022/05/14 4:59:59,2001112,2,,【日常任务】参与3次传奇赛事
1,59,2022/05/14 5:00:00,2022/05/15 4:59:59,2001113,10000,金币,【日常任务】参与1次传奇赛事
1,110,2022/05/14 5:00:00,2022/05/15 4:59:59,2001114,5000,协助积分,【日常任务】参与2次传奇赛事
1,103001,2022/05/14 5:00:00,2022/05/15 4:59:59,2001115,2,,【日常任务】参与3次传奇赛事
1,59,2022/05/15 5:00:00,2022/05/16 4:59:59,2001116,10000,金币,【日常任务】参与1次传奇赛事
1,110,2022/05/15 5:00:00,2022/05/16 4:59:59,2001117,5000,协助积分,【日常任务】参与2次传奇赛事
1,103001,2022/05/15 5:00:00,2022/05/16 4:59:59,2001118,2,,【日常任务】参与3次传奇赛事
1,59,2022/05/16 5:00:00,2022/05/17 4:59:59,2001119,10000,金币,【日常任务】参与1次传奇赛事
1,110,2022/05/16 5:00:00,2022/05/17 4:59:59,2001120,5000,协助积分,【日常任务】参与2次传奇赛事
1,107401,2022/05/16 5:00:00,2022/05/17 4:59:59,2001121,2,,【日常任务】参与3次传奇赛事
1,59,2022/05/17 5:00:00,2022/05/18 4:59:59,2001122,10000,金币,【日常任务】参与1次传奇赛事
1,110,2022/05/17 5:00:00,2022/05/18 4:59:59,2001123,5000,协助积分,【日常任务】参与2次传奇赛事
1,107401,2022/05/17 5:00:00,2022/05/18 4:59:59,2001124,2,,【日常任务】参与3次传奇赛事
1,59,2022/05/18 5:00:00,2022/05/19 4:59:59,2001125,10000,金币,【日常任务】参与1次传奇赛事
1,110,2022/05/18 5:00:00,2022/05/19 4:59:59,2001126,5000,协助积分,【日常任务】参与2次传奇赛事
1,107401,2022/05/18 5:00:00,2022/05/19 4:59:59,2001127,2,,【日常任务】参与3次传奇赛事
1,150,2022/05/10 12:00:00,2022/05/19 4:59:59,2001128,1,金结晶片,【期间限定任务】参与6次传奇赛事
1,150,2022/05/10 12:00:00,2022/05/19 4:59:59,2001129,1,金结晶片,【期间限定任务】参与12次传奇赛事
1,149,2022/05/10 12:00:00,2022/05/19 4:59:59,2001130,1,彩虹结晶片,【期间限定任务】参与21次传奇赛事
1,59,2022/06/24 12:00:00,2022/06/25 4:59:59,2001201,10000,金币,【日常任务】参与1次传奇赛事
1,110,2022/06/24 12:00:00,2022/06/25 4:59:59,2001202,5000,协助积分,【日常任务】参与2次传奇赛事
1,102101,2022/06/24 12:00:00,2022/06/25 4:59:59,2001203,2,,【日常任务】参与3次传奇赛事
1,59,2022/06/25 5:00:00,2022/06/26 4:59:59,2001204,10000,金币,【日常任务】参与1次传奇赛事
1,110,2022/06/25 5:00:00,2022/06/26 4:59:59,2001205,5000,协助积分,【日常任务】参与2次传奇赛事
1,102101,2022/06/25 5:00:00,2022/06/26 4:59:59,2001206,2,,【日常任务】参与3次传奇赛事
1,59,2022/06/26 5:00:00,2022/06/27 4:59:59,2001207,10000,金币,【日常任务】参与1次传奇赛事
1,110,2022/06/26 5:00:00,2022/06/27 4:59:59,2001208,5000,协助积分,【日常任务】参与2次传奇赛事
1,102101,2022/06/26 5:00:00,2022/06/27 4:59:59,2001209,2,,【日常任务】参与3次传奇赛事
1,59,2022/06/27 5:00:00,2022/06/28 4:59:59,2001210,10000,金币,【日常任务】参与1次传奇赛事
1,110,2022/06/27 5:00:00,2022/06/28 4:59:59,2001211,5000,协助积分,【日常任务】参与2次传奇赛事
1,105801,2022/06/27 5:00:00,2022/06/28 4:59:59,2001212,2,,【日常任务】参与3次传奇赛事
1,59,2022/06/28 5:00:00,2022/06/29 4:59:59,2001213,10000,金币,【日常任务】参与1次传奇赛事
1,110,2022/06/28 5:00:00,2022/06/29 4:59:59,2001214,5000,协助积分,【日常任务】参与2次传奇赛事
1,105801,2022/06/28 5:00:00,2022/06/29 4:59:59,2001215,2,,【日常任务】参与3次传奇赛事
1,59,2022/06/29 5:00:00,2022/06/30 4:59:59,2001216,10000,金币,【日常任务】参与1次传奇赛事
1,110,2022/06/29 5:00:00,2022/06/30 4:59:59,2001217,5000,协助积分,【日常任务】参与2次传奇赛事
1,105801,2022/06/29 5:00:00,2022/06/30 4:59:59,2001218,2,,【日常任务】参与3次传奇赛事
1,150,2022/06/24 12:00:00,2022/06/30 4:59:59,2001219,1,金结晶片,【期间限定任务】参与6次传奇赛事
1,150,2022/06/24 12:00:00,2022/06/30 4:59:59,2001220,1,金结晶片,【期间限定任务】参与9次传奇赛事
1,149,2022/06/24 12:00:00,2022/06/30 4:59:59,2001221,1,彩虹结晶片,【期间限定任务】参与12次传奇赛事
1,59,2022/09/23 12:00:00,2022/09/24 4:59:59,2001301,10000,金币,【日常任务】参与1次传奇赛事
1,110,2022/09/23 12:00:00,2022/09/24 4:59:59,2001302,5000,协助积分,【日常任务】参与2次传奇赛事
1,105101,2022/09/23 12:00:00,2022/09/24 4:59:59,2001303,2,,【日常任务】参与3次传奇赛事
1,59,2022/09/24 5:00:00,2022/09/25 4:59:59,2001304,10000,金币,【日常任务】参与1次传奇赛事
1,110,2022/09/24 5:00:00,2022/09/25 4:59:59,2001305,5000,协助积分,【日常任务】参与2次传奇赛事
1,105101,2022/09/24 5:00:00,2022/09/25 4:59:59,2001306,2,,【日常任务】参与3次传奇赛事
1,59,2022/09/25 5:00:00,2022/09/26 4:59:59,2001307,10000,金币,【日常任务】参与1次传奇赛事
1,110,2022/09/25 5:00:00,2022/09/26 4:59:59,2001308,5000,协助积分,【日常任务】参与2次传奇赛事
1,105101,2022/09/25 5:00:00,2022/09/26 4:59:59,2001309,2,,【日常任务】参与3次传奇赛事
1,59,2022/09/26 5:00:00,2022/09/27 4:59:59,2001310,10000,金币,【日常任务】参与1次传奇赛事
1,110,2022/09/26 5:00:00,2022/09/27 4:59:59,2001311,5000,协助积分,【日常任务】参与2次传奇赛事
1,102801,2022/09/26 5:00:00,2022/09/27 4:59:59,2001312,2,,【日常任务】参与3次传奇赛事
1,59,2022/09/27 5:00:00,2022/09/28 4:59:59,2001313,10000,金币,【日常任务】参与1次传奇赛事
1,110,2022/09/27 5:00:00,2022/09/28 4:59:59,2001314,5000,协助积分,【日常任务】参与2次传奇赛事
1,102801,2022/09/27 5:00:00,2022/09/28 4:59:59,2001315,2,,【日常任务】参与3次传奇赛事
1,59,2022/09/28 5:00:00,2022/09/29 4:59:59,2001316,10000,金币,【日常任务】参与1次传奇赛事
1,110,2022/09/28 5:00:00,2022/09/29 4:59:59,2001317,5000,协助积分,【日常任务】参与2次传奇赛事
1,102801,2022/09/28 5:00:00,2022/09/29 4:59:59,2001318,2,,【日常任务】参与3次传奇赛事
1,150,2022/09/23 12:00:00,2022/09/29 4:59:59,2001319,1,金结晶片,【期间限定任务】参与6次传奇赛事
1,150,2022/09/23 12:00:00,2022/09/29 4:59:59,2001320,1,金结晶片,【期间限定任务】参与9次传奇赛事
1,149,2022/09/23 12:00:00,2022/09/29 4:59:59,2001321,1,彩虹结晶片,【期间限定任务】参与12次传奇赛事
1,59,2022/10/22 12:00:00,2022/10/23 4:59:59,2001401,10000,金币,【日常任务】参与1次传奇赛事
1,110,2022/10/22 12:00:00,2022/10/23 4:59:59,2001402,5000,协助积分,【日常任务】参与2次传奇赛事
1,102201,2022/10/22 12:00:00,2022/10/23 4:59:59,2001403,2,,【日常任务】参与3次传奇赛事
1,59,2022/10/23 5:00:00,2022/10/24 4:59:59,2001404,10000,金币,【日常任务】参与1次传奇赛事
1,110,2022/10/23 5:00:00,2022/10/24 4:59:59,2001405,5000,协助积分,【日常任务】参与2次传奇赛事
1,102201,2022/10/23 5:00:00,2022/10/24 4:59:59,2001406,2,,【日常任务】参与3次传奇赛事
1,59,2022/10/24 5:00:00,2022/10/25 4:59:59,2001407,10000,金币,【日常任务】参与1次传奇赛事
1,110,2022/10/24 5:00:00,2022/10/25 4:59:59,2001408,5000,协助积分,【日常任务】参与2次传奇赛事
1,102201,2022/10/24 5:00:00,2022/10/25 4:59:59,2001409,2,,【日常任务】参与3次传奇赛事
1,59,2022/10/25 5:00:00,2022/10/26 4:59:59,2001410,10000,金币,【日常任务】参与1次传奇赛事
1,110,2022/10/25 5:00:00,2022/10/26 4:59:59,2001411,5000,协助积分,【日常任务】参与2次传奇赛事
1,103901,2022/10/25 5:00:00,2022/10/26 4:59:59,2001412,2,,【日常任务】参与3次传奇赛事
1,59,2022/10/26 5:00:00,2022/10/27 4:59:59,2001413,10000,金币,【日常任务】参与1次传奇赛事
1,110,2022/10/26 5:00:00,2022/10/27 4:59:59,2001414,5000,协助积分,【日常任务】参与2次传奇赛事
1,103901,2022/10/26 5:00:00,2022/10/27 4:59:59,2001415,2,,【日常任务】参与3次传奇赛事
1,59,2022/10/27 5:00:00,2022/10/28 4:59:59,2001416,10000,金币,【日常任务】参与1次传奇赛事
1,110,2022/10/27 5:00:00,2022/10/28 4:59:59,2001417,5000,协助积分,【日常任务】参与2次传奇赛事
1,103901,2022/10/27 5:00:00,2022/10/28 4:59:59,2001418,2,,【日常任务】参与3次传奇赛事
1,150,2022/10/22 12:00:00,2022/10/28 4:59:59,2001419,1,金结晶片,【期间限定任务】参与6次传奇赛事
1,150,2022/10/22 12:00:00,2022/10/28 4:59:59,2001420,1,金结晶片,【期间限定任务】参与9次传奇赛事
1,149,2022/10/22 12:00:00,2022/10/28 4:59:59,2001421,1,彩虹结晶片,【期间限定任务】参与12次传奇赛事
1,59,2022/12/25 12:00:00,2022/12/26 4:59:59,2001501,10000,金币,【日常任务】参与1次传奇赛事
1,110,2022/12/25 12:00:00,2022/12/26 4:59:59,2001502,5000,协助积分,【日常任务】参与2次传奇赛事
1,106401,2022/12/25 12:00:00,2022/12/26 4:59:59,2001503,2,,【日常任务】参与3次传奇赛事
1,59,2022/12/26 5:00:00,2022/12/27 4:59:59,2001504,10000,金币,【日常任务】参与1次传奇赛事
1,110,2022/12/26 5:00:00,2022/12/27 4:59:59,2001505,5000,协助积分,【日常任务】参与2次传奇赛事
1,106401,2022/12/26 5:00:00,2022/12/27 4:59:59,2001506,2,,【日常任务】参与3次传奇赛事
1,59,2022/12/27 5:00:00,2022/12/28 4:59:59,2001507,10000,金币,【日常任务】参与1次传奇赛事
1,110,2022/12/27 5:00:00,2022/12/28 4:59:59,2001508,5000,协助积分,【日常任务】参与2次传奇赛事
1,106401,2022/12/27 5:00:00,2022/12/28 4:59:59,2001509,2,,【日常任务】参与3次传奇赛事
1,59,2022/12/28 5:00:00,2022/12/29 4:59:59,2001510,10000,金币,【日常任务】参与1次传奇赛事
1,110,2022/12/28 5:00:00,2022/12/29 4:59:59,2001511,5000,协助积分,【日常任务】参与2次传奇赛事
1,100901,2022/12/28 5:00:00,2022/12/29 4:59:59,2001512,2,,【日常任务】参与3次传奇赛事
1,59,2022/12/29 5:00:00,2022/12/30 4:59:59,2001513,10000,金币,【日常任务】参与1次传奇赛事
1,110,2022/12/29 5:00:00,2022/12/30 4:59:59,2001514,5000,协助积分,【日常任务】参与2次传奇赛事
1,100901,2022/12/29 5:00:00,2022/12/30 4:59:59,2001515,2,,【日常任务】参与3次传奇赛事
1,59,2022/12/30 5:00:00,2022/12/31 4:59:59,2001516,10000,金币,【日常任务】参与1次传奇赛事
1,110,2022/12/30 5:00:00,2022/12/31 4:59:59,2001517,5000,协助积分,【日常任务】参与2次传奇赛事
1,100901,2022/12/30 5:00:00,2022/12/31 4:59:59,2001518,2,,【日常任务】参与3次传奇赛事
1,150,2022/12/25 12:00:00,2022/12/31 4:59:59,2001519,1,金结晶片,【期间限定任务】参与6次传奇赛事
1,150,2022/12/25 12:00:00,2022/12/31 4:59:59,2001520,1,金结晶片,【期间限定任务】参与9次传奇赛事
1,149,2022/12/25 12:00:00,2022/12/31 4:59:59,2001521,1,彩虹结晶片,【期间限定任务】参与12次传奇赛事
1,59,2023/04/22 12:00:00,2023/04/23 4:59:59,2001601,10000,金币,【日常任务】参与1次传奇赛事
1,110,2023/04/22 12:00:00,2023/04/23 4:59:59,2001602,5000,协助积分,【日常任务】参与2次传奇赛事
1,107201,2023/04/22 12:00:00,2023/04/23 4:59:59,2001603,2,,【日常任务】参与3次传奇赛事
1,59,2023/04/23 5:00:00,2023/04/24 4:59:59,2001604,10000,金币,【日常任务】参与1次传奇赛事
1,110,2023/04/23 5:00:00,2023/04/24 4:59:59,2001605,5000,协助积分,【日常任务】参与2次传奇赛事
1,107201,2023/04/23 5:00:00,2023/04/24 4:59:59,2001606,2,,【日常任务】参与3次传奇赛事
1,59,2023/04/24 5:00:00,2023/04/25 4:59:59,2001607,10000,金币,【日常任务】参与1次传奇赛事
1,110,2023/04/24 5:00:00,2023/04/25 4:59:59,2001608,5000,协助积分,【日常任务】参与2次传奇赛事
1,107201,2023/04/24 5:00:00,2023/04/25 4:59:59,2001609,2,,【日常任务】参与3次传奇赛事
1,59,2023/04/25 5:00:00,2023/04/26 4:59:59,2001610,10000,金币,【日常任务】参与1次传奇赛事
1,110,2023/04/25 5:00:00,2023/04/26 4:59:59,2001611,5000,协助积分,【日常任务】参与2次传奇赛事
1,100302,2023/04/25 5:00:00,2023/04/26 4:59:59,2001612,2,,【日常任务】参与3次传奇赛事
1,59,2023/04/26 5:00:00,2023/04/27 4:59:59,2001613,10000,金币,【日常任务】参与1次传奇赛事
1,110,2023/04/26 5:00:00,2023/04/27 4:59:59,2001614,5000,协助积分,【日常任务】参与2次传奇赛事
1,100302,2023/04/26 5:00:00,2023/04/27 4:59:59,2001615,2,,【日常任务】参与3次传奇赛事
1,59,2023/04/27 5:00:00,2023/04/28 4:59:59,2001616,10000,金币,【日常任务】参与1次传奇赛事
1,110,2023/04/27 5:00:00,2023/04/28 4:59:59,2001617,5000,协助积分,【日常任务】参与2次传奇赛事
1,100302,2023/04/27 5:00:00,2023/04/28 4:59:59,2001618,2,,【日常任务】参与3次传奇赛事
1,150,2023/04/22 12:00:00,2023/04/28 4:59:59,2001619,1,金结晶片,【期间限定任务】参与6次传奇赛事
1,150,2023/04/22 12:00:00,2023/04/28 4:59:59,2001620,1,金结晶片,【期间限定任务】参与9次传奇赛事
1,149,2023/04/22 12:00:00,2023/04/28 4:59:59,2001621,1,彩虹结晶片,【期间限定任务】参与12次传奇赛事
1,59,2023/06/05 12:00:00,2023/06/06 4:59:59,2001701,10000,金币,【日常任务】参与1次传奇赛事
1,110,2023/06/05 12:00:00,2023/06/06 4:59:59,2001702,5000,协助积分,【日常任务】参与2次传奇赛事
1,107801,2023/06/05 12:00:00,2023/06/06 4:59:59,2001703,2,,【日常任务】参与3次传奇赛事
1,59,2023/06/06 5:00:00,2023/06/07 4:59:59,2001704,10000,金币,【日常任务】参与1次传奇赛事
1,110,2023/06/06 5:00:00,2023/06/07 4:59:59,2001705,5000,协助积分,【日常任务】参与2次传奇赛事
1,107801,2023/06/06 5:00:00,2023/06/07 4:59:59,2001706,2,,【日常任务】参与3次传奇赛事
1,59,2023/06/07 5:00:00,2023/06/08 4:59:59,2001707,10000,金币,【日常任务】参与1次传奇赛事
1,110,2023/06/07 5:00:00,2023/06/08 4:59:59,2001708,5000,协助积分,【日常任务】参与2次传奇赛事
1,107801,2023/06/07 5:00:00,2023/06/08 4:59:59,2001709,2,,【日常任务】参与3次传奇赛事
1,59,2023/06/08 5:00:00,2023/06/09 4:59:59,2001710,10000,金币,【日常任务】参与1次传奇赛事
1,110,2023/06/08 5:00:00,2023/06/09 4:59:59,2001711,5000,协助积分,【日常任务】参与2次传奇赛事
1,101902,2023/06/08 5:00:00,2023/06/09 4:59:59,2001712,2,,【日常任务】参与3次传奇赛事
1,59,2023/06/09 5:00:00,2023/06/10 4:59:59,2001713,10000,金币,【日常任务】参与1次传奇赛事
1,110,2023/06/09 5:00:00,2023/06/10 4:59:59,2001714,5000,协助积分,【日常任务】参与2次传奇赛事
1,101902,2023/06/09 5:00:00,2023/06/10 4:59:59,2001715,2,,【日常任务】参与3次传奇赛事
1,59,2023/06/10 5:00:00,2023/06/11 4:59:59,2001716,10000,金币,【日常任务】参与1次传奇赛事
1,110,2023/06/10 5:00:00,2023/06/11 4:59:59,2001717,5000,协助积分,【日常任务】参与2次传奇赛事
1,101902,2023/06/10 5:00:00,2023/06/11 4:59:59,2001718,2,,【日常任务】参与3次传奇赛事
1,150,2023/06/05 12:00:00,2023/06/11 4:59:59,2001719,1,金结晶片,【期间限定任务】参与6次传奇赛事
1,150,2023/06/05 12:00:00,2023/06/11 4:59:59,2001720,1,金结晶片,【期间限定任务】参与9次传奇赛事
1,149,2023/06/05 12:00:00,2023/06/11 4:59:59,2001721,1,彩虹结晶片,【期间限定任务】参与12次传奇赛事
1,59,2023/07/06 12:00:00,2023/07/07 4:59:59,2001801,10000,金币,【日常任务】参与1次传奇赛事
1,110,2023/07/06 12:00:00,2023/07/07 4:59:59,2001802,5000,协助积分,【日常任务】参与2次传奇赛事
1,102402,2023/07/06 12:00:00,2023/07/07 4:59:59,2001803,2,,【日常任务】参与3次传奇赛事
1,59,2023/07/07 5:00:00,2023/07/08 4:59:59,2001804,10000,金币,【日常任务】参与1次传奇赛事
1,110,2023/07/07 5:00:00,2023/07/08 4:59:59,2001805,5000,协助积分,【日常任务】参与2次传奇赛事
1,102402,2023/07/07 5:00:00,2023/07/08 4:59:59,2001806,2,,【日常任务】参与3次传奇赛事
1,59,2023/07/08 5:00:00,2023/07/09 4:59:59,2001807,10000,金币,【日常任务】参与1次传奇赛事
1,110,2023/07/08 5:00:00,2023/07/09 4:59:59,2001808,5000,协助积分,【日常任务】参与2次传奇赛事
1,102402,2023/07/08 5:00:00,2023/07/09 4:59:59,2001809,2,,【日常任务】参与3次传奇赛事
1,59,2023/07/09 5:00:00,2023/07/10 4:59:59,2001810,10000,金币,【日常任务】参与1次传奇赛事
1,110,2023/07/09 5:00:00,2023/07/10 4:59:59,2001811,5000,协助积分,【日常任务】参与2次传奇赛事
1,104401,2023/07/09 5:00:00,2023/07/10 4:59:59,2001812,2,,【日常任务】参与3次传奇赛事
1,59,2023/07/10 5:00:00,2023/07/11 4:59:59,2001813,10000,金币,【日常任务】参与1次传奇赛事
1,110,2023/07/10 5:00:00,2023/07/11 4:59:59,2001814,5000,协助积分,【日常任务】参与2次传奇赛事
1,104401,2023/07/10 5:00:00,2023/07/11 4:59:59,2001815,2,,【日常任务】参与3次传奇赛事
1,59,2023/07/11 5:00:00,2023/07/12 4:59:59,2001816,10000,金币,【日常任务】参与1次传奇赛事
1,110,2023/07/11 5:00:00,2023/07/12 4:59:59,2001817,5000,协助积分,【日常任务】参与2次传奇赛事
1,104401,2023/07/11 5:00:00,2023/07/12 4:59:59,2001818,2,,【日常任务】参与3次传奇赛事
1,150,2023/07/06 12:00:00,2023/07/12 4:59:59,2001819,1,金结晶片,【期间限定任务】参与6次传奇赛事
1,150,2023/07/06 12:00:00,2023/07/12 4:59:59,2001820,1,金结晶片,【期间限定任务】参与9次传奇赛事
1,149,2023/07/06 12:00:00,2023/07/12 4:59:59,2001821,1,彩虹结晶片,【期间限定任务】参与12次传奇赛事
1,59,2023/08/09 12:00:00,2023/08/10 4:59:59,2001901,10000,金币,【日常任务】参与1次传奇赛事
1,110,2023/08/09 12:00:00,2023/08/10 4:59:59,2001902,5000,协助积分,【日常任务】参与2次传奇赛事
1,104601,2023/08/09 12:00:00,2023/08/10 4:59:59,2001903,2,,【日常任务】参与3次传奇赛事
1,59,2023/08/10 5:00:00,2023/08/11 4:59:59,2001904,10000,金币,【日常任务】参与1次传奇赛事
1,110,2023/08/10 5:00:00,2023/08/11 4:59:59,2001905,5000,协助积分,【日常任务】参与2次传奇赛事
1,104601,2023/08/10 5:00:00,2023/08/11 4:59:59,2001906,2,,【日常任务】参与3次传奇赛事
1,59,2023/08/11 5:00:00,2023/08/12 4:59:59,2001907,10000,金币,【日常任务】参与1次传奇赛事
1,110,2023/08/11 5:00:00,2023/08/12 4:59:59,2001908,5000,协助积分,【日常任务】参与2次传奇赛事
1,104601,2023/08/11 5:00:00,2023/08/12 4:59:59,2001909,2,,【日常任务】参与3次传奇赛事
1,59,2023/08/12 5:00:00,2023/08/13 4:59:59,2001910,10000,金币,【日常任务】参与1次传奇赛事
1,110,2023/08/12 5:00:00,2023/08/13 4:59:59,2001911,5000,协助积分,【日常任务】参与2次传奇赛事
1,109801,2023/08/12 5:00:00,2023/08/13 4:59:59,2001912,2,,【日常任务】参与3次传奇赛事
1,59,2023/08/13 5:00:00,2023/08/14 4:59:59,2001913,10000,金币,【日常任务】参与1次传奇赛事
1,110,2023/08/13 5:00:00,2023/08/14 4:59:59,2001914,5000,协助积分,【日常任务】参与2次传奇赛事
1,109801,2023/08/13 5:00:00,2023/08/14 4:59:59,2001915,2,,【日常任务】参与3次传奇赛事
1,59,2023/08/14 5:00:00,2023/08/15 4:59:59,2001916,10000,金币,【日常任务】参与1次传奇赛事
1,110,2023/08/14 5:00:00,2023/08/15 4:59:59,2001917,5000,协助积分,【日常任务】参与2次传奇赛事
1,109801,2023/08/14 5:00:00,2023/08/15 4:59:59,2001918,2,,【日常任务】参与3次传奇赛事
1,150,2023/08/09 12:00:00,2023/08/15 4:59:59,2001919,1,金结晶片,【期间限定任务】参与6次传奇赛事
1,150,2023/08/09 12:00:00,2023/08/15 4:59:59,2001920,1,金结晶片,【期间限定任务】参与9次传奇赛事
1,149,2023/08/09 12:00:00,2023/08/15 4:59:59,2001921,1,彩虹结晶片,【期间限定任务】参与12次传奇赛事
1,59,2023/09/06 12:00:00,2023/09/07 4:59:59,2002001,10000,金币,【日常任务】参与1次传奇赛事
1,110,2023/09/06 12:00:00,2023/09/07 4:59:59,2002002,5000,协助积分,【日常任务】参与2次传奇赛事
1,105301,2023/09/06 12:00:00,2023/09/07 4:59:59,2002003,2,,【日常任务】参与3次传奇赛事
1,59,2023/09/07 5:00:00,2023/09/08 4:59:59,2002004,10000,金币,【日常任务】参与1次传奇赛事
1,110,2023/09/07 5:00:00,2023/09/08 4:59:59,2002005,5000,协助积分,【日常任务】参与2次传奇赛事
1,105301,2023/09/07 5:00:00,2023/09/08 4:59:59,2002006,2,,【日常任务】参与3次传奇赛事
1,59,2023/09/08 5:00:00,2023/09/09 4:59:59,2002007,10000,金币,【日常任务】参与1次传奇赛事
1,110,2023/09/08 5:00:00,2023/09/09 4:59:59,2002008,5000,协助积分,【日常任务】参与2次传奇赛事
1,105301,2023/09/08 5:00:00,2023/09/09 4:59:59,2002009,2,,【日常任务】参与3次传奇赛事
1,59,2023/09/09 5:00:00,2023/09/10 4:59:59,2002010,10000,金币,【日常任务】参与1次传奇赛事
1,110,2023/09/09 5:00:00,2023/09/10 4:59:59,2002011,5000,协助积分,【日常任务】参与2次传奇赛事
1,101002,2023/09/09 5:00:00,2023/09/10 4:59:59,2002012,2,,【日常任务】参与3次传奇赛事
1,59,2023/09/10 5:00:00,2023/09/11 4:59:59,2002013,10000,金币,【日常任务】参与1次传奇赛事
1,110,2023/09/10 5:00:00,2023/09/11 4:59:59,2002014,5000,协助积分,【日常任务】参与2次传奇赛事
1,101002,2023/09/10 5:00:00,2023/09/11 4:59:59,2002015,2,,【日常任务】参与3次传奇赛事
1,59,2023/09/11 5:00:00,2023/09/12 4:59:59,2002016,10000,金币,【日常任务】参与1次传奇赛事
1,110,2023/09/11 5:00:00,2023/09/12 4:59:59,2002017,5000,协助积分,【日常任务】参与2次传奇赛事
1,101002,2023/09/11 5:00:00,2023/09/12 4:59:59,2002018,2,,【日常任务】参与3次传奇赛事
1,150,2023/09/06 12:00:00,2023/09/12 4:59:59,2002019,1,金结晶片,【期间限定任务】参与6次传奇赛事
1,150,2023/09/06 12:00:00,2023/09/12 4:59:59,2002020,1,金结晶片,【期间限定任务】参与9次传奇赛事
1,149,2023/09/06 12:00:00,2023/09/12 4:59:59,2002021,1,彩虹结晶片,【期间限定任务】参与12次传奇赛事
1,59,2023/10/05 12:00:00,2023/10/06 4:59:59,2002101,10000,金币,【日常任务】参与1次传奇赛事
1,110,2023/10/05 12:00:00,2023/10/06 4:59:59,2002102,5000,协助积分,【日常任务】参与2次传奇赛事
1,106801,2023/10/05 12:00:00,2023/10/06 4:59:59,2002103,2,,【日常任务】参与3次传奇赛事
1,59,2023/10/06 5:00:00,2023/10/07 4:59:59,2002104,10000,金币,【日常任务】参与1次传奇赛事
1,110,2023/10/06 5:00:00,2023/10/07 4:59:59,2002105,5000,协助积分,【日常任务】参与2次传奇赛事
1,106801,2023/10/06 5:00:00,2023/10/07 4:59:59,2002106,2,,【日常任务】参与3次传奇赛事
1,59,2023/10/07 5:00:00,2023/10/08 4:59:59,2002107,10000,金币,【日常任务】参与1次传奇赛事
1,110,2023/10/07 5:00:00,2023/10/08 4:59:59,2002108,5000,协助积分,【日常任务】参与2次传奇赛事
1,106801,2023/10/07 5:00:00,2023/10/08 4:59:59,2002109,2,,【日常任务】参与3次传奇赛事
1,59,2023/10/08 5:00:00,2023/10/09 4:59:59,2002110,10000,金币,【日常任务】参与1次传奇赛事
1,110,2023/10/08 5:00:00,2023/10/09 4:59:59,2002111,5000,协助积分,【日常任务】参与2次传奇赛事
1,106701,2023/10/08 5:00:00,2023/10/09 4:59:59,2002112,2,,【日常任务】参与3次传奇赛事
1,59,2023/10/09 5:00:00,2023/10/10 4:59:59,2002113,10000,金币,【日常任务】参与1次传奇赛事
1,110,2023/10/09 5:00:00,2023/10/10 4:59:59,2002114,5000,协助积分,【日常任务】参与2次传奇赛事
1,106701,2023/10/09 5:00:00,2023/10/10 4:59:59,2002115,2,,【日常任务】参与3次传奇赛事
1,59,2023/10/10 5:00:000,2023/10/11 4:59:59,2002116,10000,金币,【日常任务】参与1次传奇赛事
1,110,2023/10/10 5:00:000,2023/10/11 4:59:59,2002117,5000,协助积分,【日常任务】参与2次传奇赛事
1,106701,2023/10/10 5:00:000,2023/10/11 4:59:59,2002118,2,,【日常任务】参与3次传奇赛事
1,150,2023/10/05 12:00:00,2023/10/11 4:59:59,2002119,1,金结晶片,【期间限定任务】参与6次传奇赛事
1,150,2023/10/05 12:00:00,2023/10/11 4:59:59,2002120,1,金结晶片,【期间限定任务】参与9次传奇赛事
1,149,2023/10/05 12:00:00,2023/10/11 4:59:59,2002121,1,彩虹结晶片,【期间限定任务】参与12次传奇赛事
1,59,2023/11/06 12:00:00,2023/11/07 4:59:59,2002201,10000,金币,【日常任务】参与1次传奇赛事
1,110,2023/11/06 12:00:00,2023/11/07 4:59:59,2002202,5000,协助积分,【日常任务】参与2次传奇赛事
1,102102,2023/11/06 12:00:00,2023/11/07 4:59:59,2002203,2,,【日常任务】参与3次传奇赛事
1,59,2023/11/07 5:00:00,2023/11/08 4:59:59,2002204,10000,金币,【日常任务】参与1次传奇赛事
1,110,2023/11/07 5:00:00,2023/11/08 4:59:59,2002205,5000,协助积分,【日常任务】参与2次传奇赛事
1,102102,2023/11/07 5:00:00,2023/11/08 4:59:59,2002206,2,,【日常任务】参与3次传奇赛事
1,59,2023/11/08 5:00:00,2023/11/09 4:59:59,2002207,10000,金币,【日常任务】参与1次传奇赛事
1,110,2023/11/08 5:00:00,2023/11/09 4:59:59,2002208,5000,协助积分,【日常任务】参与2次传奇赛事
1,102102,2023/11/08 5:00:00,2023/11/09 4:59:59,2002209,2,,【日常任务】参与3次传奇赛事
1,59,2023/11/09 5:00:00,2023/11/10 4:59:59,2002210,10000,金币,【日常任务】参与1次传奇赛事
1,110,2023/11/09 5:00:00,2023/11/10 4:59:59,2002211,5000,协助积分,【日常任务】参与2次传奇赛事
1,104801,2023/11/09 5:00:00,2023/11/10 4:59:59,2002212,2,,【日常任务】参与3次传奇赛事
1,59,2023/11/10 5:00:00,2023/11/11 4:59:59,2002213,10000,金币,【日常任务】参与1次传奇赛事
1,110,2023/11/10 5:00:00,2023/11/11 4:59:59,2002214,5000,协助积分,【日常任务】参与2次传奇赛事
1,104801,2023/11/10 5:00:00,2023/11/11 4:59:59,2002215,2,,【日常任务】参与3次传奇赛事
1,59,2023/11/11 5:00:000,2023/11/12 4:59:59,2002216,10000,金币,【日常任务】参与1次传奇赛事
1,110,2023/11/11 5:00:000,2023/11/12 4:59:59,2002217,5000,协助积分,【日常任务】参与2次传奇赛事
1,104801,2023/11/11 5:00:000,2023/11/12 4:59:59,2002218,2,,【日常任务】参与3次传奇赛事
1,150,2023/11/06 12:00:00,2023/11/12 4:59:59,2002219,1,金结晶片,【期间限定任务】参与6次传奇赛事
1,150,2023/11/06 12:00:00,2023/11/12 4:59:59,2002220,1,金结晶片,【期间限定任务】参与9次传奇赛事
1,149,2023/11/06 12:00:00,2023/11/12 4:59:59,2002221,1,彩虹结晶片,【期间限定任务】参与12次传奇赛事
1,59,2023/12/07 12:00:00,2023/12/08 4:59:59,2002301,10000,金币,【日常任务】参与1次传奇赛事
1,110,2023/12/07 12:00:00,2023/12/08 4:59:59,2002302,5000,协助积分,【日常任务】参与2次传奇赛事
1,100602,2023/12/07 12:00:00,2023/12/08 4:59:59,2002303,2,,【日常任务】参与3次传奇赛事
1,59,2023/12/08 5:00:00,2023/12/09 4:59:59,2002304,10000,金币,【日常任务】参与1次传奇赛事
1,110,2023/12/08 5:00:00,2023/12/09 4:59:59,2002305,5000,协助积分,【日常任务】参与2次传奇赛事
1,100602,2023/12/08 5:00:00,2023/12/09 4:59:59,2002306,2,,【日常任务】参与3次传奇赛事
1,59,2023/12/09 5:00:00,2023/12/10 4:59:59,2002307,10000,金币,【日常任务】参与1次传奇赛事
1,110,2023/12/09 5:00:00,2023/12/10 4:59:59,2002308,5000,协助积分,【日常任务】参与2次传奇赛事
1,100602,2023/12/09 5:00:00,2023/12/10 4:59:59,2002309,2,,【日常任务】参与3次传奇赛事
1,59,2023/12/10 5:00:00,2023/12/11 4:59:59,2002310,10000,金币,【日常任务】参与1次传奇赛事
1,110,2023/12/10 5:00:00,2023/12/11 4:59:59,2002311,5000,协助积分,【日常任务】参与2次传奇赛事
1,102501,2023/12/10 5:00:00,2023/12/11 4:59:59,2002312,2,,【日常任务】参与3次传奇赛事
1,59,2023/12/11 5:00:00,2023/12/12 4:59:59,2002313,10000,金币,【日常任务】参与1次传奇赛事
1,110,2023/12/11 5:00:00,2023/12/12 4:59:59,2002314,5000,协助积分,【日常任务】参与2次传奇赛事
1,102501,2023/12/11 5:00:00,2023/12/12 4:59:59,2002315,2,,【日常任务】参与3次传奇赛事
1,59,2023/12/12 5:00:00,2023/12/13 4:59:59,2002316,10000,金币,【日常任务】参与1次传奇赛事
1,110,2023/12/12 5:00:00,2023/12/13 4:59:59,2002317,5000,协助积分,【日常任务】参与2次传奇赛事
1,102501,2023/12/12 5:00:00,2023/12/13 4:59:59,2002318,2,,【日常任务】参与3次传奇赛事
1,150,2023/12/07 12:00:00,2023/12/13 4:59:59,2002319,1,金结晶片,【期间限定任务】参与6次传奇赛事
1,150,2023/12/07 12:00:00,2023/12/13 4:59:59,2002320,1,金结晶片,【期间限定任务】参与9次传奇赛事
1,149,2023/12/07 12:00:00,2023/12/13 4:59:59,2002321,1,彩虹结晶片,【期间限定任务】参与12次传奇赛事
1,59,2024/01/04 12:00:00,2024/01/05 4:59:59,2002401,10000,金币,【日常任务】参与1次传奇赛事
1,110,2024/01/04 12:00:00,2024/01/05 4:59:59,2002402,5000,协助积分,【日常任务】参与2次传奇赛事
1,106901,2024/01/04 12:00:00,2024/01/05 4:59:59,2002403,2,,【日常任务】参与3次传奇赛事
1,59,2024/01/05 5:00:00,2024/01/06 4:59:59,2002404,10000,金币,【日常任务】参与1次传奇赛事
1,110,2024/01/05 5:00:00,2024/01/06 4:59:59,2002405,5000,协助积分,【日常任务】参与2次传奇赛事
1,106901,2024/01/05 5:00:00,2024/01/06 4:59:59,2002406,2,,【日常任务】参与3次传奇赛事
1,59,2024/01/06 5:00:00,2024/01/07 4:59:59,2002407,10000,金币,【日常任务】参与1次传奇赛事
1,110,2024/01/06 5:00:00,2024/01/07 4:59:59,2002408,5000,协助积分,【日常任务】参与2次传奇赛事
1,106901,2024/01/06 5:00:00,2024/01/07 4:59:59,2002409,2,,【日常任务】参与3次传奇赛事
1,59,2024/01/07 5:00:00,2024/01/08 4:59:59,2002410,10000,金币,【日常任务】参与1次传奇赛事
1,110,2024/01/07 5:00:00,2024/01/08 4:59:59,2002411,5000,协助积分,【日常任务】参与2次传奇赛事
1,102602,2024/01/07 5:00:00,2024/01/08 4:59:59,2002412,2,,【日常任务】参与3次传奇赛事
1,59,2024/01/08 5:00:00,2024/01/09 4:59:59,2002413,10000,金币,【日常任务】参与1次传奇赛事
1,110,2024/01/08 5:00:00,2024/01/09 4:59:59,2002414,5000,协助积分,【日常任务】参与2次传奇赛事
1,102602,2024/01/08 5:00:00,2024/01/09 4:59:59,2002415,2,,【日常任务】参与3次传奇赛事
1,59,2024/01/09 5:00:00,2024/01/10 4:59:59,2002416,10000,金币,【日常任务】参与1次传奇赛事
1,110,2024/01/09 5:00:00,2024/01/10 4:59:59,2002417,5000,协助积分,【日常任务】参与2次传奇赛事
1,102602,2024/01/09 5:00:00,2024/01/10 4:59:59,2002418,2,,【日常任务】参与3次传奇赛事
1,150,2024/01/04 12:00:00,2024/01/10 4:59:59,2002419,1,金结晶片,【期间限定任务】参与6次传奇赛事
1,150,2024/01/04 12:00:00,2024/01/10 4:59:59,2002420,1,金结晶片,【期间限定任务】参与9次传奇赛事
1,149,2024/01/04 12:00:00,2024/01/10 4:59:59,2002421,1,彩虹结晶片,【期间限定任务】参与12次传奇赛事
1,59,2024/02/08 12:00:00,2024/02/09 4:59:59,2002501,10000,金币,【日常任务】参与1次传奇赛事
1,110,2024/02/08 12:00:00,2024/02/09 4:59:59,2002502,5000,协助积分,【日常任务】参与2次传奇赛事
1,104201,2024/02/08 12:00:00,2024/02/09 4:59:59,2002503,2,,【日常任务】参与3次传奇赛事
1,59,2024/02/09 5:00:00,2024/02/10 4:59:59,2002504,10000,金币,【日常任务】参与1次传奇赛事
1,110,2024/02/09 5:00:00,2024/02/10 4:59:59,2002505,5000,协助积分,【日常任务】参与2次传奇赛事
1,104201,2024/02/09 5:00:00,2024/02/10 4:59:59,2002506,2,,【日常任务】参与3次传奇赛事
1,59,2024/02/10 5:00:00,2024/02/11 4:59:59,2002507,10000,金币,【日常任务】参与1次传奇赛事
1,110,2024/02/10 5:00:00,2024/02/11 4:59:59,2002508,5000,协助积分,【日常任务】参与2次传奇赛事
1,104201,2024/02/10 5:00:00,2024/02/11 4:59:59,2002509,2,,【日常任务】参与3次传奇赛事
1,59,2024/02/11 5:00:00,2024/02/12 4:59:59,2002510,10000,金币,【日常任务】参与1次传奇赛事
1,110,2024/02/11 5:00:00,2024/02/12 4:59:59,2002511,5000,协助积分,【日常任务】参与2次传奇赛事
1,106102,2024/02/11 5:00:00,2024/02/12 4:59:59,2002512,2,,【日常任务】参与3次传奇赛事
1,59,2024/02/12 5:00:00,2024/02/13 4:59:59,2002513,10000,金币,【日常任务】参与1次传奇赛事
1,110,2024/02/12 5:00:00,2024/02/13 4:59:59,2002514,5000,协助积分,【日常任务】参与2次传奇赛事
1,106102,2024/02/12 5:00:00,2024/02/13 4:59:59,2002515,2,,【日常任务】参与3次传奇赛事
1,59,2024/02/13 5:00:00,2024/02/14 4:59:59,2002516,10000,金币,【日常任务】参与1次传奇赛事
1,110,2024/02/13 5:00:00,2024/02/14 4:59:59,2002517,5000,协助积分,【日常任务】参与2次传奇赛事
1,106102,2024/02/13 5:00:00,2024/02/14 4:59:59,2002518,2,,【日常任务】参与3次传奇赛事
1,150,2024/02/08 12:00:00,2024/02/14 4:59:59,2002519,1,金结晶片,【期间限定任务】参与6次传奇赛事
1,150,2024/02/08 12:00:00,2024/02/14 4:59:59,2002520,1,金结晶片,【期间限定任务】参与9次传奇赛事
1,149,2024/02/08 12:00:00,2024/02/14 4:59:59,2002521,1,彩虹结晶片,【期间限定任务】参与12次传奇赛事
1,59,2024/03/07 12:00:00,2024/03/08 4:59:59,2002601,10000,金币,【デイリーミッション】レジェンドレースに1回出走しよう
1,110,2024/03/07 12:00:00,2024/03/08 4:59:59,2002602,5000,协助积分,【デイリーミッション】レジェンドレースに2回出走しよう
1,105701,2024/03/07 12:00:00,2024/03/08 4:59:59,2002603,2,,【デイリーミッション】レジェンドレースに3回出走しよう
1,59,2024/03/08 5:00:00,2024/03/09 4:59:59,2002604,10000,金币,【デイリーミッション】レジェンドレースに1回出走しよう
1,110,2024/03/08 5:00:00,2024/03/09 4:59:59,2002605,5000,协助积分,【デイリーミッション】レジェンドレースに2回出走しよう
1,105701,2024/03/08 5:00:00,2024/03/09 4:59:59,2002606,2,,【デイリーミッション】レジェンドレースに3回出走しよう
1,59,2024/03/09 5:00:00,2024/03/10 4:59:59,2002607,10000,金币,【デイリーミッション】レジェンドレースに1回出走しよう
1,110,2024/03/09 5:00:00,2024/03/10 4:59:59,2002608,5000,协助积分,【デイリーミッション】レジェンドレースに2回出走しよう
1,105701,2024/03/09 5:00:00,2024/03/10 4:59:59,2002609,2,,【デイリーミッション】レジェンドレースに3回出走しよう
1,59,2024/03/10 5:00:00,2024/03/11 4:59:59,2002610,10000,金币,【デイリーミッション】レジェンドレースに1回出走しよう
1,110,2024/03/10 5:00:00,2024/03/11 4:59:59,2002611,5000,协助积分,【デイリーミッション】レジェンドレースに2回出走しよう
1,102002,2024/03/10 5:00:00,2024/03/11 4:59:59,2002612,2,,【デイリーミッション】レジェンドレースに3回出走しよう
1,59,2024/03/11 5:00:00,2024/03/12 4:59:59,2002613,10000,金币,【デイリーミッション】レジェンドレースに1回出走しよう
1,110,2024/03/11 5:00:00,2024/03/12 4:59:59,2002614,5000,协助积分,【デイリーミッション】レジェンドレースに2回出走しよう
1,102002,2024/03/11 5:00:00,2024/03/12 4:59:59,2002615,2,,【デイリーミッション】レジェンドレースに3回出走しよう
1,59,2024/03/12 5:00:00,2024/03/13 4:59:59,2002616,10000,金币,【デイリーミッション】レジェンドレースに1回出走しよう
1,110,2024/03/12 5:00:00,2024/03/13 4:59:59,2002617,5000,协助积分,【デイリーミッション】レジェンドレースに2回出走しよう
1,102002,2024/03/12 5:00:00,2024/03/13 4:59:59,2002618,2,,【デイリーミッション】レジェンドレースに3回出走しよう
1,150,2024/03/07 12:00:00,2024/03/13 4:59:59,2002619,1,金结晶片,【期間限定ミッション】レジェンドレースに6回出走しよう
1,150,2024/03/07 12:00:00,2024/03/13 4:59:59,2002620,1,金结晶片,【期間限定ミッション】レジェンドレースに9回出走しよう
1,149,2024/03/07 12:00:00,2024/03/13 4:59:59,2002621,1,彩虹结晶片,【期間限定ミッション】レジェンドレースに12回出走しよう
1,59,2024/04/04 12:00:00,2024/04/05 4:59:59,2002701,10000,金币,【デイリーミッション】レジェンドレースに1回出走しよう
1,110,2024/04/04 12:00:00,2024/04/05 4:59:59,2002702,5000,协助积分,【デイリーミッション】レジェンドレースに2回出走しよう
1,103401,2024/04/04 12:00:00,2024/04/05 4:59:59,2002703,2,,【デイリーミッション】レジェンドレースに3回出走しよう
1,59,2024/04/05 5:00:00,2024/04/06 4:59:59,2002704,10000,金币,【デイリーミッション】レジェンドレースに1回出走しよう
1,110,2024/04/05 5:00:00,2024/04/06 4:59:59,2002705,5000,协助积分,【デイリーミッション】レジェンドレースに2回出走しよう
1,103401,2024/04/05 5:00:00,2024/04/06 4:59:59,2002706,2,,【デイリーミッション】レジェンドレースに3回出走しよう
1,59,2024/04/06 5:00:00,2024/04/07 4:59:59,2002707,10000,金币,【デイリーミッション】レジェンドレースに1回出走しよう
1,110,2024/04/06 5:00:00,2024/04/07 4:59:59,2002708,5000,协助积分,【デイリーミッション】レジェンドレースに2回出走しよう
1,103401,2024/04/06 5:00:00,2024/04/07 4:59:59,2002709,2,,【デイリーミッション】レジェンドレースに3回出走しよう
1,59,2024/04/07 5:00:00,2024/04/08 4:59:59,2002710,10000,金币,【デイリーミッション】レジェンドレースに1回出走しよう
1,110,2024/04/07 5:00:00,2024/04/08 4:59:59,2002711,5000,协助积分,【デイリーミッション】レジェンドレースに2回出走しよう
1,101502,2024/04/07 5:00:00,2024/04/08 4:59:59,2002712,2,,【デイリーミッション】レジェンドレースに3回出走しよう
1,59,2024/04/08 5:00:00,2024/04/09 4:59:59,2002713,10000,金币,【デイリーミッション】レジェンドレースに1回出走しよう
1,110,2024/04/08 5:00:00,2024/04/09 4:59:59,2002714,5000,协助积分,【デイリーミッション】レジェンドレースに2回出走しよう
1,101502,2024/04/08 5:00:00,2024/04/09 4:59:59,2002715,2,,【デイリーミッション】レジェンドレースに3回出走しよう
1,59,2024/04/09 5:00:00,2024/04/10 4:59:59,2002716,10000,金币,【デイリーミッション】レジェンドレースに1回出走しよう
1,110,2024/04/09 5:00:00,2024/04/10 4:59:59,2002717,5000,协助积分,【デイリーミッション】レジェンドレースに2回出走しよう
1,101502,2024/04/09 5:00:00,2024/04/10 4:59:59,2002718,2,,【デイリーミッション】レジェンドレースに3回出走しよう
1,150,2024/04/04 12:00:00,2024/04/10 4:59:59,2002719,1,金结晶片,【期間限定ミッション】レジェンドレースに6回出走しよう
1,150,2024/04/04 12:00:00,2024/04/10 4:59:59,2002720,1,金结晶片,【期間限定ミッション】レジェンドレースに9回出走しよう
1,149,2024/04/04 12:00:00,2024/04/10 4:59:59,2002721,1,彩虹结晶片,【期間限定ミッション】レジェンドレースに12回出走しよう
1,59,2024/05/05 12:00:00,2024/05/06 4:59:59,2002801,10000,金币,【デイリーミッション】レジェンドレースに1回出走しよう
1,110,2024/05/05 12:00:00,2024/05/06 4:59:59,2002802,5000,协助积分,【デイリーミッション】レジェンドレースに2回出走しよう
1,103101,2024/05/05 12:00:00,2024/05/06 4:59:59,2002803,2,,【デイリーミッション】レジェンドレースに3回出走しよう
1,59,2024/05/06 5:00:00,2024/05/07 4:59:59,2002804,10000,金币,【デイリーミッション】レジェンドレースに1回出走しよう
1,110,2024/05/06 5:00:00,2024/05/07 4:59:59,2002805,5000,协助积分,【デイリーミッション】レジェンドレースに2回出走しよう
1,103101,2024/05/06 5:00:00,2024/05/07 4:59:59,2002806,2,,【デイリーミッション】レジェンドレースに3回出走しよう
1,59,2024/05/07 5:00:00,2024/05/08 4:59:59,2002807,10000,金币,【デイリーミッション】レジェンドレースに1回出走しよう
1,110,2024/05/07 5:00:00,2024/05/08 4:59:59,2002808,5000,协助积分,【デイリーミッション】レジェンドレースに2回出走しよう
1,103101,2024/05/07 5:00:00,2024/05/08 4:59:59,2002809,2,,【デイリーミッション】レジェンドレースに3回出走しよう
1,59,2024/05/08 5:00:00,2024/05/09 4:59:59,2002810,10000,金币,【デイリーミッション】レジェンドレースに1回出走しよう
1,110,2024/05/08 5:00:00,2024/05/09 4:59:59,2002811,5000,协助积分,【デイリーミッション】レジェンドレースに2回出走しよう
1,103301,2024/05/08 5:00:00,2024/05/09 4:59:59,2002812,2,,【デイリーミッション】レジェンドレースに3回出走しよう
1,59,2024/05/09 5:00:00,2024/05/10 4:59:59,2002813,10000,金币,【デイリーミッション】レジェンドレースに1回出走しよう
1,110,2024/05/09 5:00:00,2024/05/10 4:59:59,2002814,5000,协助积分,【デイリーミッション】レジェンドレースに2回出走しよう
1,103301,2024/05/09 5:00:00,2024/05/10 4:59:59,2002815,2,,【デイリーミッション】レジェンドレースに3回出走しよう
1,59,2024/05/10 5:00:00,2024/05/11 4:59:59,2002816,10000,金币,【デイリーミッション】レジェンドレースに1回出走しよう
1,110,2024/05/10 5:00:00,2024/05/11 4:59:59,2002817,5000,协助积分,【デイリーミッション】レジェンドレースに2回出走しよう
1,103301,2024/05/10 5:00:00,2024/05/11 4:59:59,2002818,2,,【デイリーミッション】レジェンドレースに3回出走しよう
1,150,2024/05/05 12:00:00,2024/05/11 4:59:59,2002819,1,金结晶片,【期間限定ミッション】レジェンドレースに6回出走しよう
1,150,2024/05/05 12:00:00,2024/05/11 4:59:59,2002820,1,金结晶片,【期間限定ミッション】レジェンドレースに9回出走しよう
1,149,2024/05/05 12:00:00,2024/05/11 4:59:59,2002821,1,彩虹结晶片,【期間限定ミッション】レジェンドレースに12回出走しよう
1,59,2024/06/08 12:00:00,2024/06/09 4:59:59,2002901,10000,金币,【デイリーミッション】レジェンドレースに1回出走しよう
1,110,2024/06/08 12:00:00,2024/06/09 4:59:59,2002902,5000,协助积分,【デイリーミッション】レジェンドレースに2回出走しよう
1,108501,2024/06/08 12:00:00,2024/06/09 4:59:59,2002903,2,,【デイリーミッション】レジェンドレースに3回出走しよう
1,59,2024/06/09 5:00:00,2024/06/10 4:59:59,2002904,10000,金币,【デイリーミッション】レジェンドレースに1回出走しよう
1,110,2024/06/09 5:00:00,2024/06/10 4:59:59,2002905,5000,协助积分,【デイリーミッション】レジェンドレースに2回出走しよう
1,108501,2024/06/09 5:00:00,2024/06/10 4:59:59,2002906,2,,【デイリーミッション】レジェンドレースに3回出走しよう
1,59,2024/06/10 5:00:00,2024/06/11 4:59:59,2002907,10000,金币,【デイリーミッション】レジェンドレースに1回出走しよう
1,110,2024/06/10 5:00:00,2024/06/11 4:59:59,2002908,5000,协助积分,【デイリーミッション】レジェンドレースに2回出走しよう
1,108501,2024/06/10 5:00:00,2024/06/11 4:59:59,2002909,2,,【デイリーミッション】レジェンドレースに3回出走しよう
1,59,2024/06/11 5:00:00,2024/06/12 4:59:59,2002910,10000,金币,【デイリーミッション】レジェンドレースに1回出走しよう
1,110,2024/06/11 5:00:00,2024/06/12 4:59:59,2002911,5000,协助积分,【デイリーミッション】レジェンドレースに2回出走しよう
1,106501,2024/06/11 5:00:00,2024/06/12 4:59:59,2002912,2,,【デイリーミッション】レジェンドレースに3回出走しよう
1,59,2024/06/12 5:00:00,2024/06/13 4:59:59,2002913,10000,金币,【デイリーミッション】レジェンドレースに1回出走しよう
1,110,2024/06/12 5:00:00,2024/06/13 4:59:59,2002914,5000,协助积分,【デイリーミッション】レジェンドレースに2回出走しよう
1,106501,2024/06/12 5:00:00,2024/06/13 4:59:59,2002915,2,,【デイリーミッション】レジェンドレースに3回出走しよう
1,59,2024/06/13 5:00:00,2024/06/14 4:59:59,2002916,10000,金币,【デイリーミッション】レジェンドレースに1回出走しよう
1,110,2024/06/13 5:00:00,2024/06/14 4:59:59,2002917,5000,协助积分,【デイリーミッション】レジェンドレースに2回出走しよう
1,106501,2024/06/13 5:00:00,2024/06/14 4:59:59,2002918,2,,【デイリーミッション】レジェンドレースに3回出走しよう
1,150,2024/06/08 12:00:00,2024/06/14 4:59:59,2002919,1,金结晶片,【期間限定ミッション】レジェンドレースに6回出走しよう
1,150,2024/06/08 12:00:00,2024/06/14 4:59:59,2002920,1,金结晶片,【期間限定ミッション】レジェンドレースに9回出走しよう
1,149,2024/06/08 12:00:00,2024/06/14 4:59:59,2002921,1,彩虹结晶片,【期間限定ミッション】レジェンドレースに12回出走しよう
1,59,2024/07/04 12:00:00,2024/07/05 4:59:59,2003001,10000,金币,【デイリーミッション】レジェンドレースに1回出走しよう
1,110,2024/07/04 12:00:00,2024/07/05 4:59:59,2003002,5000,协助积分,【デイリーミッション】レジェンドレースに2回出走しよう
1,104901,2024/07/04 12:00:00,2024/07/05 4:59:59,2003003,2,,【デイリーミッション】レジェンドレースに3回出走しよう
1,59,2024/07/05 5:00:00,2024/07/06 4:59:59,2003004,10000,金币,【デイリーミッション】レジェンドレースに1回出走しよう
1,110,2024/07/05 5:00:00,2024/07/06 4:59:59,2003005,5000,协助积分,【デイリーミッション】レジェンドレースに2回出走しよう
1,104901,2024/07/05 5:00:00,2024/07/06 4:59:59,2003006,2,,【デイリーミッション】レジェンドレースに3回出走しよう
1,59,2024/07/06 5:00:00,2024/07/07 4:59:59,2003007,10000,金币,【デイリーミッション】レジェンドレースに1回出走しよう
1,110,2024/07/06 5:00:00,2024/07/07 4:59:59,2003008,5000,协助积分,【デイリーミッション】レジェンドレースに2回出走しよう
1,104901,2024/07/06 5:00:00,2024/07/07 4:59:59,2003009,2,,【デイリーミッション】レジェンドレースに3回出走しよう
1,59,2024/07/07 5:00:00,2024/07/08 4:59:59,2003010,10000,金币,【デイリーミッション】レジェンドレースに1回出走しよう
1,110,2024/07/07 5:00:00,2024/07/08 4:59:59,2003011,5000,协助积分,【デイリーミッション】レジェンドレースに2回出走しよう
1,100702,2024/07/07 5:00:00,2024/07/08 4:59:59,2003012,2,,【デイリーミッション】レジェンドレースに3回出走しよう
1,59,2024/07/08 5:00:00,2024/07/09 4:59:59,2003013,10000,金币,【デイリーミッション】レジェンドレースに1回出走しよう
1,110,2024/07/08 5:00:00,2024/07/09 4:59:59,2003014,5000,协助积分,【デイリーミッション】レジェンドレースに2回出走しよう
1,100702,2024/07/08 5:00:00,2024/07/09 4:59:59,2003015,2,,【デイリーミッション】レジェンドレースに3回出走しよう
1,59,2024/07/09 5:00:00,2024/07/10 4:59:59,2003016,10000,金币,【デイリーミッション】レジェンドレースに1回出走しよう
1,110,2024/07/09 5:00:00,2024/07/10 4:59:59,2003017,5000,协助积分,【デイリーミッション】レジェンドレースに2回出走しよう
1,100702,2024/07/09 5:00:00,2024/07/10 4:59:59,2003018,2,,【デイリーミッション】レジェンドレースに3回出走しよう
1,150,2024/07/04 12:00:00,2024/07/10 4:59:59,2003019,1,金结晶片,【期間限定ミッション】レジェンドレースに6回出走しよう
1,150,2024/07/04 12:00:00,2024/07/10 4:59:59,2003020,1,金结晶片,【期間限定ミッション】レジェンドレースに9回出走しよう
1,149,2024/07/04 12:00:00,2024/07/10 4:59:59,2003021,1,彩虹结晶片,【期間限定ミッション】レジェンドレースに12回出走しよう
1,59,2024/08/08 12:00:00,2024/08/09 4:59:59,2003101,10000,金币,【デイリーミッション】レジェンドレースに1回出走しよう
1,110,2024/08/08 12:00:00,2024/08/09 4:59:59,2003102,5000,协助积分,【デイリーミッション】レジェンドレースに2回出走しよう
1,104602,2024/08/08 12:00:00,2024/08/09 4:59:59,2003103,2,,【デイリーミッション】レジェンドレースに3回出走しよう
1,59,2024/08/09 5:00:00,2024/08/10 4:59:59,2003104,10000,金币,【デイリーミッション】レジェンドレースに1回出走しよう
1,110,2024/08/09 5:00:00,2024/08/10 4:59:59,2003105,5000,协助积分,【デイリーミッション】レジェンドレースに2回出走しよう
1,104602,2024/08/09 5:00:00,2024/08/10 4:59:59,2003106,2,,【デイリーミッション】レジェンドレースに3回出走しよう
1,59,2024/08/10 5:00:00,2024/08/11 4:59:59,2003107,10000,金币,【デイリーミッション】レジェンドレースに1回出走しよう
1,110,2024/08/10 5:00:00,2024/08/11 4:59:59,2003108,5000,协助积分,【デイリーミッション】レジェンドレースに2回出走しよう
1,104602,2024/08/10 5:00:00,2024/08/11 4:59:59,2003109,2,,【デイリーミッション】レジェンドレースに3回出走しよう
1,59,2024/08/11 5:00:00,2024/08/12 4:59:59,2003110,10000,金币,【デイリーミッション】レジェンドレースに1回出走しよう
1,110,2024/08/11 5:00:00,2024/08/12 4:59:59,2003111,5000,协助积分,【デイリーミッション】レジェンドレースに2回出走しよう
1,110001,2024/08/11 5:00:00,2024/08/12 4:59:59,2003112,2,,【デイリーミッション】レジェンドレースに3回出走しよう
1,59,2024/08/12 5:00:00,2024/08/13 4:59:59,2003113,10000,金币,【デイリーミッション】レジェンドレースに1回出走しよう
1,110,2024/08/12 5:00:00,2024/08/13 4:59:59,2003114,5000,协助积分,【デイリーミッション】レジェンドレースに2回出走しよう
1,110001,2024/08/12 5:00:00,2024/08/13 4:59:59,2003115,2,,【デイリーミッション】レジェンドレースに3回出走しよう
1,59,2024/08/13 5:00:00,2024/08/14 4:59:59,2003116,10000,金币,【デイリーミッション】レジェンドレースに1回出走しよう
1,110,2024/08/13 5:00:00,2024/08/14 4:59:59,2003117,5000,协助积分,【デイリーミッション】レジェンドレースに2回出走しよう
1,110001,2024/08/13 5:00:00,2024/08/14 4:59:59,2003118,2,,【デイリーミッション】レジェンドレースに3回出走しよう
1,150,2024/08/08 12:00:00,2024/08/14 4:59:59,2003119,1,金结晶片,【期間限定ミッション】レジェンドレースに6回出走しよう
1,150,2024/08/08 12:00:00,2024/08/14 4:59:59,2003120,1,金结晶片,【期間限定ミッション】レジェンドレースに9回出走しよう
1,149,2024/08/08 12:00:00,2024/08/14 4:59:59,2003121,1,彩虹结晶片,【期間限定ミッション】レジェンドレースに12回出走しよう
1,59,2024/09/05 12:00:00,2024/09/06 4:59:59,2003201,20000,金币,【デイリーミッション】レジェンドレースに1回出走しよう
1,110,2024/09/05 12:00:00,2024/09/06 4:59:59,2003202,5000,协助积分,【デイリーミッション】レジェンドレースに2回出走しよう
1,108701,2024/09/05 12:00:00,2024/09/06 4:59:59,2003203,2,,【デイリーミッション】レジェンドレースに3回出走しよう
1,59,2024/09/06 5:00:00,2024/09/07 4:59:59,2003204,20000,金币,【デイリーミッション】レジェンドレースに1回出走しよう
1,110,2024/09/06 5:00:00,2024/09/07 4:59:59,2003205,5000,协助积分,【デイリーミッション】レジェンドレースに2回出走しよう
1,108701,2024/09/06 5:00:00,2024/09/07 4:59:59,2003206,2,,【デイリーミッション】レジェンドレースに3回出走しよう
1,59,2024/09/07 5:00:00,2024/09/08 4:59:59,2003207,20000,金币,【デイリーミッション】レジェンドレースに1回出走しよう
1,110,2024/09/07 5:00:00,2024/09/08 4:59:59,2003208,5000,协助积分,【デイリーミッション】レジェンドレースに2回出走しよう
1,108701,2024/09/07 5:00:00,2024/09/08 4:59:59,2003209,2,,【デイリーミッション】レジェンドレースに3回出走しよう
1,59,2024/09/08 5:00:00,2024/09/09 4:59:59,2003210,20000,金币,【デイリーミッション】レジェンドレースに1回出走しよう
1,110,2024/09/08 5:00:00,2024/09/09 4:59:59,2003211,5000,协助积分,【デイリーミッション】レジェンドレースに2回出走しよう
1,103802,2024/09/08 5:00:00,2024/09/09 4:59:59,2003212,2,,【デイリーミッション】レジェンドレースに3回出走しよう
1,59,2024/09/09 5:00:00,2024/09/10 4:59:59,2003213,20000,金币,【デイリーミッション】レジェンドレースに1回出走しよう
1,110,2024/09/09 5:00:00,2024/09/10 4:59:59,2003214,5000,协助积分,【デイリーミッション】レジェンドレースに2回出走しよう
1,103802,2024/09/09 5:00:00,2024/09/10 4:59:59,2003215,2,,【デイリーミッション】レジェンドレースに3回出走しよう
1,59,2024/09/10 5:00:00,2024/09/11 4:59:59,2003216,20000,金币,【デイリーミッション】レジェンドレースに1回出走しよう
1,110,2024/09/10 5:00:00,2024/09/11 4:59:59,2003217,5000,协助积分,【デイリーミッション】レジェンドレースに2回出走しよう
1,103802,2024/09/10 5:00:00,2024/09/11 4:59:59,2003218,2,,【デイリーミッション】レジェンドレースに3回出走しよう
1,150,2024/09/05 12:00:00,2024/09/11 4:59:59,2003219,1,金结晶片,【期間限定ミッション】レジェンドレースに6回出走しよう
1,150,2024/09/05 12:00:00,2024/09/11 4:59:59,2003220,1,金结晶片,【期間限定ミッション】レジェンドレースに9回出走しよう
1,149,2024/09/05 12:00:00,2024/09/11 4:59:59,2003221,1,彩虹结晶片,【期間限定ミッション】レジェンドレースに12回出走しよう
1,59,2024/10/06 12:00:00,2024/10/07 4:59:59,2003301,20000,金币,【デイリーミッション】レジェンドレースに1回出走しよう
1,110,2024/10/06 12:00:00,2024/10/07 4:59:59,2003302,5000,协助积分,【デイリーミッション】レジェンドレースに2回出走しよう
1,103002,2024/10/06 12:00:00,2024/10/07 4:59:59,2003303,2,,【デイリーミッション】レジェンドレースに3回出走しよう
1,59,2024/10/07 5:00:00,2024/10/08 4:59:59,2003304,20000,金币,【デイリーミッション】レジェンドレースに1回出走しよう
1,110,2024/10/07 5:00:00,2024/10/08 4:59:59,2003305,5000,协助积分,【デイリーミッション】レジェンドレースに2回出走しよう
1,103002,2024/10/07 5:00:00,2024/10/08 4:59:59,2003306,2,,【デイリーミッション】レジェンドレースに3回出走しよう
1,59,2024/10/08 5:00:00,2024/10/09 4:59:59,2003307,20000,金币,【デイリーミッション】レジェンドレースに1回出走しよう
1,110,2024/10/08 5:00:00,2024/10/09 4:59:59,2003308,5000,协助积分,【デイリーミッション】レジェンドレースに2回出走しよう
1,103002,2024/10/08 5:00:00,2024/10/09 4:59:59,2003309,2,,【デイリーミッション】レジェンドレースに3回出走しよう
1,59,2024/10/09 5:00:00,2024/10/10 4:59:59,2003310,20000,金币,【デイリーミッション】レジェンドレースに1回出走しよう
1,110,2024/10/09 5:00:00,2024/10/10 4:59:59,2003311,5000,协助积分,【デイリーミッション】レジェンドレースに2回出走しよう
1,103601,2024/10/09 5:00:00,2024/10/10 4:59:59,2003312,2,,【デイリーミッション】レジェンドレースに3回出走しよう
1,59,2024/10/10 5:00:00,2024/10/11 4:59:59,2003313,20000,金币,【デイリーミッション】レジェンドレースに1回出走しよう
1,110,2024/10/10 5:00:00,2024/10/11 4:59:59,2003314,5000,协助积分,【デイリーミッション】レジェンドレースに2回出走しよう
1,103601,2024/10/10 5:00:00,2024/10/11 4:59:59,2003315,2,,【デイリーミッション】レジェンドレースに3回出走しよう
1,59,2024/10/11 5:00:00,2024/10/12 4:59:59,2003316,20000,金币,【デイリーミッション】レジェンドレースに1回出走しよう
1,110,2024/10/11 5:00:00,2024/10/12 4:59:59,2003317,5000,协助积分,【デイリーミッション】レジェンドレースに2回出走しよう
1,103601,2024/10/11 5:00:00,2024/10/12 4:59:59,2003318,2,,【デイリーミッション】レジェンドレースに3回出走しよう
1,150,2024/10/06 12:00:00,2024/10/12 4:59:59,2003319,1,金结晶片,【期間限定ミッション】レジェンドレースに6回出走しよう
1,150,2024/10/06 12:00:00,2024/10/12 4:59:59,2003320,1,金结晶片,【期間限定ミッション】レジェンドレースに9回出走しよう
1,149,2024/10/06 12:00:00,2024/10/12 4:59:59,2003321,1,彩虹结晶片,【期間限定ミッション】レジェンドレースに12回出走しよう
1,59,2024/11/03 12:00:00,2024/11/04 4:59:59,2003401,20000,金币,【デイリーミッション】レジェンドレースに1回出走しよう
1,110,2024/11/03 12:00:00,2024/11/04 4:59:59,2003402,5000,协助积分,【デイリーミッション】レジェンドレースに2回出走しよう
1,101702,2024/11/03 12:00:00,2024/11/04 4:59:59,2003403,2,,【デイリーミッション】レジェンドレースに3回出走しよう
1,59,2024/11/04 5:00:00,2024/11/05 4:59:59,2003404,20000,金币,【デイリーミッション】レジェンドレースに1回出走しよう
1,110,2024/11/04 5:00:00,2024/11/05 4:59:59,2003405,5000,协助积分,【デイリーミッション】レジェンドレースに2回出走しよう
1,101702,2024/11/04 5:00:00,2024/11/05 4:59:59,2003406,2,,【デイリーミッション】レジェンドレースに3回出走しよう
1,59,2024/11/05 5:00:00,2024/11/06 4:59:59,2003407,20000,金币,【デイリーミッション】レジェンドレースに1回出走しよう
1,110,2024/11/05 5:00:00,2024/11/06 4:59:59,2003408,5000,协助积分,【デイリーミッション】レジェンドレースに2回出走しよう
1,101702,2024/11/05 5:00:00,2024/11/06 4:59:59,2003409,2,,【デイリーミッション】レジェンドレースに3回出走しよう
1,59,2024/11/06 5:00:00,2024/11/07 4:59:59,2003410,20000,金币,【デイリーミッション】レジェンドレースに1回出走しよう
1,110,2024/11/06 5:00:00,2024/11/07 4:59:59,2003411,5000,协助积分,【デイリーミッション】レジェンドレースに2回出走しよう
1,104701,2024/11/06 5:00:00,2024/11/07 4:59:59,2003412,2,,【デイリーミッション】レジェンドレースに3回出走しよう
1,59,2024/11/07 5:00:00,2024/11/08 4:59:59,2003413,20000,金币,【デイリーミッション】レジェンドレースに1回出走しよう
1,110,2024/11/07 5:00:00,2024/11/08 4:59:59,2003414,5000,协助积分,【デイリーミッション】レジェンドレースに2回出走しよう
1,104701,2024/11/07 5:00:00,2024/11/08 4:59:59,2003415,2,,【デイリーミッション】レジェンドレースに3回出走しよう
1,59,2024/11/08 5:00:00,2024/11/09 4:59:59,2003416,20000,金币,【デイリーミッション】レジェンドレースに1回出走しよう
1,110,2024/11/08 5:00:00,2024/11/09 4:59:59,2003417,5000,协助积分,【デイリーミッション】レジェンドレースに2回出走しよう
1,104701,2024/11/08 5:00:00,2024/11/09 4:59:59,2003418,2,,【デイリーミッション】レジェンドレースに3回出走しよう
1,150,2024/11/03 12:00:00,2024/11/09 4:59:59,2003419,1,金结晶片,【期間限定ミッション】レジェンドレースに6回出走しよう
1,150,2024/11/03 12:00:00,2024/11/09 4:59:59,2003420,1,金结晶片,【期間限定ミッション】レジェンドレースに9回出走しよう
1,149,2024/11/03 12:00:00,2024/11/09 4:59:59,2003421,1,彩虹结晶片,【期間限定ミッション】レジェンドレースに12回出走しよう
1,59,2024/12/05 12:00:00,2024/12/06 4:59:59,2003501,20000,金币,【デイリーミッション】レジェンドレースに1回出走しよう
1,110,2024/12/05 12:00:00,2024/12/06 4:59:59,2003502,5000,协助积分,【デイリーミッション】レジェンドレースに2回出走しよう
1,108301,2024/12/05 12:00:00,2024/12/06 4:59:59,2003503,2,,【デイリーミッション】レジェンドレースに3回出走しよう
1,59,2024/12/06 5:00:00,2024/12/07 4:59:59,2003504,20000,金币,【デイリーミッション】レジェンドレースに1回出走しよう
1,110,2024/12/06 5:00:00,2024/12/07 4:59:59,2003505,5000,协助积分,【デイリーミッション】レジェンドレースに2回出走しよう
1,108301,2024/12/06 5:00:00,2024/12/07 4:59:59,2003506,2,,【デイリーミッション】レジェンドレースに3回出走しよう
1,59,2024/12/07 5:00:00,2024/12/08 4:59:59,2003507,20000,金币,【デイリーミッション】レジェンドレースに1回出走しよう
1,110,2024/12/07 5:00:00,2024/12/08 4:59:59,2003508,5000,协助积分,【デイリーミッション】レジェンドレースに2回出走しよう
1,108301,2024/12/07 5:00:00,2024/12/08 4:59:59,2003509,2,,【デイリーミッション】レジェンドレースに3回出走しよう
1,59,2024/12/08 5:00:00,2024/12/09 4:59:59,2003510,20000,金币,【デイリーミッション】レジェンドレースに1回出走しよう
1,110,2024/12/08 5:00:00,2024/12/09 4:59:59,2003511,5000,协助积分,【デイリーミッション】レジェンドレースに2回出走しよう
1,100902,2024/12/08 5:00:00,2024/12/09 4:59:59,2003512,2,,【デイリーミッション】レジェンドレースに3回出走しよう
1,59,2024/12/09 5:00:00,2024/12/10 4:59:59,2003513,20000,金币,【デイリーミッション】レジェンドレースに1回出走しよう
1,110,2024/12/09 5:00:00,2024/12/10 4:59:59,2003514,5000,协助积分,【デイリーミッション】レジェンドレースに2回出走しよう
1,100902,2024/12/09 5:00:00,2024/12/10 4:59:59,2003515,2,,【デイリーミッション】レジェンドレースに3回出走しよう
1,59,2024/12/10 5:00:00,2024/12/11 4:59:59,2003516,20000,金币,【デイリーミッション】レジェンドレースに1回出走しよう
1,110,2024/12/10 5:00:00,2024/12/11 4:59:59,2003517,5000,协助积分,【デイリーミッション】レジェンドレースに2回出走しよう
1,100902,2024/12/10 5:00:00,2024/12/11 4:59:59,2003518,2,,【デイリーミッション】レジェンドレースに3回出走しよう
1,150,2024/12/05 12:00:00,2024/12/11 4:59:59,2003519,1,金结晶片,【期間限定ミッション】レジェンドレースに6回出走しよう
1,150,2024/12/05 12:00:00,2024/12/11 4:59:59,2003520,1,金结晶片,【期間限定ミッション】レジェンドレースに9回出走しよう
1,149,2024/12/05 12:00:00,2024/12/11 4:59:59,2003521,1,彩虹结晶片,【期間限定ミッション】レジェンドレースに12回出走しよう
1,59,2025/01/06 12:00:00,2025/01/07 4:59:59,2003601,20000,金币,【デイリーミッション】レジェンドレースに1回出走しよう
1,110,2025/01/06 12:00:00,2025/01/07 4:59:59,2003602,5000,协助积分,【デイリーミッション】レジェンドレースに2回出走しよう
1,106201,2025/01/06 12:00:00,2025/01/07 4:59:59,2003603,2,,【デイリーミッション】レジェンドレースに3回出走しよう
1,59,2025/01/07 5:00:00,2025/01/08 4:59:59,2003604,20000,金币,【デイリーミッション】レジェンドレースに1回出走しよう
1,110,2025/01/07 5:00:00,2025/01/08 4:59:59,2003605,5000,协助积分,【デイリーミッション】レジェンドレースに2回出走しよう
1,106201,2025/01/07 5:00:00,2025/01/08 4:59:59,2003606,2,,【デイリーミッション】レジェンドレースに3回出走しよう
1,59,2025/01/08 5:00:00,2025/01/09 4:59:59,2003607,20000,金币,【デイリーミッション】レジェンドレースに1回出走しよう
1,110,2025/01/08 5:00:00,2025/01/09 4:59:59,2003608,5000,协助积分,【デイリーミッション】レジェンドレースに2回出走しよう
1,106201,2025/01/08 5:00:00,2025/01/09 4:59:59,2003609,2,,【デイリーミッション】レジェンドレースに3回出走しよう
1,59,2025/01/09 5:00:00,2025/01/10 4:59:59,2003610,20000,金币,【デイリーミッション】レジェンドレースに1回出走しよう
1,110,2025/01/09 5:00:00,2025/01/10 4:59:59,2003611,5000,协助积分,【デイリーミッション】レジェンドレースに2回出走しよう
1,104802,2025/01/09 5:00:00,2025/01/10 4:59:59,2003612,2,,【デイリーミッション】レジェンドレースに3回出走しよう
1,59,2025/01/10 5:00:00,2025/01/11 4:59:59,2003613,20000,金币,【デイリーミッション】レジェンドレースに1回出走しよう
1,110,2025/01/10 5:00:00,2025/01/11 4:59:59,2003614,5000,协助积分,【デイリーミッション】レジェンドレースに2回出走しよう
1,104802,2025/01/10 5:00:00,2025/01/11 4:59:59,2003615,2,,【デイリーミッション】レジェンドレースに3回出走しよう
1,59,2025/01/11 5:00:00,2025/01/12 4:59:59,2003616,20000,金币,【デイリーミッション】レジェンドレースに1回出走しよう
1,110,2025/01/11 5:00:00,2025/01/12 4:59:59,2003617,5000,协助积分,【デイリーミッション】レジェンドレースに2回出走しよう
1,104802,2025/01/11 5:00:00,2025/01/12 4:59:59,2003618,2,,【デイリーミッション】レジェンドレースに3回出走しよう
1,150,2025/01/06 12:00:00,2025/01/12 4:59:59,2003619,1,金结晶片,【期間限定ミッション】レジェンドレースに6回出走しよう
1,150,2025/01/06 12:00:00,2025/01/12 4:59:59,2003620,1,金结晶片,【期間限定ミッション】レジェンドレースに9回出走しよう
1,149,2025/01/06 12:00:00,2025/01/12 4:59:59,2003621,1,彩虹结晶片,【期間限定ミッション】レジェンドレースに12回出走しよう
1,59,2025/02/07 12:00:00,2025/02/08 4:59:59,2003701,20000,金币,【デイリーミッション】レジェンドレースに1回出走しよう
1,110,2025/02/07 12:00:00,2025/02/08 4:59:59,2003702,5000,协助积分,【デイリーミッション】レジェンドレースに2回出走しよう
1,105501,2025/02/07 12:00:00,2025/02/08 4:59:59,2003703,2,,【デイリーミッション】レジェンドレースに3回出走しよう
1,59,2025/02/08 5:00:00,2025/02/09 4:59:59,2003704,20000,金币,【デイリーミッション】レジェンドレースに1回出走しよう
1,110,2025/02/08 5:00:00,2025/02/09 4:59:59,2003705,5000,协助积分,【デイリーミッション】レジェンドレースに2回出走しよう
1,105501,2025/02/08 5:00:00,2025/02/09 4:59:59,2003706,2,,【デイリーミッション】レジェンドレースに3回出走しよう
1,59,2025/02/09 5:00:00,2025/02/10 4:59:59,2003707,20000,金币,【デイリーミッション】レジェンドレースに1回出走しよう
1,110,2025/02/09 5:00:00,2025/02/10 4:59:59,2003708,5000,协助积分,【デイリーミッション】レジェンドレースに2回出走しよう
1,105501,2025/02/09 5:00:00,2025/02/10 4:59:59,2003709,2,,【デイリーミッション】レジェンドレースに3回出走しよう
1,59,2025/02/10 5:00:00,2025/02/11 4:59:59,2003710,20000,金币,【デイリーミッション】レジェンドレースに1回出走しよう
1,110,2025/02/10 5:00:00,2025/02/11 4:59:59,2003711,5000,协助积分,【デイリーミッション】レジェンドレースに2回出走しよう
1,101802,2025/02/10 5:00:00,2025/02/11 4:59:59,2003712,2,,【デイリーミッション】レジェンドレースに3回出走しよう
1,59,2025/02/11 5:00:00,2025/02/12 4:59:59,2003713,20000,金币,【デイリーミッション】レジェンドレースに1回出走しよう
1,110,2025/02/11 5:00:00,2025/02/12 4:59:59,2003714,5000,协助积分,【デイリーミッション】レジェンドレースに2回出走しよう
1,101802,2025/02/11 5:00:00,2025/02/12 4:59:59,2003715,2,,【デイリーミッション】レジェンドレースに3回出走しよう
1,59,2025/02/12 5:00:00,2025/02/13 4:59:59,2003716,20000,金币,【デイリーミッション】レジェンドレースに1回出走しよう
1,110,2025/02/12 5:00:00,2025/02/13 4:59:59,2003717,5000,协助积分,【デイリーミッション】レジェンドレースに2回出走しよう
1,101802,2025/02/12 5:00:00,2025/02/13 4:59:59,2003718,2,,【デイリーミッション】レジェンドレースに3回出走しよう
1,150,2025/02/07 12:00:00,2025/02/13 4:59:59,2003719,1,金结晶片,【期間限定ミッション】レジェンドレースに6回出走しよう
1,150,2025/02/07 12:00:00,2025/02/13 4:59:59,2003720,1,金结晶片,【期間限定ミッション】レジェンドレースに9回出走しよう
1,149,2025/02/07 12:00:00,2025/02/13 4:59:59,2003721,1,彩虹结晶片,【期間限定ミッション】レジェンドレースに12回出走しよう
1,59,2025/03/05 12:00:00,2025/03/06 4:59:59,2003801,20000,金币,【デイリーミッション】レジェンドレースに1回出走しよう
1,110,2025/03/05 12:00:00,2025/03/06 4:59:59,2003802,5000,协助积分,【デイリーミッション】レジェンドレースに2回出走しよう
1,105102,2025/03/05 12:00:00,2025/03/06 4:59:59,2003803,2,,【デイリーミッション】レジェンドレースに3回出走しよう
1,59,2025/03/06 5:00:00,2025/03/07 4:59:59,2003804,20000,金币,【デイリーミッション】レジェンドレースに1回出走しよう
1,110,2025/03/06 5:00:00,2025/03/07 4:59:59,2003805,5000,协助积分,【デイリーミッション】レジェンドレースに2回出走しよう
1,105102,2025/03/06 5:00:00,2025/03/07 4:59:59,2003806,2,,【デイリーミッション】レジェンドレースに3回出走しよう
1,59,2025/03/07 5:00:00,2025/03/08 4:59:59,2003807,20000,金币,【デイリーミッション】レジェンドレースに1回出走しよう
1,110,2025/03/07 5:00:00,2025/03/08 4:59:59,2003808,5000,协助积分,【デイリーミッション】レジェンドレースに2回出走しよう
1,105102,2025/03/07 5:00:00,2025/03/08 4:59:59,2003809,2,,【デイリーミッション】レジェンドレースに3回出走しよう
1,59,2025/03/08 5:00:00,2025/03/09 4:59:59,2003810,20000,金币,【デイリーミッション】レジェンドレースに1回出走しよう
1,110,2025/03/08 5:00:00,2025/03/09 4:59:59,2003811,5000,协助积分,【デイリーミッション】レジェンドレースに2回出走しよう
1,102901,2025/03/08 5:00:00,2025/03/09 4:59:59,2003812,2,,【デイリーミッション】レジェンドレースに3回出走しよう
1,59,2025/03/09 5:00:00,2025/03/10 4:59:59,2003813,20000,金币,【デイリーミッション】レジェンドレースに1回出走しよう
1,110,2025/03/09 5:00:00,2025/03/10 4:59:59,2003814,5000,协助积分,【デイリーミッション】レジェンドレースに2回出走しよう
1,102901,2025/03/09 5:00:00,2025/03/10 4:59:59,2003815,2,,【デイリーミッション】レジェンドレースに3回出走しよう
1,59,2025/03/10 5:00:00,2025/03/11 4:59:59,2003816,20000,金币,【デイリーミッション】レジェンドレースに1回出走しよう
1,110,2025/03/10 5:00:00,2025/03/11 4:59:59,2003817,5000,协助积分,【デイリーミッション】レジェンドレースに2回出走しよう
1,102901,2025/03/10 5:00:00,2025/03/11 4:59:59,2003818,2,,【デイリーミッション】レジェンドレースに3回出走しよう
1,150,2025/03/05 12:00:00,2025/03/11 4:59:59,2003819,1,金结晶片,【期間限定ミッション】レジェンドレースに6回出走しよう
1,150,2025/03/05 12:00:00,2025/03/11 4:59:59,2003820,1,金结晶片,【期間限定ミッション】レジェンドレースに9回出走しよう
1,149,2025/03/05 12:00:00,2025/03/11 4:59:59,2003821,1,彩虹结晶片,【期間限定ミッション】レジェンドレースに12回出走しよう
1,59,2025/04/05 12:00:00,2025/04/06 4:59:59,2003901,20000,金币,【デイリーミッション】レジェンドレースに1回出走しよう
1,110,2025/04/05 12:00:00,2025/04/06 4:59:59,2003902,5000,协助积分,【デイリーミッション】レジェンドレースに2回出走しよう
1,103202,2025/04/05 12:00:00,2025/04/06 4:59:59,2003903,2,,【デイリーミッション】レジェンドレースに3回出走しよう
1,59,2025/04/06 5:00:00,2025/04/07 4:59:59,2003904,20000,金币,【デイリーミッション】レジェンドレースに1回出走しよう
1,110,2025/04/06 5:00:00,2025/04/07 4:59:59,2003905,5000,协助积分,【デイリーミッション】レジェンドレースに2回出走しよう
1,103202,2025/04/06 5:00:00,2025/04/07 4:59:59,2003906,2,,【デイリーミッション】レジェンドレースに3回出走しよう
1,59,2025/04/07 5:00:00,2025/04/08 4:59:59,2003907,20000,金币,【デイリーミッション】レジェンドレースに1回出走しよう
1,110,2025/04/07 5:00:00,2025/04/08 4:59:59,2003908,5000,协助积分,【デイリーミッション】レジェンドレースに2回出走しよう
1,103202,2025/04/07 5:00:00,2025/04/08 4:59:59,2003909,2,,【デイリーミッション】レジェンドレースに3回出走しよう
1,59,2025/04/08 5:00:00,2025/04/09 4:59:59,2003910,20000,金币,【デイリーミッション】レジェンドレースに1回出走しよう
1,110,2025/04/08 5:00:00,2025/04/09 4:59:59,2003911,5000,协助积分,【デイリーミッション】レジェンドレースに2回出走しよう
1,110501,2025/04/08 5:00:00,2025/04/09 4:59:59,2003912,2,,【デイリーミッション】レジェンドレースに3回出走しよう
1,59,2025/04/09 5:00:00,2025/04/10 4:59:59,2003913,20000,金币,【デイリーミッション】レジェンドレースに1回出走しよう
1,110,2025/04/09 5:00:00,2025/04/10 4:59:59,2003914,5000,协助积分,【デイリーミッション】レジェンドレースに2回出走しよう
1,110501,2025/04/09 5:00:00,2025/04/10 4:59:59,2003915,2,,【デイリーミッション】レジェンドレースに3回出走しよう
1,59,2025/04/10 5:00:00,2025/04/11 4:59:59,2003916,20000,金币,【デイリーミッション】レジェンドレースに1回出走しよう
1,110,2025/04/10 5:00:00,2025/04/11 4:59:59,2003917,5000,协助积分,【デイリーミッション】レジェンドレースに2回出走しよう
1,110501,2025/04/10 5:00:00,2025/04/11 4:59:59,2003918,2,,【デイリーミッション】レジェンドレースに3回出走しよう
1,150,2025/04/05 12:00:00,2025/04/11 4:59:59,2003919,1,金结晶片,【期間限定ミッション】レジェンドレースに6回出走しよう
1,150,2025/04/05 12:00:00,2025/04/11 4:59:59,2003920,1,金结晶片,【期間限定ミッション】レジェンドレースに9回出走しよう
1,149,2025/04/05 12:00:00,2025/04/11 4:59:59,2003921,1,彩虹结晶片,【期間限定ミッション】レジェンドレースに12回出走しよう
1,59,2025/05/07 12:00:00,2025/05/08 4:59:59,2004001,20000,金币,【デイリーミッション】レジェンドレースに1回出走しよう
1,110,2025/05/07 12:00:00,2025/05/08 4:59:59,2004002,5000,协助积分,【デイリーミッション】レジェンドレースに2回出走しよう
1,107601,2025/05/07 12:00:00,2025/05/08 4:59:59,2004003,2,,【デイリーミッション】レジェンドレースに3回出走しよう
1,59,2025/05/08 5:00:00,2025/05/09 4:59:59,2004004,20000,金币,【デイリーミッション】レジェンドレースに1回出走しよう
1,110,2025/05/08 5:00:00,2025/05/09 4:59:59,2004005,5000,协助积分,【デイリーミッション】レジェンドレースに2回出走しよう
1,107601,2025/05/08 5:00:00,2025/05/09 4:59:59,2004006,2,,【デイリーミッション】レジェンドレースに3回出走しよう
1,59,2025/05/09 5:00:00,2025/05/10 4:59:59,2004007,20000,金币,【デイリーミッション】レジェンドレースに1回出走しよう
1,110,2025/05/09 5:00:00,2025/05/10 4:59:59,2004008,5000,协助积分,【デイリーミッション】レジェンドレースに2回出走しよう
1,107601,2025/05/09 5:00:00,2025/05/10 4:59:59,2004009,2,,【デイリーミッション】レジェンドレースに3回出走しよう
1,59,2025/05/10 5:00:00,2025/05/11 4:59:59,2004010,20000,金币,【デイリーミッション】レジェンドレースに1回出走しよう
1,110,2025/05/10 5:00:00,2025/05/11 4:59:59,2004011,5000,协助积分,【デイリーミッション】レジェンドレースに2回出走しよう
1,110601,2025/05/10 5:00:00,2025/05/11 4:59:59,2004012,2,,【デイリーミッション】レジェンドレースに3回出走しよう
1,59,2025/05/11 5:00:00,2025/05/12 4:59:59,2004013,20000,金币,【デイリーミッション】レジェンドレースに1回出走しよう
1,110,2025/05/11 5:00:00,2025/05/12 4:59:59,2004014,5000,协助积分,【デイリーミッション】レジェンドレースに2回出走しよう
1,110601,2025/05/11 5:00:00,2025/05/12 4:59:59,2004015,2,,【デイリーミッション】レジェンドレースに3回出走しよう
1,59,2025/05/12 5:00:00,2025/05/13 4:59:59,2004016,20000,金币,【デイリーミッション】レジェンドレースに1回出走しよう
1,110,2025/05/12 5:00:00,2025/05/13 4:59:59,2004017,5000,协助积分,【デイリーミッション】レジェンドレースに2回出走しよう
1,110601,2025/05/12 5:00:00,2025/05/13 4:59:59,2004018,2,,【デイリーミッション】レジェンドレースに3回出走しよう
1,150,2025/05/07 12:00:00,2025/05/13 4:59:59,2004019,1,金结晶片,【期間限定ミッション】レジェンドレースに6回出走しよう
1,150,2025/05/07 12:00:00,2025/05/13 4:59:59,2004020,1,金结晶片,【期間限定ミッション】レジェンドレースに9回出走しよう
1,149,2025/05/07 12:00:00,2025/05/13 4:59:59,2004021,1,彩虹结晶片,【期間限定ミッション】レジェンドレースに12回出走しよう
1,59,2025/06/08 12:00:00,2025/06/09 4:59:59,2004101,20000,金币,【デイリーミッション】レジェンドレースに1回出走しよう
1,110,2025/06/08 12:00:00,2025/06/09 4:59:59,2004102,5000,协助积分,【デイリーミッション】レジェンドレースに2回出走しよう
1,106901,2025/06/08 12:00:00,2025/06/09 4:59:59,2004103,2,,【デイリーミッション】レジェンドレースに3回出走しよう
1,59,2025/06/09 5:00:00,2025/06/10 4:59:59,2004104,20000,金币,【デイリーミッション】レジェンドレースに1回出走しよう
1,110,2025/06/09 5:00:00,2025/06/10 4:59:59,2004105,5000,协助积分,【デイリーミッション】レジェンドレースに2回出走しよう
1,106901,2025/06/09 5:00:00,2025/06/10 4:59:59,2004106,2,,【デイリーミッション】レジェンドレースに3回出走しよう
1,59,2025/06/10 5:00:00,2025/06/11 4:59:59,2004107,20000,金币,【デイリーミッション】レジェンドレースに1回出走しよう
1,110,2025/06/10 5:00:00,2025/06/11 4:59:59,2004108,5000,协助积分,【デイリーミッション】レジェンドレースに2回出走しよう
1,106901,2025/06/10 5:00:00,2025/06/11 4:59:59,2004109,2,,【デイリーミッション】レジェンドレースに3回出走しよう
1,59,2025/06/11 5:00:00,2025/06/12 4:59:59,2004110,20000,金币,【デイリーミッション】レジェンドレースに1回出走しよう
1,110,2025/06/11 5:00:00,2025/06/12 4:59:59,2004111,5000,协助积分,【デイリーミッション】レジェンドレースに2回出走しよう
1,107101,2025/06/11 5:00:00,2025/06/12 4:59:59,2004112,2,,【デイリーミッション】レジェンドレースに3回出走しよう
1,59,2025/06/12 5:00:00,2025/06/13 4:59:59,2004113,20000,金币,【デイリーミッション】レジェンドレースに1回出走しよう
1,110,2025/06/12 5:00:00,2025/06/13 4:59:59,2004114,5000,协助积分,【デイリーミッション】レジェンドレースに2回出走しよう
1,107101,2025/06/12 5:00:00,2025/06/13 4:59:59,2004115,2,,【デイリーミッション】レジェンドレースに3回出走しよう
1,59,2025/06/13 5:00:00,2025/06/14 4:59:59,2004116,20000,金币,【デイリーミッション】レジェンドレースに1回出走しよう
1,110,2025/06/13 5:00:00,2025/06/14 4:59:59,2004117,5000,协助积分,【デイリーミッション】レジェンドレースに2回出走しよう
1,107101,2025/06/13 5:00:00,2025/06/14 4:59:59,2004118,2,,【デイリーミッション】レジェンドレースに3回出走しよう
1,150,2025/06/08 12:00:00,2025/06/14 4:59:59,2004119,1,金结晶片,【期間限定ミッション】レジェンドレースに6回出走しよう
1,150,2025/06/08 12:00:00,2025/06/14 4:59:59,2004120,1,金结晶片,【期間限定ミッション】レジェンドレースに9回出走しよう
1,149,2025/06/08 12:00:00,2025/06/14 4:59:59,2004121,1,彩虹结晶片,【期間限定ミッション】レジェンドレースに12回出走しよう
1,59,2025/07/06 12:00:00,2025/07/07 4:59:59,2004201,20000,金币,【デイリーミッション】レジェンドレースに1回出走しよう
1,110,2025/07/06 12:00:00,2025/07/07 4:59:59,2004202,5000,协助积分,【デイリーミッション】レジェンドレースに2回出走しよう
1,100202,2025/07/06 12:00:00,2025/07/07 4:59:59,2004203,2,,【デイリーミッション】レジェンドレースに3回出走しよう
1,59,2025/07/07 5:00:00,2025/07/08 4:59:59,2004204,20000,金币,【デイリーミッション】レジェンドレースに1回出走しよう
1,110,2025/07/07 5:00:00,2025/07/08 4:59:59,2004205,5000,协助积分,【デイリーミッション】レジェンドレースに2回出走しよう
1,100202,2025/07/07 5:00:00,2025/07/08 4:59:59,2004206,2,,【デイリーミッション】レジェンドレースに3回出走しよう
1,59,2025/07/08 5:00:00,2025/07/09 4:59:59,2004207,20000,金币,【デイリーミッション】レジェンドレースに1回出走しよう
1,110,2025/07/08 5:00:00,2025/07/09 4:59:59,2004208,5000,协助积分,【デイリーミッション】レジェンドレースに2回出走しよう
1,100202,2025/07/08 5:00:00,2025/07/09 4:59:59,2004209,2,,【デイリーミッション】レジェンドレースに3回出走しよう
1,59,2025/07/09 5:00:00,2025/07/10 4:59:59,2004210,20000,金币,【デイリーミッション】レジェンドレースに1回出走しよう
1,110,2025/07/09 5:00:00,2025/07/10 4:59:59,2004211,5000,协助积分,【デイリーミッション】レジェンドレースに2回出走しよう
1,110701,2025/07/09 5:00:00,2025/07/10 4:59:59,2004212,2,,【デイリーミッション】レジェンドレースに3回出走しよう
1,59,2025/07/10 5:00:00,2025/07/11 4:59:59,2004213,20000,金币,【デイリーミッション】レジェンドレースに1回出走しよう
1,110,2025/07/10 5:00:00,2025/07/11 4:59:59,2004214,5000,协助积分,【デイリーミッション】レジェンドレースに2回出走しよう
1,110701,2025/07/10 5:00:00,2025/07/11 4:59:59,2004215,2,,【デイリーミッション】レジェンドレースに3回出走しよう
1,59,2025/07/11 5:00:00,2025/07/12 4:59:59,2004216,20000,金币,【デイリーミッション】レジェンドレースに1回出走しよう
1,110,2025/07/11 5:00:00,2025/07/12 4:59:59,2004217,5000,协助积分,【デイリーミッション】レジェンドレースに2回出走しよう
1,110701,2025/07/11 5:00:00,2025/07/12 4:59:59,2004218,2,,【デイリーミッション】レジェンドレースに3回出走しよう
1,150,2025/07/06 12:00:00,2025/07/12 4:59:59,2004219,1,金结晶片,【期間限定ミッション】レジェンドレースに6回出走しよう
1,150,2025/07/06 12:00:00,2025/07/12 4:59:59,2004220,1,金结晶片,【期間限定ミッション】レジェンドレースに9回出走しよう
1,149,2025/07/06 12:00:00,2025/07/12 4:59:59,2004221,1,彩虹结晶片,【期間限定ミッション】レジェンドレースに12回出走しよう
1,59,2025/08/07 12:00:00,2025/08/08 4:59:59,2004301,20000,金币,【デイリーミッション】レジェンドレースに1回出走しよう
1,110,2025/08/07 12:00:00,2025/08/08 4:59:59,2004302,5000,协助积分,【デイリーミッション】レジェンドレースに2回出走しよう
1,104102,2025/08/07 12:00:00,2025/08/08 4:59:59,2004303,2,,【デイリーミッション】レジェンドレースに3回出走しよう
1,59,2025/08/08 5:00:00,2025/08/09 4:59:59,2004304,20000,金币,【デイリーミッション】レジェンドレースに1回出走しよう
1,110,2025/08/08 5:00:00,2025/08/09 4:59:59,2004305,5000,协助积分,【デイリーミッション】レジェンドレースに2回出走しよう
1,104102,2025/08/08 5:00:00,2025/08/09 4:59:59,2004306,2,,【デイリーミッション】レジェンドレースに3回出走しよう
1,59,2025/08/09 5:00:00,2025/08/10 4:59:59,2004307,20000,金币,【デイリーミッション】レジェンドレースに1回出走しよう
1,110,2025/08/09 5:00:00,2025/08/10 4:59:59,2004308,5000,协助积分,【デイリーミッション】レジェンドレースに2回出走しよう
1,104102,2025/08/09 5:00:00,2025/08/10 4:59:59,2004309,2,,【デイリーミッション】レジェンドレースに3回出走しよう
1,59,2025/08/10 5:00:00,2025/08/11 4:59:59,2004310,20000,金币,【デイリーミッション】レジェンドレースに1回出走しよう
1,110,2025/08/10 5:00:00,2025/08/11 4:59:59,2004311,5000,协助积分,【デイリーミッション】レジェンドレースに2回出走しよう
1,105401,2025/08/10 5:00:00,2025/08/11 4:59:59,2004312,2,,【デイリーミッション】レジェンドレースに3回出走しよう
1,59,2025/08/11 5:00:00,2025/08/12 4:59:59,2004313,20000,金币,【デイリーミッション】レジェンドレースに1回出走しよう
1,110,2025/08/11 5:00:00,2025/08/12 4:59:59,2004314,5000,协助积分,【デイリーミッション】レジェンドレースに2回出走しよう
1,105401,2025/08/11 5:00:00,2025/08/12 4:59:59,2004315,2,,【デイリーミッション】レジェンドレースに3回出走しよう
1,59,2025/08/12 5:00:00,2025/08/13 4:59:59,2004316,20000,金币,【デイリーミッション】レジェンドレースに1回出走しよう
1,110,2025/08/12 5:00:00,2025/08/13 4:59:59,2004317,5000,协助积分,【デイリーミッション】レジェンドレースに2回出走しよう
1,105401,2025/08/12 5:00:00,2025/08/13 4:59:59,2004318,2,,【デイリーミッション】レジェンドレースに3回出走しよう
1,150,2025/08/07 12:00:00,2025/08/13 4:59:59,2004319,1,金结晶片,【期間限定ミッション】レジェンドレースに6回出走しよう
1,150,2025/08/07 12:00:00,2025/08/13 4:59:59,2004320,1,金结晶片,【期間限定ミッション】レジェンドレースに9回出走しよう
1,149,2025/08/07 12:00:00,2025/08/13 4:59:59,2004321,1,彩虹结晶片,【期間限定ミッション】レジェンドレースに12回出走しよう
1,59,2025/09/04 12:00:00,2025/09/05 4:59:59,2004401,20000,金币,【デイリーミッション】レジェンドレースに1回出走しよう
1,110,2025/09/04 12:00:00,2025/09/05 4:59:59,2004402,5000,协助积分,【デイリーミッション】レジェンドレースに2回出走しよう
1,102202,2025/09/04 12:00:00,2025/09/05 4:59:59,2004403,2,,【デイリーミッション】レジェンドレースに3回出走しよう
1,59,2025/09/05 5:00:00,2025/09/06 4:59:59,2004404,20000,金币,【デイリーミッション】レジェンドレースに1回出走しよう
1,110,2025/09/05 5:00:00,2025/09/06 4:59:59,2004405,5000,协助积分,【デイリーミッション】レジェンドレースに2回出走しよう
1,102202,2025/09/05 5:00:00,2025/09/06 4:59:59,2004406,2,,【デイリーミッション】レジェンドレースに3回出走しよう
1,59,2025/09/06 5:00:00,2025/09/07 4:59:59,2004407,20000,金币,【デイリーミッション】レジェンドレースに1回出走しよう
1,110,2025/09/06 5:00:00,2025/09/07 4:59:59,2004408,5000,协助积分,【デイリーミッション】レジェンドレースに2回出走しよう
1,102202,2025/09/06 5:00:00,2025/09/07 4:59:59,2004409,2,,【デイリーミッション】レジェンドレースに3回出走しよう
1,59,2025/09/07 5:00:00,2025/09/08 4:59:59,2004410,20000,金币,【デイリーミッション】レジェンドレースに1回出走しよう
1,110,2025/09/07 5:00:00,2025/09/08 4:59:59,2004411,5000,协助积分,【デイリーミッション】レジェンドレースに2回出走しよう
1,109101,2025/09/07 5:00:00,2025/09/08 4:59:59,2004412,2,,【デイリーミッション】レジェンドレースに3回出走しよう
1,59,2025/09/08 5:00:00,2025/09/09 4:59:59,2004413,20000,金币,【デイリーミッション】レジェンドレースに1回出走しよう
1,110,2025/09/08 5:00:00,2025/09/09 4:59:59,2004414,5000,协助积分,【デイリーミッション】レジェンドレースに2回出走しよう
1,109101,2025/09/08 5:00:00,2025/09/09 4:59:59,2004415,2,,【デイリーミッション】レジェンドレースに3回出走しよう
1,59,2025/09/09 5:00:00,2025/09/10 4:59:59,2004416,20000,金币,【デイリーミッション】レジェンドレースに1回出走しよう
1,110,2025/09/09 5:00:00,2025/09/10 4:59:59,2004417,5000,协助积分,【デイリーミッション】レジェンドレースに2回出走しよう
1,109101,2025/09/09 5:00:00,2025/09/10 4:59:59,2004418,2,,【デイリーミッション】レジェンドレースに3回出走しよう
1,150,2025/09/04 12:00:00,2025/09/10 4:59:59,2004419,1,金结晶片,【期間限定ミッション】レジェンドレースに6回出走しよう
1,150,2025/09/04 12:00:00,2025/09/10 4:59:59,2004420,1,金结晶片,【期間限定ミッション】レジェンドレースに9回出走しよう
1,149,2025/09/04 12:00:00,2025/09/10 4:59:59,2004421,1,彩虹结晶片,【期間限定ミッション】レジェンドレースに12回出走しよう
1,59,2025/10/07 12:00:00,2025/10/08 4:59:59,2004501,20000,金币,【デイリーミッション】レジェンドレースに1回出走しよう
1,59,2025/10/07 12:00:00,2025/10/08 4:59:59,2004502,20000,金币,【デイリーミッション】レジェンドレースに2回出走しよう
1,104502,2025/10/07 12:00:00,2025/10/08 4:59:59,2004503,2,,【デイリーミッション】レジェンドレースに3回出走しよう
1,59,2025/10/08 5:00:00,2025/10/09 4:59:59,2004504,20000,金币,【デイリーミッション】レジェンドレースに1回出走しよう
1,59,2025/10/08 5:00:00,2025/10/09 4:59:59,2004505,20000,金币,【デイリーミッション】レジェンドレースに2回出走しよう
1,104502,2025/10/08 5:00:00,2025/10/09 4:59:59,2004506,2,,【デイリーミッション】レジェンドレースに3回出走しよう
1,59,2025/10/09 5:00:00,2025/10/10 4:59:59,2004507,20000,金币,【デイリーミッション】レジェンドレースに1回出走しよう
1,59,2025/10/09 5:00:00,2025/10/10 4:59:59,2004508,20000,金币,【デイリーミッション】レジェンドレースに2回出走しよう
1,104502,2025/10/09 5:00:00,2025/10/10 4:59:59,2004509,2,,【デイリーミッション】レジェンドレースに3回出走しよう
1,59,2025/10/10 5:00:00,2025/10/11 4:59:59,2004510,20000,金币,【デイリーミッション】レジェンドレースに1回出走しよう
1,59,2025/10/10 5:00:00,2025/10/11 4:59:59,2004511,20000,金币,【デイリーミッション】レジェンドレースに2回出走しよう
1,107701,2025/10/10 5:00:00,2025/10/11 4:59:59,2004512,2,,【デイリーミッション】レジェンドレースに3回出走しよう
1,59,2025/10/11 5:00:00,2025/10/12 4:59:59,2004513,20000,金币,【デイリーミッション】レジェンドレースに1回出走しよう
1,59,2025/10/11 5:00:00,2025/10/12 4:59:59,2004514,20000,金币,【デイリーミッション】レジェンドレースに2回出走しよう
1,107701,2025/10/11 5:00:00,2025/10/12 4:59:59,2004515,2,,【デイリーミッション】レジェンドレースに3回出走しよう
1,59,2025/10/12 5:00:00,2025/10/13 4:59:59,2004516,20000,金币,【デイリーミッション】レジェンドレースに1回出走しよう
1,59,2025/10/12 5:00:00,2025/10/13 4:59:59,2004517,20000,金币,【デイリーミッション】レジェンドレースに2回出走しよう
1,107701,2025/10/12 5:00:00,2025/10/13 4:59:59,2004518,2,,【デイリーミッション】レジェンドレースに3回出走しよう
1,150,2025/10/07 12:00:00,2025/10/13 4:59:59,2004519,1,金结晶片,【期間限定ミッション】レジェンドレースに6回出走しよう
1,150,2025/10/07 12:00:00,2025/10/13 4:59:59,2004520,1,金结晶片,【期間限定ミッション】レジェンドレースに9回出走しよう
1,149,2025/10/07 12:00:00,2025/10/13 4:59:59,2004521,1,彩虹结晶片,【期間限定ミッション】レジェンドレースに12回出走しよう
1,59,2025/11/05 12:00:00,2025/11/06 4:59:59,2004601,20000,金币,【デイリーミッション】レジェンドレースに1回出走しよう
1,59,2025/11/05 12:00:00,2025/11/06 4:59:59,2004602,20000,金币,【デイリーミッション】レジェンドレースに2回出走しよう
1,110401,2025/11/05 12:00:00,2025/11/06 4:59:59,2004603,2,,【デイリーミッション】レジェンドレースに3回出走しよう
1,59,2025/11/06 5:00:00,2025/11/07 4:59:59,2004604,20000,金币,【デイリーミッション】レジェンドレースに1回出走しよう
1,59,2025/11/06 5:00:00,2025/11/07 4:59:59,2004605,20000,金币,【デイリーミッション】レジェンドレースに2回出走しよう
1,110401,2025/11/06 5:00:00,2025/11/07 4:59:59,2004606,2,,【デイリーミッション】レジェンドレースに3回出走しよう
1,59,2025/11/07 5:00:00,2025/11/08 4:59:59,2004607,20000,金币,【デイリーミッション】レジェンドレースに1回出走しよう
1,59,2025/11/07 5:00:00,2025/11/08 4:59:59,2004608,20000,金币,【デイリーミッション】レジェンドレースに2回出走しよう
1,110401,2025/11/07 5:00:00,2025/11/08 4:59:59,2004609,2,,【デイリーミッション】レジェンドレースに3回出走しよう
1,59,2025/11/08 5:00:00,2025/11/09 4:59:59,2004610,20000,金币,【デイリーミッション】レジェンドレースに1回出走しよう
1,59,2025/11/08 5:00:00,2025/11/09 4:59:59,2004611,20000,金币,【デイリーミッション】レジェンドレースに2回出走しよう
1,100802,2025/11/08 5:00:00,2025/11/09 4:59:59,2004612,2,,【デイリーミッション】レジェンドレースに3回出走しよう
1,59,2025/11/09 5:00:00,2025/11/10 4:59:59,2004613,20000,金币,【デイリーミッション】レジェンドレースに1回出走しよう
1,59,2025/11/09 5:00:00,2025/11/10 4:59:59,2004614,20000,金币,【デイリーミッション】レジェンドレースに2回出走しよう
1,100802,2025/11/09 5:00:00,2025/11/10 4:59:59,2004615,2,,【デイリーミッション】レジェンドレースに3回出走しよう
1,59,2025/11/10 5:00:00,2025/11/11 4:59:59,2004616,20000,金币,【デイリーミッション】レジェンドレースに1回出走しよう
1,59,2025/11/10 5:00:00,2025/11/11 4:59:59,2004617,20000,金币,【デイリーミッション】レジェンドレースに2回出走しよう
1,100802,2025/11/10 5:00:00,2025/11/11 4:59:59,2004618,2,,【デイリーミッション】レジェンドレースに3回出走しよう
1,150,2025/11/05 12:00:00,2025/11/11 4:59:59,2004619,1,金结晶片,【期間限定ミッション】レジェンドレースに6回出走しよう
1,150,2025/11/05 12:00:00,2025/11/11 4:59:59,2004620,1,金结晶片,【期間限定ミッション】レジェンドレースに9回出走しよう
1,149,2025/11/05 12:00:00,2025/11/11 4:59:59,2004621,1,彩虹结晶片,【期間限定ミッション】レジェンドレースに12回出走しよう
1,137,2021/05/14 12:00:00,2021/05/15 11:59:59,2100010,2,金牛杯报名券,【日常任务】\n报名参加金牛杯
1,137,2021/05/15 12:00:00,2021/05/16 11:59:59,2100011,2,金牛杯报名券,【日常任务】\n报名参加金牛杯
1,137,2021/05/16 12:00:00,2021/05/17 11:59:59,2100012,2,金牛杯报名券,【日常任务】\n报名参加金牛杯
1,137,2021/05/17 12:00:00,2021/05/18 11:59:59,2100013,2,金牛杯报名券,【日常任务】\n报名参加金牛杯
1,138,2021/06/14 12:00:00,2021/06/15 11:59:59,2100014,2,双子杯报名券,【日常任务】\n报名参加双子杯
1,138,2021/06/15 12:00:00,2021/06/16 11:59:59,2100015,2,双子杯报名券,【日常任务】\n报名参加双子杯
1,138,2021/06/16 12:00:00,2021/06/17 11:59:59,2100016,2,双子杯报名券,【日常任务】\n报名参加双子杯
1,138,2021/06/17 12:00:00,2021/06/18 11:59:59,2100017,2,双子杯报名券,【日常任务】\n报名参加双子杯
1,139,2021/07/23 12:00:00,2021/07/24 11:59:59,2100018,2,巨蟹杯报名券,【日常任务】\n报名参加巨蟹杯
1,139,2021/07/24 12:00:00,2021/07/25 11:59:59,2100019,2,巨蟹杯报名券,【日常任务】\n报名参加巨蟹杯
1,139,2021/07/25 12:00:00,2021/07/26 11:59:59,2100020,2,巨蟹杯报名券,【日常任务】\n报名参加巨蟹杯
1,139,2021/07/26 12:00:00,2021/07/27 11:59:59,2100021,2,巨蟹杯报名券,【日常任务】\n报名参加巨蟹杯
1,142,2021/08/24 12:00:00,2021/08/25 11:59:59,2100022,2,狮子杯报名券,【日常任务】\n报名参加狮子杯
1,142,2021/08/25 12:00:00,2021/08/26 11:59:59,2100023,2,狮子杯报名券,【日常任务】\n报名参加狮子杯
1,142,2021/08/26 12:00:00,2021/08/27 11:59:59,2100024,2,狮子杯报名券,【日常任务】\n报名参加狮子杯
1,142,2021/08/27 12:00:00,2021/08/28 11:59:59,2100025,2,狮子杯报名券,【日常任务】\n报名参加狮子杯
1,143,2021/09/21 12:00:00,2021/09/22 11:59:59,2100026,2,室女杯报名券,【日常任务】\n报名参加室女杯
1,143,2021/09/22 12:00:00,2021/09/23 11:59:59,2100027,2,室女杯报名券,【日常任务】\n报名参加室女杯
1,143,2021/09/23 12:00:00,2021/09/24 11:59:59,2100028,2,室女杯报名券,【日常任务】\n报名参加室女杯
1,143,2021/09/24 12:00:00,2021/09/25 11:59:59,2100029,2,室女杯报名券,【日常任务】\n报名参加室女杯
1,147,2021/10/22 12:00:00,2021/10/23 11:59:59,2100030,2,天秤杯报名券,【日常任务】\n报名参加天秤杯
1,147,2021/10/23 12:00:00,2021/10/24 11:59:59,2100031,2,天秤杯报名券,【日常任务】\n报名参加天秤杯
1,147,2021/10/24 12:00:00,2021/10/25 11:59:59,2100032,2,天秤杯报名券,【日常任务】\n报名参加天秤杯
1,147,2021/10/25 12:00:00,2021/10/26 11:59:59,2100033,2,天秤杯报名券,【日常任务】\n报名参加天秤杯
1,148,2021/11/23 12:00:00,2021/11/24 11:59:59,2100034,2,天蝎杯报名券,【日常任务】\n报名参加天蝎杯
1,148,2021/11/24 12:00:00,2021/11/25 11:59:59,2100035,2,天蝎杯报名券,【日常任务】\n报名参加天蝎杯
1,148,2021/11/25 12:00:00,2021/11/26 11:59:59,2100036,2,天蝎杯报名券,【日常任务】\n报名参加天蝎杯
1,148,2021/11/26 12:00:00,2021/11/27 11:59:59,2100037,2,天蝎杯报名券,【日常任务】\n报名参加天蝎杯
1,151,2021/12/21 12:00:00,2021/12/22 11:59:59,2100038,2,人马杯报名券,【日常任务】\n报名参加人马杯
1,151,2021/12/22 12:00:00,2021/12/23 11:59:59,2100039,2,人马杯报名券,【日常任务】\n报名参加人马杯
1,151,2021/12/23 12:00:00,2021/12/24 11:59:59,2100040,2,人马杯报名券,【日常任务】\n报名参加人马杯
1,151,2021/12/24 12:00:00,2021/12/25 11:59:59,2100041,2,人马杯报名券,【日常任务】\n报名参加人马杯
1,157,2022/01/22 12:00:00,2022/01/23 11:59:59,2100042,2,摩羯杯报名券,【日常任务】\n报名参加摩羯杯
1,157,2022/01/23 12:00:00,2022/01/24 11:59:59,2100043,2,摩羯杯报名券,【日常任务】\n报名参加摩羯杯
1,157,2022/01/24 12:00:00,2022/01/25 11:59:59,2100044,2,摩羯杯报名券,【日常任务】\n报名参加摩羯杯
1,157,2022/01/25 12:00:00,2022/01/26 11:59:59,2100045,2,摩羯杯报名券,【日常任务】\n报名参加摩羯杯
1,166,2022/02/18 12:00:00,2022/02/19 11:59:59,2100046,2,宝瓶杯报名券,【日常任务】\n报名参加宝瓶杯
1,166,2022/02/19 12:00:00,2022/02/20 11:59:59,2100047,2,宝瓶杯报名券,【日常任务】\n报名参加宝瓶杯
1,166,2022/02/20 12:00:00,2022/02/21 11:59:59,2100048,2,宝瓶杯报名券,【日常任务】\n报名参加宝瓶杯
1,166,2022/02/21 12:00:00,2022/02/22 11:59:59,2100049,2,宝瓶杯报名券,【日常任务】\n报名参加宝瓶杯
1,167,2022/03/22 12:00:00,2022/03/23 11:59:59,2100050,2,双鱼杯报名券,【日常任务】\n报名参加双鱼杯
1,167,2022/03/23 12:00:00,2022/03/24 11:59:59,2100051,2,双鱼杯报名券,【日常任务】\n报名参加双鱼杯
1,167,2022/03/24 12:00:00,2022/03/25 11:59:59,2100052,2,双鱼杯报名券,【日常任务】\n报名参加双鱼杯
1,167,2022/03/25 12:00:00,2022/03/26 11:59:59,2100053,2,双鱼杯报名券,【日常任务】\n报名参加双鱼杯
1,169,2022/04/22 12:00:00,2022/04/23 11:59:59,2100054,2,白羊杯报名券,【日常任务】\n报名参加白羊杯
1,169,2022/04/23 12:00:00,2022/04/24 11:59:59,2100055,2,白羊杯报名券,【日常任务】\n报名参加白羊杯
1,169,2022/04/24 12:00:00,2022/04/25 11:59:59,2100056,2,白羊杯报名券,【日常任务】\n报名参加白羊杯
1,169,2022/04/25 12:00:00,2022/04/26 11:59:59,2100057,2,白羊杯报名券,【日常任务】\n报名参加白羊杯
1,171,2022/05/24 12:00:00,2022/05/25 11:59:59,2100058,2,金牛杯报名券,【日常任务】\n报名参加金牛杯
1,171,2022/05/25 12:00:00,2022/05/26 11:59:59,2100059,2,金牛杯报名券,【日常任务】\n报名参加金牛杯
1,171,2022/05/26 12:00:00,2022/05/27 11:59:59,2100060,2,金牛杯报名券,【日常任务】\n报名参加金牛杯
1,171,2022/05/27 12:00:00,2022/05/28 11:59:59,2100061,2,金牛杯报名券,【日常任务】\n报名参加金牛杯
1,172,2022/06/14 12:00:00,2022/06/15 11:59:59,2100062,2,双子杯报名券,【日常任务】\n报名参加双子杯
1,172,2022/06/15 12:00:00,2022/06/16 11:59:59,2100063,2,双子杯报名券,【日常任务】\n报名参加双子杯
1,172,2022/06/16 12:00:00,2022/06/17 11:59:59,2100064,2,双子杯报名券,【日常任务】\n报名参加双子杯
1,172,2022/06/17 12:00:00,2022/06/18 11:59:59,2100065,2,双子杯报名券,【日常任务】\n报名参加双子杯
1,173,2022/07/14 12:00:00,2022/07/15 11:59:59,2100066,2,巨蟹杯报名券,【日常任务】\n报名参加巨蟹杯
1,173,2022/07/15 12:00:00,2022/07/16 11:59:59,2100067,2,巨蟹杯报名券,【日常任务】\n报名参加巨蟹杯
1,173,2022/07/16 12:00:00,2022/07/17 11:59:59,2100068,2,巨蟹杯报名券,【日常任务】\n报名参加巨蟹杯
1,173,2022/07/17 12:00:00,2022/07/18 11:59:59,2100069,2,巨蟹杯报名券,【日常任务】\n报名参加巨蟹杯
1,180,2022/08/13 12:00:00,2022/08/14 11:59:59,2100070,2,狮子杯报名券,【日常任务】\n报名参加狮子杯
1,180,2022/08/14 12:00:00,2022/08/15 11:59:59,2100071,2,狮子杯报名券,【日常任务】\n报名参加狮子杯
1,180,2022/08/15 12:00:00,2022/08/16 11:59:59,2100072,2,狮子杯报名券,【日常任务】\n报名参加狮子杯
1,180,2022/08/16 12:00:00,2022/08/17 11:59:59,2100073,2,狮子杯报名券,【日常任务】\n报名参加狮子杯
1,181,2022/09/15 12:00:00,2022/09/16 11:59:59,2100074,2,室女杯报名券,【日常任务】\n报名参加室女杯
1,181,2022/09/16 12:00:00,2022/09/17 11:59:59,2100075,2,室女杯报名券,【日常任务】\n报名参加室女杯
1,181,2022/09/17 12:00:00,2022/09/18 11:59:59,2100076,2,室女杯报名券,【日常任务】\n报名参加室女杯
1,181,2022/09/18 12:00:00,2022/09/19 11:59:59,2100077,2,室女杯报名券,【日常任务】\n报名参加室女杯
1,182,2022/10/14 12:00:00,2022/10/15 11:59:59,2100078,2,天秤杯报名券,【日常任务】\n报名参加天秤杯
1,182,2022/10/15 12:00:00,2022/10/16 11:59:59,2100079,2,天秤杯报名券,【日常任务】\n报名参加天秤杯
1,182,2022/10/16 12:00:00,2022/10/17 11:59:59,2100080,2,天秤杯报名券,【日常任务】\n报名参加天秤杯
1,182,2022/10/17 12:00:00,2022/10/18 11:59:59,2100081,2,天秤杯报名券,【日常任务】\n报名参加天秤杯
1,183,2022/11/13 12:00:00,2022/11/14 11:59:59,2100082,2,天蝎杯报名券,【日常任务】\n报名参加天蝎杯
1,183,2022/11/14 12:00:00,2022/11/15 11:59:59,2100083,2,天蝎杯报名券,【日常任务】\n报名参加天蝎杯
1,183,2022/11/15 12:00:00,2022/11/16 11:59:59,2100084,2,天蝎杯报名券,【日常任务】\n报名参加天蝎杯
1,183,2022/11/16 12:00:00,2022/11/17 11:59:59,2100085,2,天蝎杯报名券,【日常任务】\n报名参加天蝎杯
1,184,2022/12/15 12:00:00,2022/12/16 11:59:59,2100086,2,人马杯报名券,【日常任务】\n报名参加人马杯
1,184,2022/12/16 12:00:00,2022/12/17 11:59:59,2100087,2,人马杯报名券,【日常任务】\n报名参加人马杯
1,184,2022/12/17 12:00:00,2022/12/18 11:59:59,2100088,2,人马杯报名券,【日常任务】\n报名参加人马杯
1,184,2022/12/18 12:00:00,2022/12/19 11:59:59,2100089,2,人马杯报名券,【日常任务】\n报名参加人马杯
1,185,2023/01/14 12:00:00,2023/01/15 11:59:59,2100090,2,摩羯杯报名券,【日常任务】\n报名参加摩羯杯
1,185,2023/01/15 12:00:00,2023/01/16 11:59:59,2100091,2,摩羯杯报名券,【日常任务】\n报名参加摩羯杯
1,185,2023/01/16 12:00:00,2023/01/17 11:59:59,2100092,2,摩羯杯报名券,【日常任务】\n报名参加摩羯杯
1,185,2023/01/17 12:00:00,2023/01/18 11:59:59,2100093,2,摩羯杯报名券,【日常任务】\n报名参加摩羯杯
1,186,2023/02/17 12:00:00,2023/02/18 11:59:59,2100094,2,宝瓶杯报名券,【日常任务】\n报名参加宝瓶杯
1,186,2023/02/18 12:00:00,2023/02/19 11:59:59,2100095,2,宝瓶杯报名券,【日常任务】\n报名参加宝瓶杯
1,186,2023/02/19 12:00:00,2023/02/20 11:59:59,2100096,2,宝瓶杯报名券,【日常任务】\n报名参加宝瓶杯
1,186,2023/02/20 12:00:00,2023/02/21 11:59:59,2100097,2,宝瓶杯报名券,【日常任务】\n报名参加宝瓶杯
1,187,2023/03/14 12:00:00,2023/03/15 11:59:59,2100098,2,双鱼杯报名券,【日常任务】\n报名参加双鱼杯
1,187,2023/03/15 12:00:00,2023/03/16 11:59:59,2100099,2,双鱼杯报名券,【日常任务】\n报名参加双鱼杯
1,187,2023/03/16 12:00:00,2023/03/17 11:59:59,2100100,2,双鱼杯报名券,【日常任务】\n报名参加双鱼杯
1,187,2023/03/17 12:00:00,2023/03/18 11:59:59,2100101,2,双鱼杯报名券,【日常任务】\n报名参加双鱼杯
1,188,2023/04/13 12:00:00,2023/04/14 11:59:59,2100102,2,白羊杯报名券,【日常任务】\n报名参加白羊杯
1,188,2023/04/14 12:00:00,2023/04/15 11:59:59,2100103,2,白羊杯报名券,【日常任务】\n报名参加白羊杯
1,188,2023/04/15 12:00:00,2023/04/16 11:59:59,2100104,2,白羊杯报名券,【日常任务】\n报名参加白羊杯
1,188,2023/04/16 12:00:00,2023/04/17 11:59:59,2100105,2,白羊杯报名券,【日常任务】\n报名参加白羊杯
1,198,2023/06/13 12:00:00,2023/06/14 11:59:59,2100106,2,报名券,【日常】报名参加群英联赛
1,198,2023/06/14 12:00:00,2023/06/15 11:59:59,2100107,2,报名券,【日常】报名参加群英联赛
1,198,2023/06/15 12:00:00,2023/06/16 11:59:59,2100108,2,报名券,【日常】报名参加群英联赛
1,198,2023/06/16 12:00:00,2023/06/17 11:59:59,2100109,2,报名券,【日常】报名参加群英联赛
1,199,2023/08/18 12:00:00,2023/08/19 11:59:59,2100110,2,报名券,【日常】报名参加群英联赛
1,199,2023/08/19 12:00:00,2023/08/20 11:59:59,2100111,2,报名券,【日常】报名参加群英联赛
1,199,2023/08/20 12:00:00,2023/08/21 11:59:59,2100112,2,报名券,【日常】报名参加群英联赛
1,199,2023/08/21 12:00:00,2023/08/22 11:59:59,2100113,2,报名券,【日常】报名参加群英联赛
1,200,2023/10/13 12:00:00,2023/10/14 11:59:59,2100114,2,报名券,【日常】报名参加群英联赛
1,200,2023/10/14 12:00:00,2023/10/15 11:59:59,2100115,2,报名券,【日常】报名参加群英联赛
1,200,2023/10/15 12:00:00,2023/10/16 11:59:59,2100116,2,报名券,【日常】报名参加群英联赛
1,200,2023/10/16 12:00:00,2023/10/17 11:59:59,2100117,2,报名券,【日常】报名参加群英联赛
1,201,2023/12/14 12:00:00,2023/12/15 11:59:59,2100118,2,报名券,【日常】报名参加群英联赛
1,201,2023/12/15 12:00:00,2023/12/16 11:59:59,2100119,2,报名券,【日常】报名参加群英联赛
1,201,2023/12/16 12:00:00,2023/12/17 11:59:59,2100120,2,报名券,【日常】报名参加群英联赛
1,201,2023/12/17 12:00:00,2023/12/18 11:59:59,2100121,2,报名券,【日常】报名参加群英联赛
1,202,2024/02/18 12:00:00,2024/02/19 11:59:59,2100122,2,报名券,【日常】报名参加群英联赛
1,202,2024/02/19 12:00:00,2024/02/20 11:59:59,2100123,2,报名券,【日常】报名参加群英联赛
1,202,2024/02/20 12:00:00,2024/02/21 11:59:59,2100124,2,报名券,【日常】报名参加群英联赛
1,202,2024/02/21 12:00:00,2024/02/22 11:59:59,2100125,2,报名券,【日常】报名参加群英联赛
1,217,2024/04/13 12:00:00,2024/04/14 11:59:59,2100126,2,エントリーチケット,【デイリー】チャンピオンズミーティングにエントリーしよう
1,217,2024/04/14 12:00:00,2024/04/15 11:59:59,2100127,2,エントリーチケット,【デイリー】チャンピオンズミーティングにエントリーしよう
1,217,2024/04/15 12:00:00,2024/04/16 11:59:59,2100128,2,エントリーチケット,【デイリー】チャンピオンズミーティングにエントリーしよう
1,217,2024/04/16 12:00:00,2024/04/17 11:59:59,2100129,2,エントリーチケット,【デイリー】チャンピオンズミーティングにエントリーしよう
1,226,2024/06/20 12:00:00,2024/06/21 11:59:59,2100130,2,エントリーチケット,【デイリー】チャンピオンズミーティングにエントリーしよう
1,226,2024/06/21 12:00:00,2024/06/22 11:59:59,2100131,2,エントリーチケット,【デイリー】チャンピオンズミーティングにエントリーしよう
1,226,2024/06/22 12:00:00,2024/06/23 11:59:59,2100132,2,エントリーチケット,【デイリー】チャンピオンズミーティングにエントリーしよう
1,226,2024/06/23 12:00:00,2024/06/24 11:59:59,2100133,2,エントリーチケット,【デイリー】チャンピオンズミーティングにエントリーしよう
1,227,2024/08/25 12:00:00,2024/08/26 11:59:59,2100134,2,エントリーチケット,【デイリー】チャンピオンズミーティングにエントリーしよう
1,227,2024/08/26 12:00:00,2024/08/27 11:59:59,2100135,2,エントリーチケット,【デイリー】チャンピオンズミーティングにエントリーしよう
1,227,2024/08/27 12:00:00,2024/08/28 11:59:59,2100136,2,エントリーチケット,【デイリー】チャンピオンズミーティングにエントリーしよう
1,227,2024/08/28 12:00:00,2024/08/29 11:59:59,2100137,2,エントリーチケット,【デイリー】チャンピオンズミーティングにエントリーしよう
1,228,2024/10/23 12:00:00,2024/10/24 11:59:59,2100138,2,エントリーチケット,【デイリー】チャンピオンズミーティングにエントリーしよう
1,228,2024/10/24 12:00:00,2024/10/25 11:59:59,2100139,2,エントリーチケット,【デイリー】チャンピオンズミーティングにエントリーしよう
1,228,2024/10/25 12:00:00,2024/10/26 11:59:59,2100140,2,エントリーチケット,【デイリー】チャンピオンズミーティングにエントリーしよう
1,228,2024/10/26 12:00:00,2024/10/27 11:59:59,2100141,2,エントリーチケット,【デイリー】チャンピオンズミーティングにエントリーしよう
1,156,2021/12/14 12:00:00,2021/12/25 11:59:59,2200001,1500,考试币,在5门考试中获得“可”的成绩
2,156,2021/12/14 12:00:00,2021/12/25 11:59:59,2200002,2000,考试币,在6门考试中获得“可”的成绩
3,43,2021/12/14 12:00:00,2021/12/25 11:59:59,2200003,100,宝石,在7门考试中获得“可”的成绩
4,156,2021/12/14 12:00:00,2021/12/25 11:59:59,2200004,1500,考试币,在5门考试中获得“良”的成绩
5,156,2021/12/14 12:00:00,2021/12/25 11:59:59,2200005,2000,考试币,在6门考试中获得“良”的成绩
6,43,2021/12/14 12:00:00,2021/12/25 11:59:59,2200006,100,宝石,在7门考试中获得“良”的成绩
7,43,2021/12/14 12:00:00,2021/12/25 11:59:59,2200007,100,宝石,在5门考试中获得“优”的成绩
8,156,2021/12/14 12:00:00,2021/12/25 11:59:59,2200008,1000,考试币,在6门考试中获得“优”的成绩
9,320001,2021/12/14 12:00:00,2021/12/25 11:59:59,2200009,1,,在7门考试中获得“优”的成绩
10,156,2021/12/14 12:00:00,2021/12/15 4:59:59,2200010,500,考试币,【日常任务】登录游戏
11,156,2021/12/14 12:00:00,2021/12/15 4:59:59,2200011,500,考试币,【日常任务】在青春杯完成1次养成
12,156,2021/12/15 5:00:00,2021/12/16 4:59:59,2200012,500,考试币,【日常任务】登录游戏
13,156,2021/12/15 5:00:00,2021/12/16 4:59:59,2200013,500,考试币,【日常任务】在青春杯完成1次养成
14,156,2021/12/16 5:00:00,2021/12/17 4:59:59,2200014,500,考试币,【日常任务】登录游戏
15,156,2021/12/16 5:00:00,2021/12/17 4:59:59,2200015,500,考试币,【日常任务】在青春杯完成1次养成
16,156,2021/12/17 5:00:00,2021/12/18 4:59:59,2200016,500,考试币,【日常任务】登录游戏
17,156,2021/12/17 5:00:00,2021/12/18 4:59:59,2200017,500,考试币,【日常任务】在青春杯完成1次养成
18,156,2021/12/18 5:00:00,2021/12/19 4:59:59,2200018,500,考试币,【日常任务】登录游戏
19,156,2021/12/18 5:00:00,2021/12/19 4:59:59,2200019,500,考试币,【日常任务】在青春杯完成1次养成
20,156,2021/12/19 5:00:00,2021/12/20 4:59:59,2200020,500,考试币,【日常任务】登录游戏
21,156,2021/12/19 5:00:00,2021/12/20 4:59:59,2200021,500,考试币,【日常任务】在青春杯完成1次养成
22,156,2021/12/20 5:00:00,2021/12/21 4:59:59,2200022,500,考试币,【日常任务】登录游戏
23,156,2021/12/20 5:00:00,2021/12/21 4:59:59,2200023,500,考试币,【日常任务】在青春杯完成1次养成
24,156,2021/12/21 5:00:00,2021/12/22 4:59:59,2200024,500,考试币,【日常任务】登录游戏
25,156,2021/12/21 5:00:00,2021/12/22 4:59:59,2200025,500,考试币,【日常任务】在青春杯完成1次养成
26,156,2021/12/22 5:00:00,2021/12/23 4:59:59,2200026,500,考试币,【日常任务】登录游戏
27,156,2021/12/22 5:00:00,2021/12/23 4:59:59,2200027,500,考试币,【日常任务】在青春杯完成1次养成
1,156,2022/03/24 12:00:00,2022/04/01 11:59:59,2200028,2000,考试币,在考试中获得“良”的成绩
2,320002,2022/03/24 12:00:00,2022/04/01 11:59:59,2200029,1,,在考试中获得“优”的成绩
3,156,2022/03/24 12:00:00,2022/04/01 11:59:59,2200030,1500,考试币,在巅峰杯完成2次养成
4,156,2022/03/24 12:00:00,2022/04/01 11:59:59,2200031,1500,考试币,在巅峰杯完成4次养成
5,43,2022/03/24 12:00:00,2022/04/01 11:59:59,2200032,100,宝石,在巅峰杯完成6次养成
6,156,2022/03/24 12:00:00,2022/04/01 11:59:59,2200033,1500,考试币,以至少为C+的养成等级完成巅峰杯养成
7,43,2022/03/24 12:00:00,2022/04/01 11:59:59,2200034,100,宝石,以至少为B的养成等级完成巅峰杯养成
8,156,2022/03/24 12:00:00,2022/04/01 11:59:59,2200035,1500,考试币,以至少为B+的养成等级完成巅峰杯养成
9,43,2022/03/24 12:00:00,2022/04/01 11:59:59,2200036,100,宝石,以至少为A的养成等级完成巅峰杯养成
10,156,2022/03/24 12:00:00,2022/03/25 4:59:59,2200037,500,考试币,【日常任务】登录游戏
11,156,2022/03/24 12:00:00,2022/03/25 4:59:59,2200038,500,考试币,【日常任务】在巅峰杯完成1次养成
12,156,2022/03/25 5:00:00,2022/03/26 4:59:59,2200039,500,考试币,【日常任务】登录游戏
13,156,2022/03/25 5:00:00,2022/03/26 4:59:59,2200040,500,考试币,【日常任务】在巅峰杯完成1次养成
14,156,2022/03/26 5:00:00,2022/03/27 4:59:59,2200041,500,考试币,【日常任务】登录游戏
15,156,2022/03/26 5:00:00,2022/03/27 4:59:59,2200042,500,考试币,【日常任务】在巅峰杯完成1次养成
16,156,2022/03/27 5:00:00,2022/03/28 4:59:59,2200043,500,考试币,【日常任务】登录游戏
17,156,2022/03/27 5:00:00,2022/03/28 4:59:59,2200044,500,考试币,【日常任务】在巅峰杯完成1次养成
18,156,2022/03/28 5:00:00,2022/03/29 4:59:59,2200045,500,考试币,【日常任务】登录游戏
19,156,2022/03/28 5:00:00,2022/03/29 4:59:59,2200046,500,考试币,【日常任务】在巅峰杯完成1次养成
20,156,2022/03/29 5:00:00,2022/03/29 11:59:59,2200047,500,考试币,【日常任务】登录游戏
21,156,2022/03/29 5:00:00,2022/03/29 11:59:59,2200048,500,考试币,【日常任务】在巅峰杯完成1次养成
1,156,2022/09/20 12:00:00,2022/10/02 11:59:59,2200049,1500,考试币,在5门考试中获得“可”的成绩
2,156,2022/09/20 12:00:00,2022/10/02 11:59:59,2200050,2000,考试币,在6门考试中获得“可”的成绩
3,43,2022/09/20 12:00:00,2022/10/02 11:59:59,2200051,100,宝石,在7门考试中获得“可”的成绩
4,156,2022/09/20 12:00:00,2022/10/02 11:59:59,2200052,1500,考试币,在5门考试中获得“良”的成绩
5,156,2022/09/20 12:00:00,2022/10/02 11:59:59,2200053,2000,考试币,在6门考试中获得“良”的成绩
6,43,2022/09/20 12:00:00,2022/10/02 11:59:59,2200054,100,宝石,在7门考试中获得“良”的成绩
7,43,2022/09/20 12:00:00,2022/10/02 11:59:59,2200055,100,宝石,在5门考试中获得“优”的成绩
8,156,2022/09/20 12:00:00,2022/10/02 11:59:59,2200056,1000,考试币,在6门考试中获得“优”的成绩
9,320003,2022/09/20 12:00:00,2022/10/02 11:59:59,2200057,1,,在7门考试中获得“优”的成绩
10,156,2022/09/20 12:00:00,2022/09/21 4:59:59,2200058,500,考试币,【日常任务】登录游戏
11,156,2022/09/20 12:00:00,2022/09/21 4:59:59,2200059,500,考试币,【日常任务】在闪耀舞台篇完成1次养成
12,156,2022/09/21 5:00:00,2022/09/22 4:59:59,2200060,500,考试币,【日常任务】登录游戏
13,156,2022/09/21 5:00:00,2022/09/22 4:59:59,2200061,500,考试币,【日常任务】在闪耀舞台篇完成1次养成
14,156,2022/09/22 5:00:00,2022/09/23 4:59:59,2200062,500,考试币,【日常任务】登录游戏
15,156,2022/09/22 5:00:00,2022/09/23 4:59:59,2200063,500,考试币,【日常任务】在闪耀舞台篇完成1次养成
16,156,2022/09/23 5:00:00,2022/09/24 4:59:59,2200064,500,考试币,【日常任务】登录游戏
17,156,2022/09/23 5:00:00,2022/09/24 4:59:59,2200065,500,考试币,【日常任务】在闪耀舞台篇完成1次养成
18,156,2022/09/24 5:00:00,2022/09/25 4:59:59,2200066,500,考试币,【日常任务】登录游戏
19,156,2022/09/24 5:00:00,2022/09/25 4:59:59,2200067,500,考试币,【日常任务】在闪耀舞台篇完成1次养成
20,156,2022/09/25 5:00:00,2022/09/26 4:59:59,2200068,500,考试币,【日常任务】登录游戏
21,156,2022/09/25 5:00:00,2022/09/26 4:59:59,2200069,500,考试币,【日常任务】在闪耀舞台篇完成1次养成
18,156,2022/09/26 5:00:00,2022/09/27 4:59:59,2200070,500,考试币,【日常任务】登录游戏
19,156,2022/09/26 5:00:00,2022/09/27 4:59:59,2200071,500,考试币,【日常任务】在闪耀舞台篇完成1次养成
20,156,2022/09/27 5:00:00,2022/09/28 4:59:59,2200072,500,考试币,【日常任务】登录游戏
21,156,2022/09/27 5:00:00,2022/09/28 4:59:59,2200073,500,考试币,【日常任务】在闪耀舞台篇完成1次养成
22,156,2022/09/28 5:00:00,2022/09/29 4:59:59,2200074,500,考试币,【日常任务】登录游戏
23,156,2022/09/28 5:00:00,2022/09/29 4:59:59,2200075,500,考试币,【日常任务】在闪耀舞台篇完成1次养成
22,156,2022/09/29 5:00:00,2022/09/30 4:59:59,2200076,500,考试币,【日常任务】登录游戏
23,156,2022/09/29 5:00:00,2022/09/30 4:59:59,2200077,500,考试币,【日常任务】在闪耀舞台篇完成1次养成
1,156,2023/04/19 12:00:00,2023/05/01 11:59:59,2200078,1500,考试币,在5门考试中获得“可”的成绩
2,156,2023/04/19 12:00:00,2023/05/01 11:59:59,2200079,2000,考试币,在6门考试中获得“可”的成绩
3,43,2023/04/19 12:00:00,2023/05/01 11:59:59,2200080,100,宝石,在7门考试中获得“可”的成绩
4,156,2023/04/19 12:00:00,2023/05/01 11:59:59,2200081,1500,考试币,在5门考试中获得“良”的成绩
5,156,2023/04/19 12:00:00,2023/05/01 11:59:59,2200082,2000,考试币,在6门考试中获得“良”的成绩
6,43,2023/04/19 12:00:00,2023/05/01 11:59:59,2200083,100,宝石,在7门考试中获得“良”的成绩
7,43,2023/04/19 12:00:00,2023/05/01 11:59:59,2200084,100,宝石,在5门考试中获得“优”的成绩
8,156,2023/04/19 12:00:00,2023/05/01 11:59:59,2200085,1000,考试币,在6门考试中获得“优”的成绩
9,320004,2023/04/19 12:00:00,2023/05/01 11:59:59,2200086,1,,在7门考试中获得“优”的成绩
10,156,2023/04/19 12:00:00,2023/04/20 4:59:59,2200087,500,考试币,【日常任务】登录游戏
11,156,2023/04/19 12:00:00,2023/04/20 4:59:59,2200088,500,考试币,【日常任务】在荣耀女神杯篇完成1次养成
12,156,2023/04/20 5:00:00,2023/04/21 4:59:59,2200089,500,考试币,【日常任务】登录游戏
13,156,2023/04/20 5:00:00,2023/04/21 4:59:59,2200090,500,考试币,【日常任务】在荣耀女神杯篇完成1次养成
14,156,2023/04/21 5:00:00,2023/04/22 4:59:59,2200091,500,考试币,【日常任务】登录游戏
15,156,2023/04/21 5:00:00,2023/04/22 4:59:59,2200092,500,考试币,【日常任务】在荣耀女神杯篇完成1次养成
16,156,2023/04/22 5:00:00,2023/04/23 4:59:59,2200093,500,考试币,【日常任务】登录游戏
17,156,2023/04/22 5:00:00,2023/04/23 4:59:59,2200094,500,考试币,【日常任务】在荣耀女神杯篇完成1次养成
18,156,2023/04/23 5:00:00,2023/04/24 4:59:59,2200095,500,考试币,【日常任务】登录游戏
19,156,2023/04/23 5:00:00,2023/04/24 4:59:59,2200096,500,考试币,【日常任务】在荣耀女神杯篇完成1次养成
20,156,2023/04/24 5:00:00,2023/04/25 4:59:59,2200097,500,考试币,【日常任务】登录游戏
21,156,2023/04/24 5:00:00,2023/04/25 4:59:59,2200098,500,考试币,【日常任务】在荣耀女神杯篇完成1次养成
18,156,2023/04/25 5:00:00,2023/04/26 4:59:59,2200099,500,考试币,【日常任务】登录游戏
19,156,2023/04/25 5:00:00,2023/04/26 4:59:59,2200100,500,考试币,【日常任务】在荣耀女神杯篇完成1次养成
20,156,2023/04/26 5:00:00,2023/04/27 4:59:59,2200101,500,考试币,【日常任务】登录游戏
21,156,2023/04/26 5:00:00,2023/04/27 4:59:59,2200102,500,考试币,【日常任务】在荣耀女神杯篇完成1次养成
22,156,2023/04/27 5:00:00,2023/04/28 4:59:59,2200103,500,考试币,【日常任务】登录游戏
23,156,2023/04/27 5:00:00,2023/04/28 4:59:59,2200104,500,考试币,【日常任务】在荣耀女神杯篇完成1次养成
22,156,2023/04/28 5:00:00,2023/04/29 4:59:59,2200105,500,考试币,【日常任务】登录游戏
23,156,2023/04/28 5:00:00,2023/04/29 4:59:59,2200106,500,考试币,【日常任务】在荣耀女神杯篇完成1次养成
1,156,2023/08/31 12:00:00,2023/09/14 11:59:59,2200107,1500,考试币,在5门考试中获得“可”的成绩
2,156,2023/08/31 12:00:00,2023/09/14 11:59:59,2200108,2000,考试币,在6门考试中获得“可”的成绩
3,43,2023/08/31 12:00:00,2023/09/14 11:59:59,2200109,100,宝石,在7门考试中获得“可”的成绩
4,156,2023/08/31 12:00:00,2023/09/14 11:59:59,2200110,1500,考试币,在5门考试中获得“良”的成绩
5,156,2023/08/31 12:00:00,2023/09/14 11:59:59,2200111,2000,考试币,在6门考试中获得“良”的成绩
6,43,2023/08/31 12:00:00,2023/09/14 11:59:59,2200112,100,宝石,在7门考试中获得“良”的成绩
7,43,2023/08/31 12:00:00,2023/09/14 11:59:59,2200113,100,宝石,在5门考试中获得“优”的成绩
8,156,2023/08/31 12:00:00,2023/09/14 11:59:59,2200114,1000,考试币,在6门考试中获得“优”的成绩
9,320005,2023/08/31 12:00:00,2023/09/14 11:59:59,2200115,1,,在7门考试中获得“优”的成绩
10,156,2023/08/31 12:00:00,2023/09/01 4:59:59,2200116,500,考试币,【日常任务】登录游戏
11,156,2023/08/31 12:00:00,2023/09/01 4:59:59,2200117,500,考试币,【日常任务】在凯旋门篇完成1次养成
12,156,2023/09/01 5:00:00,2023/09/02 4:59:59,2200118,500,考试币,【日常任务】登录游戏
13,156,2023/09/01 5:00:00,2023/09/02 4:59:59,2200119,500,考试币,【日常任务】在凯旋门篇完成1次养成
14,156,2023/09/02 5:00:00,2023/09/03 4:59:59,2200120,500,考试币,【日常任务】登录游戏
15,156,2023/09/02 5:00:00,2023/09/03 4:59:59,2200121,500,考试币,【日常任务】在凯旋门篇完成1次养成
16,156,2023/09/03 5:00:00,2023/09/04 4:59:59,2200122,500,考试币,【日常任务】登录游戏
17,156,2023/09/03 5:00:00,2023/09/04 4:59:59,2200123,500,考试币,【日常任务】在凯旋门篇完成1次养成
18,156,2023/09/04 5:00:00,2023/09/05 4:59:59,2200124,500,考试币,【日常任务】登录游戏
19,156,2023/09/04 5:00:00,2023/09/05 4:59:59,2200125,500,考试币,【日常任务】在凯旋门篇完成1次养成
20,156,2023/09/05 5:00:00,2023/09/06 4:59:59,2200126,500,考试币,【日常任务】登录游戏
21,156,2023/09/05 5:00:00,2023/09/06 4:59:59,2200127,500,考试币,【日常任务】在凯旋门篇完成1次养成
18,156,2023/09/06 5:00:00,2023/09/07 4:59:59,2200128,500,考试币,【日常任务】登录游戏
19,156,2023/09/06 5:00:00,2023/09/07 4:59:59,2200129,500,考试币,【日常任务】在凯旋门篇完成1次养成
20,156,2023/09/07 5:00:00,2023/09/08 4:59:59,2200130,500,考试币,【日常任务】登录游戏
21,156,2023/09/07 5:00:00,2023/09/08 4:59:59,2200131,500,考试币,【日常任务】在凯旋门篇完成1次养成
22,156,2023/09/08 5:00:00,2023/09/09 4:59:59,2200132,500,考试币,【日常任务】登录游戏
23,156,2023/09/08 5:00:00,2023/09/09 4:59:59,2200133,500,考试币,【日常任务】在凯旋门篇完成1次养成
22,156,2023/09/09 5:00:00,2023/09/10 4:59:59,2200134,500,考试币,【日常任务】登录游戏
23,156,2023/09/09 5:00:00,2023/09/10 4:59:59,2200135,500,考试币,【日常任务】在凯旋门篇完成1次养成
22,156,2023/09/10 5:00:00,2023/09/11 4:59:59,2200136,500,考试币,【日常任务】登录游戏
23,156,2023/09/10 5:00:00,2023/09/11 4:59:59,2200137,500,考试币,【日常任务】在凯旋门篇完成1次养成
22,156,2023/09/11 5:00:00,2023/09/12 4:59:59,2200138,500,考试币,【日常任务】登录游戏
23,156,2023/09/11 5:00:00,2023/09/12 4:59:59,2200139,500,考试币,【日常任务】在凯旋门篇完成1次养成
1,156,2024/02/24 12:00:00,2024/03/07 11:59:59,2200140,1500,考试币,在5门考试中获得“可”的成绩
2,156,2024/02/24 12:00:00,2024/03/07 11:59:59,2200141,2000,考试币,在6门考试中获得“可”的成绩
3,43,2024/02/24 12:00:00,2024/03/07 11:59:59,2200142,100,宝石,在7门考试中获得“可”的成绩
4,156,2024/02/24 12:00:00,2024/03/07 11:59:59,2200143,1500,考试币,在5门考试中获得“良”的成绩
5,156,2024/02/24 12:00:00,2024/03/07 11:59:59,2200144,2000,考试币,在6门考试中获得“良”的成绩
6,43,2024/02/24 12:00:00,2024/03/07 11:59:59,2200145,100,宝石,在7门考试中获得“良”的成绩
7,43,2024/02/24 12:00:00,2024/03/07 11:59:59,2200146,100,宝石,在5门考试中获得“优”的成绩
8,156,2024/02/24 12:00:00,2024/03/07 11:59:59,2200147,1000,考试币,在6门考试中获得“优”的成绩
9,320006,2024/02/24 12:00:00,2024/03/07 11:59:59,2200148,1,,在7门考试中获得“优”的成绩
10,156,2024/02/24 12:00:00,2024/02/25 4:59:59,2200149,500,考试币,【日常任务】登录游戏
11,156,2024/02/24 12:00:00,2024/02/25 4:59:59,2200150,500,考试币,【日常任务】在U.A.F.篇中完成1次养成
12,156,2024/02/25 5:00:00,2024/02/26 4:59:59,2200151,500,考试币,【日常任务】登录游戏
13,156,2024/02/25 5:00:00,2024/02/26 4:59:59,2200152,500,考试币,【日常任务】在U.A.F.篇中完成1次养成
14,156,2024/02/26 5:00:00,2024/02/27 4:59:59,2200153,500,考试币,【日常任务】登录游戏
15,156,2024/02/26 5:00:00,2024/02/27 4:59:59,2200154,500,考试币,【日常任务】在U.A.F.篇中完成1次养成
16,156,2024/02/27 5:00:00,2024/02/28 4:59:59,2200155,500,考试币,【日常任务】登录游戏
17,156,2024/02/27 5:00:00,2024/02/28 4:59:59,2200156,500,考试币,【日常任务】在U.A.F.篇中完成1次养成
18,156,2024/02/28 5:00:00,2024/02/29 4:59:59,2200157,500,考试币,【日常任务】登录游戏
19,156,2024/02/28 5:00:00,2024/02/29 4:59:59,2200158,500,考试币,【日常任务】在U.A.F.篇中完成1次养成
20,156,2024/02/29 5:00:00,2024/03/01 4:59:59,2200159,500,考试币,【日常任务】登录游戏
21,156,2024/02/29 5:00:00,2024/03/01 4:59:59,2200160,500,考试币,【日常任务】在U.A.F.篇中完成1次养成
18,156,2024/03/01 5:00:00,2024/03/02 4:59:59,2200161,500,考试币,【日常任务】登录游戏
19,156,2024/03/01 5:00:00,2024/03/02 4:59:59,2200162,500,考试币,【日常任务】在U.A.F.篇中完成1次养成
20,156,2024/03/02 5:00:00,2024/03/03 4:59:59,2200163,500,考试币,【日常任务】登录游戏
21,156,2024/03/02 5:00:00,2024/03/03 4:59:59,2200164,500,考试币,【日常任务】在U.A.F.篇中完成1次养成
22,156,2024/03/03 5:00:00,2024/03/04 4:59:59,2200165,500,考试币,【日常任务】登录游戏
23,156,2024/03/03 5:00:00,2024/03/04 4:59:59,2200166,500,考试币,【日常任务】在U.A.F.篇中完成1次养成
22,156,2024/03/04 5:00:00,2024/03/05 4:59:59,2200167,500,考试币,【日常任务】登录游戏
23,156,2024/03/04 5:00:00,2024/03/05 4:59:59,2200168,500,考试币,【日常任务】在U.A.F.篇中完成1次养成
1,156,2024/06/26 12:00:00,2024/07/12 11:59:59,2200169,1500,考试币,試験評価「可」を獲得した試験を3つ達成しよう
2,156,2024/06/26 12:00:00,2024/07/12 11:59:59,2200170,2000,考试币,試験評価「可」を獲得した試験を4つ達成しよう
3,43,2024/06/26 12:00:00,2024/07/12 11:59:59,2200171,100,宝石,試験評価「可」を獲得した試験を5つ達成しよう
4,156,2024/06/26 12:00:00,2024/07/12 11:59:59,2200172,1500,考试币,試験評価「良」を獲得した試験を3つ達成しよう
5,156,2024/06/26 12:00:00,2024/07/12 11:59:59,2200173,2000,考试币,試験評価「良」を獲得した試験を4つ達成しよう
6,43,2024/06/26 12:00:00,2024/07/12 11:59:59,2200174,100,宝石,試験評価「良」を獲得した試験を5つ達成しよう
7,43,2024/06/26 12:00:00,2024/07/12 11:59:59,2200175,100,宝石,試験評価「優」を獲得した試験を3つ達成しよう
8,156,2024/06/26 12:00:00,2024/07/12 11:59:59,2200176,1000,考试币,試験評価「優」を獲得した試験を4つ達成しよう
9,320007,2024/06/26 12:00:00,2024/07/12 11:59:59,2200177,1,,試験評価「優」を獲得した試験を5つ達成しよう
10,156,2024/06/26 12:00:00,2024/06/27 4:59:59,2200178,500,考试币,【デイリーミッション】ログインしよう
11,156,2024/06/26 12:00:00,2024/06/27 4:59:59,2200179,500,考试币,【デイリーミッション】豊食祭編で1回育成を完了しよう
12,156,2024/06/27 5:00:00,2024/06/28 4:59:59,2200180,500,考试币,【デイリーミッション】ログインしよう
13,156,2024/06/27 5:00:00,2024/06/28 4:59:59,2200181,500,考试币,【デイリーミッション】豊食祭編で1回育成を完了しよう
14,156,2024/06/28 5:00:00,2024/06/29 4:59:59,2200182,500,考试币,【デイリーミッション】ログインしよう
15,156,2024/06/28 5:00:00,2024/06/29 4:59:59,2200183,500,考试币,【デイリーミッション】豊食祭編で1回育成を完了しよう
16,156,2024/06/29 5:00:00,2024/06/30 4:59:59,2200184,500,考试币,【デイリーミッション】ログインしよう
17,156,2024/06/29 5:00:00,2024/06/30 4:59:59,2200185,500,考试币,【デイリーミッション】豊食祭編で1回育成を完了しよう
18,156,2024/06/30 5:00:00,2024/07/01 4:59:59,2200186,500,考试币,【デイリーミッション】ログインしよう
19,156,2024/06/30 5:00:00,2024/07/01 4:59:59,2200187,500,考试币,【デイリーミッション】豊食祭編で1回育成を完了しよう
20,156,2024/07/01 5:00:00,2024/07/02 4:59:59,2200188,500,考试币,【デイリーミッション】ログインしよう
21,156,2024/07/01 5:00:00,2024/07/02 4:59:59,2200189,500,考试币,【デイリーミッション】豊食祭編で1回育成を完了しよう
18,156,2024/07/02 5:00:00,2024/07/03 4:59:59,2200190,500,考试币,【デイリーミッション】ログインしよう
19,156,2024/07/02 5:00:00,2024/07/03 4:59:59,2200191,500,考试币,【デイリーミッション】豊食祭編で1回育成を完了しよう
20,156,2024/07/03 5:00:00,2024/07/04 4:59:59,2200192,500,考试币,【デイリーミッション】ログインしよう
21,156,2024/07/03 5:00:00,2024/07/04 4:59:59,2200193,500,考试币,【デイリーミッション】豊食祭編で1回育成を完了しよう
22,156,2024/07/04 5:00:00,2024/07/05 4:59:59,2200194,500,考试币,【デイリーミッション】ログインしよう
23,156,2024/07/04 5:00:00,2024/07/05 4:59:59,2200195,500,考试币,【デイリーミッション】豊食祭編で1回育成を完了しよう
22,156,2024/07/05 5:00:00,2024/07/06 4:59:59,2200196,500,考试币,【デイリーミッション】ログインしよう
23,156,2024/07/05 5:00:00,2024/07/06 4:59:59,2200197,500,考试币,【デイリーミッション】豊食祭編で1回育成を完了しよう
23,156,2024/07/06 5:00:00,2024/07/07 4:59:59,2200198,500,考试币,【デイリーミッション】ログインしよう
23,156,2024/07/06 5:00:00,2024/07/07 4:59:59,2200199,500,考试币,【デイリーミッション】豊食祭編で1回育成を完了しよう
23,156,2024/07/07 5:00:00,2024/07/08 4:59:59,2200200,500,考试币,【デイリーミッション】ログインしよう
23,156,2024/07/07 5:00:00,2024/07/08 4:59:59,2200201,500,考试币,【デイリーミッション】豊食祭編で1回育成を完了しよう
23,156,2024/07/08 5:00:00,2024/07/09 4:59:59,2200202,500,考试币,【デイリーミッション】ログインしよう
23,156,2024/07/08 5:00:00,2024/07/09 4:59:59,2200203,500,考试币,【デイリーミッション】豊食祭編で1回育成を完了しよう
23,156,2024/07/09 5:00:00,2024/07/10 4:59:59,2200204,500,考试币,【デイリーミッション】ログインしよう
23,156,2024/07/09 5:00:00,2024/07/10 4:59:59,2200205,500,考试币,【デイリーミッション】豊食祭編で1回育成を完了しよう
1,156,2024/10/29 12:00:00,2024/11/11 11:59:59,2200206,1500,考试币,試験評価「可」を獲得した試験を4つ達成しよう
2,156,2024/10/29 12:00:00,2024/11/11 11:59:59,2200207,2000,考试币,試験評価「可」を獲得した試験を5つ達成しよう
3,43,2024/10/29 12:00:00,2024/11/11 11:59:59,2200208,100,宝石,試験評価「可」を獲得した試験を6つ達成しよう
4,156,2024/10/29 12:00:00,2024/11/11 11:59:59,2200209,1500,考试币,試験評価「良」を獲得した試験を4つ達成しよう
5,156,2024/10/29 12:00:00,2024/11/11 11:59:59,2200210,2000,考试币,試験評価「良」を獲得した試験を5つ達成しよう
6,43,2024/10/29 12:00:00,2024/11/11 11:59:59,2200211,100,宝石,試験評価「良」を獲得した試験を6つ達成しよう
7,43,2024/10/29 12:00:00,2024/11/11 11:59:59,2200212,100,宝石,試験評価「優」を獲得した試験を4つ達成しよう
8,156,2024/10/29 12:00:00,2024/11/11 11:59:59,2200213,1000,考试币,試験評価「優」を獲得した試験を5つ達成しよう
9,320008,2024/10/29 12:00:00,2024/11/11 11:59:59,2200214,1,,試験評価「優」を獲得した試験を6つ達成しよう
10,156,2024/10/29 12:00:00,2024/10/30 4:59:59,2200215,500,考试币,【デイリーミッション】ログインしよう
11,156,2024/10/29 12:00:00,2024/10/30 4:59:59,2200216,500,考试币,【デイリーミッション】メカウマ娘編で1回育成を完了しよう
12,156,2024/10/30 5:00:00,2024/10/31 4:59:59,2200217,500,考试币,【デイリーミッション】ログインしよう
13,156,2024/10/30 5:00:00,2024/10/31 4:59:59,2200218,500,考试币,【デイリーミッション】メカウマ娘編で1回育成を完了しよう
14,156,2024/10/31 5:00:00,2024/11/01 4:59:59,2200219,500,考试币,【デイリーミッション】ログインしよう
15,156,2024/10/31 5:00:00,2024/11/01 4:59:59,2200220,500,考试币,【デイリーミッション】メカウマ娘編で1回育成を完了しよう
16,156,2024/11/01 5:00:00,2024/11/02 4:59:59,2200221,500,考试币,【デイリーミッション】ログインしよう
17,156,2024/11/01 5:00:00,2024/11/02 4:59:59,2200222,500,考试币,【デイリーミッション】メカウマ娘編で1回育成を完了しよう
18,156,2024/11/02 5:00:00,2024/11/03 4:59:59,2200223,500,考试币,【デイリーミッション】ログインしよう
19,156,2024/11/02 5:00:00,2024/11/03 4:59:59,2200224,500,考试币,【デイリーミッション】メカウマ娘編で1回育成を完了しよう
20,156,2024/11/03 5:00:00,2024/11/04 4:59:59,2200225,500,考试币,【デイリーミッション】ログインしよう
21,156,2024/11/03 5:00:00,2024/11/04 4:59:59,2200226,500,考试币,【デイリーミッション】メカウマ娘編で1回育成を完了しよう
18,156,2024/11/04 5:00:00,2024/11/05 4:59:59,2200227,500,考试币,【デイリーミッション】ログインしよう
19,156,2024/11/04 5:00:00,2024/11/05 4:59:59,2200228,500,考试币,【デイリーミッション】メカウマ娘編で1回育成を完了しよう
20,156,2024/11/05 5:00:00,2024/11/06 4:59:59,2200229,500,考试币,【デイリーミッション】ログインしよう
21,156,2024/11/05 5:00:00,2024/11/06 4:59:59,2200230,500,考试币,【デイリーミッション】メカウマ娘編で1回育成を完了しよう
22,156,2024/11/06 5:00:00,2024/11/07 4:59:59,2200231,500,考试币,【デイリーミッション】ログインしよう
23,156,2024/11/06 5:00:00,2024/11/07 4:59:59,2200232,500,考试币,【デイリーミッション】メカウマ娘編で1回育成を完了しよう
22,156,2024/11/07 5:00:00,2024/11/08 4:59:59,2200233,500,考试币,【デイリーミッション】ログインしよう
23,156,2024/11/07 5:00:00,2024/11/08 4:59:59,2200234,500,考试币,【デイリーミッション】メカウマ娘編で1回育成を完了しよう
23,156,2024/11/08 5:00:00,2024/11/09 4:59:59,2200235,500,考试币,【デイリーミッション】ログインしよう
23,156,2024/11/08 5:00:00,2024/11/09 4:59:59,2200236,500,考试币,【デイリーミッション】メカウマ娘編で1回育成を完了しよう
1,156,2025/02/24 12:00:00,2025/03/08 11:59:59,2200237,1500,考试币,試験評価「可」を獲得した試験を5つ達成しよう
2,156,2025/02/24 12:00:00,2025/03/08 11:59:59,2200238,2000,考试币,試験評価「可」を獲得した試験を6つ達成しよう
3,43,2025/02/24 12:00:00,2025/03/08 11:59:59,2200239,100,宝石,試験評価「可」を獲得した試験を7つ達成しよう
4,156,2025/02/24 12:00:00,2025/03/08 11:59:59,2200240,1500,考试币,試験評価「良」を獲得した試験を5つ達成しよう
5,156,2025/02/24 12:00:00,2025/03/08 11:59:59,2200241,2000,考试币,試験評価「良」を獲得した試験を6つ達成しよう
6,43,2025/02/24 12:00:00,2025/03/08 11:59:59,2200242,100,宝石,試験評価「良」を獲得した試験を7つ達成しよう
7,43,2025/02/24 12:00:00,2025/03/08 11:59:59,2200243,100,宝石,試験評価「優」を獲得した試験を5つ達成しよう
8,156,2025/02/24 12:00:00,2025/03/08 11:59:59,2200244,1000,考试币,試験評価「優」を獲得した試験を6つ達成しよう
9,320009,2025/02/24 12:00:00,2025/03/08 11:59:59,2200245,1,,試験評価「優」を獲得した試験を7つ達成しよう
10,156,2025/02/24 12:00:00,2025/02/25 4:59:59,2200246,500,考试币,【デイリーミッション】ログインしよう
11,156,2025/02/24 12:00:00,2025/02/25 4:59:59,2200247,500,考试币,【デイリーミッション】Legends編で1回育成を完了しよう
12,156,2025/02/25 5:00:00,2025/02/26 4:59:59,2200248,500,考试币,【デイリーミッション】ログインしよう
13,156,2025/02/25 5:00:00,2025/02/26 4:59:59,2200249,500,考试币,【デイリーミッション】Legends編で1回育成を完了しよう
14,156,2025/02/26 5:00:00,2025/02/27 4:59:59,2200250,500,考试币,【デイリーミッション】ログインしよう
15,156,2025/02/26 5:00:00,2025/02/27 4:59:59,2200251,500,考试币,【デイリーミッション】Legends編で1回育成を完了しよう
16,156,2025/02/27 5:00:00,2025/02/28 4:59:59,2200252,500,考试币,【デイリーミッション】ログインしよう
17,156,2025/02/27 5:00:00,2025/02/28 4:59:59,2200253,500,考试币,【デイリーミッション】Legends編で1回育成を完了しよう
18,156,2025/02/28 5:00:00,2025/03/01 4:59:59,2200254,500,考试币,【デイリーミッション】ログインしよう
19,156,2025/02/28 5:00:00,2025/03/01 4:59:59,2200255,500,考试币,【デイリーミッション】Legends編で1回育成を完了しよう
20,156,2025/03/01 5:00:00,2025/03/02 4:59:59,2200256,500,考试币,【デイリーミッション】ログインしよう
21,156,2025/03/01 5:00:00,2025/03/02 4:59:59,2200257,500,考试币,【デイリーミッション】Legends編で1回育成を完了しよう
18,156,2025/03/02 5:00:00,2025/03/03 4:59:59,2200258,500,考试币,【デイリーミッション】ログインしよう
19,156,2025/03/02 5:00:00,2025/03/03 4:59:59,2200259,500,考试币,【デイリーミッション】Legends編で1回育成を完了しよう
20,156,2025/03/03 5:00:00,2025/03/04 4:59:59,2200260,500,考试币,【デイリーミッション】ログインしよう
21,156,2025/03/03 5:00:00,2025/03/04 4:59:59,2200261,500,考试币,【デイリーミッション】Legends編で1回育成を完了しよう
22,156,2025/03/04 5:00:00,2025/03/05 4:59:59,2200262,500,考试币,【デイリーミッション】ログインしよう
23,156,2025/03/04 5:00:00,2025/03/05 4:59:59,2200263,500,考试币,【デイリーミッション】Legends編で1回育成を完了しよう
22,156,2025/03/05 5:00:00,2025/03/06 4:59:59,2200264,500,考试币,【デイリーミッション】ログインしよう
23,156,2025/03/05 5:00:00,2025/03/06 4:59:59,2200265,500,考试币,【デイリーミッション】Legends編で1回育成を完了しよう
1,156,2025/06/27 12:00:00,2025/07/10 11:59:59,2200266,1500,考试币,試験評価「可」を獲得した試験を4つ達成しよう
2,156,2025/06/27 12:00:00,2025/07/10 11:59:59,2200267,2000,考试币,試験評価「可」を獲得した試験を5つ達成しよう
3,43,2025/06/27 12:00:00,2025/07/10 11:59:59,2200268,100,宝石,試験評価「可」を獲得した試験を6つ達成しよう
4,156,2025/06/27 12:00:00,2025/07/10 11:59:59,2200269,1500,考试币,試験評価「良」を獲得した試験を4つ達成しよう
5,156,2025/06/27 12:00:00,2025/07/10 11:59:59,2200270,2000,考试币,試験評価「良」を獲得した試験を5つ達成しよう
6,43,2025/06/27 12:00:00,2025/07/10 11:59:59,2200271,100,宝石,試験評価「良」を獲得した試験を6つ達成しよう
7,43,2025/06/27 12:00:00,2025/07/10 11:59:59,2200272,100,宝石,試験評価「優」を獲得した試験を4つ達成しよう
8,156,2025/06/27 12:00:00,2025/07/10 11:59:59,2200273,1000,考试币,試験評価「優」を獲得した試験を5つ達成しよう
9,320010,2025/06/27 12:00:00,2025/07/10 11:59:59,2200274,1,,試験評価「優」を獲得した試験を6つ達成しよう
10,156,2025/06/27 12:00:00,2025/06/28 4:59:59,2200275,500,考试币,【デイリーミッション】ログインしよう
11,156,2025/06/27 12:00:00,2025/06/28 4:59:59,2200276,500,考试币,【デイリーミッション】無人島編で1回育成を完了しよう
12,156,2025/06/28 5:00:00,2025/06/29 4:59:59,2200277,500,考试币,【デイリーミッション】ログインしよう
13,156,2025/06/28 5:00:00,2025/06/29 4:59:59,2200278,500,考试币,【デイリーミッション】無人島編で1回育成を完了しよう
14,156,2025/06/29 5:00:00,2025/06/30 4:59:59,2200279,500,考试币,【デイリーミッション】ログインしよう
15,156,2025/06/29 5:00:00,2025/06/30 4:59:59,2200280,500,考试币,【デイリーミッション】無人島編で1回育成を完了しよう
16,156,2025/06/30 5:00:00,2025/07/01 4:59:59,2200281,500,考试币,【デイリーミッション】ログインしよう
17,156,2025/06/30 5:00:00,2025/07/01 4:59:59,2200282,500,考试币,【デイリーミッション】無人島編で1回育成を完了しよう
18,156,2025/07/01 5:00:00,2025/07/02 4:59:59,2200283,500,考试币,【デイリーミッション】ログインしよう
19,156,2025/07/01 5:00:00,2025/07/02 4:59:59,2200284,500,考试币,【デイリーミッション】無人島編で1回育成を完了しよう
20,156,2025/07/02 5:00:00,2025/07/03 4:59:59,2200285,500,考试币,【デイリーミッション】ログインしよう
21,156,2025/07/02 5:00:00,2025/07/03 4:59:59,2200286,500,考试币,【デイリーミッション】無人島編で1回育成を完了しよう
18,156,2025/07/03 5:00:00,2025/07/04 4:59:59,2200287,500,考试币,【デイリーミッション】ログインしよう
19,156,2025/07/03 5:00:00,2025/07/04 4:59:59,2200288,500,考试币,【デイリーミッション】無人島編で1回育成を完了しよう
20,156,2025/07/04 5:00:00,2025/07/05 4:59:59,2200289,500,考试币,【デイリーミッション】ログインしよう
21,156,2025/07/04 5:00:00,2025/07/05 4:59:59,2200290,500,考试币,【デイリーミッション】無人島編で1回育成を完了しよう
22,156,2025/07/05 5:00:00,2025/07/06 4:59:59,2200291,500,考试币,【デイリーミッション】ログインしよう
23,156,2025/07/05 5:00:00,2025/07/06 4:59:59,2200292,500,考试币,【デイリーミッション】無人島編で1回育成を完了しよう
22,156,2025/07/06 5:00:00,2025/07/07 4:59:59,2200293,500,考试币,【デイリーミッション】ログインしよう
23,156,2025/07/06 5:00:00,2025/07/07 4:59:59,2200294,500,考试币,【デイリーミッション】無人島編で1回育成を完了しよう
23,156,2025/07/07 5:00:00,2025/07/08 4:59:59,2200295,500,考试币,【デイリーミッション】ログインしよう
23,156,2025/07/07 5:00:00,2025/07/08 4:59:59,2200296,500,考试币,【デイリーミッション】無人島編で1回育成を完了しよう
1,156,2025/10/29 12:00:00,2025/11/10 11:59:59,2200297,1500,考试币,試験評価「可」を獲得した試験を5つ達成しよう
2,156,2025/10/29 12:00:00,2025/11/10 11:59:59,2200298,2000,考试币,試験評価「可」を獲得した試験を6つ達成しよう
3,43,2025/10/29 12:00:00,2025/11/10 11:59:59,2200299,100,宝石,試験評価「可」を獲得した試験を7つ達成しよう
4,156,2025/10/29 12:00:00,2025/11/10 11:59:59,2200300,1500,考试币,試験評価「良」を獲得した試験を5つ達成しよう
5,156,2025/10/29 12:00:00,2025/11/10 11:59:59,2200301,2000,考试币,試験評価「良」を獲得した試験を6つ達成しよう
6,43,2025/10/29 12:00:00,2025/11/10 11:59:59,2200302,100,宝石,試験評価「良」を獲得した試験を7つ達成しよう
7,43,2025/10/29 12:00:00,2025/11/10 11:59:59,2200303,100,宝石,試験評価「優」を獲得した試験を5つ達成しよう
8,156,2025/10/29 12:00:00,2025/11/10 11:59:59,2200304,1000,考试币,試験評価「優」を獲得した試験を6つ達成しよう
9,320011,2025/10/29 12:00:00,2025/11/10 11:59:59,2200305,1,,試験評価「優」を獲得した試験を7つ達成しよう
10,156,2025/10/29 12:00:00,2025/10/30 4:59:59,2200306,500,考试币,【デイリーミッション】ログインしよう
11,156,2025/10/29 12:00:00,2025/10/30 4:59:59,2200307,500,考试币,【デイリーミッション】温泉郷編で1回育成を完了しよう
12,156,2025/10/30 5:00:00,2025/10/31 4:59:59,2200308,500,考试币,【デイリーミッション】ログインしよう
13,156,2025/10/30 5:00:00,2025/10/31 4:59:59,2200309,500,考试币,【デイリーミッション】温泉郷編で1回育成を完了しよう
14,156,2025/10/31 5:00:00,2025/11/01 4:59:59,2200310,500,考试币,【デイリーミッション】ログインしよう
15,156,2025/10/31 5:00:00,2025/11/01 4:59:59,2200311,500,考试币,【デイリーミッション】温泉郷編で1回育成を完了しよう
16,156,2025/11/01 5:00:00,2025/11/02 4:59:59,2200312,500,考试币,【デイリーミッション】ログインしよう
17,156,2025/11/01 5:00:00,2025/11/02 4:59:59,2200313,500,考试币,【デイリーミッション】温泉郷編で1回育成を完了しよう
18,156,2025/11/02 5:00:00,2025/11/03 4:59:59,2200314,500,考试币,【デイリーミッション】ログインしよう
19,156,2025/11/02 5:00:00,2025/11/03 4:59:59,2200315,500,考试币,【デイリーミッション】温泉郷編で1回育成を完了しよう
20,156,2025/11/03 5:00:00,2025/11/04 4:59:59,2200316,500,考试币,【デイリーミッション】ログインしよう
21,156,2025/11/03 5:00:00,2025/11/04 4:59:59,2200317,500,考试币,【デイリーミッション】温泉郷編で1回育成を完了しよう
18,156,2025/11/04 5:00:00,2025/11/05 4:59:59,2200318,500,考试币,【デイリーミッション】ログインしよう
19,156,2025/11/04 5:00:00,2025/11/05 4:59:59,2200319,500,考试币,【デイリーミッション】温泉郷編で1回育成を完了しよう
20,156,2025/11/05 5:00:00,2025/11/06 4:59:59,2200320,500,考试币,【デイリーミッション】ログインしよう
21,156,2025/11/05 5:00:00,2025/11/06 4:59:59,2200321,500,考试币,【デイリーミッション】温泉郷編で1回育成を完了しよう
22,156,2025/11/06 5:00:00,2025/11/07 4:59:59,2200322,500,考试币,【デイリーミッション】ログインしよう
23,156,2025/11/06 5:00:00,2025/11/07 4:59:59,2200323,500,考试币,【デイリーミッション】温泉郷編で1回育成を完了しよう
22,156,2025/11/07 5:00:00,2025/11/08 4:59:59,2200324,500,考试币,【デイリーミッション】ログインしよう
23,156,2025/11/07 5:00:00,2025/11/08 4:59:59,2200325,500,考试币,【デイリーミッション】温泉郷編で1回育成を完了しよう
1,34,2022/01/11 12:00:00,2022/01/12 4:59:59,2300001,1,迷你胡萝卜果冻,【日常任务】参与赛事草上飞（困难）
1,34,2022/01/11 12:00:00,2022/01/12 4:59:59,2300002,1,迷你胡萝卜果冻,【日常任务】参与赛事帝王光辉（困难）
1,34,2022/01/11 12:00:00,2022/01/12 4:59:59,2300003,1,迷你胡萝卜果冻,【日常任务】参与赛事青云天空（困难）
1,34,2022/01/11 12:00:00,2022/01/12 4:59:59,2300004,1,迷你胡萝卜果冻,【日常任务】参与赛事特别周（困难）
1,34,2022/01/11 12:00:00,2022/01/12 4:59:59,2300005,1,迷你胡萝卜果冻,【日常任务】参与挑战赛事
1,34,2022/01/12 5:00:00,2022/01/13 4:59:59,2300006,1,迷你胡萝卜果冻,【日常任务】参与赛事草上飞（困难）
1,34,2022/01/12 5:00:00,2022/01/13 4:59:59,2300007,1,迷你胡萝卜果冻,【日常任务】参与赛事帝王光辉（困难）
1,34,2022/01/12 5:00:00,2022/01/13 4:59:59,2300008,1,迷你胡萝卜果冻,【日常任务】参与赛事青云天空（困难）
1,34,2022/01/12 5:00:00,2022/01/13 4:59:59,2300009,1,迷你胡萝卜果冻,【日常任务】参与赛事特别周（困难）
1,34,2022/01/12 5:00:00,2022/01/13 4:59:59,2300010,1,迷你胡萝卜果冻,【日常任务】参与挑战赛事
1,34,2022/01/13 5:00:00,2022/01/14 4:59:59,2300011,1,迷你胡萝卜果冻,【日常任务】参与赛事草上飞（困难）
1,34,2022/01/13 5:00:00,2022/01/14 4:59:59,2300012,1,迷你胡萝卜果冻,【日常任务】参与赛事帝王光辉（困难）
1,34,2022/01/13 5:00:00,2022/01/14 4:59:59,2300013,1,迷你胡萝卜果冻,【日常任务】参与赛事青云天空（困难）
1,34,2022/01/13 5:00:00,2022/01/14 4:59:59,2300014,1,迷你胡萝卜果冻,【日常任务】参与赛事特别周（困难）
1,34,2022/01/13 5:00:00,2022/01/14 4:59:59,2300015,1,迷你胡萝卜果冻,【日常任务】参与挑战赛事
1,34,2022/01/14 5:00:00,2022/01/15 4:59:59,2300016,1,迷你胡萝卜果冻,【日常任务】参与赛事草上飞（困难）
1,34,2022/01/14 5:00:00,2022/01/15 4:59:59,2300017,1,迷你胡萝卜果冻,【日常任务】参与赛事帝王光辉（困难）
1,34,2022/01/14 5:00:00,2022/01/15 4:59:59,2300018,1,迷你胡萝卜果冻,【日常任务】参与赛事青云天空（困难）
1,34,2022/01/14 5:00:00,2022/01/15 4:59:59,2300019,1,迷你胡萝卜果冻,【日常任务】参与赛事特别周（困难）
1,34,2022/01/14 5:00:00,2022/01/15 4:59:59,2300020,1,迷你胡萝卜果冻,【日常任务】参与挑战赛事
1,34,2022/01/15 5:00:00,2022/01/16 4:59:59,2300021,1,迷你胡萝卜果冻,【日常任务】参与赛事草上飞（困难）
1,34,2022/01/15 5:00:00,2022/01/16 4:59:59,2300022,1,迷你胡萝卜果冻,【日常任务】参与赛事帝王光辉（困难）
1,34,2022/01/15 5:00:00,2022/01/16 4:59:59,2300023,1,迷你胡萝卜果冻,【日常任务】参与赛事青云天空（困难）
1,34,2022/01/15 5:00:00,2022/01/16 4:59:59,2300024,1,迷你胡萝卜果冻,【日常任务】参与赛事特别周（困难）
1,34,2022/01/15 5:00:00,2022/01/16 4:59:59,2300025,1,迷你胡萝卜果冻,【日常任务】参与挑战赛事
1,34,2022/01/16 5:00:00,2022/01/17 4:59:59,2300026,1,迷你胡萝卜果冻,【日常任务】参与赛事草上飞（困难）
1,34,2022/01/16 5:00:00,2022/01/17 4:59:59,2300027,1,迷你胡萝卜果冻,【日常任务】参与赛事帝王光辉（困难）
1,34,2022/01/16 5:00:00,2022/01/17 4:59:59,2300028,1,迷你胡萝卜果冻,【日常任务】参与赛事青云天空（困难）
1,34,2022/01/16 5:00:00,2022/01/17 4:59:59,2300029,1,迷你胡萝卜果冻,【日常任务】参与赛事特别周（困难）
1,34,2022/01/16 5:00:00,2022/01/17 4:59:59,2300030,1,迷你胡萝卜果冻,【日常任务】参与挑战赛事
1,34,2022/01/17 5:00:00,2022/01/18 4:59:59,2300031,1,迷你胡萝卜果冻,【日常任务】参与赛事草上飞（困难）
1,34,2022/01/17 5:00:00,2022/01/18 4:59:59,2300032,1,迷你胡萝卜果冻,【日常任务】参与赛事帝王光辉（困难）
1,34,2022/01/17 5:00:00,2022/01/18 4:59:59,2300033,1,迷你胡萝卜果冻,【日常任务】参与赛事青云天空（困难）
1,34,2022/01/17 5:00:00,2022/01/18 4:59:59,2300034,1,迷你胡萝卜果冻,【日常任务】参与赛事特别周（困难）
1,34,2022/01/17 5:00:00,2022/01/18 4:59:59,2300035,1,迷你胡萝卜果冻,【日常任务】参与挑战赛事
1,34,2022/01/18 5:00:00,2022/01/18 11:59:59,2300036,1,迷你胡萝卜果冻,【日常任务】参与赛事草上飞（困难）
1,34,2022/01/18 5:00:00,2022/01/18 11:59:59,2300037,1,迷你胡萝卜果冻,【日常任务】参与赛事帝王光辉（困难）
1,34,2022/01/18 5:00:00,2022/01/18 11:59:59,2300038,1,迷你胡萝卜果冻,【日常任务】参与赛事青云天空（困难）
1,34,2022/01/18 5:00:00,2022/01/18 11:59:59,2300039,1,迷你胡萝卜果冻,【日常任务】参与赛事特别周（困难）
1,34,2022/01/18 5:00:00,2022/01/18 11:59:59,2300040,1,迷你胡萝卜果冻,【日常任务】参与挑战赛事
1,43,2022/01/11 12:00:00,2022/01/21 11:59:59,2300041,30,宝石,【期间限定任务】获得等级1的嘉年华加成因子
1,43,2022/01/11 12:00:00,2022/01/21 11:59:59,2300042,30,宝石,【期间限定任务】获得等级2的嘉年华加成因子
1,43,2022/01/11 12:00:00,2022/01/21 11:59:59,2300043,30,宝石,【期间限定任务】获得等级3的嘉年华加成因子
1,43,2022/01/11 12:00:00,2022/01/21 11:59:59,2300044,30,宝石,【期间限定任务】获得等级4的嘉年华加成因子
1,43,2022/01/11 12:00:00,2022/01/21 11:59:59,2300045,30,宝石,【期间限定任务】获得等级5的嘉年华加成因子
1,59,2022/01/11 12:00:00,2022/01/21 11:59:59,2300046,10000,金币,【期间限定任务】在竞速嘉年华中累计获得10000嘉年华积分
1,110,2022/01/11 12:00:00,2022/01/21 11:59:59,2300047,5000,协助积分,【期间限定任务】在竞速嘉年华中累计获得30000嘉年华积分
1,115,2022/01/11 12:00:00,2022/01/21 11:59:59,2300048,5,女神像,【期间限定任务】在竞速嘉年华中累计获得50000嘉年华积分
1,59,2022/01/11 12:00:00,2022/01/21 11:59:59,2300049,15000,金币,【期间限定任务】在竞速嘉年华中累计获得70000嘉年华积分
1,110,2022/01/11 12:00:00,2022/01/21 11:59:59,2300050,7500,协助积分,【期间限定任务】在竞速嘉年华中累计获得100000嘉年华积分
1,150,2022/01/11 12:00:00,2022/01/21 11:59:59,2300051,1,金结晶片,【期间限定任务】在竞速嘉年华中累计获得120000嘉年华积分
1,59,2022/01/11 12:00:00,2022/01/21 11:59:59,2300052,30000,金币,【期间限定任务】在竞速嘉年华中累计获得140000嘉年华积分
1,110,2022/01/11 12:00:00,2022/01/21 11:59:59,2300053,15000,协助积分,【期间限定任务】在竞速嘉年华中累计获得160000嘉年华积分
1,115,2022/01/11 12:00:00,2022/01/21 11:59:59,2300054,10,女神像,【期间限定任务】在竞速嘉年华中累计获得180000嘉年华积分
1,149,2022/01/11 12:00:00,2022/01/21 11:59:59,2300055,1,彩虹结晶片,【期间限定任务】在竞速嘉年华中累计获得200000嘉年华积分
1,34,2022/04/15 12:00:00,2022/04/16 4:59:59,2300056,1,迷你胡萝卜果冻,【日常】参与赛事胜利奖券（困难）
1,34,2022/04/15 12:00:00,2022/04/16 4:59:59,2300057,1,迷你胡萝卜果冻,【日常】参与赛事爱丽速子（困难）
1,34,2022/04/15 12:00:00,2022/04/16 4:59:59,2300058,1,迷你胡萝卜果冻,【日常】参与赛事富士奇石（困难）
1,34,2022/04/15 12:00:00,2022/04/16 4:59:59,2300059,1,迷你胡萝卜果冻,【日常】参与赛事东海帝王（困难）
1,34,2022/04/15 12:00:00,2022/04/16 4:59:59,2300060,1,迷你胡萝卜果冻,【日常】参与挑战赛事
1,34,2022/04/16 5:00:00,2022/04/17 4:59:59,2300061,1,迷你胡萝卜果冻,【日常】参与赛事胜利奖券（困难）
1,34,2022/04/16 5:00:00,2022/04/17 4:59:59,2300062,1,迷你胡萝卜果冻,【日常】参与赛事爱丽速子（困难）
1,34,2022/04/16 5:00:00,2022/04/17 4:59:59,2300063,1,迷你胡萝卜果冻,【日常】参与赛事富士奇石（困难）
1,34,2022/04/16 5:00:00,2022/04/17 4:59:59,2300064,1,迷你胡萝卜果冻,【日常】参与赛事东海帝王（困难）
1,34,2022/04/16 5:00:00,2022/04/17 4:59:59,2300065,1,迷你胡萝卜果冻,【日常】参与挑战赛事
1,34,2022/04/17 5:00:00,2022/04/18 4:59:59,2300066,1,迷你胡萝卜果冻,【日常】参与赛事胜利奖券（困难）
1,34,2022/04/17 5:00:00,2022/04/18 4:59:59,2300067,1,迷你胡萝卜果冻,【日常】参与赛事爱丽速子（困难）
1,34,2022/04/17 5:00:00,2022/04/18 4:59:59,2300068,1,迷你胡萝卜果冻,【日常】参与赛事富士奇石（困难）
1,34,2022/04/17 5:00:00,2022/04/18 4:59:59,2300069,1,迷你胡萝卜果冻,【日常】参与赛事东海帝王（困难）
1,34,2022/04/17 5:00:00,2022/04/18 4:59:59,2300070,1,迷你胡萝卜果冻,【日常】参与挑战赛事
1,34,2022/04/18 5:00:00,2022/04/19 4:59:59,2300071,1,迷你胡萝卜果冻,【日常】参与赛事胜利奖券（困难）
1,34,2022/04/18 5:00:00,2022/04/19 4:59:59,2300072,1,迷你胡萝卜果冻,【日常】参与赛事爱丽速子（困难）
1,34,2022/04/18 5:00:00,2022/04/19 4:59:59,2300073,1,迷你胡萝卜果冻,【日常】参与赛事富士奇石（困难）
1,34,2022/04/18 5:00:00,2022/04/19 4:59:59,2300074,1,迷你胡萝卜果冻,【日常】参与赛事东海帝王（困难）
1,34,2022/04/18 5:00:00,2022/04/19 4:59:59,2300075,1,迷你胡萝卜果冻,【日常】参与挑战赛事
1,34,2022/04/19 5:00:00,2022/04/20 4:59:59,2300076,1,迷你胡萝卜果冻,【日常】参与赛事胜利奖券（困难）
1,34,2022/04/19 5:00:00,2022/04/20 4:59:59,2300077,1,迷你胡萝卜果冻,【日常】参与赛事爱丽速子（困难）
1,34,2022/04/19 5:00:00,2022/04/20 4:59:59,2300078,1,迷你胡萝卜果冻,【日常】参与赛事富士奇石（困难）
1,34,2022/04/19 5:00:00,2022/04/20 4:59:59,2300079,1,迷你胡萝卜果冻,【日常】参与赛事东海帝王（困难）
1,34,2022/04/19 5:00:00,2022/04/20 4:59:59,2300080,1,迷你胡萝卜果冻,【日常】参与挑战赛事
1,34,2022/04/20 5:00:00,2022/04/21 4:59:59,2300081,1,迷你胡萝卜果冻,【日常】参与赛事胜利奖券（困难）
1,34,2022/04/20 5:00:00,2022/04/21 4:59:59,2300082,1,迷你胡萝卜果冻,【日常】参与赛事爱丽速子（困难）
1,34,2022/04/20 5:00:00,2022/04/21 4:59:59,2300083,1,迷你胡萝卜果冻,【日常】参与赛事富士奇石（困难）
1,34,2022/04/20 5:00:00,2022/04/21 4:59:59,2300084,1,迷你胡萝卜果冻,【日常】参与赛事东海帝王（困难）
1,34,2022/04/20 5:00:00,2022/04/21 4:59:59,2300085,1,迷你胡萝卜果冻,【日常】参与挑战赛事
1,34,2022/04/21 5:00:00,2022/04/22 4:59:59,2300086,1,迷你胡萝卜果冻,【日常】参与赛事胜利奖券（困难）
1,34,2022/04/21 5:00:00,2022/04/22 4:59:59,2300087,1,迷你胡萝卜果冻,【日常】参与赛事爱丽速子（困难）
1,34,2022/04/21 5:00:00,2022/04/22 4:59:59,2300088,1,迷你胡萝卜果冻,【日常】参与赛事富士奇石（困难）
1,34,2022/04/21 5:00:00,2022/04/22 4:59:59,2300089,1,迷你胡萝卜果冻,【日常】参与赛事东海帝王（困难）
1,34,2022/04/21 5:00:00,2022/04/22 4:59:59,2300090,1,迷你胡萝卜果冻,【日常】参与挑战赛事
1,34,2022/04/22 5:00:00,2022/04/22 11:59:59,2300091,1,迷你胡萝卜果冻,【日常】参与赛事胜利奖券（困难）
1,34,2022/04/22 5:00:00,2022/04/22 11:59:59,2300092,1,迷你胡萝卜果冻,【日常】参与赛事爱丽速子（困难）
1,34,2022/04/22 5:00:00,2022/04/22 11:59:59,2300093,1,迷你胡萝卜果冻,【日常】参与赛事富士奇石（困难）
1,34,2022/04/22 5:00:00,2022/04/22 11:59:59,2300094,1,迷你胡萝卜果冻,【日常】参与赛事东海帝王（困难）
1,34,2022/04/22 5:00:00,2022/04/22 11:59:59,2300095,1,迷你胡萝卜果冻,【日常】参与挑战赛事
1,43,2022/04/15 12:00:00,2022/04/25 11:59:59,2300096,100,宝石,【期间限定】获得嘉年华加成技能并完成养成
1,59,2022/04/15 12:00:00,2022/04/25 11:59:59,2300097,20000,金币,【期间限定】在竞速嘉年华中累计\n获得10000嘉年华积分
1,110,2022/04/15 12:00:00,2022/04/25 11:59:59,2300098,5000,协助积分,【期间限定】在竞速嘉年华中累计\n获得20000嘉年华积分
1,115,2022/04/15 12:00:00,2022/04/25 11:59:59,2300099,5,女神像,【期间限定】在竞速嘉年华中累计\n获得30000嘉年华积分
1,59,2022/04/15 12:00:00,2022/04/25 11:59:59,2300100,25000,金币,【期间限定】在竞速嘉年华中累计\n获得40000嘉年华积分
1,110,2022/04/15 12:00:00,2022/04/25 11:59:59,2300101,7500,协助积分,【期间限定】在竞速嘉年华中累计\n获得50000嘉年华积分
1,150,2022/04/15 12:00:00,2022/04/25 11:59:59,2300102,1,金结晶片,【期间限定】在竞速嘉年华中累计\n获得60000嘉年华积分
1,59,2022/04/15 12:00:00,2022/04/25 11:59:59,2300103,30000,金币,【期间限定】在竞速嘉年华中累计\n获得70000嘉年华积分
1,110,2022/04/15 12:00:00,2022/04/25 11:59:59,2300104,15000,协助积分,【期间限定】在竞速嘉年华中累计\n获得80000嘉年华积分
1,115,2022/04/15 12:00:00,2022/04/25 11:59:59,2300105,10,女神像,【期间限定】在竞速嘉年华中累计\n获得90000嘉年华积分
1,149,2022/04/15 12:00:00,2022/04/25 11:59:59,2300106,1,彩虹结晶片,【期间限定】在竞速嘉年华中累计\n获得100000嘉年华积分
1,34,2023/01/23 12:00:00,2023/01/24 4:59:59,2300107,1,迷你胡萝卜果冻,【日常】参与赛事菱曙（困难）
1,34,2023/01/23 12:00:00,2023/01/24 4:59:59,2300108,1,迷你胡萝卜果冻,【日常】参与赛事西野花（困难）
1,34,2023/01/23 12:00:00,2023/01/24 4:59:59,2300109,1,迷你胡萝卜果冻,【日常】参与赛事大树快车（困难）
1,34,2023/01/23 12:00:00,2023/01/24 4:59:59,2300110,1,迷你胡萝卜果冻,【日常】参与赛事青竹回忆（困难）
1,34,2023/01/23 12:00:00,2023/01/24 4:59:59,2300111,1,迷你胡萝卜果冻,【日常】参与挑战赛事
1,34,2023/01/24 5:00:00,2023/01/25 4:59:59,2300112,1,迷你胡萝卜果冻,【日常】参与赛事菱曙（困难）
1,34,2023/01/24 5:00:00,2023/01/25 4:59:59,2300113,1,迷你胡萝卜果冻,【日常】参与赛事西野花（困难）
1,34,2023/01/24 5:00:00,2023/01/25 4:59:59,2300114,1,迷你胡萝卜果冻,【日常】参与赛事大树快车（困难）
1,34,2023/01/24 5:00:00,2023/01/25 4:59:59,2300115,1,迷你胡萝卜果冻,【日常】参与赛事青竹回忆（困难）
1,34,2023/01/24 5:00:00,2023/01/25 4:59:59,2300116,1,迷你胡萝卜果冻,【日常】参与挑战赛事
1,34,2023/01/25 5:00:00,2023/01/26 4:59:59,2300117,1,迷你胡萝卜果冻,【日常】参与赛事菱曙（困难）
1,34,2023/01/25 5:00:00,2023/01/26 4:59:59,2300118,1,迷你胡萝卜果冻,【日常】参与赛事西野花（困难）
1,34,2023/01/25 5:00:00,2023/01/26 4:59:59,2300119,1,迷你胡萝卜果冻,【日常】参与赛事大树快车（困难）
1,34,2023/01/25 5:00:00,2023/01/26 4:59:59,2300120,1,迷你胡萝卜果冻,【日常】参与赛事青竹回忆（困难）
1,34,2023/01/25 5:00:00,2023/01/26 4:59:59,2300121,1,迷你胡萝卜果冻,【日常】参与挑战赛事
1,34,2023/01/26 5:00:00,2023/01/27 4:59:59,2300122,1,迷你胡萝卜果冻,【日常】参与赛事菱曙（困难）
1,34,2023/01/26 5:00:00,2023/01/27 4:59:59,2300123,1,迷你胡萝卜果冻,【日常】参与赛事西野花（困难）
1,34,2023/01/26 5:00:00,2023/01/27 4:59:59,2300124,1,迷你胡萝卜果冻,【日常】参与赛事大树快车（困难）
1,34,2023/01/26 5:00:00,2023/01/27 4:59:59,2300125,1,迷你胡萝卜果冻,【日常】参与赛事青竹回忆（困难）
1,34,2023/01/26 5:00:00,2023/01/27 4:59:59,2300126,1,迷你胡萝卜果冻,【日常】参与挑战赛事
1,34,2023/01/27 5:00:00,2023/01/28 4:59:59,2300127,1,迷你胡萝卜果冻,【日常】参与赛事菱曙（困难）
1,34,2023/01/27 5:00:00,2023/01/28 4:59:59,2300128,1,迷你胡萝卜果冻,【日常】参与赛事西野花（困难）
1,34,2023/01/27 5:00:00,2023/01/28 4:59:59,2300129,1,迷你胡萝卜果冻,【日常】参与赛事大树快车（困难）
1,34,2023/01/27 5:00:00,2023/01/28 4:59:59,2300130,1,迷你胡萝卜果冻,【日常】参与赛事青竹回忆（困难）
1,34,2023/01/27 5:00:00,2023/01/28 4:59:59,2300131,1,迷你胡萝卜果冻,【日常】参与挑战赛事
1,34,2023/01/28 5:00:00,2023/01/29 4:59:59,2300132,1,迷你胡萝卜果冻,【日常】参与赛事菱曙（困难）
1,34,2023/01/28 5:00:00,2023/01/29 4:59:59,2300133,1,迷你胡萝卜果冻,【日常】参与赛事西野花（困难）
1,34,2023/01/28 5:00:00,2023/01/29 4:59:59,2300134,1,迷你胡萝卜果冻,【日常】参与赛事大树快车（困难）
1,34,2023/01/28 5:00:00,2023/01/29 4:59:59,2300135,1,迷你胡萝卜果冻,【日常】参与赛事青竹回忆（困难）
1,34,2023/01/28 5:00:00,2023/01/29 4:59:59,2300136,1,迷你胡萝卜果冻,【日常】参与挑战赛事
1,34,2023/01/29 5:00:00,2023/01/30 4:59:59,2300137,1,迷你胡萝卜果冻,【日常】参与赛事菱曙（困难）
1,34,2023/01/29 5:00:00,2023/01/30 4:59:59,2300138,1,迷你胡萝卜果冻,【日常】参与赛事西野花（困难）
1,34,2023/01/29 5:00:00,2023/01/30 4:59:59,2300139,1,迷你胡萝卜果冻,【日常】参与赛事大树快车（困难）
1,34,2023/01/29 5:00:00,2023/01/30 4:59:59,2300140,1,迷你胡萝卜果冻,【日常】参与赛事青竹回忆（困难）
1,34,2023/01/29 5:00:00,2023/01/30 4:59:59,2300141,1,迷你胡萝卜果冻,【日常】参与挑战赛事
1,34,2023/01/30 5:00:00,2023/01/30 11:59:59,2300142,1,迷你胡萝卜果冻,【日常】参与赛事菱曙（困难）
1,34,2023/01/30 5:00:00,2023/01/30 11:59:59,2300143,1,迷你胡萝卜果冻,【日常】参与赛事西野花（困难）
1,34,2023/01/30 5:00:00,2023/01/30 11:59:59,2300144,1,迷你胡萝卜果冻,【日常】参与赛事大树快车（困难）
1,34,2023/01/30 5:00:00,2023/01/30 11:59:59,2300145,1,迷你胡萝卜果冻,【日常】参与赛事青竹回忆（困难）
1,34,2023/01/30 5:00:00,2023/01/30 11:59:59,2300146,1,迷你胡萝卜果冻,【日常】参与挑战赛事
1,43,2023/01/23 12:00:00,2023/02/02 11:59:59,2300147,100,宝石,【期间限定】获得嘉年华加成技能并完成养成
1,59,2023/01/23 12:00:00,2023/02/02 11:59:59,2300148,20000,金币,【期间限定】竞速嘉年华中累计\n获得10000嘉年华积分
1,110,2023/01/23 12:00:00,2023/02/02 11:59:59,2300149,5000,协助积分,【期间限定】竞速嘉年华中累计\n获得20000嘉年华积分
1,115,2023/01/23 12:00:00,2023/02/02 11:59:59,2300150,5,女神像,【期间限定】竞速嘉年华中累计\n获得30000嘉年华积分
1,59,2023/01/23 12:00:00,2023/02/02 11:59:59,2300151,25000,金币,【期间限定】竞速嘉年华中累计\n获得40000嘉年华积分
1,110,2023/01/23 12:00:00,2023/02/02 11:59:59,2300152,7500,协助积分,【期间限定】竞速嘉年华中累计\n获得50000嘉年华积分
1,150,2023/01/23 12:00:00,2023/02/02 11:59:59,2300153,1,金结晶片,【期间限定】竞速嘉年华中累计\n获得60000嘉年华积分
1,59,2023/01/23 12:00:00,2023/02/02 11:59:59,2300154,30000,金币,【期间限定】竞速嘉年华中累计\n获得70000嘉年华积分
1,110,2023/01/23 12:00:00,2023/02/02 11:59:59,2300155,15000,协助积分,【期间限定】竞速嘉年华中累计\n获得80000嘉年华积分
1,115,2023/01/23 12:00:00,2023/02/02 11:59:59,2300156,10,女神像,【期间限定】竞速嘉年华中累计\n获得90000嘉年华积分
1,149,2023/01/23 12:00:00,2023/02/02 11:59:59,2300157,1,彩虹结晶片,【期间限定】竞速嘉年华中累计\n获得100000嘉年华积分
1,34,2023/05/22 12:00:00,2023/05/23 4:59:59,2300158,1,迷你胡萝卜果冻,【日常】参与赛事小栗帽（困难）
1,34,2023/05/22 12:00:00,2023/05/23 4:59:59,2300159,1,迷你胡萝卜果冻,【日常】参与赛事目白雅丹（困难）
1,34,2023/05/22 12:00:00,2023/05/23 4:59:59,2300160,1,迷你胡萝卜果冻,【日常】参与赛事大拓太阳神（困难）
1,34,2023/05/22 12:00:00,2023/05/23 4:59:59,2300161,1,迷你胡萝卜果冻,【日常】参与赛事待兼唐怀瑟（困难）
1,34,2023/05/22 12:00:00,2023/05/23 4:59:59,2300162,1,迷你胡萝卜果冻,【日常】参与挑战赛事
1,34,2023/05/23 5:00:00,2023/05/24 4:59:59,2300163,1,迷你胡萝卜果冻,【日常】参与赛事小栗帽（困难）
1,34,2023/05/23 5:00:00,2023/05/24 4:59:59,2300164,1,迷你胡萝卜果冻,【日常】参与赛事目白雅丹（困难）
1,34,2023/05/23 5:00:00,2023/05/24 4:59:59,2300165,1,迷你胡萝卜果冻,【日常】参与赛事大拓太阳神（困难）
1,34,2023/05/23 5:00:00,2023/05/24 4:59:59,2300166,1,迷你胡萝卜果冻,【日常】参与赛事待兼唐怀瑟（困难）
1,34,2023/05/23 5:00:00,2023/05/24 4:59:59,2300167,1,迷你胡萝卜果冻,【日常】参与挑战赛事
1,34,2023/05/24 5:00:00,2023/05/25 4:59:59,2300168,1,迷你胡萝卜果冻,【日常】参与赛事小栗帽（困难）
1,34,2023/05/24 5:00:00,2023/05/25 4:59:59,2300169,1,迷你胡萝卜果冻,【日常】参与赛事目白雅丹（困难）
1,34,2023/05/24 5:00:00,2023/05/25 4:59:59,2300170,1,迷你胡萝卜果冻,【日常】参与赛事大拓太阳神（困难）
1,34,2023/05/24 5:00:00,2023/05/25 4:59:59,2300171,1,迷你胡萝卜果冻,【日常】参与赛事待兼唐怀瑟（困难）
1,34,2023/05/24 5:00:00,2023/05/25 4:59:59,2300172,1,迷你胡萝卜果冻,【日常】参与挑战赛事
1,34,2023/05/25 5:00:00,2023/05/26 4:59:59,2300173,1,迷你胡萝卜果冻,【日常】参与赛事小栗帽（困难）
1,34,2023/05/25 5:00:00,2023/05/26 4:59:59,2300174,1,迷你胡萝卜果冻,【日常】参与赛事目白雅丹（困难）
1,34,2023/05/25 5:00:00,2023/05/26 4:59:59,2300175,1,迷你胡萝卜果冻,【日常】参与赛事大拓太阳神（困难）
1,34,2023/05/25 5:00:00,2023/05/26 4:59:59,2300176,1,迷你胡萝卜果冻,【日常】参与赛事待兼唐怀瑟（困难）
1,34,2023/05/25 5:00:00,2023/05/26 4:59:59,2300177,1,迷你胡萝卜果冻,【日常】参与挑战赛事
1,34,2023/05/26 5:00:00,2023/05/27 4:59:59,2300178,1,迷你胡萝卜果冻,【日常】参与赛事小栗帽（困难）
1,34,2023/05/26 5:00:00,2023/05/27 4:59:59,2300179,1,迷你胡萝卜果冻,【日常】参与赛事目白雅丹（困难）
1,34,2023/05/26 5:00:00,2023/05/27 4:59:59,2300180,1,迷你胡萝卜果冻,【日常】参与赛事大拓太阳神（困难）
1,34,2023/05/26 5:00:00,2023/05/27 4:59:59,2300181,1,迷你胡萝卜果冻,【日常】参与赛事待兼唐怀瑟（困难）
1,34,2023/05/26 5:00:00,2023/05/27 4:59:59,2300182,1,迷你胡萝卜果冻,【日常】参与挑战赛事
1,34,2023/05/27 5:00:00,2023/05/28 4:59:59,2300183,1,迷你胡萝卜果冻,【日常】参与赛事小栗帽（困难）
1,34,2023/05/27 5:00:00,2023/05/28 4:59:59,2300184,1,迷你胡萝卜果冻,【日常】参与赛事目白雅丹（困难）
1,34,2023/05/27 5:00:00,2023/05/28 4:59:59,2300185,1,迷你胡萝卜果冻,【日常】参与赛事大拓太阳神（困难）
1,34,2023/05/27 5:00:00,2023/05/28 4:59:59,2300186,1,迷你胡萝卜果冻,【日常】参与赛事待兼唐怀瑟（困难）
1,34,2023/05/27 5:00:00,2023/05/28 4:59:59,2300187,1,迷你胡萝卜果冻,【日常】参与挑战赛事
1,34,2023/05/28 5:00:00,2023/05/29 4:59:59,2300188,1,迷你胡萝卜果冻,【日常】参与赛事小栗帽（困难）
1,34,2023/05/28 5:00:00,2023/05/29 4:59:59,2300189,1,迷你胡萝卜果冻,【日常】参与赛事目白雅丹（困难）
1,34,2023/05/28 5:00:00,2023/05/29 4:59:59,2300190,1,迷你胡萝卜果冻,【日常】参与赛事大拓太阳神（困难）
1,34,2023/05/28 5:00:00,2023/05/29 4:59:59,2300191,1,迷你胡萝卜果冻,【日常】参与赛事待兼唐怀瑟（困难）
1,34,2023/05/28 5:00:00,2023/05/29 4:59:59,2300192,1,迷你胡萝卜果冻,【日常】参与挑战赛事
1,34,2023/05/29 5:00:00,2023/05/29 11:59:59,2300193,1,迷你胡萝卜果冻,【日常】参与赛事小栗帽（困难）
1,34,2023/05/29 5:00:00,2023/05/29 11:59:59,2300194,1,迷你胡萝卜果冻,【日常】参与赛事目白雅丹（困难）
1,34,2023/05/29 5:00:00,2023/05/29 11:59:59,2300195,1,迷你胡萝卜果冻,【日常】参与赛事大拓太阳神（困难）
1,34,2023/05/29 5:00:00,2023/05/29 11:59:59,2300196,1,迷你胡萝卜果冻,【日常】参与赛事待兼唐怀瑟（困难）
1,34,2023/05/29 5:00:00,2023/05/29 11:59:59,2300197,1,迷你胡萝卜果冻,【日常】参与挑战赛事
1,43,2023/05/22 12:00:00,2023/06/01 11:59:59,2300198,100,宝石,【期间限定】获得嘉年华加成技能并完成养成
1,59,2023/05/22 12:00:00,2023/06/01 11:59:59,2300199,20000,金币,【期间限定】在竞速嘉年华中累计\n获得10000嘉年华积分
1,110,2023/05/22 12:00:00,2023/06/01 11:59:59,2300200,5000,协助积分,【期间限定】在竞速嘉年华中累计\n获得20000嘉年华积分
1,115,2023/05/22 12:00:00,2023/06/01 11:59:59,2300201,5,女神像,【期间限定】在竞速嘉年华中累计\n获得30000嘉年华积分
1,59,2023/05/22 12:00:00,2023/06/01 11:59:59,2300202,25000,金币,【期间限定】在竞速嘉年华中累计\n获得40000嘉年华积分
1,110,2023/05/22 12:00:00,2023/06/01 11:59:59,2300203,7500,协助积分,【期间限定】在竞速嘉年华中累计\n获得50000嘉年华积分
1,150,2023/05/22 12:00:00,2023/06/01 11:59:59,2300204,1,金结晶片,【期间限定】在竞速嘉年华中累计\n获得60000嘉年华积分
1,59,2023/05/22 12:00:00,2023/06/01 11:59:59,2300205,30000,金币,【期间限定】在竞速嘉年华中累计\n获得70000嘉年华积分
1,110,2023/05/22 12:00:00,2023/06/01 11:59:59,2300206,15000,协助积分,【期间限定】在竞速嘉年华中累计\n获得80000嘉年华积分
1,115,2023/05/22 12:00:00,2023/06/01 11:59:59,2300207,10,女神像,【期间限定】在竞速嘉年华中累计\n获得90000嘉年华积分
1,149,2023/05/22 12:00:00,2023/06/01 11:59:59,2300208,1,彩虹结晶片,【期间限定】在竞速嘉年华中累计\n获得100000嘉年华积分
1,34,2023/09/22 12:00:00,2023/09/23 4:59:59,2300209,1,迷你胡萝卜果冻,【日常】参与赛事琵琶晨光（困难）
1,34,2023/09/22 12:00:00,2023/09/23 4:59:59,2300210,1,迷你胡萝卜果冻,【日常】参与赛事克里斯象征（困难）
1,34,2023/09/22 12:00:00,2023/09/23 4:59:59,2300211,1,迷你胡萝卜果冻,【日常】参与赛事荒漠英雄（困难）
1,34,2023/09/22 12:00:00,2023/09/23 4:59:59,2300212,1,迷你胡萝卜果冻,【日常】参与赛事黄金船（困难）
1,34,2023/09/22 12:00:00,2023/09/23 4:59:59,2300213,1,迷你胡萝卜果冻,【日常】参与挑战赛事
1,34,2023/09/23 5:00:00,2023/09/24 4:59:59,2300214,1,迷你胡萝卜果冻,【日常】参与赛事琵琶晨光（困难）
1,34,2023/09/23 5:00:00,2023/09/24 4:59:59,2300215,1,迷你胡萝卜果冻,【日常】参与赛事克里斯象征（困难）
1,34,2023/09/23 5:00:00,2023/09/24 4:59:59,2300216,1,迷你胡萝卜果冻,【日常】参与赛事荒漠英雄（困难）
1,34,2023/09/23 5:00:00,2023/09/24 4:59:59,2300217,1,迷你胡萝卜果冻,【日常】参与赛事黄金船（困难）
1,34,2023/09/23 5:00:00,2023/09/24 4:59:59,2300218,1,迷你胡萝卜果冻,【日常】参与挑战赛事
1,34,2023/09/24 5:00:00,2023/09/25 4:59:59,2300219,1,迷你胡萝卜果冻,【日常】参与赛事琵琶晨光（困难）
1,34,2023/09/24 5:00:00,2023/09/25 4:59:59,2300220,1,迷你胡萝卜果冻,【日常】参与赛事克里斯象征（困难）
1,34,2023/09/24 5:00:00,2023/09/25 4:59:59,2300221,1,迷你胡萝卜果冻,【日常】参与赛事荒漠英雄（困难）
1,34,2023/09/24 5:00:00,2023/09/25 4:59:59,2300222,1,迷你胡萝卜果冻,【日常】参与赛事黄金船（困难）
1,34,2023/09/24 5:00:00,2023/09/25 4:59:59,2300223,1,迷你胡萝卜果冻,【日常】参与挑战赛事
1,34,2023/09/25 5:00:00,2023/09/26 4:59:59,2300224,1,迷你胡萝卜果冻,【日常】参与赛事琵琶晨光（困难）
1,34,2023/09/25 5:00:00,2023/09/26 4:59:59,2300225,1,迷你胡萝卜果冻,【日常】参与赛事克里斯象征（困难）
1,34,2023/09/25 5:00:00,2023/09/26 4:59:59,2300226,1,迷你胡萝卜果冻,【日常】参与赛事荒漠英雄（困难）
1,34,2023/09/25 5:00:00,2023/09/26 4:59:59,2300227,1,迷你胡萝卜果冻,【日常】参与赛事黄金船（困难）
1,34,2023/09/25 5:00:00,2023/09/26 4:59:59,2300228,1,迷你胡萝卜果冻,【日常】参与挑战赛事
1,34,2023/09/26 5:00:00,2023/09/27 4:59:59,2300229,1,迷你胡萝卜果冻,【日常】参与赛事琵琶晨光（困难）
1,34,2023/09/26 5:00:00,2023/09/27 4:59:59,2300230,1,迷你胡萝卜果冻,【日常】参与赛事克里斯象征（困难）
1,34,2023/09/26 5:00:00,2023/09/27 4:59:59,2300231,1,迷你胡萝卜果冻,【日常】参与赛事荒漠英雄（困难）
1,34,2023/09/26 5:00:00,2023/09/27 4:59:59,2300232,1,迷你胡萝卜果冻,【日常】参与赛事黄金船（困难）
1,34,2023/09/26 5:00:00,2023/09/27 4:59:59,2300233,1,迷你胡萝卜果冻,【日常】参与挑战赛事
1,34,2023/09/27 5:00:00,2023/09/28 4:59:59,2300234,1,迷你胡萝卜果冻,【日常】参与赛事琵琶晨光（困难）
1,34,2023/09/27 5:00:00,2023/09/28 4:59:59,2300235,1,迷你胡萝卜果冻,【日常】参与赛事克里斯象征（困难）
1,34,2023/09/27 5:00:00,2023/09/28 4:59:59,2300236,1,迷你胡萝卜果冻,【日常】参与赛事荒漠英雄（困难）
1,34,2023/09/27 5:00:00,2023/09/28 4:59:59,2300237,1,迷你胡萝卜果冻,【日常】参与赛事黄金船（困难）
1,34,2023/09/27 5:00:00,2023/09/28 4:59:59,2300238,1,迷你胡萝卜果冻,【日常】参与挑战赛事
1,34,2023/09/28 5:00:00,2023/09/29 4:59:59,2300239,1,迷你胡萝卜果冻,【日常】参与赛事琵琶晨光（困难）
1,34,2023/09/28 5:00:00,2023/09/29 4:59:59,2300240,1,迷你胡萝卜果冻,【日常】参与赛事克里斯象征（困难）
1,34,2023/09/28 5:00:00,2023/09/29 4:59:59,2300241,1,迷你胡萝卜果冻,【日常】参与赛事荒漠英雄（困难）
1,34,2023/09/28 5:00:00,2023/09/29 4:59:59,2300242,1,迷你胡萝卜果冻,【日常】参与赛事黄金船（困难）
1,34,2023/09/28 5:00:00,2023/09/29 4:59:59,2300243,1,迷你胡萝卜果冻,【日常】参与挑战赛事
1,34,2023/09/29 5:00:00,2023/09/29 11:59:59,2300244,1,迷你胡萝卜果冻,【日常】参与赛事琵琶晨光（困难）
1,34,2023/09/29 5:00:00,2023/09/29 11:59:59,2300245,1,迷你胡萝卜果冻,【日常】参与赛事克里斯象征（困难）
1,34,2023/09/29 5:00:00,2023/09/29 11:59:59,2300246,1,迷你胡萝卜果冻,【日常】参与赛事荒漠英雄（困难）
1,34,2023/09/29 5:00:00,2023/09/29 11:59:59,2300247,1,迷你胡萝卜果冻,【日常】参与赛事黄金船（困难）
1,34,2023/09/29 5:00:00,2023/09/29 11:59:59,2300248,1,迷你胡萝卜果冻,【日常】参与挑战赛事
1,43,2023/09/22 12:00:00,2023/10/02 11:59:59,2300249,100,宝石,【期间限定】获得嘉年华加成技能并完成养成
1,59,2023/09/22 12:00:00,2023/10/02 11:59:59,2300250,20000,金币,【期间限定】在竞速嘉年华中累计\n获得10000嘉年华积分
1,110,2023/09/22 12:00:00,2023/10/02 11:59:59,2300251,5000,协助积分,【期间限定】在竞速嘉年华中累计\n获得20000嘉年华积分
1,44,2023/09/22 12:00:00,2023/10/02 11:59:59,2300252,10,梦想光辉,【期间限定】在竞速嘉年华中累计\n获得30000嘉年华积分
1,115,2023/09/22 12:00:00,2023/10/02 11:59:59,2300253,5,女神像,【期间限定】在竞速嘉年华中累计\n获得40000嘉年华积分
1,44,2023/09/22 12:00:00,2023/10/02 11:59:59,2300254,10,梦想光辉,【期间限定】在竞速嘉年华中累计\n获得50000嘉年华积分
1,150,2023/09/22 12:00:00,2023/10/02 11:59:59,2300255,1,金结晶片,【期间限定】在竞速嘉年华中累计\n获得60000嘉年华积分
1,59,2023/09/22 12:00:00,2023/10/02 11:59:59,2300256,30000,金币,【期间限定】在竞速嘉年华中累计\n获得70000嘉年华积分
1,110,2023/09/22 12:00:00,2023/10/02 11:59:59,2300257,15000,协助积分,【期间限定】在竞速嘉年华中累计\n获得80000嘉年华积分
1,115,2023/09/22 12:00:00,2023/10/02 11:59:59,2300258,10,女神像,【期间限定】在竞速嘉年华中累计\n获得90000嘉年华积分
1,149,2023/09/22 12:00:00,2023/10/02 11:59:59,2300259,1,彩虹结晶片,【期间限定】在竞速嘉年华中累计\n获得100000嘉年华积分
1,34,2023/12/21 12:00:00,2023/12/22 4:59:59,2300260,1,迷你胡萝卜果冻,【日常】参与赛事山人西风（困难）
1,34,2023/12/21 12:00:00,2023/12/22 4:59:59,2300261,1,迷你胡萝卜果冻,【日常】参与赛事美妙姿势（困难）
1,34,2023/12/21 12:00:00,2023/12/22 4:59:59,2300262,1,迷你胡萝卜果冻,【日常】参与赛事葛城荣主（困难）
1,34,2023/12/21 12:00:00,2023/12/22 4:59:59,2300263,1,迷你胡萝卜果冻,【日常】参与赛事爱慕织姬（困难）
1,34,2023/12/21 12:00:00,2023/12/22 4:59:59,2300264,1,迷你胡萝卜果冻,【日常】参与挑战赛事
1,34,2023/12/22 5:00:00,2023/12/23 4:59:59,2300265,1,迷你胡萝卜果冻,【日常】参与赛事山人西风（困难）
1,34,2023/12/22 5:00:00,2023/12/23 4:59:59,2300266,1,迷你胡萝卜果冻,【日常】参与赛事美妙姿势（困难）
1,34,2023/12/22 5:00:00,2023/12/23 4:59:59,2300267,1,迷你胡萝卜果冻,【日常】参与赛事葛城荣主（困难）
1,34,2023/12/22 5:00:00,2023/12/23 4:59:59,2300268,1,迷你胡萝卜果冻,【日常】参与赛事爱慕织姬（困难）
1,34,2023/12/22 5:00:00,2023/12/23 4:59:59,2300269,1,迷你胡萝卜果冻,【日常】参与挑战赛事
1,34,2023/12/23 5:00:00,2023/12/24 4:59:59,2300270,1,迷你胡萝卜果冻,【日常】参与赛事山人西风（困难）
1,34,2023/12/23 5:00:00,2023/12/24 4:59:59,2300271,1,迷你胡萝卜果冻,【日常】参与赛事美妙姿势（困难）
1,34,2023/12/23 5:00:00,2023/12/24 4:59:59,2300272,1,迷你胡萝卜果冻,【日常】参与赛事葛城荣主（困难）
1,34,2023/12/23 5:00:00,2023/12/24 4:59:59,2300273,1,迷你胡萝卜果冻,【日常】参与赛事爱慕织姬（困难）
1,34,2023/12/23 5:00:00,2023/12/24 4:59:59,2300274,1,迷你胡萝卜果冻,【日常】参与挑战赛事
1,34,2023/12/24 5:00:00,2023/12/25 4:59:59,2300275,1,迷你胡萝卜果冻,【日常】参与赛事山人西风（困难）
1,34,2023/12/24 5:00:00,2023/12/25 4:59:59,2300276,1,迷你胡萝卜果冻,【日常】参与赛事美妙姿势（困难）
1,34,2023/12/24 5:00:00,2023/12/25 4:59:59,2300277,1,迷你胡萝卜果冻,【日常】参与赛事葛城荣主（困难）
1,34,2023/12/24 5:00:00,2023/12/25 4:59:59,2300278,1,迷你胡萝卜果冻,【日常】参与赛事爱慕织姬（困难）
1,34,2023/12/24 5:00:00,2023/12/25 4:59:59,2300279,1,迷你胡萝卜果冻,【日常】参与挑战赛事
1,34,2023/12/25 5:00:00,2023/12/26 4:59:59,2300280,1,迷你胡萝卜果冻,【日常】参与赛事山人西风（困难）
1,34,2023/12/25 5:00:00,2023/12/26 4:59:59,2300281,1,迷你胡萝卜果冻,【日常】参与赛事美妙姿势（困难）
1,34,2023/12/25 5:00:00,2023/12/26 4:59:59,2300282,1,迷你胡萝卜果冻,【日常】参与赛事葛城荣主（困难）
1,34,2023/12/25 5:00:00,2023/12/26 4:59:59,2300283,1,迷你胡萝卜果冻,【日常】参与赛事爱慕织姬（困难）
1,34,2023/12/25 5:00:00,2023/12/26 4:59:59,2300284,1,迷你胡萝卜果冻,【日常】参与挑战赛事
1,34,2023/12/26 5:00:00,2023/12/27 4:59:59,2300285,1,迷你胡萝卜果冻,【日常】参与赛事山人西风（困难）
1,34,2023/12/26 5:00:00,2023/12/27 4:59:59,2300286,1,迷你胡萝卜果冻,【日常】参与赛事美妙姿势（困难）
1,34,2023/12/26 5:00:00,2023/12/27 4:59:59,2300287,1,迷你胡萝卜果冻,【日常】参与赛事葛城荣主（困难）
1,34,2023/12/26 5:00:00,2023/12/27 4:59:59,2300288,1,迷你胡萝卜果冻,【日常】参与赛事爱慕织姬（困难）
1,34,2023/12/26 5:00:00,2023/12/27 4:59:59,2300289,1,迷你胡萝卜果冻,【日常】参与挑战赛事
1,34,2023/12/27 5:00:00,2023/12/28 4:59:59,2300290,1,迷你胡萝卜果冻,【日常】参与赛事山人西风（困难）
1,34,2023/12/27 5:00:00,2023/12/28 4:59:59,2300291,1,迷你胡萝卜果冻,【日常】参与赛事美妙姿势（困难）
1,34,2023/12/27 5:00:00,2023/12/28 4:59:59,2300292,1,迷你胡萝卜果冻,【日常】参与赛事葛城荣主（困难）
1,34,2023/12/27 5:00:00,2023/12/28 4:59:59,2300293,1,迷你胡萝卜果冻,【日常】参与赛事爱慕织姬（困难）
1,34,2023/12/27 5:00:00,2023/12/28 4:59:59,2300294,1,迷你胡萝卜果冻,【日常】参与挑战赛事
1,34,2023/12/28 5:00:00,2023/12/28 11:59:59,2300295,1,迷你胡萝卜果冻,【日常】参与赛事山人西风（困难）
1,34,2023/12/28 5:00:00,2023/12/28 11:59:59,2300296,1,迷你胡萝卜果冻,【日常】参与赛事美妙姿势（困难）
1,34,2023/12/28 5:00:00,2023/12/28 11:59:59,2300297,1,迷你胡萝卜果冻,【日常】参与赛事葛城荣主（困难）
1,34,2023/12/28 5:00:00,2023/12/28 11:59:59,2300298,1,迷你胡萝卜果冻,【日常】参与赛事爱慕织姬（困难）
1,34,2023/12/28 5:00:00,2023/12/28 11:59:59,2300299,1,迷你胡萝卜果冻,【日常】参与挑战赛事
1,43,2023/12/21 12:00:00,2023/12/31 11:59:59,2300300,100,宝石,【期间限定】获得嘉年华加成技能并完成养成
1,59,2023/12/21 12:00:00,2023/12/31 11:59:59,2300301,20000,金币,【期间限定】在竞速嘉年华中累计\n获得10000嘉年华积分
1,110,2023/12/21 12:00:00,2023/12/31 11:59:59,2300302,5000,协助积分,【期间限定】在竞速嘉年华中累计\n获得20000嘉年华积分
1,44,2023/12/21 12:00:00,2023/12/31 11:59:59,2300303,10,梦想光辉,【期间限定】在竞速嘉年华中累计\n获得30000嘉年华积分
1,115,2023/12/21 12:00:00,2023/12/31 11:59:59,2300304,5,女神像,【期间限定】在竞速嘉年华中累计\n获得40000嘉年华积分
1,44,2023/12/21 12:00:00,2023/12/31 11:59:59,2300305,10,梦想光辉,【期间限定】在竞速嘉年华中累计\n获得50000嘉年华积分
1,150,2023/12/21 12:00:00,2023/12/31 11:59:59,2300306,1,金结晶片,【期间限定】在竞速嘉年华中累计\n获得60000嘉年华积分
1,59,2023/12/21 12:00:00,2023/12/31 11:59:59,2300307,30000,金币,【期间限定】在竞速嘉年华中累计\n获得70000嘉年华积分
1,110,2023/12/21 12:00:00,2023/12/31 11:59:59,2300308,15000,协助积分,【期间限定】在竞速嘉年华中累计\n获得80000嘉年华积分
1,115,2023/12/21 12:00:00,2023/12/31 11:59:59,2300309,10,女神像,【期间限定】在竞速嘉年华中累计\n获得90000嘉年华积分
1,149,2023/12/21 12:00:00,2023/12/31 11:59:59,2300310,1,彩虹结晶片,【期间限定】在竞速嘉年华中累计\n获得100000嘉年华积分
1,34,2024/10/11 12:00:00,2024/10/12 4:59:59,2300311,1,迷你胡萝卜果冻,【デイリー】マルゼンスキー（HARD）に出走しよう
1,34,2024/10/11 12:00:00,2024/10/12 4:59:59,2300312,1,迷你胡萝卜果冻,【デイリー】アイネスフウジン（HARD）に出走しよう
1,34,2024/10/11 12:00:00,2024/10/12 4:59:59,2300313,1,迷你胡萝卜果冻,【デイリー】メジロドーベル（HARD）に出走しよう
1,34,2024/10/11 12:00:00,2024/10/12 4:59:59,2300314,1,迷你胡萝卜果冻,【デイリー】アグネスデジタル（HARD）に出走しよう
1,34,2024/10/11 12:00:00,2024/10/12 4:59:59,2300315,1,迷你胡萝卜果冻,【デイリー】チャレンジレースに出走しよう
1,34,2024/10/12 5:00:00,2024/10/13 4:59:59,2300316,1,迷你胡萝卜果冻,【デイリー】マルゼンスキー（HARD）に出走しよう
1,34,2024/10/12 5:00:00,2024/10/13 4:59:59,2300317,1,迷你胡萝卜果冻,【デイリー】アイネスフウジン（HARD）に出走しよう
1,34,2024/10/12 5:00:00,2024/10/13 4:59:59,2300318,1,迷你胡萝卜果冻,【デイリー】メジロドーベル（HARD）に出走しよう
1,34,2024/10/12 5:00:00,2024/10/13 4:59:59,2300319,1,迷你胡萝卜果冻,【デイリー】アグネスデジタル（HARD）に出走しよう
1,34,2024/10/12 5:00:00,2024/10/13 4:59:59,2300320,1,迷你胡萝卜果冻,【デイリー】チャレンジレースに出走しよう
1,34,2024/10/13 5:00:00,2024/10/14 4:59:59,2300321,1,迷你胡萝卜果冻,【デイリー】マルゼンスキー（HARD）に出走しよう
1,34,2024/10/13 5:00:00,2024/10/14 4:59:59,2300322,1,迷你胡萝卜果冻,【デイリー】アイネスフウジン（HARD）に出走しよう
1,34,2024/10/13 5:00:00,2024/10/14 4:59:59,2300323,1,迷你胡萝卜果冻,【デイリー】メジロドーベル（HARD）に出走しよう
1,34,2024/10/13 5:00:00,2024/10/14 4:59:59,2300324,1,迷你胡萝卜果冻,【デイリー】アグネスデジタル（HARD）に出走しよう
1,34,2024/10/13 5:00:00,2024/10/14 4:59:59,2300325,1,迷你胡萝卜果冻,【デイリー】チャレンジレースに出走しよう
1,34,2024/10/14 5:00:00,2024/10/15 4:59:59,2300326,1,迷你胡萝卜果冻,【デイリー】マルゼンスキー（HARD）に出走しよう
1,34,2024/10/14 5:00:00,2024/10/15 4:59:59,2300327,1,迷你胡萝卜果冻,【デイリー】アイネスフウジン（HARD）に出走しよう
1,34,2024/10/14 5:00:00,2024/10/15 4:59:59,2300328,1,迷你胡萝卜果冻,【デイリー】メジロドーベル（HARD）に出走しよう
1,34,2024/10/14 5:00:00,2024/10/15 4:59:59,2300329,1,迷你胡萝卜果冻,【デイリー】アグネスデジタル（HARD）に出走しよう
1,34,2024/10/14 5:00:00,2024/10/15 4:59:59,2300330,1,迷你胡萝卜果冻,【デイリー】チャレンジレースに出走しよう
1,34,2024/10/15 5:00:00,2024/10/16 4:59:59,2300331,1,迷你胡萝卜果冻,【デイリー】マルゼンスキー（HARD）に出走しよう
1,34,2024/10/15 5:00:00,2024/10/16 4:59:59,2300332,1,迷你胡萝卜果冻,【デイリー】アイネスフウジン（HARD）に出走しよう
1,34,2024/10/15 5:00:00,2024/10/16 4:59:59,2300333,1,迷你胡萝卜果冻,【デイリー】メジロドーベル（HARD）に出走しよう
1,34,2024/10/15 5:00:00,2024/10/16 4:59:59,2300334,1,迷你胡萝卜果冻,【デイリー】アグネスデジタル（HARD）に出走しよう
1,34,2024/10/15 5:00:00,2024/10/16 4:59:59,2300335,1,迷你胡萝卜果冻,【デイリー】チャレンジレースに出走しよう
1,34,2024/10/16 5:00:00,2024/10/17 4:59:59,2300336,1,迷你胡萝卜果冻,【デイリー】マルゼンスキー（HARD）に出走しよう
1,34,2024/10/16 5:00:00,2024/10/17 4:59:59,2300337,1,迷你胡萝卜果冻,【デイリー】アイネスフウジン（HARD）に出走しよう
1,34,2024/10/16 5:00:00,2024/10/17 4:59:59,2300338,1,迷你胡萝卜果冻,【デイリー】メジロドーベル（HARD）に出走しよう
1,34,2024/10/16 5:00:00,2024/10/17 4:59:59,2300339,1,迷你胡萝卜果冻,【デイリー】アグネスデジタル（HARD）に出走しよう
1,34,2024/10/16 5:00:00,2024/10/17 4:59:59,2300340,1,迷你胡萝卜果冻,【デイリー】チャレンジレースに出走しよう
1,34,2024/10/17 5:00:00,2024/10/18 4:59:59,2300341,1,迷你胡萝卜果冻,【デイリー】マルゼンスキー（HARD）に出走しよう
1,34,2024/10/17 5:00:00,2024/10/18 4:59:59,2300342,1,迷你胡萝卜果冻,【デイリー】アイネスフウジン（HARD）に出走しよう
1,34,2024/10/17 5:00:00,2024/10/18 4:59:59,2300343,1,迷你胡萝卜果冻,【デイリー】メジロドーベル（HARD）に出走しよう
1,34,2024/10/17 5:00:00,2024/10/18 4:59:59,2300344,1,迷你胡萝卜果冻,【デイリー】アグネスデジタル（HARD）に出走しよう
1,34,2024/10/17 5:00:00,2024/10/18 4:59:59,2300345,1,迷你胡萝卜果冻,【デイリー】チャレンジレースに出走しよう
1,34,2024/10/18 5:00:00,2024/10/19 4:59:59,2300346,1,迷你胡萝卜果冻,【デイリー】マルゼンスキー（HARD）に出走しよう
1,34,2024/10/18 5:00:00,2024/10/19 4:59:59,2300347,1,迷你胡萝卜果冻,【デイリー】アイネスフウジン（HARD）に出走しよう
1,34,2024/10/18 5:00:00,2024/10/19 4:59:59,2300348,1,迷你胡萝卜果冻,【デイリー】メジロドーベル（HARD）に出走しよう
1,34,2024/10/18 5:00:00,2024/10/19 4:59:59,2300349,1,迷你胡萝卜果冻,【デイリー】アグネスデジタル（HARD）に出走しよう
1,34,2024/10/18 5:00:00,2024/10/19 4:59:59,2300350,1,迷你胡萝卜果冻,【デイリー】チャレンジレースに出走しよう
1,34,2024/10/19 5:00:00,2024/10/20 4:59:59,2300351,1,迷你胡萝卜果冻,【デイリー】マルゼンスキー（HARD）に出走しよう
1,34,2024/10/19 5:00:00,2024/10/20 4:59:59,2300352,1,迷你胡萝卜果冻,【デイリー】アイネスフウジン（HARD）に出走しよう
1,34,2024/10/19 5:00:00,2024/10/20 4:59:59,2300353,1,迷你胡萝卜果冻,【デイリー】メジロドーベル（HARD）に出走しよう
1,34,2024/10/19 5:00:00,2024/10/20 4:59:59,2300354,1,迷你胡萝卜果冻,【デイリー】アグネスデジタル（HARD）に出走しよう
1,34,2024/10/19 5:00:00,2024/10/20 4:59:59,2300355,1,迷你胡萝卜果冻,【デイリー】チャレンジレースに出走しよう
1,34,2024/10/20 5:00:00,2024/10/20 11:59:59,2300356,1,迷你胡萝卜果冻,【デイリー】マルゼンスキー（HARD）に出走しよう
1,34,2024/10/20 5:00:00,2024/10/20 11:59:59,2300357,1,迷你胡萝卜果冻,【デイリー】アイネスフウジン（HARD）に出走しよう
1,34,2024/10/20 5:00:00,2024/10/20 11:59:59,2300358,1,迷你胡萝卜果冻,【デイリー】メジロドーベル（HARD）に出走しよう
1,34,2024/10/20 5:00:00,2024/10/20 11:59:59,2300359,1,迷你胡萝卜果冻,【デイリー】アグネスデジタル（HARD）に出走しよう
1,34,2024/10/20 5:00:00,2024/10/20 11:59:59,2300360,1,迷你胡萝卜果冻,【デイリー】チャレンジレースに出走しよう
1,43,2024/10/11 12:00:00,2024/10/23 11:59:59,2300361,100,宝石,【期間限定】[カーニバルボーナス]のスキルを獲得して育成完了しよう
1,59,2024/10/11 12:00:00,2024/10/23 11:59:59,2300362,40000,金币,【期間限定】カーニバルPtを累計\n10000Pt獲得しよう
1,110,2024/10/11 12:00:00,2024/10/23 11:59:59,2300363,5000,协助积分,【期間限定】カーニバルPtを累計\n20000Pt獲得しよう
1,44,2024/10/11 12:00:00,2024/10/23 11:59:59,2300364,20,梦想光辉,【期間限定】カーニバルPtを累計\n30000Pt獲得しよう
1,115,2024/10/11 12:00:00,2024/10/23 11:59:59,2300365,5,女神像,【期間限定】カーニバルPtを累計\n40000Pt獲得しよう
1,44,2024/10/11 12:00:00,2024/10/23 11:59:59,2300366,30,梦想光辉,【期間限定】カーニバルPtを累計\n50000Pt獲得しよう
1,150,2024/10/11 12:00:00,2024/10/23 11:59:59,2300367,1,金结晶片,【期間限定】カーニバルPtを累計\n60000Pt獲得しよう
1,59,2024/10/11 12:00:00,2024/10/23 11:59:59,2300368,60000,金币,【期間限定】カーニバルPtを累計\n70000Pt獲得しよう
1,110,2024/10/11 12:00:00,2024/10/23 11:59:59,2300369,15000,协助积分,【期間限定】カーニバルPtを累計\n80000Pt獲得しよう
1,115,2024/10/11 12:00:00,2024/10/23 11:59:59,2300370,10,女神像,【期間限定】カーニバルPtを累計\n90000Pt獲得しよう
1,149,2024/10/11 12:00:00,2024/10/23 11:59:59,2300371,1,彩虹结晶片,【期間限定】カーニバルPtを累計\n100000Pt獲得しよう
1,59,2022/07/21 12:00:00,2022/07/22 11:59:59,2401001,3000,金币,【日常】参与1次招揽赛
1,110,2022/07/21 12:00:00,2022/07/22 11:59:59,2401002,1500,协助积分,【日常】参与2次招揽赛
1,95,2022/07/21 12:00:00,2022/07/22 11:59:59,2401003,2,闹钟,【日常】参与3次招揽赛
1,34,2022/07/21 12:00:00,2022/07/22 11:59:59,2401004,1,迷你胡萝卜果冻,【日常】参与4次招揽赛
1,2001,2022/07/21 12:00:00,2022/07/22 11:59:59,2401005,5,招揽赛入场券,【日常】参与5次招揽赛
1,59,2022/07/22 12:00:00,2022/07/23 11:59:59,2401006,3000,金币,【日常】参与1次招揽赛
1,110,2022/07/22 12:00:00,2022/07/23 11:59:59,2401007,1500,协助积分,【日常】参与2次招揽赛
1,95,2022/07/22 12:00:00,2022/07/23 11:59:59,2401008,2,闹钟,【日常】参与3次招揽赛
1,34,2022/07/22 12:00:00,2022/07/23 11:59:59,2401009,1,迷你胡萝卜果冻,【日常】参与4次招揽赛
1,2001,2022/07/22 12:00:00,2022/07/23 11:59:59,2401010,5,招揽赛入场券,【日常】参与5次招揽赛
1,59,2022/07/23 12:00:00,2022/07/24 11:59:59,2401011,3000,金币,【日常】参与1次招揽赛
1,110,2022/07/23 12:00:00,2022/07/24 11:59:59,2401012,1500,协助积分,【日常】参与2次招揽赛
1,95,2022/07/23 12:00:00,2022/07/24 11:59:59,2401013,2,闹钟,【日常】参与3次招揽赛
1,34,2022/07/23 12:00:00,2022/07/24 11:59:59,2401014,1,迷你胡萝卜果冻,【日常】参与4次招揽赛
1,2001,2022/07/23 12:00:00,2022/07/24 11:59:59,2401015,5,招揽赛入场券,【日常】参与5次招揽赛
1,59,2022/07/24 12:00:00,2022/07/25 11:59:59,2401016,3000,金币,【日常】参与1次招揽赛
1,110,2022/07/24 12:00:00,2022/07/25 11:59:59,2401017,1500,协助积分,【日常】参与2次招揽赛
1,95,2022/07/24 12:00:00,2022/07/25 11:59:59,2401018,2,闹钟,【日常】参与3次招揽赛
1,34,2022/07/24 12:00:00,2022/07/25 11:59:59,2401019,1,迷你胡萝卜果冻,【日常】参与4次招揽赛
1,2001,2022/07/24 12:00:00,2022/07/25 11:59:59,2401020,5,招揽赛入场券,【日常】参与5次招揽赛
1,59,2022/07/25 12:00:00,2022/07/26 11:59:59,2401021,3000,金币,【日常】参与1次招揽赛
1,110,2022/07/25 12:00:00,2022/07/26 11:59:59,2401022,1500,协助积分,【日常】参与2次招揽赛
1,95,2022/07/25 12:00:00,2022/07/26 11:59:59,2401023,2,闹钟,【日常】参与3次招揽赛
1,34,2022/07/25 12:00:00,2022/07/26 11:59:59,2401024,1,迷你胡萝卜果冻,【日常】参与4次招揽赛
1,2001,2022/07/25 12:00:00,2022/07/26 11:59:59,2401025,5,招揽赛入场券,【日常】参与5次招揽赛
1,59,2022/07/26 12:00:00,2022/07/27 11:59:59,2401026,3000,金币,【日常】参与1次招揽赛
1,110,2022/07/26 12:00:00,2022/07/27 11:59:59,2401027,1500,协助积分,【日常】参与2次招揽赛
1,95,2022/07/26 12:00:00,2022/07/27 11:59:59,2401028,2,闹钟,【日常】参与3次招揽赛
1,34,2022/07/26 12:00:00,2022/07/27 11:59:59,2401029,1,迷你胡萝卜果冻,【日常】参与4次招揽赛
1,2001,2022/07/26 12:00:00,2022/07/27 11:59:59,2401030,5,招揽赛入场券,【日常】参与5次招揽赛
1,59,2022/07/27 12:00:00,2022/07/28 11:59:59,2401031,3000,金币,【日常】参与1次招揽赛
1,110,2022/07/27 12:00:00,2022/07/28 11:59:59,2401032,1500,协助积分,【日常】参与2次招揽赛
1,95,2022/07/27 12:00:00,2022/07/28 11:59:59,2401033,2,闹钟,【日常】参与3次招揽赛
1,34,2022/07/27 12:00:00,2022/07/28 11:59:59,2401034,1,迷你胡萝卜果冻,【日常】参与4次招揽赛
1,2001,2022/07/27 12:00:00,2022/07/28 11:59:59,2401035,5,招揽赛入场券,【日常】参与5次招揽赛
1,59,2022/07/28 12:00:00,2022/07/29 11:59:59,2401036,3000,金币,【日常】参与1次招揽赛
1,110,2022/07/28 12:00:00,2022/07/29 11:59:59,2401037,1500,协助积分,【日常】参与2次招揽赛
1,95,2022/07/28 12:00:00,2022/07/29 11:59:59,2401038,2,闹钟,【日常】参与3次招揽赛
1,34,2022/07/28 12:00:00,2022/07/29 11:59:59,2401039,1,迷你胡萝卜果冻,【日常】参与4次招揽赛
1,2001,2022/07/28 12:00:00,2022/07/29 11:59:59,2401040,5,招揽赛入场券,【日常】参与5次招揽赛
1,43,2022/07/21 12:00:00,2022/08/01 11:59:59,2401041,50,宝石,【期间限定任务】招揽1位优俊少女
1,43,2022/07/21 12:00:00,2022/08/01 11:59:59,2401042,50,宝石,【期间限定任务】招揽2位优俊少女
1,43,2022/07/21 12:00:00,2022/08/01 11:59:59,2401043,50,宝石,【期间限定任务】招揽3位优俊少女
1,43,2022/07/21 12:00:00,2022/08/01 11:59:59,2401044,50,宝石,【期间限定任务】招揽4位优俊少女
1,43,2022/07/21 12:00:00,2022/08/01 11:59:59,2401045,50,宝石,【期间限定任务】招揽5位优俊少女
1,43,2022/07/21 12:00:00,2022/08/01 11:59:59,2401046,50,宝石,【期间限定任务】招揽6位优俊少女
1,59,2022/07/21 12:00:00,2022/08/01 11:59:59,2401047,20000,金币,【期间限定任务】参与10次招揽赛
1,110,2022/07/21 12:00:00,2022/08/01 11:59:59,2401048,10000,协助积分,【期间限定任务】参与15次招揽赛
1,111,2022/07/21 12:00:00,2022/08/01 11:59:59,2401049,1,协助卡招募券,【期间限定任务】参与20次招揽赛
1,115,2022/07/21 12:00:00,2022/08/01 11:59:59,2401050,10,女神像,【期间限定任务】参与25次招揽赛
1,150,2022/07/21 12:00:00,2022/08/01 11:59:59,2401051,1,金结晶片,【期间限定任务】参与30次招揽赛
1,59,2022/07/21 12:00:00,2022/08/01 11:59:59,2401052,30000,金币,【期间限定任务】参与35次招揽赛
1,110,2022/07/21 12:00:00,2022/08/01 11:59:59,2401053,15000,协助积分,【期间限定任务】参与40次招揽赛
1,41,2022/07/21 12:00:00,2022/08/01 11:59:59,2401054,1,养成优俊少女招募券,【期间限定任务】参与45次招揽赛
1,44,2022/07/21 12:00:00,2022/08/01 11:59:59,2401055,2,梦想光辉,【期间限定任务】参与50次招揽赛
1,149,2022/07/21 12:00:00,2022/08/01 11:59:59,2401056,1,彩虹结晶片,【期间限定任务】参与60次招揽赛
1,59,2022/11/21 12:00:00,2022/11/22 11:59:59,2402001,3000,金币,【日常】参与1次招揽赛
1,110,2022/11/21 12:00:00,2022/11/22 11:59:59,2402002,1500,协助积分,【日常】参与2次招揽赛
1,95,2022/11/21 12:00:00,2022/11/22 11:59:59,2402003,2,闹钟,【日常】参与3次招揽赛
1,34,2022/11/21 12:00:00,2022/11/22 11:59:59,2402004,1,迷你胡萝卜果冻,【日常】参与4次招揽赛
1,2002,2022/11/21 12:00:00,2022/11/22 11:59:59,2402005,5,招揽赛入场券,【日常】参与5次招揽赛
1,59,2022/11/22 12:00:00,2022/11/23 11:59:59,2402006,3000,金币,【日常】参与1次招揽赛
1,110,2022/11/22 12:00:00,2022/11/23 11:59:59,2402007,1500,协助积分,【日常】参与2次招揽赛
1,95,2022/11/22 12:00:00,2022/11/23 11:59:59,2402008,2,闹钟,【日常】参与3次招揽赛
1,34,2022/11/22 12:00:00,2022/11/23 11:59:59,2402009,1,迷你胡萝卜果冻,【日常】参与4次招揽赛
1,2002,2022/11/22 12:00:00,2022/11/23 11:59:59,2402010,5,招揽赛入场券,【日常】参与5次招揽赛
1,59,2022/11/23 12:00:00,2022/11/24 11:59:59,2402011,3000,金币,【日常】参与1次招揽赛
1,110,2022/11/23 12:00:00,2022/11/24 11:59:59,2402012,1500,协助积分,【日常】参与2次招揽赛
1,95,2022/11/23 12:00:00,2022/11/24 11:59:59,2402013,2,闹钟,【日常】参与3次招揽赛
1,34,2022/11/23 12:00:00,2022/11/24 11:59:59,2402014,1,迷你胡萝卜果冻,【日常】参与4次招揽赛
1,2002,2022/11/23 12:00:00,2022/11/24 11:59:59,2402015,5,招揽赛入场券,【日常】参与5次招揽赛
1,59,2022/11/24 12:00:00,2022/11/25 11:59:59,2402016,3000,金币,【日常】参与1次招揽赛
1,110,2022/11/24 12:00:00,2022/11/25 11:59:59,2402017,1500,协助积分,【日常】参与2次招揽赛
1,95,2022/11/24 12:00:00,2022/11/25 11:59:59,2402018,2,闹钟,【日常】参与3次招揽赛
1,34,2022/11/24 12:00:00,2022/11/25 11:59:59,2402019,1,迷你胡萝卜果冻,【日常】参与4次招揽赛
1,2002,2022/11/24 12:00:00,2022/11/25 11:59:59,2402020,5,招揽赛入场券,【日常】参与5次招揽赛
1,59,2022/11/25 12:00:00,2022/11/26 11:59:59,2402021,3000,金币,【日常】参与1次招揽赛
1,110,2022/11/25 12:00:00,2022/11/26 11:59:59,2402022,1500,协助积分,【日常】参与2次招揽赛
1,95,2022/11/25 12:00:00,2022/11/26 11:59:59,2402023,2,闹钟,【日常】参与3次招揽赛
1,34,2022/11/25 12:00:00,2022/11/26 11:59:59,2402024,1,迷你胡萝卜果冻,【日常】参与4次招揽赛
1,2002,2022/11/25 12:00:00,2022/11/26 11:59:59,2402025,5,招揽赛入场券,【日常】参与5次招揽赛
1,59,2022/11/26 12:00:00,2022/11/27 11:59:59,2402026,3000,金币,【日常】参与1次招揽赛
1,110,2022/11/26 12:00:00,2022/11/27 11:59:59,2402027,1500,协助积分,【日常】参与2次招揽赛
1,95,2022/11/26 12:00:00,2022/11/27 11:59:59,2402028,2,闹钟,【日常】参与3次招揽赛
1,34,2022/11/26 12:00:00,2022/11/27 11:59:59,2402029,1,迷你胡萝卜果冻,【日常】参与4次招揽赛
1,2002,2022/11/26 12:00:00,2022/11/27 11:59:59,2402030,5,招揽赛入场券,【日常】参与5次招揽赛
1,59,2022/11/27 12:00:00,2022/11/28 11:59:59,2402031,3000,金币,【日常】参与1次招揽赛
1,110,2022/11/27 12:00:00,2022/11/28 11:59:59,2402032,1500,协助积分,【日常】参与2次招揽赛
1,95,2022/11/27 12:00:00,2022/11/28 11:59:59,2402033,2,闹钟,【日常】参与3次招揽赛
1,34,2022/11/27 12:00:00,2022/11/28 11:59:59,2402034,1,迷你胡萝卜果冻,【日常】参与4次招揽赛
1,2002,2022/11/27 12:00:00,2022/11/28 11:59:59,2402035,5,招揽赛入场券,【日常】参与5次招揽赛
1,34,2022/11/21 12:00:00,2022/12/01 11:59:59,2402036,5,迷你胡萝卜果冻,【期间限定任务】获得团队技能
1,43,2022/11/21 12:00:00,2022/12/01 11:59:59,2402037,50,宝石,【期间限定任务】招揽1位优俊少女
1,43,2022/11/21 12:00:00,2022/12/01 11:59:59,2402038,50,宝石,【期间限定任务】招揽2位优俊少女
1,43,2022/11/21 12:00:00,2022/12/01 11:59:59,2402039,50,宝石,【期间限定任务】招揽3位优俊少女
1,43,2022/11/21 12:00:00,2022/12/01 11:59:59,2402040,50,宝石,【期间限定任务】招揽4位优俊少女
1,43,2022/11/21 12:00:00,2022/12/01 11:59:59,2402041,50,宝石,【期间限定任务】招揽5位优俊少女
1,43,2022/11/21 12:00:00,2022/12/01 11:59:59,2402042,50,宝石,【期间限定任务】招揽6位优俊少女
1,59,2022/11/21 12:00:00,2022/12/01 11:59:59,2402043,20000,金币,【期间限定任务】参与10次招揽赛
1,110,2022/11/21 12:00:00,2022/12/01 11:59:59,2402044,10000,协助积分,【期间限定任务】参与15次招揽赛
1,111,2022/11/21 12:00:00,2022/12/01 11:59:59,2402045,1,协助卡招募券,【期间限定任务】参与20次招揽赛
1,115,2022/11/21 12:00:00,2022/12/01 11:59:59,2402046,10,女神像,【期间限定任务】参与25次招揽赛
1,150,2022/11/21 12:00:00,2022/12/01 11:59:59,2402047,1,金结晶片,【期间限定任务】参与30次招揽赛
1,59,2022/11/21 12:00:00,2022/12/01 11:59:59,2402048,30000,金币,【期间限定任务】参与35次招揽赛
1,110,2022/11/21 12:00:00,2022/12/01 11:59:59,2402049,15000,协助积分,【期间限定任务】参与40次招揽赛
1,41,2022/11/21 12:00:00,2022/12/01 11:59:59,2402050,1,养成优俊少女招募券,【期间限定任务】参与45次招揽赛
1,44,2022/11/21 12:00:00,2022/12/01 11:59:59,2402051,2,梦想光辉,【期间限定任务】参与50次招揽赛
1,149,2022/11/21 12:00:00,2022/12/01 11:59:59,2402052,1,彩虹结晶片,【期间限定任务】参与60次招揽赛
1,59,2023/07/24 12:00:00,2023/07/25 11:59:59,2403001,3000,金币,【日常】参与1次招揽赛
1,110,2023/07/24 12:00:00,2023/07/25 11:59:59,2403002,1500,协助积分,【日常】参与2次招揽赛
1,95,2023/07/24 12:00:00,2023/07/25 11:59:59,2403003,2,闹钟,【日常】参与3次招揽赛
1,34,2023/07/24 12:00:00,2023/07/25 11:59:59,2403004,1,迷你胡萝卜果冻,【日常】参与4次招揽赛
1,2003,2023/07/24 12:00:00,2023/07/25 11:59:59,2403005,5,招揽赛入场券,【日常】参与5次招揽赛
1,59,2023/07/25 12:00:00,2023/07/26 11:59:59,2403006,3000,金币,【日常】参与1次招揽赛
1,110,2023/07/25 12:00:00,2023/07/26 11:59:59,2403007,1500,协助积分,【日常】参与2次招揽赛
1,95,2023/07/25 12:00:00,2023/07/26 11:59:59,2403008,2,闹钟,【日常】参与3次招揽赛
1,34,2023/07/25 12:00:00,2023/07/26 11:59:59,2403009,1,迷你胡萝卜果冻,【日常】参与4次招揽赛
1,2003,2023/07/25 12:00:00,2023/07/26 11:59:59,2403010,5,招揽赛入场券,【日常】参与5次招揽赛
1,59,2023/07/26 12:00:00,2023/07/27 11:59:59,2403011,3000,金币,【日常】参与1次招揽赛
1,110,2023/07/26 12:00:00,2023/07/27 11:59:59,2403012,1500,协助积分,【日常】参与2次招揽赛
1,95,2023/07/26 12:00:00,2023/07/27 11:59:59,2403013,2,闹钟,【日常】参与3次招揽赛
1,34,2023/07/26 12:00:00,2023/07/27 11:59:59,2403014,1,迷你胡萝卜果冻,【日常】参与4次招揽赛
1,2003,2023/07/26 12:00:00,2023/07/27 11:59:59,2403015,5,招揽赛入场券,【日常】参与5次招揽赛
1,59,2023/07/27 12:00:00,2023/07/28 11:59:59,2403016,3000,金币,【日常】参与1次招揽赛
1,110,2023/07/27 12:00:00,2023/07/28 11:59:59,2403017,1500,协助积分,【日常】参与2次招揽赛
1,95,2023/07/27 12:00:00,2023/07/28 11:59:59,2403018,2,闹钟,【日常】参与3次招揽赛
1,34,2023/07/27 12:00:00,2023/07/28 11:59:59,2403019,1,迷你胡萝卜果冻,【日常】参与4次招揽赛
1,2003,2023/07/27 12:00:00,2023/07/28 11:59:59,2403020,5,招揽赛入场券,【日常】参与5次招揽赛
1,59,2023/07/28 12:00:00,2023/07/29 11:59:59,2403021,3000,金币,【日常】参与1次招揽赛
1,110,2023/07/28 12:00:00,2023/07/29 11:59:59,2403022,1500,协助积分,【日常】参与2次招揽赛
1,95,2023/07/28 12:00:00,2023/07/29 11:59:59,2403023,2,闹钟,【日常】参与3次招揽赛
1,34,2023/07/28 12:00:00,2023/07/29 11:59:59,2403024,1,迷你胡萝卜果冻,【日常】参与4次招揽赛
1,2003,2023/07/28 12:00:00,2023/07/29 11:59:59,2403025,5,招揽赛入场券,【日常】参与5次招揽赛
1,59,2023/07/29 12:00:00,2023/07/30 11:59:59,2403026,3000,金币,【日常】参与1次招揽赛
1,110,2023/07/29 12:00:00,2023/07/30 11:59:59,2403027,1500,协助积分,【日常】参与2次招揽赛
1,95,2023/07/29 12:00:00,2023/07/30 11:59:59,2403028,2,闹钟,【日常】参与3次招揽赛
1,34,2023/07/29 12:00:00,2023/07/30 11:59:59,2403029,1,迷你胡萝卜果冻,【日常】参与4次招揽赛
1,2003,2023/07/29 12:00:00,2023/07/30 11:59:59,2403030,5,招揽赛入场券,【日常】参与5次招揽赛
1,59,2023/07/30 12:00:00,2023/07/31 11:59:59,2403031,3000,金币,【日常】参与1次招揽赛
1,110,2023/07/30 12:00:00,2023/07/31 11:59:59,2403032,1500,协助积分,【日常】参与2次招揽赛
1,95,2023/07/30 12:00:00,2023/07/31 11:59:59,2403033,2,闹钟,【日常】参与3次招揽赛
1,34,2023/07/30 12:00:00,2023/07/31 11:59:59,2403034,1,迷你胡萝卜果冻,【日常】参与4次招揽赛
1,2003,2023/07/30 12:00:00,2023/07/31 11:59:59,2403035,5,招揽赛入场券,【日常】参与5次招揽赛
1,34,2023/07/24 12:00:00,2023/08/03 11:59:59,2403036,5,迷你胡萝卜果冻,【期间限定任务】获得团队技能
1,43,2023/07/24 12:00:00,2023/08/03 11:59:59,2403037,50,宝石,【期间限定任务】招揽1位优俊少女
1,43,2023/07/24 12:00:00,2023/08/03 11:59:59,2403038,50,宝石,【期间限定任务】招揽2位优俊少女
1,43,2023/07/24 12:00:00,2023/08/03 11:59:59,2403039,50,宝石,【期间限定任务】招揽3位优俊少女
1,43,2023/07/24 12:00:00,2023/08/03 11:59:59,2403040,50,宝石,【期间限定任务】招揽4位优俊少女
1,43,2023/07/24 12:00:00,2023/08/03 11:59:59,2403041,50,宝石,【期间限定任务】招揽5位优俊少女
1,43,2023/07/24 12:00:00,2023/08/03 11:59:59,2403042,50,宝石,【期间限定任务】招揽6位优俊少女
1,59,2023/07/24 12:00:00,2023/08/03 11:59:59,2403043,20000,金币,【期间限定任务】参与10次招揽赛
1,110,2023/07/24 12:00:00,2023/08/03 11:59:59,2403044,10000,协助积分,【期间限定任务】参与15次招揽赛
1,111,2023/07/24 12:00:00,2023/08/03 11:59:59,2403045,1,协助卡招募券,【期间限定任务】参与20次招揽赛
1,115,2023/07/24 12:00:00,2023/08/03 11:59:59,2403046,10,女神像,【期间限定任务】参与25次招揽赛
1,150,2023/07/24 12:00:00,2023/08/03 11:59:59,2403047,1,金结晶片,【期间限定任务】参与30次招揽赛
1,59,2023/07/24 12:00:00,2023/08/03 11:59:59,2403048,30000,金币,【期间限定任务】参与35次招揽赛
1,110,2023/07/24 12:00:00,2023/08/03 11:59:59,2403049,15000,协助积分,【期间限定任务】参与40次招揽赛
1,41,2023/07/24 12:00:00,2023/08/03 11:59:59,2403050,1,养成优俊少女招募券,【期间限定任务】参与45次招揽赛
1,44,2023/07/24 12:00:00,2023/08/03 11:59:59,2403051,2,梦想光辉,【期间限定任务】参与50次招揽赛
1,149,2023/07/24 12:00:00,2023/08/03 11:59:59,2403052,1,彩虹结晶片,【期间限定任务】参与60次招揽赛
1,44,2023/07/24 12:00:00,2023/08/03 11:59:59,2403053,2,梦想光辉,【期间限定任务】获得1次特别赛的胜利
1,44,2023/07/24 12:00:00,2023/08/03 11:59:59,2403054,2,梦想光辉,【期间限定任务】获得2次特别赛的胜利
1,44,2023/07/24 12:00:00,2023/08/03 11:59:59,2403055,2,梦想光辉,【期间限定任务】获得3次特别赛的胜利
1,59,2023/11/22 12:00:00,2023/11/23 11:59:59,2404001,3000,金币,【日常】参与1次招揽赛
1,110,2023/11/22 12:00:00,2023/11/23 11:59:59,2404002,1500,协助积分,【日常】参与2次招揽赛
1,95,2023/11/22 12:00:00,2023/11/23 11:59:59,2404003,2,闹钟,【日常】参与3次招揽赛
1,34,2023/11/22 12:00:00,2023/11/23 11:59:59,2404004,1,迷你胡萝卜果冻,【日常】参与4次招揽赛
1,2004,2023/11/22 12:00:00,2023/11/23 11:59:59,2404005,5,招揽赛入场券,【日常】参与5次招揽赛
1,59,2023/11/23 12:00:00,2023/11/24 11:59:59,2404006,3000,金币,【日常】参与1次招揽赛
1,110,2023/11/23 12:00:00,2023/11/24 11:59:59,2404007,1500,协助积分,【日常】参与2次招揽赛
1,95,2023/11/23 12:00:00,2023/11/24 11:59:59,2404008,2,闹钟,【日常】参与3次招揽赛
1,34,2023/11/23 12:00:00,2023/11/24 11:59:59,2404009,1,迷你胡萝卜果冻,【日常】参与4次招揽赛
1,2004,2023/11/23 12:00:00,2023/11/24 11:59:59,2404010,5,招揽赛入场券,【日常】参与5次招揽赛
1,59,2023/11/24 12:00:00,2023/11/25 11:59:59,2404011,3000,金币,【日常】参与1次招揽赛
1,110,2023/11/24 12:00:00,2023/11/25 11:59:59,2404012,1500,协助积分,【日常】参与2次招揽赛
1,95,2023/11/24 12:00:00,2023/11/25 11:59:59,2404013,2,闹钟,【日常】参与3次招揽赛
1,34,2023/11/24 12:00:00,2023/11/25 11:59:59,2404014,1,迷你胡萝卜果冻,【日常】参与4次招揽赛
1,2004,2023/11/24 12:00:00,2023/11/25 11:59:59,2404015,5,招揽赛入场券,【日常】参与5次招揽赛
1,59,2023/11/25 12:00:00,2023/11/26 11:59:59,2404016,3000,金币,【日常】参与1次招揽赛
1,110,2023/11/25 12:00:00,2023/11/26 11:59:59,2404017,1500,协助积分,【日常】参与2次招揽赛
1,95,2023/11/25 12:00:00,2023/11/26 11:59:59,2404018,2,闹钟,【日常】参与3次招揽赛
1,34,2023/11/25 12:00:00,2023/11/26 11:59:59,2404019,1,迷你胡萝卜果冻,【日常】参与4次招揽赛
1,2004,2023/11/25 12:00:00,2023/11/26 11:59:59,2404020,5,招揽赛入场券,【日常】参与5次招揽赛
1,59,2023/11/26 12:00:00,2023/11/27 11:59:59,2404021,3000,金币,【日常】参与1次招揽赛
1,110,2023/11/26 12:00:00,2023/11/27 11:59:59,2404022,1500,协助积分,【日常】参与2次招揽赛
1,95,2023/11/26 12:00:00,2023/11/27 11:59:59,2404023,2,闹钟,【日常】参与3次招揽赛
1,34,2023/11/26 12:00:00,2023/11/27 11:59:59,2404024,1,迷你胡萝卜果冻,【日常】参与4次招揽赛
1,2004,2023/11/26 12:00:00,2023/11/27 11:59:59,2404025,5,招揽赛入场券,【日常】参与5次招揽赛
1,59,2023/11/27 12:00:00,2023/11/28 11:59:59,2404026,3000,金币,【日常】参与1次招揽赛
1,110,2023/11/27 12:00:00,2023/11/28 11:59:59,2404027,1500,协助积分,【日常】参与2次招揽赛
1,95,2023/11/27 12:00:00,2023/11/28 11:59:59,2404028,2,闹钟,【日常】参与3次招揽赛
1,34,2023/11/27 12:00:00,2023/11/28 11:59:59,2404029,1,迷你胡萝卜果冻,【日常】参与4次招揽赛
1,2004,2023/11/27 12:00:00,2023/11/28 11:59:59,2404030,5,招揽赛入场券,【日常】参与5次招揽赛
1,59,2023/11/28 12:00:00,2023/11/29 11:59:59,2404031,3000,金币,【日常】参与1次招揽赛
1,110,2023/11/28 12:00:00,2023/11/29 11:59:59,2404032,1500,协助积分,【日常】参与2次招揽赛
1,95,2023/11/28 12:00:00,2023/11/29 11:59:59,2404033,2,闹钟,【日常】参与3次招揽赛
1,34,2023/11/28 12:00:00,2023/11/29 11:59:59,2404034,1,迷你胡萝卜果冻,【日常】参与4次招揽赛
1,2004,2023/11/28 12:00:00,2023/11/29 11:59:59,2404035,5,招揽赛入场券,【日常】参与5次招揽赛
1,59,2023/11/29 12:00:00,2023/11/30 11:59:59,2404036,3000,金币,【日常】参与1次招揽赛
1,110,2023/11/29 12:00:00,2023/11/30 11:59:59,2404037,1500,协助积分,【日常】参与2次招揽赛
1,95,2023/11/29 12:00:00,2023/11/30 11:59:59,2404038,2,闹钟,【日常】参与3次招揽赛
1,34,2023/11/29 12:00:00,2023/11/30 11:59:59,2404039,1,迷你胡萝卜果冻,【日常】参与4次招揽赛
1,2004,2023/11/29 12:00:00,2023/11/30 11:59:59,2404040,5,招揽赛入场券,【日常】参与5次招揽赛
1,34,2023/11/22 12:00:00,2023/12/03 11:59:59,2404041,5,迷你胡萝卜果冻,【期间限定任务】获得团队技能
1,43,2023/11/22 12:00:00,2023/12/03 11:59:59,2404042,50,宝石,【期间限定任务】招揽1位优俊少女
1,43,2023/11/22 12:00:00,2023/12/03 11:59:59,2404043,50,宝石,【期间限定任务】招揽2位优俊少女
1,43,2023/11/22 12:00:00,2023/12/03 11:59:59,2404044,50,宝石,【期间限定任务】招揽3位优俊少女
1,43,2023/11/22 12:00:00,2023/12/03 11:59:59,2404045,50,宝石,【期间限定任务】招揽4位优俊少女
1,43,2023/11/22 12:00:00,2023/12/03 11:59:59,2404046,50,宝石,【期间限定任务】招揽5位优俊少女
1,43,2023/11/22 12:00:00,2023/12/03 11:59:59,2404047,50,宝石,【期间限定任务】招揽6位优俊少女
1,59,2023/11/22 12:00:00,2023/12/03 11:59:59,2404048,20000,金币,【期间限定任务】参与10次招揽赛
1,110,2023/11/22 12:00:00,2023/12/03 11:59:59,2404049,10000,协助积分,【期间限定任务】参与15次招揽赛
1,111,2023/11/22 12:00:00,2023/12/03 11:59:59,2404050,1,协助卡招募券,【期间限定任务】参与20次招揽赛
1,115,2023/11/22 12:00:00,2023/12/03 11:59:59,2404051,10,女神像,【期间限定任务】参与25次招揽赛
1,150,2023/11/22 12:00:00,2023/12/03 11:59:59,2404052,1,金结晶片,【期间限定任务】参与30次招揽赛
1,59,2023/11/22 12:00:00,2023/12/03 11:59:59,2404053,30000,金币,【期间限定任务】参与35次招揽赛
1,110,2023/11/22 12:00:00,2023/12/03 11:59:59,2404054,15000,协助积分,【期间限定任务】参与40次招揽赛
1,41,2023/11/22 12:00:00,2023/12/03 11:59:59,2404055,1,养成优俊少女招募券,【期间限定任务】参与45次招揽赛
1,44,2023/11/22 12:00:00,2023/12/03 11:59:59,2404056,2,梦想光辉,【期间限定任务】参与50次招揽赛
1,149,2023/11/22 12:00:00,2023/12/03 11:59:59,2404057,1,彩虹结晶片,【期间限定任务】参与60次招揽赛
1,44,2023/11/22 12:00:00,2023/12/03 11:59:59,2404058,2,梦想光辉,【期间限定任务】参与1次特别赛
1,44,2023/11/22 12:00:00,2023/12/03 11:59:59,2404059,2,梦想光辉,【期间限定任务】参与2次特别赛
1,44,2023/11/22 12:00:00,2023/12/03 11:59:59,2404060,2,梦想光辉,【期间限定任务】参与3次特别赛
1,59,2024/04/22 12:00:00,2024/04/23 11:59:59,2405001,3000,金币,【デイリー】スカウトレースに1回出走しよう
1,110,2024/04/22 12:00:00,2024/04/23 11:59:59,2405002,1500,协助积分,【デイリー】スカウトレースに2回出走しよう
1,95,2024/04/22 12:00:00,2024/04/23 11:59:59,2405003,2,闹钟,【デイリー】スカウトレースに3回出走しよう
1,34,2024/04/22 12:00:00,2024/04/23 11:59:59,2405004,1,迷你胡萝卜果冻,【デイリー】スカウトレースに4回出走しよう
1,2005,2024/04/22 12:00:00,2024/04/23 11:59:59,2405005,5,スカウトレースチケット,【デイリー】スカウトレースに5回出走しよう
1,59,2024/04/23 12:00:00,2024/04/24 11:59:59,2405006,3000,金币,【デイリー】スカウトレースに1回出走しよう
1,110,2024/04/23 12:00:00,2024/04/24 11:59:59,2405007,1500,协助积分,【デイリー】スカウトレースに2回出走しよう
1,95,2024/04/23 12:00:00,2024/04/24 11:59:59,2405008,2,闹钟,【デイリー】スカウトレースに3回出走しよう
1,34,2024/04/23 12:00:00,2024/04/24 11:59:59,2405009,1,迷你胡萝卜果冻,【デイリー】スカウトレースに4回出走しよう
1,2005,2024/04/23 12:00:00,2024/04/24 11:59:59,2405010,5,スカウトレースチケット,【デイリー】スカウトレースに5回出走しよう
1,59,2024/04/24 12:00:00,2024/04/25 11:59:59,2405011,3000,金币,【デイリー】スカウトレースに1回出走しよう
1,110,2024/04/24 12:00:00,2024/04/25 11:59:59,2405012,1500,协助积分,【デイリー】スカウトレースに2回出走しよう
1,95,2024/04/24 12:00:00,2024/04/25 11:59:59,2405013,2,闹钟,【デイリー】スカウトレースに3回出走しよう
1,34,2024/04/24 12:00:00,2024/04/25 11:59:59,2405014,1,迷你胡萝卜果冻,【デイリー】スカウトレースに4回出走しよう
1,2005,2024/04/24 12:00:00,2024/04/25 11:59:59,2405015,5,スカウトレースチケット,【デイリー】スカウトレースに5回出走しよう
1,59,2024/04/25 12:00:00,2024/04/26 11:59:59,2405016,3000,金币,【デイリー】スカウトレースに1回出走しよう
1,110,2024/04/25 12:00:00,2024/04/26 11:59:59,2405017,1500,协助积分,【デイリー】スカウトレースに2回出走しよう
1,95,2024/04/25 12:00:00,2024/04/26 11:59:59,2405018,2,闹钟,【デイリー】スカウトレースに3回出走しよう
1,34,2024/04/25 12:00:00,2024/04/26 11:59:59,2405019,1,迷你胡萝卜果冻,【デイリー】スカウトレースに4回出走しよう
1,2005,2024/04/25 12:00:00,2024/04/26 11:59:59,2405020,5,スカウトレースチケット,【デイリー】スカウトレースに5回出走しよう
1,59,2024/04/26 12:00:00,2024/04/27 11:59:59,2405021,3000,金币,【デイリー】スカウトレースに1回出走しよう
1,110,2024/04/26 12:00:00,2024/04/27 11:59:59,2405022,1500,协助积分,【デイリー】スカウトレースに2回出走しよう
1,95,2024/04/26 12:00:00,2024/04/27 11:59:59,2405023,2,闹钟,【デイリー】スカウトレースに3回出走しよう
1,34,2024/04/26 12:00:00,2024/04/27 11:59:59,2405024,1,迷你胡萝卜果冻,【デイリー】スカウトレースに4回出走しよう
1,2005,2024/04/26 12:00:00,2024/04/27 11:59:59,2405025,5,スカウトレースチケット,【デイリー】スカウトレースに5回出走しよう
1,59,2024/04/27 12:00:00,2024/04/28 11:59:59,2405026,3000,金币,【デイリー】スカウトレースに1回出走しよう
1,110,2024/04/27 12:00:00,2024/04/28 11:59:59,2405027,1500,协助积分,【デイリー】スカウトレースに2回出走しよう
1,95,2024/04/27 12:00:00,2024/04/28 11:59:59,2405028,2,闹钟,【デイリー】スカウトレースに3回出走しよう
1,34,2024/04/27 12:00:00,2024/04/28 11:59:59,2405029,1,迷你胡萝卜果冻,【デイリー】スカウトレースに4回出走しよう
1,2005,2024/04/27 12:00:00,2024/04/28 11:59:59,2405030,5,スカウトレースチケット,【デイリー】スカウトレースに5回出走しよう
1,59,2024/04/28 12:00:00,2024/04/29 11:59:59,2405031,3000,金币,【デイリー】スカウトレースに1回出走しよう
1,110,2024/04/28 12:00:00,2024/04/29 11:59:59,2405032,1500,协助积分,【デイリー】スカウトレースに2回出走しよう
1,95,2024/04/28 12:00:00,2024/04/29 11:59:59,2405033,2,闹钟,【デイリー】スカウトレースに3回出走しよう
1,34,2024/04/28 12:00:00,2024/04/29 11:59:59,2405034,1,迷你胡萝卜果冻,【デイリー】スカウトレースに4回出走しよう
1,2005,2024/04/28 12:00:00,2024/04/29 11:59:59,2405035,5,スカウトレースチケット,【デイリー】スカウトレースに5回出走しよう
1,59,2024/04/29 12:00:00,2024/04/30 11:59:59,2405036,3000,金币,【デイリー】スカウトレースに1回出走しよう
1,110,2024/04/29 12:00:00,2024/04/30 11:59:59,2405037,1500,协助积分,【デイリー】スカウトレースに2回出走しよう
1,95,2024/04/29 12:00:00,2024/04/30 11:59:59,2405038,2,闹钟,【デイリー】スカウトレースに3回出走しよう
1,34,2024/04/29 12:00:00,2024/04/30 11:59:59,2405039,1,迷你胡萝卜果冻,【デイリー】スカウトレースに4回出走しよう
1,2005,2024/04/29 12:00:00,2024/04/30 11:59:59,2405040,5,スカウトレースチケット,【デイリー】スカウトレースに5回出走しよう
1,34,2024/04/22 12:00:00,2024/05/03 11:59:59,2405041,5,迷你胡萝卜果冻,【期間限定ミッション】チームスキルを獲得しよう
1,43,2024/04/22 12:00:00,2024/05/03 11:59:59,2405042,50,宝石,【期間限定ミッション】ウマ娘を1人スカウトしよう
1,43,2024/04/22 12:00:00,2024/05/03 11:59:59,2405043,50,宝石,【期間限定ミッション】ウマ娘を2人スカウトしよう
1,43,2024/04/22 12:00:00,2024/05/03 11:59:59,2405044,50,宝石,【期間限定ミッション】ウマ娘を3人スカウトしよう
1,43,2024/04/22 12:00:00,2024/05/03 11:59:59,2405045,50,宝石,【期間限定ミッション】ウマ娘を4人スカウトしよう
1,43,2024/04/22 12:00:00,2024/05/03 11:59:59,2405046,50,宝石,【期間限定ミッション】ウマ娘を5人スカウトしよう
1,43,2024/04/22 12:00:00,2024/05/03 11:59:59,2405047,50,宝石,【期間限定ミッション】ウマ娘を6人スカウトしよう
1,59,2024/04/22 12:00:00,2024/05/03 11:59:59,2405048,20000,金币,【期間限定ミッション】スカウトレースに10回出走しよう
1,110,2024/04/22 12:00:00,2024/05/03 11:59:59,2405049,10000,协助积分,【期間限定ミッション】スカウトレースに15回出走しよう
1,111,2024/04/22 12:00:00,2024/05/03 11:59:59,2405050,1,协助卡招募券,【期間限定ミッション】スカウトレースに20回出走しよう
1,115,2024/04/22 12:00:00,2024/05/03 11:59:59,2405051,10,女神像,【期間限定ミッション】スカウトレースに25回出走しよう
1,150,2024/04/22 12:00:00,2024/05/03 11:59:59,2405052,1,金结晶片,【期間限定ミッション】スカウトレースに30回出走しよう
1,59,2024/04/22 12:00:00,2024/05/03 11:59:59,2405053,30000,金币,【期間限定ミッション】スカウトレースに35回出走しよう
1,110,2024/04/22 12:00:00,2024/05/03 11:59:59,2405054,15000,协助积分,【期間限定ミッション】スカウトレースに40回出走しよう
1,41,2024/04/22 12:00:00,2024/05/03 11:59:59,2405055,1,养成优俊少女招募券,【期間限定ミッション】スカウトレースに45回出走しよう
1,44,2024/04/22 12:00:00,2024/05/03 11:59:59,2405056,2,梦想光辉,【期間限定ミッション】スカウトレースに50回出走しよう
1,149,2024/04/22 12:00:00,2024/05/03 11:59:59,2405057,1,彩虹结晶片,【期間限定ミッション】スカウトレースに60回出走しよう
1,44,2024/04/22 12:00:00,2024/05/03 11:59:59,2405058,2,梦想光辉,【期間限定ミッション】スペシャルレースに1回勝利しよう
1,44,2024/04/22 12:00:00,2024/05/03 11:59:59,2405059,2,梦想光辉,【期間限定ミッション】スペシャルレースに2回勝利しよう
1,44,2024/04/22 12:00:00,2024/05/03 11:59:59,2405060,2,梦想光辉,【期間限定ミッション】スペシャルレースに3回勝利しよう
1,59,2024/08/14 12:00:00,2024/08/15 11:59:59,2406001,3000,金币,【デイリー】スカウトレースに1回出走しよう
1,110,2024/08/14 12:00:00,2024/08/15 11:59:59,2406002,1500,协助积分,【デイリー】スカウトレースに2回出走しよう
1,95,2024/08/14 12:00:00,2024/08/15 11:59:59,2406003,2,闹钟,【デイリー】スカウトレースに3回出走しよう
1,34,2024/08/14 12:00:00,2024/08/15 11:59:59,2406004,1,迷你胡萝卜果冻,【デイリー】スカウトレースに4回出走しよう
1,2006,2024/08/14 12:00:00,2024/08/15 11:59:59,2406005,5,スカウトレースチケット,【デイリー】スカウトレースに5回出走しよう
1,59,2024/08/15 12:00:00,2024/08/16 11:59:59,2406006,3000,金币,【デイリー】スカウトレースに1回出走しよう
1,110,2024/08/15 12:00:00,2024/08/16 11:59:59,2406007,1500,协助积分,【デイリー】スカウトレースに2回出走しよう
1,95,2024/08/15 12:00:00,2024/08/16 11:59:59,2406008,2,闹钟,【デイリー】スカウトレースに3回出走しよう
1,34,2024/08/15 12:00:00,2024/08/16 11:59:59,2406009,1,迷你胡萝卜果冻,【デイリー】スカウトレースに4回出走しよう
1,2006,2024/08/15 12:00:00,2024/08/16 11:59:59,2406010,5,スカウトレースチケット,【デイリー】スカウトレースに5回出走しよう
1,59,2024/08/16 12:00:00,2024/08/17 11:59:59,2406011,3000,金币,【デイリー】スカウトレースに1回出走しよう
1,110,2024/08/16 12:00:00,2024/08/17 11:59:59,2406012,1500,协助积分,【デイリー】スカウトレースに2回出走しよう
1,95,2024/08/16 12:00:00,2024/08/17 11:59:59,2406013,2,闹钟,【デイリー】スカウトレースに3回出走しよう
1,34,2024/08/16 12:00:00,2024/08/17 11:59:59,2406014,1,迷你胡萝卜果冻,【デイリー】スカウトレースに4回出走しよう
1,2006,2024/08/16 12:00:00,2024/08/17 11:59:59,2406015,5,スカウトレースチケット,【デイリー】スカウトレースに5回出走しよう
1,59,2024/08/17 12:00:00,2024/08/18 11:59:59,2406016,3000,金币,【デイリー】スカウトレースに1回出走しよう
1,110,2024/08/17 12:00:00,2024/08/18 11:59:59,2406017,1500,协助积分,【デイリー】スカウトレースに2回出走しよう
1,95,2024/08/17 12:00:00,2024/08/18 11:59:59,2406018,2,闹钟,【デイリー】スカウトレースに3回出走しよう
1,34,2024/08/17 12:00:00,2024/08/18 11:59:59,2406019,1,迷你胡萝卜果冻,【デイリー】スカウトレースに4回出走しよう
1,2006,2024/08/17 12:00:00,2024/08/18 11:59:59,2406020,5,スカウトレースチケット,【デイリー】スカウトレースに5回出走しよう
1,59,2024/08/18 12:00:00,2024/08/19 11:59:59,2406021,3000,金币,【デイリー】スカウトレースに1回出走しよう
1,110,2024/08/18 12:00:00,2024/08/19 11:59:59,2406022,1500,协助积分,【デイリー】スカウトレースに2回出走しよう
1,95,2024/08/18 12:00:00,2024/08/19 11:59:59,2406023,2,闹钟,【デイリー】スカウトレースに3回出走しよう
1,34,2024/08/18 12:00:00,2024/08/19 11:59:59,2406024,1,迷你胡萝卜果冻,【デイリー】スカウトレースに4回出走しよう
1,2006,2024/08/18 12:00:00,2024/08/19 11:59:59,2406025,5,スカウトレースチケット,【デイリー】スカウトレースに5回出走しよう
1,59,2024/08/19 12:00:00,2024/08/20 11:59:59,2406026,3000,金币,【デイリー】スカウトレースに1回出走しよう
1,110,2024/08/19 12:00:00,2024/08/20 11:59:59,2406027,1500,协助积分,【デイリー】スカウトレースに2回出走しよう
1,95,2024/08/19 12:00:00,2024/08/20 11:59:59,2406028,2,闹钟,【デイリー】スカウトレースに3回出走しよう
1,34,2024/08/19 12:00:00,2024/08/20 11:59:59,2406029,1,迷你胡萝卜果冻,【デイリー】スカウトレースに4回出走しよう
1,2006,2024/08/19 12:00:00,2024/08/20 11:59:59,2406030,5,スカウトレースチケット,【デイリー】スカウトレースに5回出走しよう
1,59,2024/08/20 12:00:00,2024/08/21 11:59:59,2406031,3000,金币,【デイリー】スカウトレースに1回出走しよう
1,110,2024/08/20 12:00:00,2024/08/21 11:59:59,2406032,1500,协助积分,【デイリー】スカウトレースに2回出走しよう
1,95,2024/08/20 12:00:00,2024/08/21 11:59:59,2406033,2,闹钟,【デイリー】スカウトレースに3回出走しよう
1,34,2024/08/20 12:00:00,2024/08/21 11:59:59,2406034,1,迷你胡萝卜果冻,【デイリー】スカウトレースに4回出走しよう
1,2006,2024/08/20 12:00:00,2024/08/21 11:59:59,2406035,5,スカウトレースチケット,【デイリー】スカウトレースに5回出走しよう
1,59,2024/08/21 12:00:00,2024/08/22 11:59:59,2406036,3000,金币,【デイリー】スカウトレースに1回出走しよう
1,110,2024/08/21 12:00:00,2024/08/22 11:59:59,2406037,1500,协助积分,【デイリー】スカウトレースに2回出走しよう
1,95,2024/08/21 12:00:00,2024/08/22 11:59:59,2406038,2,闹钟,【デイリー】スカウトレースに3回出走しよう
1,34,2024/08/21 12:00:00,2024/08/22 11:59:59,2406039,1,迷你胡萝卜果冻,【デイリー】スカウトレースに4回出走しよう
1,2006,2024/08/21 12:00:00,2024/08/22 11:59:59,2406040,5,スカウトレースチケット,【デイリー】スカウトレースに5回出走しよう
1,34,2024/08/14 12:00:00,2024/08/25 11:59:59,2406041,5,迷你胡萝卜果冻,【期間限定ミッション】チームスキルを獲得しよう
1,43,2024/08/14 12:00:00,2024/08/25 11:59:59,2406042,50,宝石,【期間限定ミッション】ウマ娘を1人スカウトしよう
1,43,2024/08/14 12:00:00,2024/08/25 11:59:59,2406043,50,宝石,【期間限定ミッション】ウマ娘を2人スカウトしよう
1,43,2024/08/14 12:00:00,2024/08/25 11:59:59,2406044,50,宝石,【期間限定ミッション】ウマ娘を3人スカウトしよう
1,43,2024/08/14 12:00:00,2024/08/25 11:59:59,2406045,50,宝石,【期間限定ミッション】ウマ娘を4人スカウトしよう
1,43,2024/08/14 12:00:00,2024/08/25 11:59:59,2406046,50,宝石,【期間限定ミッション】ウマ娘を5人スカウトしよう
1,43,2024/08/14 12:00:00,2024/08/25 11:59:59,2406047,50,宝石,【期間限定ミッション】ウマ娘を6人スカウトしよう
1,59,2024/08/14 12:00:00,2024/08/25 11:59:59,2406048,20000,金币,【期間限定ミッション】スカウトレースに10回出走しよう
1,110,2024/08/14 12:00:00,2024/08/25 11:59:59,2406049,10000,协助积分,【期間限定ミッション】スカウトレースに15回出走しよう
1,111,2024/08/14 12:00:00,2024/08/25 11:59:59,2406050,1,协助卡招募券,【期間限定ミッション】スカウトレースに20回出走しよう
1,115,2024/08/14 12:00:00,2024/08/25 11:59:59,2406051,10,女神像,【期間限定ミッション】スカウトレースに25回出走しよう
1,150,2024/08/14 12:00:00,2024/08/25 11:59:59,2406052,1,金结晶片,【期間限定ミッション】スカウトレースに30回出走しよう
1,59,2024/08/14 12:00:00,2024/08/25 11:59:59,2406053,30000,金币,【期間限定ミッション】スカウトレースに35回出走しよう
1,110,2024/08/14 12:00:00,2024/08/25 11:59:59,2406054,15000,协助积分,【期間限定ミッション】スカウトレースに40回出走しよう
1,41,2024/08/14 12:00:00,2024/08/25 11:59:59,2406055,1,养成优俊少女招募券,【期間限定ミッション】スカウトレースに45回出走しよう
1,44,2024/08/14 12:00:00,2024/08/25 11:59:59,2406056,2,梦想光辉,【期間限定ミッション】スカウトレースに50回出走しよう
1,149,2024/08/14 12:00:00,2024/08/25 11:59:59,2406057,1,彩虹结晶片,【期間限定ミッション】スカウトレースに60回出走しよう
1,44,2024/08/14 12:00:00,2024/08/25 11:59:59,2406058,2,梦想光辉,【期間限定ミッション】スペシャルレースに1回勝利しよう
1,44,2024/08/14 12:00:00,2024/08/25 11:59:59,2406059,2,梦想光辉,【期間限定ミッション】スペシャルレースに2回勝利しよう
1,44,2024/08/14 12:00:00,2024/08/25 11:59:59,2406060,2,梦想光辉,【期間限定ミッション】スペシャルレースに3回勝利しよう
1,59,2024/12/11 12:00:00,2024/12/12 11:59:59,2407001,3000,金币,【デイリー】スカウトレースに1回出走しよう
1,110,2024/12/11 12:00:00,2024/12/12 11:59:59,2407002,1500,协助积分,【デイリー】スカウトレースに2回出走しよう
1,95,2024/12/11 12:00:00,2024/12/12 11:59:59,2407003,2,闹钟,【デイリー】スカウトレースに3回出走しよう
1,34,2024/12/11 12:00:00,2024/12/12 11:59:59,2407004,1,迷你胡萝卜果冻,【デイリー】スカウトレースに4回出走しよう
1,2007,2024/12/11 12:00:00,2024/12/12 11:59:59,2407005,5,スカウトレースチケット,【デイリー】スカウトレースに5回出走しよう
1,59,2024/12/12 12:00:00,2024/12/13 11:59:59,2407006,3000,金币,【デイリー】スカウトレースに1回出走しよう
1,110,2024/12/12 12:00:00,2024/12/13 11:59:59,2407007,1500,协助积分,【デイリー】スカウトレースに2回出走しよう
1,95,2024/12/12 12:00:00,2024/12/13 11:59:59,2407008,2,闹钟,【デイリー】スカウトレースに3回出走しよう
1,34,2024/12/12 12:00:00,2024/12/13 11:59:59,2407009,1,迷你胡萝卜果冻,【デイリー】スカウトレースに4回出走しよう
1,2007,2024/12/12 12:00:00,2024/12/13 11:59:59,2407010,5,スカウトレースチケット,【デイリー】スカウトレースに5回出走しよう
1,59,2024/12/13 12:00:00,2024/12/14 11:59:59,2407011,3000,金币,【デイリー】スカウトレースに1回出走しよう
1,110,2024/12/13 12:00:00,2024/12/14 11:59:59,2407012,1500,协助积分,【デイリー】スカウトレースに2回出走しよう
1,95,2024/12/13 12:00:00,2024/12/14 11:59:59,2407013,2,闹钟,【デイリー】スカウトレースに3回出走しよう
1,34,2024/12/13 12:00:00,2024/12/14 11:59:59,2407014,1,迷你胡萝卜果冻,【デイリー】スカウトレースに4回出走しよう
1,2007,2024/12/13 12:00:00,2024/12/14 11:59:59,2407015,5,スカウトレースチケット,【デイリー】スカウトレースに5回出走しよう
1,59,2024/12/14 12:00:00,2024/12/15 11:59:59,2407016,3000,金币,【デイリー】スカウトレースに1回出走しよう
1,110,2024/12/14 12:00:00,2024/12/15 11:59:59,2407017,1500,协助积分,【デイリー】スカウトレースに2回出走しよう
1,95,2024/12/14 12:00:00,2024/12/15 11:59:59,2407018,2,闹钟,【デイリー】スカウトレースに3回出走しよう
1,34,2024/12/14 12:00:00,2024/12/15 11:59:59,2407019,1,迷你胡萝卜果冻,【デイリー】スカウトレースに4回出走しよう
1,2007,2024/12/14 12:00:00,2024/12/15 11:59:59,2407020,5,スカウトレースチケット,【デイリー】スカウトレースに5回出走しよう
1,59,2024/12/15 12:00:00,2024/12/16 11:59:59,2407021,3000,金币,【デイリー】スカウトレースに1回出走しよう
1,110,2024/12/15 12:00:00,2024/12/16 11:59:59,2407022,1500,协助积分,【デイリー】スカウトレースに2回出走しよう
1,95,2024/12/15 12:00:00,2024/12/16 11:59:59,2407023,2,闹钟,【デイリー】スカウトレースに3回出走しよう
1,34,2024/12/15 12:00:00,2024/12/16 11:59:59,2407024,1,迷你胡萝卜果冻,【デイリー】スカウトレースに4回出走しよう
1,2007,2024/12/15 12:00:00,2024/12/16 11:59:59,2407025,5,スカウトレースチケット,【デイリー】スカウトレースに5回出走しよう
1,59,2024/12/16 12:00:00,2024/12/17 11:59:59,2407026,3000,金币,【デイリー】スカウトレースに1回出走しよう
1,110,2024/12/16 12:00:00,2024/12/17 11:59:59,2407027,1500,协助积分,【デイリー】スカウトレースに2回出走しよう
1,95,2024/12/16 12:00:00,2024/12/17 11:59:59,2407028,2,闹钟,【デイリー】スカウトレースに3回出走しよう
1,34,2024/12/16 12:00:00,2024/12/17 11:59:59,2407029,1,迷你胡萝卜果冻,【デイリー】スカウトレースに4回出走しよう
1,2007,2024/12/16 12:00:00,2024/12/17 11:59:59,2407030,5,スカウトレースチケット,【デイリー】スカウトレースに5回出走しよう
1,59,2024/12/17 12:00:00,2024/12/18 11:59:59,2407031,3000,金币,【デイリー】スカウトレースに1回出走しよう
1,110,2024/12/17 12:00:00,2024/12/18 11:59:59,2407032,1500,协助积分,【デイリー】スカウトレースに2回出走しよう
1,95,2024/12/17 12:00:00,2024/12/18 11:59:59,2407033,2,闹钟,【デイリー】スカウトレースに3回出走しよう
1,34,2024/12/17 12:00:00,2024/12/18 11:59:59,2407034,1,迷你胡萝卜果冻,【デイリー】スカウトレースに4回出走しよう
1,2007,2024/12/17 12:00:00,2024/12/18 11:59:59,2407035,5,スカウトレースチケット,【デイリー】スカウトレースに5回出走しよう
1,59,2024/12/18 12:00:00,2024/12/19 11:59:59,2407036,3000,金币,【デイリー】スカウトレースに1回出走しよう
1,110,2024/12/18 12:00:00,2024/12/19 11:59:59,2407037,1500,协助积分,【デイリー】スカウトレースに2回出走しよう
1,95,2024/12/18 12:00:00,2024/12/19 11:59:59,2407038,2,闹钟,【デイリー】スカウトレースに3回出走しよう
1,34,2024/12/18 12:00:00,2024/12/19 11:59:59,2407039,1,迷你胡萝卜果冻,【デイリー】スカウトレースに4回出走しよう
1,2007,2024/12/18 12:00:00,2024/12/19 11:59:59,2407040,5,スカウトレースチケット,【デイリー】スカウトレースに5回出走しよう
1,34,2024/12/11 12:00:00,2024/12/22 11:59:59,2407041,5,迷你胡萝卜果冻,【期間限定ミッション】チームスキルを獲得しよう
1,43,2024/12/11 12:00:00,2024/12/22 11:59:59,2407042,50,宝石,【期間限定ミッション】ウマ娘を1人スカウトしよう
1,43,2024/12/11 12:00:00,2024/12/22 11:59:59,2407043,50,宝石,【期間限定ミッション】ウマ娘を2人スカウトしよう
1,43,2024/12/11 12:00:00,2024/12/22 11:59:59,2407044,50,宝石,【期間限定ミッション】ウマ娘を3人スカウトしよう
1,43,2024/12/11 12:00:00,2024/12/22 11:59:59,2407045,50,宝石,【期間限定ミッション】ウマ娘を4人スカウトしよう
1,43,2024/12/11 12:00:00,2024/12/22 11:59:59,2407046,50,宝石,【期間限定ミッション】ウマ娘を5人スカウトしよう
1,43,2024/12/11 12:00:00,2024/12/22 11:59:59,2407047,50,宝石,【期間限定ミッション】ウマ娘を6人スカウトしよう
1,59,2024/12/11 12:00:00,2024/12/22 11:59:59,2407048,20000,金币,【期間限定ミッション】スカウトレースに10回出走しよう
1,110,2024/12/11 12:00:00,2024/12/22 11:59:59,2407049,10000,协助积分,【期間限定ミッション】スカウトレースに15回出走しよう
1,111,2024/12/11 12:00:00,2024/12/22 11:59:59,2407050,1,协助卡招募券,【期間限定ミッション】スカウトレースに20回出走しよう
1,115,2024/12/11 12:00:00,2024/12/22 11:59:59,2407051,10,女神像,【期間限定ミッション】スカウトレースに25回出走しよう
1,150,2024/12/11 12:00:00,2024/12/22 11:59:59,2407052,1,金结晶片,【期間限定ミッション】スカウトレースに30回出走しよう
1,59,2024/12/11 12:00:00,2024/12/22 11:59:59,2407053,30000,金币,【期間限定ミッション】スカウトレースに35回出走しよう
1,110,2024/12/11 12:00:00,2024/12/22 11:59:59,2407054,15000,协助积分,【期間限定ミッション】スカウトレースに40回出走しよう
1,41,2024/12/11 12:00:00,2024/12/22 11:59:59,2407055,1,养成优俊少女招募券,【期間限定ミッション】スカウトレースに45回出走しよう
1,44,2024/12/11 12:00:00,2024/12/22 11:59:59,2407056,2,梦想光辉,【期間限定ミッション】スカウトレースに50回出走しよう
1,149,2024/12/11 12:00:00,2024/12/22 11:59:59,2407057,1,彩虹结晶片,【期間限定ミッション】スカウトレースに60回出走しよう
1,44,2024/12/11 12:00:00,2024/12/22 11:59:59,2407058,2,梦想光辉,【期間限定ミッション】スペシャルレースに1回勝利しよう
1,44,2024/12/11 12:00:00,2024/12/22 11:59:59,2407059,2,梦想光辉,【期間限定ミッション】スペシャルレースに2回勝利しよう
1,44,2024/12/11 12:00:00,2024/12/22 11:59:59,2407060,2,梦想光辉,【期間限定ミッション】スペシャルレースに3回勝利しよう
1,59,2025/04/10 12:00:00,2025/04/11 11:59:59,2408001,3000,金币,【デイリー】スカウトレースに1回出走しよう
1,110,2025/04/10 12:00:00,2025/04/11 11:59:59,2408002,1500,协助积分,【デイリー】スカウトレースに2回出走しよう
1,95,2025/04/10 12:00:00,2025/04/11 11:59:59,2408003,2,闹钟,【デイリー】スカウトレースに3回出走しよう
1,34,2025/04/10 12:00:00,2025/04/11 11:59:59,2408004,1,迷你胡萝卜果冻,【デイリー】スカウトレースに4回出走しよう
1,2008,2025/04/10 12:00:00,2025/04/11 11:59:59,2408005,5,スカウトレースチケット,【デイリー】スカウトレースに5回出走しよう
1,59,2025/04/11 12:00:00,2025/04/12 11:59:59,2408006,3000,金币,【デイリー】スカウトレースに1回出走しよう
1,110,2025/04/11 12:00:00,2025/04/12 11:59:59,2408007,1500,协助积分,【デイリー】スカウトレースに2回出走しよう
1,95,2025/04/11 12:00:00,2025/04/12 11:59:59,2408008,2,闹钟,【デイリー】スカウトレースに3回出走しよう
1,34,2025/04/11 12:00:00,2025/04/12 11:59:59,2408009,1,迷你胡萝卜果冻,【デイリー】スカウトレースに4回出走しよう
1,2008,2025/04/11 12:00:00,2025/04/12 11:59:59,2408010,5,スカウトレースチケット,【デイリー】スカウトレースに5回出走しよう
1,59,2025/04/12 12:00:00,2025/04/13 11:59:59,2408011,3000,金币,【デイリー】スカウトレースに1回出走しよう
1,110,2025/04/12 12:00:00,2025/04/13 11:59:59,2408012,1500,协助积分,【デイリー】スカウトレースに2回出走しよう
1,95,2025/04/12 12:00:00,2025/04/13 11:59:59,2408013,2,闹钟,【デイリー】スカウトレースに3回出走しよう
1,34,2025/04/12 12:00:00,2025/04/13 11:59:59,2408014,1,迷你胡萝卜果冻,【デイリー】スカウトレースに4回出走しよう
1,2008,2025/04/12 12:00:00,2025/04/13 11:59:59,2408015,5,スカウトレースチケット,【デイリー】スカウトレースに5回出走しよう
1,59,2025/04/13 12:00:00,2025/04/14 11:59:59,2408016,3000,金币,【デイリー】スカウトレースに1回出走しよう
1,110,2025/04/13 12:00:00,2025/04/14 11:59:59,2408017,1500,协助积分,【デイリー】スカウトレースに2回出走しよう
1,95,2025/04/13 12:00:00,2025/04/14 11:59:59,2408018,2,闹钟,【デイリー】スカウトレースに3回出走しよう
1,34,2025/04/13 12:00:00,2025/04/14 11:59:59,2408019,1,迷你胡萝卜果冻,【デイリー】スカウトレースに4回出走しよう
1,2008,2025/04/13 12:00:00,2025/04/14 11:59:59,2408020,5,スカウトレースチケット,【デイリー】スカウトレースに5回出走しよう
1,59,2025/04/14 12:00:00,2025/04/15 11:59:59,2408021,3000,金币,【デイリー】スカウトレースに1回出走しよう
1,110,2025/04/14 12:00:00,2025/04/15 11:59:59,2408022,1500,协助积分,【デイリー】スカウトレースに2回出走しよう
1,95,2025/04/14 12:00:00,2025/04/15 11:59:59,2408023,2,闹钟,【デイリー】スカウトレースに3回出走しよう
1,34,2025/04/14 12:00:00,2025/04/15 11:59:59,2408024,1,迷你胡萝卜果冻,【デイリー】スカウトレースに4回出走しよう
1,2008,2025/04/14 12:00:00,2025/04/15 11:59:59,2408025,5,スカウトレースチケット,【デイリー】スカウトレースに5回出走しよう
1,59,2025/04/15 12:00:00,2025/04/16 11:59:59,2408026,3000,金币,【デイリー】スカウトレースに1回出走しよう
1,110,2025/04/15 12:00:00,2025/04/16 11:59:59,2408027,1500,协助积分,【デイリー】スカウトレースに2回出走しよう
1,95,2025/04/15 12:00:00,2025/04/16 11:59:59,2408028,2,闹钟,【デイリー】スカウトレースに3回出走しよう
1,34,2025/04/15 12:00:00,2025/04/16 11:59:59,2408029,1,迷你胡萝卜果冻,【デイリー】スカウトレースに4回出走しよう
1,2008,2025/04/15 12:00:00,2025/04/16 11:59:59,2408030,5,スカウトレースチケット,【デイリー】スカウトレースに5回出走しよう
1,59,2025/04/16 12:00:00,2025/04/17 11:59:59,2408031,3000,金币,【デイリー】スカウトレースに1回出走しよう
1,110,2025/04/16 12:00:00,2025/04/17 11:59:59,2408032,1500,协助积分,【デイリー】スカウトレースに2回出走しよう
1,95,2025/04/16 12:00:00,2025/04/17 11:59:59,2408033,2,闹钟,【デイリー】スカウトレースに3回出走しよう
1,34,2025/04/16 12:00:00,2025/04/17 11:59:59,2408034,1,迷你胡萝卜果冻,【デイリー】スカウトレースに4回出走しよう
1,2008,2025/04/16 12:00:00,2025/04/17 11:59:59,2408035,5,スカウトレースチケット,【デイリー】スカウトレースに5回出走しよう
1,59,2025/04/17 12:00:00,2025/04/18 11:59:59,2408036,3000,金币,【デイリー】スカウトレースに1回出走しよう
1,110,2025/04/17 12:00:00,2025/04/18 11:59:59,2408037,1500,协助积分,【デイリー】スカウトレースに2回出走しよう
1,95,2025/04/17 12:00:00,2025/04/18 11:59:59,2408038,2,闹钟,【デイリー】スカウトレースに3回出走しよう
1,34,2025/04/17 12:00:00,2025/04/18 11:59:59,2408039,1,迷你胡萝卜果冻,【デイリー】スカウトレースに4回出走しよう
1,2008,2025/04/17 12:00:00,2025/04/18 11:59:59,2408040,5,スカウトレースチケット,【デイリー】スカウトレースに5回出走しよう
1,34,2025/04/10 12:00:00,2025/04/21 11:59:59,2408041,5,迷你胡萝卜果冻,【期間限定ミッション】チームスキルを獲得しよう
1,43,2025/04/10 12:00:00,2025/04/21 11:59:59,2408042,50,宝石,【期間限定ミッション】ウマ娘を1人スカウトしよう
1,43,2025/04/10 12:00:00,2025/04/21 11:59:59,2408043,50,宝石,【期間限定ミッション】ウマ娘を2人スカウトしよう
1,43,2025/04/10 12:00:00,2025/04/21 11:59:59,2408044,50,宝石,【期間限定ミッション】ウマ娘を3人スカウトしよう
1,43,2025/04/10 12:00:00,2025/04/21 11:59:59,2408045,50,宝石,【期間限定ミッション】ウマ娘を4人スカウトしよう
1,43,2025/04/10 12:00:00,2025/04/21 11:59:59,2408046,50,宝石,【期間限定ミッション】ウマ娘を5人スカウトしよう
1,43,2025/04/10 12:00:00,2025/04/21 11:59:59,2408047,50,宝石,【期間限定ミッション】ウマ娘を6人スカウトしよう
1,59,2025/04/10 12:00:00,2025/04/21 11:59:59,2408048,20000,金币,【期間限定ミッション】スカウトレースに10回出走しよう
1,110,2025/04/10 12:00:00,2025/04/21 11:59:59,2408049,10000,协助积分,【期間限定ミッション】スカウトレースに15回出走しよう
1,111,2025/04/10 12:00:00,2025/04/21 11:59:59,2408050,1,协助卡招募券,【期間限定ミッション】スカウトレースに20回出走しよう
1,115,2025/04/10 12:00:00,2025/04/21 11:59:59,2408051,10,女神像,【期間限定ミッション】スカウトレースに25回出走しよう
1,150,2025/04/10 12:00:00,2025/04/21 11:59:59,2408052,1,金结晶片,【期間限定ミッション】スカウトレースに30回出走しよう
1,59,2025/04/10 12:00:00,2025/04/21 11:59:59,2408053,30000,金币,【期間限定ミッション】スカウトレースに35回出走しよう
1,110,2025/04/10 12:00:00,2025/04/21 11:59:59,2408054,15000,协助积分,【期間限定ミッション】スカウトレースに40回出走しよう
1,41,2025/04/10 12:00:00,2025/04/21 11:59:59,2408055,1,养成优俊少女招募券,【期間限定ミッション】スカウトレースに45回出走しよう
1,44,2025/04/10 12:00:00,2025/04/21 11:59:59,2408056,2,梦想光辉,【期間限定ミッション】スカウトレースに50回出走しよう
1,149,2025/04/10 12:00:00,2025/04/21 11:59:59,2408057,1,彩虹结晶片,【期間限定ミッション】スカウトレースに60回出走しよう
1,44,2025/04/10 12:00:00,2025/04/21 11:59:59,2408058,2,梦想光辉,【期間限定ミッション】スペシャルレースに1回勝利しよう
1,44,2025/04/10 12:00:00,2025/04/21 11:59:59,2408059,2,梦想光辉,【期間限定ミッション】スペシャルレースに2回勝利しよう
1,44,2025/04/10 12:00:00,2025/04/21 11:59:59,2408060,2,梦想光辉,【期間限定ミッション】スペシャルレースに3回勝利しよう
1,189,2022/12/21 12:00:00,2022/12/29 11:59:59,2500001,1,装饰品,【期间限定任务】参与日常赛事
2,189,2022/12/21 12:00:00,2022/12/29 11:59:59,2500002,1,装饰品,【期间限定任务】参与日常传奇赛事
3,189,2022/12/21 12:00:00,2022/12/29 11:59:59,2500003,1,装饰品,【期间限定任务】在养成中参加帝王奖
4,189,2022/12/21 12:00:00,2022/12/29 11:59:59,2500004,1,装饰品,【期间限定任务】在养成中参加东京盛典赛
5,189,2022/12/21 12:00:00,2022/12/29 11:59:59,2500005,1,装饰品,【期间限定任务】在养成中养成泥地适应性至少为B的优俊少女
6,189,2022/12/21 12:00:00,2022/12/29 11:59:59,2500006,5,装饰品,【期间限定任务】完成所有活动限定任务
1,189,2022/12/21 12:00:00,2022/12/22 4:59:59,2500007,1,装饰品,【日常】在养成的赛事中赢得胜利
2,189,2022/12/21 12:00:00,2022/12/22 4:59:59,2500008,1,装饰品,【日常】参与团队竞技场1次
3,189,2022/12/21 12:00:00,2022/12/22 4:59:59,2500009,1,装饰品,【日常】在团队竞技场获得1次泥地代表胜利
1,189,2022/12/22 5:00:00,2022/12/23 4:59:59,2500010,1,装饰品,【日常】在养成的赛事中赢得胜利
2,189,2022/12/22 5:00:00,2022/12/23 4:59:59,2500011,1,装饰品,【日常】参与团队竞技场1次
3,189,2022/12/22 5:00:00,2022/12/23 4:59:59,2500012,1,装饰品,【日常】在团队竞技场获得1次泥地代表胜利
1,189,2022/12/23 5:00:00,2022/12/24 4:59:59,2500013,1,装饰品,【日常】在养成的赛事中赢得胜利
2,189,2022/12/23 5:00:00,2022/12/24 4:59:59,2500014,1,装饰品,【日常】参与团队竞技场1次
3,189,2022/12/23 5:00:00,2022/12/24 4:59:59,2500015,1,装饰品,【日常】在团队竞技场获得1次泥地代表胜利
1,189,2022/12/24 5:00:00,2022/12/29 11:59:59,2500016,1,装饰品,【日常】在养成的赛事中赢得胜利
2,189,2022/12/24 5:00:00,2022/12/29 11:59:59,2500017,1,装饰品,【日常】参与团队竞技场1次
3,189,2022/12/24 5:00:00,2022/12/29 11:59:59,2500018,1,装饰品,【日常】在团队竞技场获得1次泥地代表胜利
1,30025,2023/09/04 11:00:00,2050/01/01 4:59:59,2600001,1,,【向着你的梦想奔跑吧！】\n完成2次养成
1,30025,2023/09/04 11:00:00,2050/01/01 4:59:59,2600002,1,,【向着你的梦想奔跑吧！】\n完成4次养成
1,30025,2023/09/04 11:00:00,2050/01/01 4:59:59,2600003,1,,【向着你的梦想奔跑吧！】\n完成7次养成
1,30025,2023/09/04 11:00:00,2050/01/01 4:59:59,2600004,1,,【向着你的梦想奔跑吧！】\n完成10次养成
1,30030,2023/09/04 11:00:00,2050/01/01 4:59:59,2600005,1,,【Brand-new Friend】\n完成2次养成
1,30030,2023/09/04 11:00:00,2050/01/01 4:59:59,2600006,1,,【Brand-new Friend】\n完成4次养成
1,30030,2023/09/04 11:00:00,2050/01/01 4:59:59,2600007,1,,【Brand-new Friend】\n完成7次养成
1,30030,2023/09/04 11:00:00,2050/01/01 4:59:59,2600008,1,,【Brand-new Friend】\n完成10次养成
1,20026,2023/09/04 11:00:00,2050/01/01 4:59:59,2600009,1,,【Brand-new Friend】\n完成1次养成
1,20026,2023/09/04 11:00:00,2050/01/01 4:59:59,2600010,1,,【Brand-new Friend】\n完成2次养成
1,20026,2023/09/04 11:00:00,2050/01/01 4:59:59,2600011,1,,【Brand-new Friend】\n完成3次养成
1,20026,2023/09/04 11:00:00,2050/01/01 4:59:59,2600012,1,,【Brand-new Friend】\n完成4次养成
1,30041,2023/09/04 11:00:00,2050/01/01 4:59:59,2600013,1,,【花开少女JunePride】\n完成2次养成
1,30041,2023/09/04 11:00:00,2050/01/01 4:59:59,2600014,1,,【花开少女JunePride】\n完成4次养成
1,30041,2023/09/04 11:00:00,2050/01/01 4:59:59,2600015,1,,【花开少女JunePride】\n完成7次养成
1,30041,2023/09/04 11:00:00,2050/01/01 4:59:59,2600016,1,,【花开少女JunePride】\n完成10次养成
1,30057,2023/09/04 11:00:00,2050/01/01 4:59:59,2600017,1,,【幻想世界优俊大陆】\n完成2次养成
1,30057,2023/09/04 11:00:00,2050/01/01 4:59:59,2600018,1,,【幻想世界优俊大陆】\n完成4次养成
1,30057,2023/09/04 11:00:00,2050/01/01 4:59:59,2600019,1,,【幻想世界优俊大陆】\n完成7次养成
1,30057,2023/09/04 11:00:00,2050/01/01 4:59:59,2600020,1,,【幻想世界优俊大陆】\n完成10次养成
1,30047,2023/09/04 11:00:00,2050/01/01 4:59:59,2600021,1,,【优俊少女夏日物语】\n完成2次养成
1,30047,2023/09/04 11:00:00,2050/01/01 4:59:59,2600022,1,,【优俊少女夏日物语】\n完成4次养成
1,30047,2023/09/04 11:00:00,2050/01/01 4:59:59,2600023,1,,【优俊少女夏日物语】\n完成7次养成
1,30047,2023/09/04 11:00:00,2050/01/01 4:59:59,2600024,1,,【优俊少女夏日物语】\n完成10次养成
1,30066,2023/09/04 11:00:00,2050/01/01 4:59:59,2600025,1,,【Make up in Halloween！】\n完成2次养成
1,30066,2023/09/04 11:00:00,2050/01/01 4:59:59,2600026,1,,【Make up in Halloween！】\n完成4次养成
1,30066,2023/09/04 11:00:00,2050/01/01 4:59:59,2600027,1,,【Make up in Halloween！】\n完成7次养成
1,30066,2023/09/04 11:00:00,2050/01/01 4:59:59,2600028,1,,【Make up in Halloween！】\n完成10次养成
1,30070,2023/09/04 11:00:00,2050/01/01 4:59:59,2600029,1,,【晚秋骏典乐争鸣】\n完成2次养成
1,30070,2023/09/04 11:00:00,2050/01/01 4:59:59,2600030,1,,【晚秋骏典乐争鸣】\n完成4次养成
1,30070,2023/09/04 11:00:00,2050/01/01 4:59:59,2600031,1,,【晚秋骏典乐争鸣】\n完成7次养成
1,30070,2023/09/04 11:00:00,2050/01/01 4:59:59,2600032,1,,【晚秋骏典乐争鸣】\n完成10次养成
1,30074,2023/09/04 11:00:00,2050/01/01 4:59:59,2600033,1,,【神圣之夜的双重奇迹】\n完成2次养成
1,30074,2023/09/04 11:00:00,2050/01/01 4:59:59,2600034,1,,【神圣之夜的双重奇迹】\n完成4次养成
1,30074,2023/09/04 11:00:00,2050/01/01 4:59:59,2600035,1,,【神圣之夜的双重奇迹】\n完成7次养成
1,30074,2023/09/04 11:00:00,2050/01/01 4:59:59,2600036,1,,【神圣之夜的双重奇迹】\n完成10次养成
1,30079,2023/09/04 11:00:00,2050/01/01 4:59:59,2600037,1,,【瑞雪纷飞！新春歌牌大赛】\n完成2次养成
1,30079,2023/09/04 11:00:00,2050/01/01 4:59:59,2600038,1,,【瑞雪纷飞！新春歌牌大赛】\n完成4次养成
1,30079,2023/09/04 11:00:00,2050/01/01 4:59:59,2600039,1,,【瑞雪纷飞！新春歌牌大赛】\n完成7次养成
1,30079,2023/09/04 11:00:00,2050/01/01 4:59:59,2600040,1,,【瑞雪纷飞！新春歌牌大赛】\n完成10次养成
1,30084,2023/09/04 11:00:00,2050/01/01 4:59:59,2600041,1,,【荣冠西点大师】\n完成2次养成
1,30084,2023/09/04 11:00:00,2050/01/01 4:59:59,2600042,1,,【荣冠西点大师】\n完成4次养成
1,30084,2023/09/04 11:00:00,2050/01/01 4:59:59,2600043,1,,【荣冠西点大师】\n完成7次养成
1,30084,2023/09/04 11:00:00,2050/01/01 4:59:59,2600044,1,,【荣冠西点大师】\n完成10次养成
1,30087,2023/09/04 11:00:00,2050/01/01 4:59:59,2600045,1,,【展翅翱翔的Run-up】\n完成2次养成
1,30087,2023/09/04 11:00:00,2050/01/01 4:59:59,2600046,1,,【展翅翱翔的Run-up】\n完成4次养成
1,30087,2023/09/04 11:00:00,2050/01/01 4:59:59,2600047,1,,【展翅翱翔的Run-up】\n完成7次养成
1,30087,2023/09/04 11:00:00,2050/01/01 4:59:59,2600048,1,,【展翅翱翔的Run-up】\n完成10次养成
1,20043,2023/09/04 11:00:00,2050/01/01 4:59:59,2600049,1,,【展翅翱翔的Run-up】\n完成1次养成
1,20043,2023/09/04 11:00:00,2050/01/01 4:59:59,2600050,1,,【展翅翱翔的Run-up】\n完成2次养成
1,20043,2023/09/04 11:00:00,2050/01/01 4:59:59,2600051,1,,【展翅翱翔的Run-up】\n完成3次养成
1,20043,2023/09/04 11:00:00,2050/01/01 4:59:59,2600052,1,,【展翅翱翔的Run-up】\n完成4次养成
1,30092,2023/09/04 11:00:00,2050/01/01 4:59:59,2600053,1,,【起舞于最终直道】\n完成2次养成
1,30092,2023/09/04 11:00:00,2050/01/01 4:59:59,2600054,1,,【起舞于最终直道】\n完成4次养成
1,30092,2023/09/04 11:00:00,2050/01/01 4:59:59,2600055,1,,【起舞于最终直道】\n完成7次养成
1,30092,2023/09/04 11:00:00,2050/01/01 4:59:59,2600056,1,,【起舞于最终直道】\n完成10次养成
1,30096,2023/09/04 11:00:00,2050/01/01 4:59:59,2600057,1,,【特雷森学园后援团】\n完成2次养成
1,30096,2023/09/04 11:00:00,2050/01/01 4:59:59,2600058,1,,【特雷森学园后援团】\n完成4次养成
1,30096,2023/09/04 11:00:00,2050/01/01 4:59:59,2600059,1,,【特雷森学园后援团】\n完成7次养成
1,30096,2023/09/04 11:00:00,2050/01/01 4:59:59,2600060,1,,【特雷森学园后援团】\n完成10次养成
1,30100,2023/09/04 11:00:00,2050/01/01 4:59:59,2600061,1,,【～Silks&Three Riddles～】\n完成2次养成
1,30100,2023/09/04 11:00:00,2050/01/01 4:59:59,2600062,1,,【～Silks&Three Riddles～】\n完成4次养成
1,30100,2023/09/04 11:00:00,2050/01/01 4:59:59,2600063,1,,【～Silks&Three Riddles～】\n完成7次养成
1,30100,2023/09/04 11:00:00,2050/01/01 4:59:59,2600064,1,,【～Silks&Three Riddles～】\n完成10次养成
1,30104,2023/09/04 11:00:00,2050/01/01 4:59:59,2600065,1,,【探索、解谜、夏日漫游！】\n完成2次养成
1,30104,2023/09/04 11:00:00,2050/01/01 4:59:59,2600066,1,,【探索、解谜、夏日漫游！】\n完成4次养成
1,30104,2023/09/04 11:00:00,2050/01/01 4:59:59,2600067,1,,【探索、解谜、夏日漫游！】\n完成7次养成
1,30104,2023/09/04 11:00:00,2050/01/01 4:59:59,2600068,1,,【探索、解谜、夏日漫游！】\n完成10次养成
1,30109,2023/09/04 11:00:00,2050/01/01 4:59:59,2600069,1,,【大混战？！夏日☆假期】\n完成2次养成
1,30109,2023/09/04 11:00:00,2050/01/01 4:59:59,2600070,1,,【大混战？！夏日☆假期】\n完成4次养成
1,30109,2023/09/04 11:00:00,2050/01/01 4:59:59,2600071,1,,【大混战？！夏日☆假期】\n完成7次养成
1,30109,2023/09/04 11:00:00,2050/01/01 4:59:59,2600072,1,,【大混战？！夏日☆假期】\n完成10次养成
1,30113,2023/09/04 11:00:00,2050/01/01 4:59:59,2600073,1,,【铁翼蒸汽奇谭】\n完成2次养成
1,30113,2023/09/04 11:00:00,2050/01/01 4:59:59,2600074,1,,【铁翼蒸汽奇谭】\n完成4次养成
1,30113,2023/09/04 11:00:00,2050/01/01 4:59:59,2600075,1,,【铁翼蒸汽奇谭】\n完成7次养成
1,30113,2023/09/04 11:00:00,2050/01/01 4:59:59,2600076,1,,【铁翼蒸汽奇谭】\n完成10次养成
1,30117,2023/09/29 11:00:00,2050/01/01 4:59:59,2600077,1,,【转瞬即逝的日子】\n完成2次养成
1,30117,2023/09/29 11:00:00,2050/01/01 4:59:59,2600078,1,,【转瞬即逝的日子】\n完成4次养成
1,30117,2023/09/29 11:00:00,2050/01/01 4:59:59,2600079,1,,【转瞬即逝的日子】\n完成7次养成
1,30117,2023/09/29 11:00:00,2050/01/01 4:59:59,2600080,1,,【转瞬即逝的日子】\n完成10次养成
1,30119,2023/10/30 11:00:00,2050/01/01 4:59:59,2600081,1,,【信念相承，为信而驰】\n完成2次养成
1,30119,2023/10/30 11:00:00,2050/01/01 4:59:59,2600082,1,,【信念相承，为信而驰】\n完成4次养成
1,30119,2023/10/30 11:00:00,2050/01/01 4:59:59,2600083,1,,【信念相承，为信而驰】\n完成7次养成
1,30119,2023/10/30 11:00:00,2050/01/01 4:59:59,2600084,1,,【信念相承，为信而驰】\n完成10次养成
1,30125,2023/11/30 11:00:00,2050/01/01 4:59:59,2600085,1,,【Illuminate the Heart】\n完成2次养成
1,30125,2023/11/30 11:00:00,2050/01/01 4:59:59,2600086,1,,【Illuminate the Heart】\n完成4次养成
1,30125,2023/11/30 11:00:00,2050/01/01 4:59:59,2600087,1,,【Illuminate the Heart】\n完成7次养成
1,30125,2023/11/30 11:00:00,2050/01/01 4:59:59,2600088,1,,【Illuminate the Heart】\n完成10次养成
1,30129,2023/12/28 11:00:00,2050/01/01 4:59:59,2600089,1,,【Happy new future】\n完成2次养成
1,30129,2023/12/28 11:00:00,2050/01/01 4:59:59,2600090,1,,【Happy new future】\n完成4次养成
1,30129,2023/12/28 11:00:00,2050/01/01 4:59:59,2600091,1,,【Happy new future】\n完成7次养成
1,30129,2023/12/28 11:00:00,2050/01/01 4:59:59,2600092,1,,【Happy new future】\n完成10次养成
1,30133,2024/01/31 11:00:00,2050/01/01 4:59:59,2600093,1,,【甜蜜回忆】\n完成2次养成
1,30133,2024/01/31 11:00:00,2050/01/01 4:59:59,2600094,1,,【甜蜜回忆】\n完成4次养成
1,30133,2024/01/31 11:00:00,2050/01/01 4:59:59,2600095,1,,【甜蜜回忆】\n完成7次养成
1,30133,2024/01/31 11:00:00,2050/01/01 4:59:59,2600096,1,,【甜蜜回忆】\n完成10次养成
1,30135,2024/02/24 11:00:00,2050/01/01 4:59:59,2600097,1,,【Leap into a New World!】\n完成2次养成
1,30135,2024/02/24 11:00:00,2050/01/01 4:59:59,2600098,1,,【Leap into a New World!】\n完成4次养成
1,30135,2024/02/24 11:00:00,2050/01/01 4:59:59,2600099,1,,【Leap into a New World!】\n完成7次养成
1,30135,2024/02/24 11:00:00,2050/01/01 4:59:59,2600100,1,,【Leap into a New World!】\n完成10次养成
1,30140,2024/03/29 11:00:00,2050/01/01 4:59:59,2600101,1,,【されば君、かなし】\n育成を2回完了しよう
1,30140,2024/03/29 11:00:00,2050/01/01 4:59:59,2600102,1,,【されば君、かなし】\n育成を4回完了しよう
1,30140,2024/03/29 11:00:00,2050/01/01 4:59:59,2600103,1,,【されば君、かなし】\n育成を7回完了しよう
1,30140,2024/03/29 11:00:00,2050/01/01 4:59:59,2600104,1,,【されば君、かなし】\n育成を10回完了しよう
1,30143,2024/04/30 11:00:00,2050/01/01 4:59:59,2600105,1,,【神算鬼謀！？熱闘鬼ドッジ】\n育成を2回完了しよう
1,30143,2024/04/30 11:00:00,2050/01/01 4:59:59,2600106,1,,【神算鬼謀！？熱闘鬼ドッジ】\n育成を4回完了しよう
1,30143,2024/04/30 11:00:00,2050/01/01 4:59:59,2600107,1,,【神算鬼謀！？熱闘鬼ドッジ】\n育成を7回完了しよう
1,30143,2024/04/30 11:00:00,2050/01/01 4:59:59,2600108,1,,【神算鬼謀！？熱闘鬼ドッジ】\n育成を10回完了しよう
1,30150,2024/05/30 11:00:00,2050/01/01 4:59:59,2600109,1,,【戦う君へのプロポーズ】\n育成を2回完了しよう
1,30150,2024/05/30 11:00:00,2050/01/01 4:59:59,2600110,1,,【戦う君へのプロポーズ】\n育成を4回完了しよう
1,30150,2024/05/30 11:00:00,2050/01/01 4:59:59,2600111,1,,【戦う君へのプロポーズ】\n育成を7回完了しよう
1,30150,2024/05/30 11:00:00,2050/01/01 4:59:59,2600112,1,,【戦う君へのプロポーズ】\n育成を10回完了しよう
1,30155,2024/06/26 11:00:00,2050/01/01 4:59:59,2600113,1,,【#summer #besties】\n育成を2回完了しよう
1,30155,2024/06/26 11:00:00,2050/01/01 4:59:59,2600114,1,,【#summer #besties】\n育成を4回完了しよう
1,30155,2024/06/26 11:00:00,2050/01/01 4:59:59,2600115,1,,【#summer #besties】\n育成を7回完了しよう
1,30155,2024/06/26 11:00:00,2050/01/01 4:59:59,2600116,1,,【#summer #besties】\n育成を10回完了しよう
1,30159,2024/07/29 11:00:00,2050/01/01 4:59:59,2600117,1,,【夏の陽は、青く凪ぐ】\n育成を2回完了しよう
1,30159,2024/07/29 11:00:00,2050/01/01 4:59:59,2600118,1,,【夏の陽は、青く凪ぐ】\n育成を4回完了しよう
1,30159,2024/07/29 11:00:00,2050/01/01 4:59:59,2600119,1,,【夏の陽は、青く凪ぐ】\n育成を7回完了しよう
1,30159,2024/07/29 11:00:00,2050/01/01 4:59:59,2600120,1,,【夏の陽は、青く凪ぐ】\n育成を10回完了しよう
1,30167,2024/09/30 11:00:00,2050/01/01 4:59:59,2600121,1,,【フェアウェルを継ぎ接いで】\n育成を2回完了しよう
1,30167,2024/09/30 11:00:00,2050/01/01 4:59:59,2600122,1,,【フェアウェルを継ぎ接いで】\n育成を4回完了しよう
1,30167,2024/09/30 11:00:00,2050/01/01 4:59:59,2600123,1,,【フェアウェルを継ぎ接いで】\n育成を7回完了しよう
1,30167,2024/09/30 11:00:00,2050/01/01 4:59:59,2600124,1,,【フェアウェルを継ぎ接いで】\n育成を10回完了しよう
1,30171,2024/10/29 11:00:00,2050/01/01 4:59:59,2600125,1,,【秋さびて、想ひ綴る】\n育成を2回完了しよう
1,30171,2024/10/29 11:00:00,2050/01/01 4:59:59,2600126,1,,【秋さびて、想ひ綴る】\n育成を4回完了しよう
1,30171,2024/10/29 11:00:00,2050/01/01 4:59:59,2600127,1,,【秋さびて、想ひ綴る】\n育成を7回完了しよう
1,30171,2024/10/29 11:00:00,2050/01/01 4:59:59,2600128,1,,【秋さびて、想ひ綴る】\n育成を10回完了しよう
1,30176,2024/11/28 11:00:00,2050/01/01 4:59:59,2600129,1,,【A Gleaming Mejiro Gala】\n育成を2回完了しよう
1,30176,2024/11/28 11:00:00,2050/01/01 4:59:59,2600130,1,,【A Gleaming Mejiro Gala】\n育成を4回完了しよう
1,30176,2024/11/28 11:00:00,2050/01/01 4:59:59,2600131,1,,【A Gleaming Mejiro Gala】\n育成を7回完了しよう
1,30176,2024/11/28 11:00:00,2050/01/01 4:59:59,2600132,1,,【A Gleaming Mejiro Gala】\n育成を10回完了しよう
1,30180,2024/12/27 11:00:00,2050/01/01 4:59:59,2600133,1,,【ワタシモミンナノ】\n育成を2回完了しよう
1,30180,2024/12/27 11:00:00,2050/01/01 4:59:59,2600134,1,,【ワタシモミンナノ】\n育成を4回完了しよう
1,30180,2024/12/27 11:00:00,2050/01/01 4:59:59,2600135,1,,【ワタシモミンナノ】\n育成を7回完了しよう
1,30180,2024/12/27 11:00:00,2050/01/01 4:59:59,2600136,1,,【ワタシモミンナノ】\n育成を10回完了しよう
1,30181,2024/12/27 11:00:00,2050/01/01 4:59:59,2600137,1,,【ワタシモミンナノ】\n育成を2回完了しよう
1,30181,2024/12/27 11:00:00,2050/01/01 4:59:59,2600138,1,,【ワタシモミンナノ】\n育成を4回完了しよう
1,30181,2024/12/27 11:00:00,2050/01/01 4:59:59,2600139,1,,【ワタシモミンナノ】\n育成を7回完了しよう
1,30181,2024/12/27 11:00:00,2050/01/01 4:59:59,2600140,1,,【ワタシモミンナノ】\n育成を10回完了しよう
1,30185,2025/01/31 11:00:00,2050/01/01 4:59:59,2600141,1,,【おでんせ！和みの幸味庵】\n育成を2回完了しよう
1,30185,2025/01/31 11:00:00,2050/01/01 4:59:59,2600142,1,,【おでんせ！和みの幸味庵】\n育成を4回完了しよう
1,30185,2025/01/31 11:00:00,2050/01/01 4:59:59,2600143,1,,【おでんせ！和みの幸味庵】\n育成を7回完了しよう
1,30185,2025/01/31 11:00:00,2050/01/01 4:59:59,2600144,1,,【おでんせ！和みの幸味庵】\n育成を10回完了しよう
1,30197,2025/03/31 11:00:00,2050/01/01 4:59:59,2600145,1,,【彗星蘭の君へ】\n育成を2回完了しよう
1,30197,2025/03/31 11:00:00,2050/01/01 4:59:59,2600146,1,,【彗星蘭の君へ】\n育成を4回完了しよう
1,30197,2025/03/31 11:00:00,2050/01/01 4:59:59,2600147,1,,【彗星蘭の君へ】\n育成を7回完了しよう
1,30197,2025/03/31 11:00:00,2050/01/01 4:59:59,2600148,1,,【彗星蘭の君へ】\n育成を10回完了しよう
1,30200,2025/04/30 11:00:00,2050/01/01 4:59:59,2600149,1,,【下剋上、兵どもが鬨の声】\n育成を2回完了しよう
1,30200,2025/04/30 11:00:00,2050/01/01 4:59:59,2600150,1,,【下剋上、兵どもが鬨の声】\n育成を4回完了しよう
1,30200,2025/04/30 11:00:00,2050/01/01 4:59:59,2600151,1,,【下剋上、兵どもが鬨の声】\n育成を7回完了しよう
1,30200,2025/04/30 11:00:00,2050/01/01 4:59:59,2600152,1,,【下剋上、兵どもが鬨の声】\n育成を10回完了しよう
1,30205,2025/05/30 11:00:00,2050/01/01 4:59:59,2600153,1,,【拝啓、波真珠の私より】\n育成を2回完了しよう
1,30205,2025/05/30 11:00:00,2050/01/01 4:59:59,2600154,1,,【拝啓、波真珠の私より】\n育成を4回完了しよう
1,30205,2025/05/30 11:00:00,2050/01/01 4:59:59,2600155,1,,【拝啓、波真珠の私より】\n育成を7回完了しよう
1,30205,2025/05/30 11:00:00,2050/01/01 4:59:59,2600156,1,,【拝啓、波真珠の私より】\n育成を10回完了しよう
1,30212,2025/07/31 11:00:00,2050/01/01 4:59:59,2600157,1,,【夕映えは渚のJugend】\n育成を2回完了しよう
1,30212,2025/07/31 11:00:00,2050/01/01 4:59:59,2600158,1,,【夕映えは渚のJugend】\n育成を4回完了しよう
1,30212,2025/07/31 11:00:00,2050/01/01 4:59:59,2600159,1,,【夕映えは渚のJugend】\n育成を7回完了しよう
1,30212,2025/07/31 11:00:00,2050/01/01 4:59:59,2600160,1,,【夕映えは渚のJugend】\n育成を10回完了しよう
1,30220,2025/08/29 11:00:00,2050/01/01 4:59:59,2600161,1,,【ハーベストムーン】\n育成を2回完了しよう
1,30220,2025/08/29 11:00:00,2050/01/01 4:59:59,2600162,1,,【ハーベストムーン】\n育成を4回完了しよう
1,30220,2025/08/29 11:00:00,2050/01/01 4:59:59,2600163,1,,【ハーベストムーン】\n育成を7回完了しよう
1,30220,2025/08/29 11:00:00,2050/01/01 4:59:59,2600164,1,,【ハーベストムーン】\n育成を10回完了しよう
1,30225,2025/09/29 11:00:00,2050/01/01 4:59:59,2600165,1,,【スラップスティック・C！】\n育成を2回完了しよう
1,30225,2025/09/29 11:00:00,2050/01/01 4:59:59,2600166,1,,【スラップスティック・C！】\n育成を4回完了しよう
1,30225,2025/09/29 11:00:00,2050/01/01 4:59:59,2600167,1,,【スラップスティック・C！】\n育成を7回完了しよう
1,30225,2025/09/29 11:00:00,2050/01/01 4:59:59,2600168,1,,【スラップスティック・C！】\n育成を10回完了しよう
31,134,2021/12/22 12:00:00,2050/01/01 4:59:59,3000001,10,训练员币,查看社团状况
33,134,2021/12/22 12:00:00,2050/01/01 4:59:59,3000003,20,训练员币,进行道具捐赠请求
